[0.000000] (-) TimerEvent: {}
[0.000208] (pylon_ros2_camera_interfaces) JobQueued: {'identifier': 'pylon_ros2_camera_interfaces', 'dependencies': OrderedDict()}
[0.000295] (pylon_ros2_camera_component) JobQueued: {'identifier': 'pylon_ros2_camera_component', 'dependencies': OrderedDict([('pylon_ros2_camera_interfaces', '/home/mcav/cam_dev_ws/install/pylon_ros2_camera_interfaces')])}
[0.000355] (pylon_ros2_camera_wrapper) JobQueued: {'identifier': 'pylon_ros2_camera_wrapper', 'dependencies': OrderedDict([('pylon_ros2_camera_interfaces', '/home/mcav/cam_dev_ws/install/pylon_ros2_camera_interfaces'), ('pylon_ros2_camera_component', '/home/mcav/cam_dev_ws/install/pylon_ros2_camera_component')])}
[0.000421] (pylon_ros2_camera_interfaces) JobStarted: {'identifier': 'pylon_ros2_camera_interfaces'}
[0.014904] (pylon_ros2_camera_interfaces) JobProgress: {'identifier': 'pylon_ros2_camera_interfaces', 'progress': 'cmake'}
[0.015761] (pylon_ros2_camera_interfaces) JobProgress: {'identifier': 'pylon_ros2_camera_interfaces', 'progress': 'build'}
[0.016826] (pylon_ros2_camera_interfaces) Command: {'cmd': ['/usr/local/bin/cmake', '--build', '/home/mcav/cam_dev_ws/build/pylon_ros2_camera_interfaces', '--', '-j8', '-l8'], 'cwd': '/home/mcav/cam_dev_ws/build/pylon_ros2_camera_interfaces', 'env': OrderedDict([('LESSOPEN', '| /usr/bin/lesspipe %s'), ('USER', 'mcav'), ('CCACHE_DIR', '/var/tmp/ccache'), ('XDG_SESSION_TYPE', 'x11'), ('SHLVL', '1'), ('LD_LIBRARY_PATH', '/usr/local/cuda/lib64:/usr/local/cuda/lib64:/opt/ros/humble/opt/rviz_ogre_vendor/lib:/opt/ros/humble/lib/x86_64-linux-gnu:/opt/ros/humble/lib'), ('HOME', '/home/mcav'), ('OLDPWD', '/home/mcav'), ('DESKTOP_SESSION', 'ubuntu'), ('ROS_PYTHON_VERSION', '3'), ('GNOME_SHELL_SESSION_MODE', 'ubuntu'), ('GTK_MODULES', 'gail:atk-bridge'), ('SYSTEMD_EXEC_PID', '1954'), ('DBUS_SESSION_BUS_ADDRESS', 'unix:path=/run/user/1000/bus'), ('COLORTERM', 'truecolor'), ('IM_CONFIG_PHASE', '1'), ('ROS_DISTRO', 'humble'), ('GTK_IM_MODULE', 'ibus'), ('LOGNAME', 'mcav'), ('_', '/usr/bin/colcon'), ('ROS_VERSION', '2'), ('XDG_SESSION_CLASS', 'user'), ('USERNAME', 'mcav'), ('TERM', 'xterm-256color'), ('GNOME_DESKTOP_SESSION_ID', 'this-is-deprecated'), ('ROS_LOCALHOST_ONLY', '0'), ('WINDOWPATH', '2'), ('PATH', '/usr/local/cuda/bin:/usr/local/cuda/bin:/opt/ros/humble/bin:/home/mcav/.local/bin:/home/mcav/bin:/usr/local/sbin:/usr/local/bin:/usr/sbin:/usr/bin:/sbin:/bin:/usr/games:/usr/local/games:/snap/bin:/snap/bin:/home/mcav/.local/bin:/home/mcav/.local/bin'), ('SESSION_MANAGER', 'local/mcav:@/tmp/.ICE-unix/1926,unix/mcav:/tmp/.ICE-unix/1926'), ('XDG_MENU_PREFIX', 'gnome-'), ('GNOME_TERMINAL_SCREEN', '/org/gnome/Terminal/screen/2063d892_2378_4a66_a531_fce08baee512'), ('XDG_RUNTIME_DIR', '/run/user/1000'), ('DISPLAY', ':0'), ('LANG', 'en_US.UTF-8'), ('XDG_CURRENT_DESKTOP', 'ubuntu:GNOME'), ('RMW_IMPLEMENTATION', 'rmw_cyclonedds_cpp'), ('XMODIFIERS', '@im=ibus'), ('XDG_SESSION_DESKTOP', 'ubuntu'), ('XAUTHORITY', '/run/user/1000/gdm/Xauthority'), ('LS_COLORS', 'rs=0:di=01;34:ln=01;36:mh=00:pi=40;33:so=01;35:do=01;35:bd=40;33;01:cd=40;33;01:or=40;31;01:mi=00:su=37;41:sg=30;43:ca=30;41:tw=30;42:ow=34;42:st=37;44:ex=01;32:*.tar=01;31:*.tgz=01;31:*.arc=01;31:*.arj=01;31:*.taz=01;31:*.lha=01;31:*.lz4=01;31:*.lzh=01;31:*.lzma=01;31:*.tlz=01;31:*.txz=01;31:*.tzo=01;31:*.t7z=01;31:*.zip=01;31:*.z=01;31:*.dz=01;31:*.gz=01;31:*.lrz=01;31:*.lz=01;31:*.lzo=01;31:*.xz=01;31:*.zst=01;31:*.tzst=01;31:*.bz2=01;31:*.bz=01;31:*.tbz=01;31:*.tbz2=01;31:*.tz=01;31:*.deb=01;31:*.rpm=01;31:*.jar=01;31:*.war=01;31:*.ear=01;31:*.sar=01;31:*.rar=01;31:*.alz=01;31:*.ace=01;31:*.zoo=01;31:*.cpio=01;31:*.7z=01;31:*.rz=01;31:*.cab=01;31:*.wim=01;31:*.swm=01;31:*.dwm=01;31:*.esd=01;31:*.jpg=01;35:*.jpeg=01;35:*.mjpg=01;35:*.mjpeg=01;35:*.gif=01;35:*.bmp=01;35:*.pbm=01;35:*.pgm=01;35:*.ppm=01;35:*.tga=01;35:*.xbm=01;35:*.xpm=01;35:*.tif=01;35:*.tiff=01;35:*.png=01;35:*.svg=01;35:*.svgz=01;35:*.mng=01;35:*.pcx=01;35:*.mov=01;35:*.mpg=01;35:*.mpeg=01;35:*.m2v=01;35:*.mkv=01;35:*.webm=01;35:*.webp=01;35:*.ogm=01;35:*.mp4=01;35:*.m4v=01;35:*.mp4v=01;35:*.vob=01;35:*.qt=01;35:*.nuv=01;35:*.wmv=01;35:*.asf=01;35:*.rm=01;35:*.rmvb=01;35:*.flc=01;35:*.avi=01;35:*.fli=01;35:*.flv=01;35:*.gl=01;35:*.dl=01;35:*.xcf=01;35:*.xwd=01;35:*.yuv=01;35:*.cgm=01;35:*.emf=01;35:*.ogv=01;35:*.ogx=01;35:*.aac=00;36:*.au=00;36:*.flac=00;36:*.m4a=00;36:*.mid=00;36:*.midi=00;36:*.mka=00;36:*.mp3=00;36:*.mpc=00;36:*.ogg=00;36:*.ra=00;36:*.wav=00;36:*.oga=00;36:*.opus=00;36:*.spx=00;36:*.xspf=00;36:'), ('GNOME_TERMINAL_SERVICE', ':1.90'), ('SSH_AGENT_LAUNCHER', 'gnome-keyring'), ('SSH_AUTH_SOCK', '/run/user/1000/keyring/ssh'), ('AMENT_PREFIX_PATH', '/opt/ros/humble'), ('SHELL', '/bin/bash'), ('QT_ACCESSIBILITY', '1'), ('CXX', '/usr/lib/ccache/g++'), ('GDMSESSION', 'ubuntu'), ('LESSCLOSE', '/usr/bin/lesspipe %s %s'), ('GPG_AGENT_INFO', '/run/user/1000/gnupg/S.gpg-agent:0:1'), ('QT_IM_MODULE', 'ibus'), ('PWD', '/home/mcav/cam_dev_ws/build/pylon_ros2_camera_interfaces'), ('LC_ALL', 'en_US.UTF-8'), ('XDG_CONFIG_DIRS', '/etc/xdg/xdg-ubuntu:/etc/xdg'), ('PYLON_ROOT', '/opt/pylon'), ('XDG_DATA_DIRS', '/usr/share/ubuntu:/usr/share/gnome:/usr/local/share/:/usr/share/:/var/lib/snapd/desktop'), ('PYTHONPATH', '/opt/ros/humble/lib/python3.10/site-packages:/opt/ros/humble/local/lib/python3.10/dist-packages'), ('CC', '/usr/lib/ccache/gcc'), ('COLCON', '1'), ('GENICAM_GENTL64_PATH', ':/opt/pylon/lib/gentlproducer/gtl:/opt/pylon/lib/pylonCXP/bin/'), ('VTE_VERSION', '6800'), ('CMAKE_PREFIX_PATH', '/opt/ros/humble')]), 'shell': False}
[0.099131] (-) TimerEvent: {}
[0.136569] (pylon_ros2_camera_interfaces) StdoutLine: {'line': b'[  1%] Built target pylon_ros2_camera_interfaces__rs\n'}
[0.138286] (pylon_ros2_camera_interfaces) StdoutLine: {'line': b'[  1%] Built target pylon_ros2_camera_interfaces__cpp\n'}
[0.144670] (pylon_ros2_camera_interfaces) StdoutLine: {'line': b'[  1%] Built target ament_cmake_python_copy_pylon_ros2_camera_interfaces\n'}
[0.153383] (pylon_ros2_camera_interfaces) StdoutLine: {'line': b'[  2%] \x1b[32mBuilding C object CMakeFiles/pylon_ros2_camera_interfaces__rosidl_generator_c.dir/rosidl_generator_c/pylon_ros2_camera_interfaces/msg/detail/current_params__functions.c.o\x1b[0m\n'}
[0.153719] (pylon_ros2_camera_interfaces) StdoutLine: {'line': b'[  2%] \x1b[32mBuilding C object CMakeFiles/pylon_ros2_camera_interfaces__rosidl_generator_c.dir/rosidl_generator_c/pylon_ros2_camera_interfaces/msg/detail/component_status__functions.c.o\x1b[0m\n'}
[0.153991] (pylon_ros2_camera_interfaces) StdoutLine: {'line': b'[  3%] \x1b[32mBuilding C object CMakeFiles/pylon_ros2_camera_interfaces__rosidl_generator_c.dir/rosidl_generator_c/pylon_ros2_camera_interfaces/srv/detail/get_integer_value__functions.c.o\x1b[0m\n'}
[0.154945] (pylon_ros2_camera_interfaces) StdoutLine: {'line': b'[  3%] \x1b[32mBuilding C object CMakeFiles/pylon_ros2_camera_interfaces__rosidl_generator_c.dir/rosidl_generator_c/pylon_ros2_camera_interfaces/srv/detail/get_float_value__functions.c.o\x1b[0m\n'}
[0.183710] (pylon_ros2_camera_interfaces) StdoutLine: {'line': b'[  3%] \x1b[32mBuilding CXX object CMakeFiles/pylon_ros2_camera_interfaces__rosidl_typesupport_introspection_cpp.dir/rosidl_typesupport_introspection_cpp/pylon_ros2_camera_interfaces/msg/detail/current_params__type_support.cpp.o\x1b[0m\n'}
[0.187713] (pylon_ros2_camera_interfaces) StdoutLine: {'line': b'[  3%] \x1b[32mBuilding CXX object CMakeFiles/pylon_ros2_camera_interfaces__rosidl_typesupport_fastrtps_cpp.dir/rosidl_typesupport_fastrtps_cpp/pylon_ros2_camera_interfaces/msg/detail/dds_fastrtps/current_params__type_support.cpp.o\x1b[0m\n'}
[0.199223] (-) TimerEvent: {}
[0.199507] (pylon_ros2_camera_interfaces) StdoutLine: {'line': b'[  3%] \x1b[32mBuilding CXX object CMakeFiles/pylon_ros2_camera_interfaces__rosidl_typesupport_cpp.dir/rosidl_typesupport_cpp/pylon_ros2_camera_interfaces/msg/current_params__type_support.cpp.o\x1b[0m\n'}
[0.211889] (pylon_ros2_camera_interfaces) StdoutLine: {'line': b'[  4%] \x1b[32mBuilding CXX object CMakeFiles/pylon_ros2_camera_interfaces__rosidl_typesupport_introspection_cpp.dir/rosidl_typesupport_introspection_cpp/pylon_ros2_camera_interfaces/msg/detail/component_status__type_support.cpp.o\x1b[0m\n'}
[0.212975] (pylon_ros2_camera_interfaces) StdoutLine: {'line': b'[  4%] \x1b[32mBuilding CXX object CMakeFiles/pylon_ros2_camera_interfaces__rosidl_typesupport_introspection_cpp.dir/rosidl_typesupport_introspection_cpp/pylon_ros2_camera_interfaces/srv/detail/get_integer_value__type_support.cpp.o\x1b[0m\n'}
[0.213732] (pylon_ros2_camera_interfaces) StdoutLine: {'line': b'[  5%] \x1b[32mBuilding CXX object CMakeFiles/pylon_ros2_camera_interfaces__rosidl_typesupport_fastrtps_cpp.dir/rosidl_typesupport_fastrtps_cpp/pylon_ros2_camera_interfaces/msg/detail/dds_fastrtps/component_status__type_support.cpp.o\x1b[0m\n'}
[0.219254] (pylon_ros2_camera_interfaces) StdoutLine: {'line': b'[  6%] \x1b[32mBuilding C object CMakeFiles/pylon_ros2_camera_interfaces__rosidl_generator_c.dir/rosidl_generator_c/pylon_ros2_camera_interfaces/srv/detail/get_string_value__functions.c.o\x1b[0m\n'}
[0.230992] (pylon_ros2_camera_interfaces) StdoutLine: {'line': b'[  7%] \x1b[32mBuilding C object CMakeFiles/pylon_ros2_camera_interfaces__rosidl_generator_c.dir/rosidl_generator_c/pylon_ros2_camera_interfaces/srv/detail/get_ptp_status__functions.c.o\x1b[0m\n'}
[0.231316] (pylon_ros2_camera_interfaces) StdoutLine: {'line': b'[  7%] \x1b[32mBuilding CXX object CMakeFiles/pylon_ros2_camera_interfaces__rosidl_typesupport_cpp.dir/rosidl_typesupport_cpp/pylon_ros2_camera_interfaces/msg/component_status__type_support.cpp.o\x1b[0m\n'}
[0.232730] (pylon_ros2_camera_interfaces) StdoutLine: {'line': b'[  8%] \x1b[32mBuilding C object CMakeFiles/pylon_ros2_camera_interfaces__rosidl_generator_c.dir/rosidl_generator_c/pylon_ros2_camera_interfaces/srv/detail/set_binning__functions.c.o\x1b[0m\n'}
[0.236666] (pylon_ros2_camera_interfaces) StdoutLine: {'line': b'[  9%] \x1b[32mBuilding CXX object CMakeFiles/pylon_ros2_camera_interfaces__rosidl_typesupport_introspection_cpp.dir/rosidl_typesupport_introspection_cpp/pylon_ros2_camera_interfaces/srv/detail/get_float_value__type_support.cpp.o\x1b[0m\n'}
[0.248900] (pylon_ros2_camera_interfaces) StdoutLine: {'line': b'[  9%] \x1b[32mBuilding CXX object CMakeFiles/pylon_ros2_camera_interfaces__rosidl_typesupport_cpp.dir/rosidl_typesupport_cpp/pylon_ros2_camera_interfaces/srv/get_integer_value__type_support.cpp.o\x1b[0m\n'}
[0.253644] (pylon_ros2_camera_interfaces) StdoutLine: {'line': b'[  9%] \x1b[32mBuilding CXX object CMakeFiles/pylon_ros2_camera_interfaces__rosidl_typesupport_introspection_cpp.dir/rosidl_typesupport_introspection_cpp/pylon_ros2_camera_interfaces/srv/detail/get_string_value__type_support.cpp.o\x1b[0m\n'}
[0.265407] (pylon_ros2_camera_interfaces) StdoutLine: {'line': b'[ 10%] \x1b[32mBuilding CXX object CMakeFiles/pylon_ros2_camera_interfaces__rosidl_typesupport_cpp.dir/rosidl_typesupport_cpp/pylon_ros2_camera_interfaces/srv/get_float_value__type_support.cpp.o\x1b[0m\n'}
[0.268933] (pylon_ros2_camera_interfaces) StdoutLine: {'line': b'[ 10%] \x1b[32mBuilding C object CMakeFiles/pylon_ros2_camera_interfaces__rosidl_generator_c.dir/rosidl_generator_c/pylon_ros2_camera_interfaces/srv/detail/set_brightness__functions.c.o\x1b[0m\n'}
[0.270527] (pylon_ros2_camera_interfaces) StdoutLine: {'line': b'[ 11%] \x1b[32mBuilding CXX object CMakeFiles/pylon_ros2_camera_interfaces__rosidl_typesupport_introspection_cpp.dir/rosidl_typesupport_introspection_cpp/pylon_ros2_camera_interfaces/srv/detail/get_ptp_status__type_support.cpp.o\x1b[0m\n'}
[0.276844] (pylon_ros2_camera_interfaces) StdoutLine: {'line': b'[ 11%] \x1b[32mBuilding CXX object CMakeFiles/pylon_ros2_camera_interfaces__rosidl_typesupport_introspection_cpp.dir/rosidl_typesupport_introspection_cpp/pylon_ros2_camera_interfaces/srv/detail/set_binning__type_support.cpp.o\x1b[0m\n'}
[0.281355] (pylon_ros2_camera_interfaces) StdoutLine: {'line': b'[ 11%] \x1b[32mBuilding CXX object CMakeFiles/pylon_ros2_camera_interfaces__rosidl_typesupport_cpp.dir/rosidl_typesupport_cpp/pylon_ros2_camera_interfaces/srv/get_string_value__type_support.cpp.o\x1b[0m\n'}
[0.285870] (pylon_ros2_camera_interfaces) StdoutLine: {'line': b'[ 12%] \x1b[32mBuilding CXX object CMakeFiles/pylon_ros2_camera_interfaces__rosidl_typesupport_introspection_cpp.dir/rosidl_typesupport_introspection_cpp/pylon_ros2_camera_interfaces/srv/detail/set_brightness__type_support.cpp.o\x1b[0m\n'}
[0.288058] (pylon_ros2_camera_interfaces) StdoutLine: {'line': b'[ 13%] \x1b[32mBuilding CXX object CMakeFiles/pylon_ros2_camera_interfaces__rosidl_typesupport_introspection_cpp.dir/rosidl_typesupport_introspection_cpp/pylon_ros2_camera_interfaces/srv/detail/set_exposure__type_support.cpp.o\x1b[0m\n'}
[0.288260] (pylon_ros2_camera_interfaces) StdoutLine: {'line': b'[ 13%] \x1b[32mBuilding CXX object CMakeFiles/pylon_ros2_camera_interfaces__rosidl_typesupport_cpp.dir/rosidl_typesupport_cpp/pylon_ros2_camera_interfaces/srv/get_ptp_status__type_support.cpp.o\x1b[0m\n'}
[0.294918] (pylon_ros2_camera_interfaces) StdoutLine: {'line': b'[ 14%] \x1b[32mBuilding CXX object CMakeFiles/pylon_ros2_camera_interfaces__rosidl_typesupport_introspection_cpp.dir/rosidl_typesupport_introspection_cpp/pylon_ros2_camera_interfaces/srv/detail/set_gain__type_support.cpp.o\x1b[0m\n'}
[0.297266] (pylon_ros2_camera_interfaces) StdoutLine: {'line': b'[ 15%] \x1b[32mBuilding C object CMakeFiles/pylon_ros2_camera_interfaces__rosidl_generator_c.dir/rosidl_generator_c/pylon_ros2_camera_interfaces/srv/detail/set_exposure__functions.c.o\x1b[0m\n'}
[0.299313] (-) TimerEvent: {}
[0.303308] (pylon_ros2_camera_interfaces) StdoutLine: {'line': b'[ 15%] \x1b[32mBuilding C object CMakeFiles/pylon_ros2_camera_interfaces__rosidl_generator_c.dir/rosidl_generator_c/pylon_ros2_camera_interfaces/srv/detail/set_gain__functions.c.o\x1b[0m\n'}
[0.304256] (pylon_ros2_camera_interfaces) StdoutLine: {'line': b'[ 15%] \x1b[32mBuilding CXX object CMakeFiles/pylon_ros2_camera_interfaces__rosidl_typesupport_introspection_cpp.dir/rosidl_typesupport_introspection_cpp/pylon_ros2_camera_interfaces/srv/detail/set_gamma__type_support.cpp.o\x1b[0m\n'}
[0.306185] (pylon_ros2_camera_interfaces) StdoutLine: {'line': b'[ 15%] \x1b[32mBuilding CXX object CMakeFiles/pylon_ros2_camera_interfaces__rosidl_typesupport_cpp.dir/rosidl_typesupport_cpp/pylon_ros2_camera_interfaces/srv/set_binning__type_support.cpp.o\x1b[0m\n'}
[0.313180] (pylon_ros2_camera_interfaces) StdoutLine: {'line': b'[ 16%] \x1b[32mBuilding CXX object CMakeFiles/pylon_ros2_camera_interfaces__rosidl_typesupport_introspection_cpp.dir/rosidl_typesupport_introspection_cpp/pylon_ros2_camera_interfaces/srv/detail/set_roi__type_support.cpp.o\x1b[0m\n'}
[0.319837] (pylon_ros2_camera_interfaces) StdoutLine: {'line': b'[ 17%] \x1b[32mBuilding C object CMakeFiles/pylon_ros2_camera_interfaces__rosidl_generator_c.dir/rosidl_generator_c/pylon_ros2_camera_interfaces/srv/detail/set_gamma__functions.c.o\x1b[0m\n'}
[0.324404] (pylon_ros2_camera_interfaces) StdoutLine: {'line': b'[ 18%] \x1b[32mBuilding CXX object CMakeFiles/pylon_ros2_camera_interfaces__rosidl_typesupport_introspection_cpp.dir/rosidl_typesupport_introspection_cpp/pylon_ros2_camera_interfaces/srv/detail/set_sleeping__type_support.cpp.o\x1b[0m\n'}
[0.324841] (pylon_ros2_camera_interfaces) StdoutLine: {'line': b'[ 18%] \x1b[32mBuilding CXX object CMakeFiles/pylon_ros2_camera_interfaces__rosidl_typesupport_cpp.dir/rosidl_typesupport_cpp/pylon_ros2_camera_interfaces/srv/set_brightness__type_support.cpp.o\x1b[0m\n'}
[0.331887] (pylon_ros2_camera_interfaces) StdoutLine: {'line': b'[ 18%] \x1b[32mBuilding CXX object CMakeFiles/pylon_ros2_camera_interfaces__rosidl_typesupport_cpp.dir/rosidl_typesupport_cpp/pylon_ros2_camera_interfaces/srv/set_exposure__type_support.cpp.o\x1b[0m\n'}
[0.339615] (pylon_ros2_camera_interfaces) StdoutLine: {'line': b'[ 19%] \x1b[32mBuilding CXX object CMakeFiles/pylon_ros2_camera_interfaces__rosidl_typesupport_introspection_cpp.dir/rosidl_typesupport_introspection_cpp/pylon_ros2_camera_interfaces/srv/detail/set_white_balance__type_support.cpp.o\x1b[0m\n'}
[0.346556] (pylon_ros2_camera_interfaces) StdoutLine: {'line': b'[ 20%] \x1b[32mBuilding CXX object CMakeFiles/pylon_ros2_camera_interfaces__rosidl_typesupport_cpp.dir/rosidl_typesupport_cpp/pylon_ros2_camera_interfaces/srv/set_gain__type_support.cpp.o\x1b[0m\n'}
[0.352702] (pylon_ros2_camera_interfaces) StdoutLine: {'line': b'[ 20%] \x1b[32mBuilding C object CMakeFiles/pylon_ros2_camera_interfaces__rosidl_generator_c.dir/rosidl_generator_c/pylon_ros2_camera_interfaces/srv/detail/set_roi__functions.c.o\x1b[0m\n'}
[0.354675] (pylon_ros2_camera_interfaces) StdoutLine: {'line': b'[ 20%] \x1b[32mBuilding CXX object CMakeFiles/pylon_ros2_camera_interfaces__rosidl_typesupport_introspection_cpp.dir/rosidl_typesupport_introspection_cpp/pylon_ros2_camera_interfaces/srv/detail/set_integer_value__type_support.cpp.o\x1b[0m\n'}
[0.357322] (pylon_ros2_camera_interfaces) StdoutLine: {'line': b'[ 20%] \x1b[32mBuilding CXX object CMakeFiles/pylon_ros2_camera_interfaces__rosidl_typesupport_cpp.dir/rosidl_typesupport_cpp/pylon_ros2_camera_interfaces/srv/set_gamma__type_support.cpp.o\x1b[0m\n'}
[0.358439] (pylon_ros2_camera_interfaces) StdoutLine: {'line': b'[ 21%] \x1b[32mBuilding C object CMakeFiles/pylon_ros2_camera_interfaces__rosidl_generator_c.dir/rosidl_generator_c/pylon_ros2_camera_interfaces/srv/detail/set_sleeping__functions.c.o\x1b[0m\n'}
[0.362907] (pylon_ros2_camera_interfaces) StdoutLine: {'line': b'[ 22%] \x1b[32mBuilding CXX object CMakeFiles/pylon_ros2_camera_interfaces__rosidl_typesupport_cpp.dir/rosidl_typesupport_cpp/pylon_ros2_camera_interfaces/srv/set_roi__type_support.cpp.o\x1b[0m\n'}
[0.371895] (pylon_ros2_camera_interfaces) StdoutLine: {'line': b'[ 23%] \x1b[32mBuilding CXX object CMakeFiles/pylon_ros2_camera_interfaces__rosidl_typesupport_introspection_cpp.dir/rosidl_typesupport_introspection_cpp/pylon_ros2_camera_interfaces/srv/detail/set_float_value__type_support.cpp.o\x1b[0m\n'}
[0.372984] (pylon_ros2_camera_interfaces) StdoutLine: {'line': b'[ 23%] \x1b[32mBuilding CXX object CMakeFiles/pylon_ros2_camera_interfaces__rosidl_typesupport_introspection_cpp.dir/rosidl_typesupport_introspection_cpp/pylon_ros2_camera_interfaces/srv/detail/set_string_value__type_support.cpp.o\x1b[0m\n'}
[0.378710] (pylon_ros2_camera_interfaces) StdoutLine: {'line': b'[ 23%] \x1b[32mBuilding CXX object CMakeFiles/pylon_ros2_camera_interfaces__rosidl_typesupport_cpp.dir/rosidl_typesupport_cpp/pylon_ros2_camera_interfaces/srv/set_sleeping__type_support.cpp.o\x1b[0m\n'}
[0.385052] (pylon_ros2_camera_interfaces) StdoutLine: {'line': b'[ 23%] \x1b[32mBuilding C object CMakeFiles/pylon_ros2_camera_interfaces__rosidl_generator_c.dir/rosidl_generator_c/pylon_ros2_camera_interfaces/srv/detail/set_white_balance__functions.c.o\x1b[0m\n'}
[0.389780] (pylon_ros2_camera_interfaces) StdoutLine: {'line': b'[ 24%] \x1b[32mBuilding CXX object CMakeFiles/pylon_ros2_camera_interfaces__rosidl_typesupport_cpp.dir/rosidl_typesupport_cpp/pylon_ros2_camera_interfaces/srv/set_white_balance__type_support.cpp.o\x1b[0m\n'}
[0.390283] (pylon_ros2_camera_interfaces) StdoutLine: {'line': b'[ 25%] \x1b[32mBuilding CXX object CMakeFiles/pylon_ros2_camera_interfaces__rosidl_typesupport_introspection_cpp.dir/rosidl_typesupport_introspection_cpp/pylon_ros2_camera_interfaces/srv/detail/set_action_trigger_configuration__type_support.cpp.o\x1b[0m\n'}
[0.399438] (-) TimerEvent: {}
[0.401837] (pylon_ros2_camera_interfaces) StdoutLine: {'line': b'[ 25%] \x1b[32mBuilding CXX object CMakeFiles/pylon_ros2_camera_interfaces__rosidl_typesupport_introspection_cpp.dir/rosidl_typesupport_introspection_cpp/pylon_ros2_camera_interfaces/srv/detail/issue_action_command__type_support.cpp.o\x1b[0m\n'}
[0.405266] (pylon_ros2_camera_interfaces) StdoutLine: {'line': b'[ 25%] \x1b[32mBuilding CXX object CMakeFiles/pylon_ros2_camera_interfaces__rosidl_typesupport_cpp.dir/rosidl_typesupport_cpp/pylon_ros2_camera_interfaces/srv/set_integer_value__type_support.cpp.o\x1b[0m\n'}
[0.406242] (pylon_ros2_camera_interfaces) StdoutLine: {'line': b'[ 26%] \x1b[32mBuilding CXX object CMakeFiles/pylon_ros2_camera_interfaces__rosidl_typesupport_cpp.dir/rosidl_typesupport_cpp/pylon_ros2_camera_interfaces/srv/set_float_value__type_support.cpp.o\x1b[0m\n'}
[0.407700] (pylon_ros2_camera_interfaces) StdoutLine: {'line': b'[ 26%] \x1b[32mBuilding CXX object CMakeFiles/pylon_ros2_camera_interfaces__rosidl_typesupport_cpp.dir/rosidl_typesupport_cpp/pylon_ros2_camera_interfaces/srv/set_string_value__type_support.cpp.o\x1b[0m\n'}
[0.414495] (pylon_ros2_camera_interfaces) StdoutLine: {'line': b'[ 27%] \x1b[32mBuilding CXX object CMakeFiles/pylon_ros2_camera_interfaces__rosidl_typesupport_cpp.dir/rosidl_typesupport_cpp/pylon_ros2_camera_interfaces/srv/set_action_trigger_configuration__type_support.cpp.o\x1b[0m\n'}
[0.418115] (pylon_ros2_camera_interfaces) StdoutLine: {'line': b'[ 28%] \x1b[32mBuilding CXX object CMakeFiles/pylon_ros2_camera_interfaces__rosidl_typesupport_introspection_cpp.dir/rosidl_typesupport_introspection_cpp/pylon_ros2_camera_interfaces/srv/detail/issue_scheduled_action_command__type_support.cpp.o\x1b[0m\n'}
[0.419704] (pylon_ros2_camera_interfaces) StdoutLine: {'line': b'[ 29%] \x1b[32mBuilding C object CMakeFiles/pylon_ros2_camera_interfaces__rosidl_generator_c.dir/rosidl_generator_c/pylon_ros2_camera_interfaces/srv/detail/set_integer_value__functions.c.o\x1b[0m\n'}
[0.422134] (pylon_ros2_camera_interfaces) StdoutLine: {'line': b'[ 29%] \x1b[32mBuilding C object CMakeFiles/pylon_ros2_camera_interfaces__rosidl_generator_c.dir/rosidl_generator_c/pylon_ros2_camera_interfaces/srv/detail/set_float_value__functions.c.o\x1b[0m\n'}
[0.429467] (pylon_ros2_camera_interfaces) StdoutLine: {'line': b'[ 29%] \x1b[32mBuilding CXX object CMakeFiles/pylon_ros2_camera_interfaces__rosidl_typesupport_cpp.dir/rosidl_typesupport_cpp/pylon_ros2_camera_interfaces/srv/issue_action_command__type_support.cpp.o\x1b[0m\n'}
[0.436418] (pylon_ros2_camera_interfaces) StdoutLine: {'line': b'[ 30%] \x1b[32mBuilding C object CMakeFiles/pylon_ros2_camera_interfaces__rosidl_generator_c.dir/rosidl_generator_c/pylon_ros2_camera_interfaces/srv/detail/set_string_value__functions.c.o\x1b[0m\n'}
[0.437278] (pylon_ros2_camera_interfaces) StdoutLine: {'line': b'[ 30%] \x1b[32mBuilding CXX object CMakeFiles/pylon_ros2_camera_interfaces__rosidl_typesupport_introspection_cpp.dir/rosidl_typesupport_introspection_cpp/pylon_ros2_camera_interfaces/action/detail/grab_images__type_support.cpp.o\x1b[0m\n'}
[0.444534] (pylon_ros2_camera_interfaces) StdoutLine: {'line': b'[ 31%] \x1b[32mBuilding CXX object CMakeFiles/pylon_ros2_camera_interfaces__rosidl_typesupport_cpp.dir/rosidl_typesupport_cpp/pylon_ros2_camera_interfaces/srv/issue_scheduled_action_command__type_support.cpp.o\x1b[0m\n'}
[0.453064] (pylon_ros2_camera_interfaces) StdoutLine: {'line': b'[ 31%] \x1b[32mBuilding CXX object CMakeFiles/pylon_ros2_camera_interfaces__rosidl_typesupport_cpp.dir/rosidl_typesupport_cpp/pylon_ros2_camera_interfaces/action/grab_images__type_support.cpp.o\x1b[0m\n'}
[0.460525] (pylon_ros2_camera_interfaces) StdoutLine: {'line': b'[ 32%] \x1b[32mBuilding CXX object CMakeFiles/pylon_ros2_camera_interfaces__rosidl_typesupport_cpp.dir/rosidl_typesupport_cpp/pylon_ros2_camera_interfaces/action/grab_blaze_data__type_support.cpp.o\x1b[0m\n'}
[0.466187] (pylon_ros2_camera_interfaces) StdoutLine: {'line': b'[ 33%] \x1b[32mBuilding CXX object CMakeFiles/pylon_ros2_camera_interfaces__rosidl_typesupport_introspection_cpp.dir/rosidl_typesupport_introspection_cpp/pylon_ros2_camera_interfaces/action/detail/grab_blaze_data__type_support.cpp.o\x1b[0m\n'}
[0.467158] (pylon_ros2_camera_interfaces) StdoutLine: {'line': b'[ 33%] \x1b[32mBuilding CXX object CMakeFiles/pylon_ros2_camera_interfaces__rosidl_typesupport_fastrtps_cpp.dir/rosidl_typesupport_fastrtps_cpp/pylon_ros2_camera_interfaces/srv/detail/dds_fastrtps/get_integer_value__type_support.cpp.o\x1b[0m\n'}
[0.473852] (pylon_ros2_camera_interfaces) StdoutLine: {'line': b'[ 34%] \x1b[32mBuilding CXX object CMakeFiles/pylon_ros2_camera_interfaces__rosidl_typesupport_fastrtps_cpp.dir/rosidl_typesupport_fastrtps_cpp/pylon_ros2_camera_interfaces/srv/detail/dds_fastrtps/get_float_value__type_support.cpp.o\x1b[0m\n'}
[0.476881] (pylon_ros2_camera_interfaces) StdoutLine: {'line': b'[ 34%] \x1b[32mBuilding C object CMakeFiles/pylon_ros2_camera_interfaces__rosidl_generator_c.dir/rosidl_generator_c/pylon_ros2_camera_interfaces/srv/detail/set_action_trigger_configuration__functions.c.o\x1b[0m\n'}
[0.478117] (pylon_ros2_camera_interfaces) StdoutLine: {'line': b'[ 34%] \x1b[32mBuilding CXX object CMakeFiles/pylon_ros2_camera_interfaces__rosidl_typesupport_fastrtps_cpp.dir/rosidl_typesupport_fastrtps_cpp/pylon_ros2_camera_interfaces/srv/detail/dds_fastrtps/get_string_value__type_support.cpp.o\x1b[0m\n'}
[0.480305] (pylon_ros2_camera_interfaces) StdoutLine: {'line': b'[ 34%] \x1b[32m\x1b[1mLinking CXX shared library libpylon_ros2_camera_interfaces__rosidl_typesupport_cpp.so\x1b[0m\n'}
[0.487582] (pylon_ros2_camera_interfaces) StdoutLine: {'line': b'[ 34%] \x1b[32m\x1b[1mLinking CXX shared library libpylon_ros2_camera_interfaces__rosidl_typesupport_introspection_cpp.so\x1b[0m\n'}
[0.494713] (pylon_ros2_camera_interfaces) StdoutLine: {'line': b'[ 35%] \x1b[32mBuilding C object CMakeFiles/pylon_ros2_camera_interfaces__rosidl_generator_c.dir/rosidl_generator_c/pylon_ros2_camera_interfaces/srv/detail/issue_action_command__functions.c.o\x1b[0m\n'}
[0.496264] (pylon_ros2_camera_interfaces) StdoutLine: {'line': b'[ 36%] \x1b[32mBuilding C object CMakeFiles/pylon_ros2_camera_interfaces__rosidl_generator_c.dir/rosidl_generator_c/pylon_ros2_camera_interfaces/action/detail/grab_images__functions.c.o\x1b[0m\n'}
[0.497094] (pylon_ros2_camera_interfaces) StdoutLine: {'line': b'[ 36%] \x1b[32mBuilding C object CMakeFiles/pylon_ros2_camera_interfaces__rosidl_generator_c.dir/rosidl_generator_c/pylon_ros2_camera_interfaces/srv/detail/issue_scheduled_action_command__functions.c.o\x1b[0m\n'}
[0.499505] (-) TimerEvent: {}
[0.500566] (pylon_ros2_camera_interfaces) StdoutLine: {'line': b'[ 37%] \x1b[32mBuilding CXX object CMakeFiles/pylon_ros2_camera_interfaces__rosidl_typesupport_fastrtps_cpp.dir/rosidl_typesupport_fastrtps_cpp/pylon_ros2_camera_interfaces/srv/detail/dds_fastrtps/get_ptp_status__type_support.cpp.o\x1b[0m\n'}
[0.524733] (pylon_ros2_camera_interfaces) StdoutLine: {'line': b'[ 37%] \x1b[32mBuilding CXX object CMakeFiles/pylon_ros2_camera_interfaces__rosidl_typesupport_fastrtps_cpp.dir/rosidl_typesupport_fastrtps_cpp/pylon_ros2_camera_interfaces/srv/detail/dds_fastrtps/set_binning__type_support.cpp.o\x1b[0m\n'}
[0.537468] (pylon_ros2_camera_interfaces) StdoutLine: {'line': b'[ 38%] \x1b[32mBuilding CXX object CMakeFiles/pylon_ros2_camera_interfaces__rosidl_typesupport_fastrtps_cpp.dir/rosidl_typesupport_fastrtps_cpp/pylon_ros2_camera_interfaces/srv/detail/dds_fastrtps/set_brightness__type_support.cpp.o\x1b[0m\n'}
[0.543754] (pylon_ros2_camera_interfaces) StdoutLine: {'line': b'[ 38%] \x1b[32mBuilding C object CMakeFiles/pylon_ros2_camera_interfaces__rosidl_generator_c.dir/rosidl_generator_c/pylon_ros2_camera_interfaces/action/detail/grab_blaze_data__functions.c.o\x1b[0m\n'}
[0.557033] (pylon_ros2_camera_interfaces) StdoutLine: {'line': b'[ 38%] \x1b[32mBuilding CXX object CMakeFiles/pylon_ros2_camera_interfaces__rosidl_typesupport_fastrtps_cpp.dir/rosidl_typesupport_fastrtps_cpp/pylon_ros2_camera_interfaces/srv/detail/dds_fastrtps/set_exposure__type_support.cpp.o\x1b[0m\n'}
[0.557733] (pylon_ros2_camera_interfaces) StdoutLine: {'line': b'[ 39%] \x1b[32mBuilding CXX object CMakeFiles/pylon_ros2_camera_interfaces__rosidl_typesupport_fastrtps_cpp.dir/rosidl_typesupport_fastrtps_cpp/pylon_ros2_camera_interfaces/srv/detail/dds_fastrtps/set_gain__type_support.cpp.o\x1b[0m\n'}
[0.559151] (pylon_ros2_camera_interfaces) StdoutLine: {'line': b'[ 39%] \x1b[32mBuilding CXX object CMakeFiles/pylon_ros2_camera_interfaces__rosidl_typesupport_fastrtps_cpp.dir/rosidl_typesupport_fastrtps_cpp/pylon_ros2_camera_interfaces/srv/detail/dds_fastrtps/set_gamma__type_support.cpp.o\x1b[0m\n'}
[0.566311] (pylon_ros2_camera_interfaces) StdoutLine: {'line': b'[ 40%] Built target pylon_ros2_camera_interfaces__rosidl_typesupport_cpp\n'}
[0.569053] (pylon_ros2_camera_interfaces) StdoutLine: {'line': b'[ 41%] \x1b[32mBuilding CXX object CMakeFiles/pylon_ros2_camera_interfaces__rosidl_typesupport_fastrtps_cpp.dir/rosidl_typesupport_fastrtps_cpp/pylon_ros2_camera_interfaces/srv/detail/dds_fastrtps/set_roi__type_support.cpp.o\x1b[0m\n'}
[0.571758] (pylon_ros2_camera_interfaces) StdoutLine: {'line': b'[ 41%] \x1b[32mBuilding CXX object CMakeFiles/pylon_ros2_camera_interfaces__rosidl_typesupport_fastrtps_cpp.dir/rosidl_typesupport_fastrtps_cpp/pylon_ros2_camera_interfaces/srv/detail/dds_fastrtps/set_sleeping__type_support.cpp.o\x1b[0m\n'}
[0.575573] (pylon_ros2_camera_interfaces) StdoutLine: {'line': b'[ 42%] \x1b[32mBuilding CXX object CMakeFiles/pylon_ros2_camera_interfaces__rosidl_typesupport_fastrtps_cpp.dir/rosidl_typesupport_fastrtps_cpp/pylon_ros2_camera_interfaces/srv/detail/dds_fastrtps/set_white_balance__type_support.cpp.o\x1b[0m\n'}
[0.576932] (pylon_ros2_camera_interfaces) StdoutLine: {'line': b'[ 42%] \x1b[32mBuilding CXX object CMakeFiles/pylon_ros2_camera_interfaces__rosidl_typesupport_fastrtps_cpp.dir/rosidl_typesupport_fastrtps_cpp/pylon_ros2_camera_interfaces/srv/detail/dds_fastrtps/set_integer_value__type_support.cpp.o\x1b[0m\n'}
[0.580840] (pylon_ros2_camera_interfaces) StdoutLine: {'line': b'[ 43%] \x1b[32mBuilding CXX object CMakeFiles/pylon_ros2_camera_interfaces__rosidl_typesupport_fastrtps_cpp.dir/rosidl_typesupport_fastrtps_cpp/pylon_ros2_camera_interfaces/srv/detail/dds_fastrtps/set_float_value__type_support.cpp.o\x1b[0m\n'}
[0.591141] (pylon_ros2_camera_interfaces) StdoutLine: {'line': b'[ 43%] \x1b[32mBuilding CXX object CMakeFiles/pylon_ros2_camera_interfaces__rosidl_typesupport_fastrtps_cpp.dir/rosidl_typesupport_fastrtps_cpp/pylon_ros2_camera_interfaces/srv/detail/dds_fastrtps/set_string_value__type_support.cpp.o\x1b[0m\n'}
[0.592251] (pylon_ros2_camera_interfaces) StdoutLine: {'line': b'[ 44%] \x1b[32mBuilding CXX object CMakeFiles/pylon_ros2_camera_interfaces__rosidl_typesupport_fastrtps_cpp.dir/rosidl_typesupport_fastrtps_cpp/pylon_ros2_camera_interfaces/srv/detail/dds_fastrtps/set_action_trigger_configuration__type_support.cpp.o\x1b[0m\n'}
[0.597289] (pylon_ros2_camera_interfaces) StdoutLine: {'line': b'[ 44%] \x1b[32mBuilding CXX object CMakeFiles/pylon_ros2_camera_interfaces__rosidl_typesupport_fastrtps_cpp.dir/rosidl_typesupport_fastrtps_cpp/pylon_ros2_camera_interfaces/srv/detail/dds_fastrtps/issue_action_command__type_support.cpp.o\x1b[0m\n'}
[0.598370] (pylon_ros2_camera_interfaces) StdoutLine: {'line': b'[ 45%] \x1b[32mBuilding CXX object CMakeFiles/pylon_ros2_camera_interfaces__rosidl_typesupport_fastrtps_cpp.dir/rosidl_typesupport_fastrtps_cpp/pylon_ros2_camera_interfaces/srv/detail/dds_fastrtps/issue_scheduled_action_command__type_support.cpp.o\x1b[0m\n'}
[0.599589] (-) TimerEvent: {}
[0.600158] (pylon_ros2_camera_interfaces) StdoutLine: {'line': b'[ 45%] \x1b[32mBuilding CXX object CMakeFiles/pylon_ros2_camera_interfaces__rosidl_typesupport_fastrtps_cpp.dir/rosidl_typesupport_fastrtps_cpp/pylon_ros2_camera_interfaces/action/detail/dds_fastrtps/grab_images__type_support.cpp.o\x1b[0m\n'}
[0.609146] (pylon_ros2_camera_interfaces) StdoutLine: {'line': b'[ 46%] \x1b[32mBuilding CXX object CMakeFiles/pylon_ros2_camera_interfaces__rosidl_typesupport_fastrtps_cpp.dir/rosidl_typesupport_fastrtps_cpp/pylon_ros2_camera_interfaces/action/detail/dds_fastrtps/grab_blaze_data__type_support.cpp.o\x1b[0m\n'}
[0.616880] (pylon_ros2_camera_interfaces) StdoutLine: {'line': b'[ 47%] \x1b[32m\x1b[1mLinking C shared library libpylon_ros2_camera_interfaces__rosidl_generator_c.so\x1b[0m\n'}
[0.625582] (pylon_ros2_camera_interfaces) StdoutLine: {'line': b'[ 47%] \x1b[32m\x1b[1mLinking CXX shared library libpylon_ros2_camera_interfaces__rosidl_typesupport_fastrtps_cpp.so\x1b[0m\n'}
[0.669432] (pylon_ros2_camera_interfaces) StdoutLine: {'line': b'[ 48%] Built target pylon_ros2_camera_interfaces__rosidl_typesupport_introspection_cpp\n'}
[0.680950] (pylon_ros2_camera_interfaces) StdoutLine: {'line': b'[ 48%] Built target pylon_ros2_camera_interfaces__rosidl_generator_c\n'}
[0.699708] (-) TimerEvent: {}
[0.701882] (pylon_ros2_camera_interfaces) StdoutLine: {'line': b'[ 48%] \x1b[32mBuilding C object CMakeFiles/pylon_ros2_camera_interfaces__rosidl_typesupport_introspection_c.dir/rosidl_typesupport_introspection_c/pylon_ros2_camera_interfaces/msg/detail/current_params__type_support.c.o\x1b[0m\n'}
[0.702419] (pylon_ros2_camera_interfaces) StdoutLine: {'line': b'[ 49%] \x1b[32mBuilding C object CMakeFiles/pylon_ros2_camera_interfaces__rosidl_typesupport_introspection_c.dir/rosidl_typesupport_introspection_c/pylon_ros2_camera_interfaces/msg/detail/component_status__type_support.c.o\x1b[0m\n'}
[0.702834] (pylon_ros2_camera_interfaces) StdoutLine: {'line': b'[ 49%] \x1b[32mBuilding C object CMakeFiles/pylon_ros2_camera_interfaces__rosidl_typesupport_introspection_c.dir/rosidl_typesupport_introspection_c/pylon_ros2_camera_interfaces/srv/detail/get_integer_value__type_support.c.o\x1b[0m\n'}
[0.705106] (pylon_ros2_camera_interfaces) StdoutLine: {'line': b'[ 50%] \x1b[32mBuilding CXX object CMakeFiles/pylon_ros2_camera_interfaces__rosidl_typesupport_c.dir/rosidl_typesupport_c/pylon_ros2_camera_interfaces/msg/current_params__type_support.cpp.o\x1b[0m\n'}
[0.705667] (pylon_ros2_camera_interfaces) StdoutLine: {'line': b'[ 50%] \x1b[32mBuilding C object CMakeFiles/pylon_ros2_camera_interfaces__rosidl_typesupport_introspection_c.dir/rosidl_typesupport_introspection_c/pylon_ros2_camera_interfaces/srv/detail/get_float_value__type_support.c.o\x1b[0m\n'}
[0.716636] (pylon_ros2_camera_interfaces) StdoutLine: {'line': b'[ 51%] \x1b[32mBuilding C object CMakeFiles/pylon_ros2_camera_interfaces__rosidl_typesupport_introspection_c.dir/rosidl_typesupport_introspection_c/pylon_ros2_camera_interfaces/srv/detail/get_string_value__type_support.c.o\x1b[0m\n'}
[0.716839] (pylon_ros2_camera_interfaces) StdoutLine: {'line': b'[ 51%] \x1b[32mBuilding C object CMakeFiles/pylon_ros2_camera_interfaces__rosidl_typesupport_introspection_c.dir/rosidl_typesupport_introspection_c/pylon_ros2_camera_interfaces/srv/detail/get_ptp_status__type_support.c.o\x1b[0m\n'}
[0.720352] (pylon_ros2_camera_interfaces) StdoutLine: {'line': b'[ 52%] \x1b[32mBuilding CXX object CMakeFiles/pylon_ros2_camera_interfaces__rosidl_typesupport_c.dir/rosidl_typesupport_c/pylon_ros2_camera_interfaces/msg/component_status__type_support.cpp.o\x1b[0m\n'}
[0.725784] (pylon_ros2_camera_interfaces) StdoutLine: {'line': b'[ 52%] \x1b[32mBuilding CXX object CMakeFiles/pylon_ros2_camera_interfaces__rosidl_typesupport_fastrtps_c.dir/rosidl_typesupport_fastrtps_c/pylon_ros2_camera_interfaces/msg/detail/current_params__type_support_c.cpp.o\x1b[0m\n'}
[0.728021] (pylon_ros2_camera_interfaces) StdoutLine: {'line': b'[ 52%] \x1b[32mBuilding CXX object CMakeFiles/pylon_ros2_camera_interfaces__rosidl_typesupport_c.dir/rosidl_typesupport_c/pylon_ros2_camera_interfaces/srv/get_integer_value__type_support.cpp.o\x1b[0m\n'}
[0.728734] (pylon_ros2_camera_interfaces) StdoutLine: {'line': b'[ 53%] \x1b[32mBuilding CXX object CMakeFiles/pylon_ros2_camera_interfaces__rosidl_typesupport_fastrtps_c.dir/rosidl_typesupport_fastrtps_c/pylon_ros2_camera_interfaces/msg/detail/component_status__type_support_c.cpp.o\x1b[0m\n'}
[0.731928] (pylon_ros2_camera_interfaces) StdoutLine: {'line': b'[ 53%] \x1b[32mBuilding CXX object CMakeFiles/pylon_ros2_camera_interfaces__rosidl_typesupport_fastrtps_c.dir/rosidl_typesupport_fastrtps_c/pylon_ros2_camera_interfaces/srv/detail/get_integer_value__type_support_c.cpp.o\x1b[0m\n'}
[0.739536] (pylon_ros2_camera_interfaces) StdoutLine: {'line': b'[ 54%] \x1b[32mBuilding CXX object CMakeFiles/pylon_ros2_camera_interfaces__rosidl_typesupport_c.dir/rosidl_typesupport_c/pylon_ros2_camera_interfaces/srv/get_float_value__type_support.cpp.o\x1b[0m\n'}
[0.748721] (pylon_ros2_camera_interfaces) StdoutLine: {'line': b'[ 54%] \x1b[32mBuilding C object CMakeFiles/pylon_ros2_camera_interfaces__rosidl_typesupport_introspection_c.dir/rosidl_typesupport_introspection_c/pylon_ros2_camera_interfaces/srv/detail/set_binning__type_support.c.o\x1b[0m\n'}
[0.751447] (pylon_ros2_camera_interfaces) StdoutLine: {'line': b'[ 55%] \x1b[32mBuilding CXX object CMakeFiles/pylon_ros2_camera_interfaces__rosidl_typesupport_c.dir/rosidl_typesupport_c/pylon_ros2_camera_interfaces/srv/get_string_value__type_support.cpp.o\x1b[0m\n'}
[0.751723] (pylon_ros2_camera_interfaces) StdoutLine: {'line': b'[ 55%] \x1b[32mBuilding C object CMakeFiles/pylon_ros2_camera_interfaces__rosidl_typesupport_introspection_c.dir/rosidl_typesupport_introspection_c/pylon_ros2_camera_interfaces/srv/detail/set_brightness__type_support.c.o\x1b[0m\n'}
[0.752413] (pylon_ros2_camera_interfaces) StdoutLine: {'line': b'[ 56%] \x1b[32mBuilding CXX object CMakeFiles/pylon_ros2_camera_interfaces__rosidl_typesupport_fastrtps_c.dir/rosidl_typesupport_fastrtps_c/pylon_ros2_camera_interfaces/srv/detail/get_float_value__type_support_c.cpp.o\x1b[0m\n'}
[0.752646] (pylon_ros2_camera_interfaces) StdoutLine: {'line': b'[ 56%] \x1b[32mBuilding C object CMakeFiles/pylon_ros2_camera_interfaces__rosidl_typesupport_introspection_c.dir/rosidl_typesupport_introspection_c/pylon_ros2_camera_interfaces/srv/detail/set_exposure__type_support.c.o\x1b[0m\n'}
[0.756518] (pylon_ros2_camera_interfaces) StdoutLine: {'line': b'[ 57%] \x1b[32mBuilding C object CMakeFiles/pylon_ros2_camera_interfaces__rosidl_typesupport_introspection_c.dir/rosidl_typesupport_introspection_c/pylon_ros2_camera_interfaces/srv/detail/set_gain__type_support.c.o\x1b[0m\n'}
[0.760118] (pylon_ros2_camera_interfaces) StdoutLine: {'line': b'[ 58%] \x1b[32mBuilding CXX object CMakeFiles/pylon_ros2_camera_interfaces__rosidl_typesupport_c.dir/rosidl_typesupport_c/pylon_ros2_camera_interfaces/srv/get_ptp_status__type_support.cpp.o\x1b[0m\n'}
[0.761172] (pylon_ros2_camera_interfaces) StdoutLine: {'line': b'[ 58%] \x1b[32mBuilding CXX object CMakeFiles/pylon_ros2_camera_interfaces__rosidl_typesupport_c.dir/rosidl_typesupport_c/pylon_ros2_camera_interfaces/srv/set_binning__type_support.cpp.o\x1b[0m\n'}
[0.764009] (pylon_ros2_camera_interfaces) StdoutLine: {'line': b'[ 59%] \x1b[32mBuilding C object CMakeFiles/pylon_ros2_camera_interfaces__rosidl_typesupport_introspection_c.dir/rosidl_typesupport_introspection_c/pylon_ros2_camera_interfaces/srv/detail/set_roi__type_support.c.o\x1b[0m\n'}
[0.764383] (pylon_ros2_camera_interfaces) StdoutLine: {'line': b'[ 59%] \x1b[32mBuilding C object CMakeFiles/pylon_ros2_camera_interfaces__rosidl_typesupport_introspection_c.dir/rosidl_typesupport_introspection_c/pylon_ros2_camera_interfaces/srv/detail/set_gamma__type_support.c.o\x1b[0m\n'}
[0.768289] (pylon_ros2_camera_interfaces) StdoutLine: {'line': b'[ 60%] \x1b[32mBuilding CXX object CMakeFiles/pylon_ros2_camera_interfaces__rosidl_typesupport_c.dir/rosidl_typesupport_c/pylon_ros2_camera_interfaces/srv/set_brightness__type_support.cpp.o\x1b[0m\n'}
[0.769463] (pylon_ros2_camera_interfaces) StdoutLine: {'line': b'[ 60%] \x1b[32mBuilding C object CMakeFiles/pylon_ros2_camera_interfaces__rosidl_typesupport_introspection_c.dir/rosidl_typesupport_introspection_c/pylon_ros2_camera_interfaces/srv/detail/set_sleeping__type_support.c.o\x1b[0m\n'}
[0.770929] (pylon_ros2_camera_interfaces) StdoutLine: {'line': b'[ 60%] \x1b[32mBuilding CXX object CMakeFiles/pylon_ros2_camera_interfaces__rosidl_typesupport_c.dir/rosidl_typesupport_c/pylon_ros2_camera_interfaces/srv/set_exposure__type_support.cpp.o\x1b[0m\n'}
[0.773530] (pylon_ros2_camera_interfaces) StdoutLine: {'line': b'[ 60%] \x1b[32mBuilding CXX object CMakeFiles/pylon_ros2_camera_interfaces__rosidl_typesupport_fastrtps_c.dir/rosidl_typesupport_fastrtps_c/pylon_ros2_camera_interfaces/srv/detail/get_string_value__type_support_c.cpp.o\x1b[0m\n'}
[0.775053] (pylon_ros2_camera_interfaces) StdoutLine: {'line': b'[ 61%] \x1b[32mBuilding C object CMakeFiles/pylon_ros2_camera_interfaces__rosidl_typesupport_introspection_c.dir/rosidl_typesupport_introspection_c/pylon_ros2_camera_interfaces/srv/detail/set_white_balance__type_support.c.o\x1b[0m\n'}
[0.776899] (pylon_ros2_camera_interfaces) StdoutLine: {'line': b'[ 62%] \x1b[32mBuilding CXX object CMakeFiles/pylon_ros2_camera_interfaces__rosidl_typesupport_c.dir/rosidl_typesupport_c/pylon_ros2_camera_interfaces/srv/set_gain__type_support.cpp.o\x1b[0m\n'}
[0.781633] (pylon_ros2_camera_interfaces) StdoutLine: {'line': b'[ 62%] \x1b[32mBuilding C object CMakeFiles/pylon_ros2_camera_interfaces__rosidl_typesupport_introspection_c.dir/rosidl_typesupport_introspection_c/pylon_ros2_camera_interfaces/srv/detail/set_integer_value__type_support.c.o\x1b[0m\n'}
[0.781970] (pylon_ros2_camera_interfaces) StdoutLine: {'line': b'[ 62%] \x1b[32mBuilding CXX object CMakeFiles/pylon_ros2_camera_interfaces__rosidl_typesupport_c.dir/rosidl_typesupport_c/pylon_ros2_camera_interfaces/srv/set_gamma__type_support.cpp.o\x1b[0m\n'}
[0.782178] (pylon_ros2_camera_interfaces) StdoutLine: {'line': b'[ 63%] \x1b[32mBuilding C object CMakeFiles/pylon_ros2_camera_interfaces__rosidl_typesupport_introspection_c.dir/rosidl_typesupport_introspection_c/pylon_ros2_camera_interfaces/srv/detail/set_float_value__type_support.c.o\x1b[0m\n'}
[0.785457] (pylon_ros2_camera_interfaces) StdoutLine: {'line': b'[ 64%] \x1b[32mBuilding CXX object CMakeFiles/pylon_ros2_camera_interfaces__rosidl_typesupport_c.dir/rosidl_typesupport_c/pylon_ros2_camera_interfaces/srv/set_roi__type_support.cpp.o\x1b[0m\n'}
[0.787963] (pylon_ros2_camera_interfaces) StdoutLine: {'line': b'[ 65%] \x1b[32mBuilding C object CMakeFiles/pylon_ros2_camera_interfaces__rosidl_typesupport_introspection_c.dir/rosidl_typesupport_introspection_c/pylon_ros2_camera_interfaces/srv/detail/set_string_value__type_support.c.o\x1b[0m\n'}
[0.788503] (pylon_ros2_camera_interfaces) StdoutLine: {'line': b'[ 65%] Built target pylon_ros2_camera_interfaces__rosidl_typesupport_fastrtps_cpp\n'}
[0.791845] (pylon_ros2_camera_interfaces) StdoutLine: {'line': b'[ 66%] \x1b[32mBuilding CXX object CMakeFiles/pylon_ros2_camera_interfaces__rosidl_typesupport_fastrtps_c.dir/rosidl_typesupport_fastrtps_c/pylon_ros2_camera_interfaces/srv/detail/get_ptp_status__type_support_c.cpp.o\x1b[0m\n'}
[0.792357] (pylon_ros2_camera_interfaces) StdoutLine: {'line': b'[ 66%] \x1b[32mBuilding CXX object CMakeFiles/pylon_ros2_camera_interfaces__rosidl_typesupport_c.dir/rosidl_typesupport_c/pylon_ros2_camera_interfaces/srv/set_sleeping__type_support.cpp.o\x1b[0m\n'}
[0.793124] (pylon_ros2_camera_interfaces) StdoutLine: {'line': b'[ 67%] \x1b[32mBuilding CXX object CMakeFiles/pylon_ros2_camera_interfaces__rosidl_typesupport_c.dir/rosidl_typesupport_c/pylon_ros2_camera_interfaces/srv/set_white_balance__type_support.cpp.o\x1b[0m\n'}
[0.793427] (pylon_ros2_camera_interfaces) StdoutLine: {'line': b'[ 68%] \x1b[32mBuilding C object CMakeFiles/pylon_ros2_camera_interfaces__rosidl_typesupport_introspection_c.dir/rosidl_typesupport_introspection_c/pylon_ros2_camera_interfaces/srv/detail/set_action_trigger_configuration__type_support.c.o\x1b[0m\n'}
[0.793641] (pylon_ros2_camera_interfaces) StdoutLine: {'line': b'[ 68%] \x1b[32mBuilding CXX object CMakeFiles/pylon_ros2_camera_interfaces__rosidl_typesupport_fastrtps_c.dir/rosidl_typesupport_fastrtps_c/pylon_ros2_camera_interfaces/srv/detail/set_binning__type_support_c.cpp.o\x1b[0m\n'}
[0.794940] (pylon_ros2_camera_interfaces) StdoutLine: {'line': b'running egg_info\n'}
[0.796212] (pylon_ros2_camera_interfaces) StdoutLine: {'line': b'writing pylon_ros2_camera_interfaces.egg-info/PKG-INFO\n'}
[0.796596] (pylon_ros2_camera_interfaces) StdoutLine: {'line': b'writing dependency_links to pylon_ros2_camera_interfaces.egg-info/dependency_links.txt\n'}
[0.796882] (pylon_ros2_camera_interfaces) StdoutLine: {'line': b'writing top-level names to pylon_ros2_camera_interfaces.egg-info/top_level.txt\n'}
[0.798978] (pylon_ros2_camera_interfaces) StdoutLine: {'line': b'[ 68%] \x1b[32mBuilding C object CMakeFiles/pylon_ros2_camera_interfaces__rosidl_typesupport_introspection_c.dir/rosidl_typesupport_introspection_c/pylon_ros2_camera_interfaces/srv/detail/issue_action_command__type_support.c.o\x1b[0m\n'}
[0.799821] (-) TimerEvent: {}
[0.800190] (pylon_ros2_camera_interfaces) StdoutLine: {'line': b'[ 68%] \x1b[32mBuilding CXX object CMakeFiles/pylon_ros2_camera_interfaces__rosidl_typesupport_c.dir/rosidl_typesupport_c/pylon_ros2_camera_interfaces/srv/set_integer_value__type_support.cpp.o\x1b[0m\n'}
[0.802988] (pylon_ros2_camera_interfaces) StdoutLine: {'line': b'[ 69%] \x1b[32mBuilding CXX object CMakeFiles/pylon_ros2_camera_interfaces__rosidl_typesupport_c.dir/rosidl_typesupport_c/pylon_ros2_camera_interfaces/srv/set_float_value__type_support.cpp.o\x1b[0m\n'}
[0.804042] (pylon_ros2_camera_interfaces) StdoutLine: {'line': b'[ 70%] \x1b[32mBuilding C object CMakeFiles/pylon_ros2_camera_interfaces__rosidl_typesupport_introspection_c.dir/rosidl_typesupport_introspection_c/pylon_ros2_camera_interfaces/srv/detail/issue_scheduled_action_command__type_support.c.o\x1b[0m\n'}
[0.804310] (pylon_ros2_camera_interfaces) StdoutLine: {'line': b"reading manifest file 'pylon_ros2_camera_interfaces.egg-info/SOURCES.txt'\n"}
[0.805203] (pylon_ros2_camera_interfaces) StdoutLine: {'line': b'[ 70%] \x1b[32mBuilding CXX object CMakeFiles/pylon_ros2_camera_interfaces__rosidl_typesupport_c.dir/rosidl_typesupport_c/pylon_ros2_camera_interfaces/srv/set_string_value__type_support.cpp.o\x1b[0m\n'}
[0.806914] (pylon_ros2_camera_interfaces) StdoutLine: {'line': b"writing manifest file 'pylon_ros2_camera_interfaces.egg-info/SOURCES.txt'\n"}
[0.809171] (pylon_ros2_camera_interfaces) StdoutLine: {'line': b'[ 71%] \x1b[32mBuilding CXX object CMakeFiles/pylon_ros2_camera_interfaces__rosidl_typesupport_c.dir/rosidl_typesupport_c/pylon_ros2_camera_interfaces/srv/set_action_trigger_configuration__type_support.cpp.o\x1b[0m\n'}
[0.810174] (pylon_ros2_camera_interfaces) StdoutLine: {'line': b'[ 72%] \x1b[32mBuilding C object CMakeFiles/pylon_ros2_camera_interfaces__rosidl_typesupport_introspection_c.dir/rosidl_typesupport_introspection_c/pylon_ros2_camera_interfaces/action/detail/grab_images__type_support.c.o\x1b[0m\n'}
[0.810439] (pylon_ros2_camera_interfaces) StdoutLine: {'line': b'[ 72%] \x1b[32mBuilding CXX object CMakeFiles/pylon_ros2_camera_interfaces__rosidl_typesupport_fastrtps_c.dir/rosidl_typesupport_fastrtps_c/pylon_ros2_camera_interfaces/srv/detail/set_brightness__type_support_c.cpp.o\x1b[0m\n'}
[0.811689] (pylon_ros2_camera_interfaces) StdoutLine: {'line': b'[ 72%] \x1b[32mBuilding CXX object CMakeFiles/pylon_ros2_camera_interfaces__rosidl_typesupport_c.dir/rosidl_typesupport_c/pylon_ros2_camera_interfaces/srv/issue_action_command__type_support.cpp.o\x1b[0m\n'}
[0.815408] (pylon_ros2_camera_interfaces) StdoutLine: {'line': b'[ 73%] \x1b[32mBuilding CXX object CMakeFiles/pylon_ros2_camera_interfaces__rosidl_typesupport_c.dir/rosidl_typesupport_c/pylon_ros2_camera_interfaces/srv/issue_scheduled_action_command__type_support.cpp.o\x1b[0m\n'}
[0.816072] (pylon_ros2_camera_interfaces) StdoutLine: {'line': b'[ 74%] \x1b[32mBuilding C object CMakeFiles/pylon_ros2_camera_interfaces__rosidl_typesupport_introspection_c.dir/rosidl_typesupport_introspection_c/pylon_ros2_camera_interfaces/action/detail/grab_blaze_data__type_support.c.o\x1b[0m\n'}
[0.819485] (pylon_ros2_camera_interfaces) StdoutLine: {'line': b'[ 74%] \x1b[32mBuilding CXX object CMakeFiles/pylon_ros2_camera_interfaces__rosidl_typesupport_fastrtps_c.dir/rosidl_typesupport_fastrtps_c/pylon_ros2_camera_interfaces/srv/detail/set_exposure__type_support_c.cpp.o\x1b[0m\n'}
[0.820366] (pylon_ros2_camera_interfaces) StdoutLine: {'line': b'[ 74%] \x1b[32mBuilding CXX object CMakeFiles/pylon_ros2_camera_interfaces__rosidl_typesupport_c.dir/rosidl_typesupport_c/pylon_ros2_camera_interfaces/action/grab_images__type_support.cpp.o\x1b[0m\n'}
[0.821414] (pylon_ros2_camera_interfaces) StdoutLine: {'line': b'[ 75%] \x1b[32mBuilding CXX object CMakeFiles/pylon_ros2_camera_interfaces__rosidl_typesupport_fastrtps_c.dir/rosidl_typesupport_fastrtps_c/pylon_ros2_camera_interfaces/srv/detail/set_gain__type_support_c.cpp.o\x1b[0m\n'}
[0.825667] (pylon_ros2_camera_interfaces) StdoutLine: {'line': b'[ 75%] \x1b[32mBuilding CXX object CMakeFiles/pylon_ros2_camera_interfaces__rosidl_typesupport_fastrtps_c.dir/rosidl_typesupport_fastrtps_c/pylon_ros2_camera_interfaces/srv/detail/set_gamma__type_support_c.cpp.o\x1b[0m\n'}
[0.826477] (pylon_ros2_camera_interfaces) StdoutLine: {'line': b'[ 76%] \x1b[32mBuilding CXX object CMakeFiles/pylon_ros2_camera_interfaces__rosidl_typesupport_c.dir/rosidl_typesupport_c/pylon_ros2_camera_interfaces/action/grab_blaze_data__type_support.cpp.o\x1b[0m\n'}
[0.828601] (pylon_ros2_camera_interfaces) StdoutLine: {'line': b'[ 77%] \x1b[32mBuilding CXX object CMakeFiles/pylon_ros2_camera_interfaces__rosidl_typesupport_fastrtps_c.dir/rosidl_typesupport_fastrtps_c/pylon_ros2_camera_interfaces/srv/detail/set_roi__type_support_c.cpp.o\x1b[0m\n'}
[0.831736] (pylon_ros2_camera_interfaces) StdoutLine: {'line': b'[ 77%] \x1b[32m\x1b[1mLinking C shared library libpylon_ros2_camera_interfaces__rosidl_typesupport_introspection_c.so\x1b[0m\n'}
[0.836046] (pylon_ros2_camera_interfaces) StdoutLine: {'line': b'[ 77%] \x1b[32mBuilding CXX object CMakeFiles/pylon_ros2_camera_interfaces__rosidl_typesupport_fastrtps_c.dir/rosidl_typesupport_fastrtps_c/pylon_ros2_camera_interfaces/srv/detail/set_sleeping__type_support_c.cpp.o\x1b[0m\n'}
[0.838002] (pylon_ros2_camera_interfaces) StdoutLine: {'line': b'[ 78%] \x1b[32mBuilding CXX object CMakeFiles/pylon_ros2_camera_interfaces__rosidl_typesupport_fastrtps_c.dir/rosidl_typesupport_fastrtps_c/pylon_ros2_camera_interfaces/srv/detail/set_white_balance__type_support_c.cpp.o\x1b[0m\n'}
[0.839598] (pylon_ros2_camera_interfaces) StdoutLine: {'line': b'[ 78%] \x1b[32mBuilding CXX object CMakeFiles/pylon_ros2_camera_interfaces__rosidl_typesupport_fastrtps_c.dir/rosidl_typesupport_fastrtps_c/pylon_ros2_camera_interfaces/srv/detail/set_integer_value__type_support_c.cpp.o\x1b[0m\n'}
[0.846650] (pylon_ros2_camera_interfaces) StdoutLine: {'line': b'[ 79%] \x1b[32mBuilding CXX object CMakeFiles/pylon_ros2_camera_interfaces__rosidl_typesupport_fastrtps_c.dir/rosidl_typesupport_fastrtps_c/pylon_ros2_camera_interfaces/srv/detail/set_float_value__type_support_c.cpp.o\x1b[0m\n'}
[0.848796] (pylon_ros2_camera_interfaces) StdoutLine: {'line': b'[ 79%] \x1b[32mBuilding CXX object CMakeFiles/pylon_ros2_camera_interfaces__rosidl_typesupport_fastrtps_c.dir/rosidl_typesupport_fastrtps_c/pylon_ros2_camera_interfaces/srv/detail/set_string_value__type_support_c.cpp.o\x1b[0m\n'}
[0.850799] (pylon_ros2_camera_interfaces) StdoutLine: {'line': b'[ 79%] \x1b[32m\x1b[1mLinking CXX shared library libpylon_ros2_camera_interfaces__rosidl_typesupport_c.so\x1b[0m\n'}
[0.851102] (pylon_ros2_camera_interfaces) StdoutLine: {'line': b'[ 79%] Built target ament_cmake_python_build_pylon_ros2_camera_interfaces_egg\n'}
[0.852693] (pylon_ros2_camera_interfaces) StdoutLine: {'line': b'[ 80%] \x1b[32mBuilding CXX object CMakeFiles/pylon_ros2_camera_interfaces__rosidl_typesupport_fastrtps_c.dir/rosidl_typesupport_fastrtps_c/pylon_ros2_camera_interfaces/srv/detail/set_action_trigger_configuration__type_support_c.cpp.o\x1b[0m\n'}
[0.858324] (pylon_ros2_camera_interfaces) StdoutLine: {'line': b'[ 80%] \x1b[32mBuilding CXX object CMakeFiles/pylon_ros2_camera_interfaces__rosidl_typesupport_fastrtps_c.dir/rosidl_typesupport_fastrtps_c/pylon_ros2_camera_interfaces/srv/detail/issue_action_command__type_support_c.cpp.o\x1b[0m\n'}
[0.858723] (pylon_ros2_camera_interfaces) StdoutLine: {'line': b'[ 81%] \x1b[32mBuilding CXX object CMakeFiles/pylon_ros2_camera_interfaces__rosidl_typesupport_fastrtps_c.dir/rosidl_typesupport_fastrtps_c/pylon_ros2_camera_interfaces/srv/detail/issue_scheduled_action_command__type_support_c.cpp.o\x1b[0m\n'}
[0.861520] (pylon_ros2_camera_interfaces) StdoutLine: {'line': b'[ 81%] \x1b[32mBuilding CXX object CMakeFiles/pylon_ros2_camera_interfaces__rosidl_typesupport_fastrtps_c.dir/rosidl_typesupport_fastrtps_c/pylon_ros2_camera_interfaces/action/detail/grab_images__type_support_c.cpp.o\x1b[0m\n'}
[0.863371] (pylon_ros2_camera_interfaces) StdoutLine: {'line': b'[ 82%] \x1b[32mBuilding CXX object CMakeFiles/pylon_ros2_camera_interfaces__rosidl_typesupport_fastrtps_c.dir/rosidl_typesupport_fastrtps_c/pylon_ros2_camera_interfaces/action/detail/grab_blaze_data__type_support_c.cpp.o\x1b[0m\n'}
[0.879160] (pylon_ros2_camera_interfaces) StdoutLine: {'line': b'[ 82%] \x1b[32m\x1b[1mLinking CXX shared library libpylon_ros2_camera_interfaces__rosidl_typesupport_fastrtps_c.so\x1b[0m\n'}
[0.893942] (pylon_ros2_camera_interfaces) StdoutLine: {'line': b'[ 83%] Built target pylon_ros2_camera_interfaces__rosidl_typesupport_introspection_c\n'}
[0.899909] (-) TimerEvent: {}
[0.908434] (pylon_ros2_camera_interfaces) StdoutLine: {'line': b'[ 84%] Built target pylon_ros2_camera_interfaces__rosidl_typesupport_c\n'}
[0.974331] (pylon_ros2_camera_interfaces) StdoutLine: {'line': b'[ 85%] Built target pylon_ros2_camera_interfaces__rosidl_typesupport_fastrtps_c\n'}
[0.984031] (pylon_ros2_camera_interfaces) StdoutLine: {'line': b'[ 85%] Built target pylon_ros2_camera_interfaces\n'}
[0.996263] (pylon_ros2_camera_interfaces) StdoutLine: {'line': b'[ 86%] Built target pylon_ros2_camera_interfaces__py\n'}
[1.000014] (-) TimerEvent: {}
[1.019888] (pylon_ros2_camera_interfaces) StdoutLine: {'line': b'[ 86%] \x1b[32mBuilding C object CMakeFiles/pylon_ros2_camera_interfaces__rosidl_generator_py.dir/rosidl_generator_py/pylon_ros2_camera_interfaces/msg/_current_params_s.c.o\x1b[0m\n'}
[1.020317] (pylon_ros2_camera_interfaces) StdoutLine: {'line': b'[ 87%] \x1b[32mBuilding C object CMakeFiles/pylon_ros2_camera_interfaces__rosidl_generator_py.dir/rosidl_generator_py/pylon_ros2_camera_interfaces/msg/_component_status_s.c.o\x1b[0m\n'}
[1.020606] (pylon_ros2_camera_interfaces) StdoutLine: {'line': b'[ 87%] \x1b[32mBuilding C object CMakeFiles/pylon_ros2_camera_interfaces__rosidl_generator_py.dir/rosidl_generator_py/pylon_ros2_camera_interfaces/srv/_get_integer_value_s.c.o\x1b[0m\n'}
[1.021502] (pylon_ros2_camera_interfaces) StdoutLine: {'line': b'[ 88%] \x1b[32mBuilding C object CMakeFiles/pylon_ros2_camera_interfaces__rosidl_generator_py.dir/rosidl_generator_py/pylon_ros2_camera_interfaces/srv/_get_float_value_s.c.o\x1b[0m\n'}
[1.022171] (pylon_ros2_camera_interfaces) StdoutLine: {'line': b'[ 88%] \x1b[32mBuilding C object CMakeFiles/pylon_ros2_camera_interfaces__rosidl_generator_py.dir/rosidl_generator_py/pylon_ros2_camera_interfaces/srv/_get_string_value_s.c.o\x1b[0m\n'}
[1.022805] (pylon_ros2_camera_interfaces) StdoutLine: {'line': b'[ 89%] \x1b[32mBuilding C object CMakeFiles/pylon_ros2_camera_interfaces__rosidl_generator_py.dir/rosidl_generator_py/pylon_ros2_camera_interfaces/srv/_get_ptp_status_s.c.o\x1b[0m\n'}
[1.023477] (pylon_ros2_camera_interfaces) StdoutLine: {'line': b'[ 89%] \x1b[32mBuilding C object CMakeFiles/pylon_ros2_camera_interfaces__rosidl_generator_py.dir/rosidl_generator_py/pylon_ros2_camera_interfaces/srv/_set_binning_s.c.o\x1b[0m\n'}
[1.025131] (pylon_ros2_camera_interfaces) StdoutLine: {'line': b'[ 90%] \x1b[32mBuilding C object CMakeFiles/pylon_ros2_camera_interfaces__rosidl_generator_py.dir/rosidl_generator_py/pylon_ros2_camera_interfaces/srv/_set_brightness_s.c.o\x1b[0m\n'}
[1.048790] (pylon_ros2_camera_interfaces) StdoutLine: {'line': b'[ 90%] \x1b[32mBuilding C object CMakeFiles/pylon_ros2_camera_interfaces__rosidl_generator_py.dir/rosidl_generator_py/pylon_ros2_camera_interfaces/srv/_set_exposure_s.c.o\x1b[0m\n'}
[1.049310] (pylon_ros2_camera_interfaces) StdoutLine: {'line': b'[ 91%] \x1b[32mBuilding C object CMakeFiles/pylon_ros2_camera_interfaces__rosidl_generator_py.dir/rosidl_generator_py/pylon_ros2_camera_interfaces/srv/_set_gain_s.c.o\x1b[0m\n'}
[1.049639] (pylon_ros2_camera_interfaces) StdoutLine: {'line': b'[ 91%] \x1b[32mBuilding C object CMakeFiles/pylon_ros2_camera_interfaces__rosidl_generator_py.dir/rosidl_generator_py/pylon_ros2_camera_interfaces/srv/_set_gamma_s.c.o\x1b[0m\n'}
[1.050574] (pylon_ros2_camera_interfaces) StdoutLine: {'line': b'[ 92%] \x1b[32mBuilding C object CMakeFiles/pylon_ros2_camera_interfaces__rosidl_generator_py.dir/rosidl_generator_py/pylon_ros2_camera_interfaces/srv/_set_roi_s.c.o\x1b[0m\n'}
[1.051252] (pylon_ros2_camera_interfaces) StdoutLine: {'line': b'[ 92%] \x1b[32mBuilding C object CMakeFiles/pylon_ros2_camera_interfaces__rosidl_generator_py.dir/rosidl_generator_py/pylon_ros2_camera_interfaces/srv/_set_sleeping_s.c.o\x1b[0m\n'}
[1.052270] (pylon_ros2_camera_interfaces) StdoutLine: {'line': b'[ 93%] \x1b[32mBuilding C object CMakeFiles/pylon_ros2_camera_interfaces__rosidl_generator_py.dir/rosidl_generator_py/pylon_ros2_camera_interfaces/srv/_set_white_balance_s.c.o\x1b[0m\n'}
[1.053125] (pylon_ros2_camera_interfaces) StdoutLine: {'line': b'[ 93%] \x1b[32mBuilding C object CMakeFiles/pylon_ros2_camera_interfaces__rosidl_generator_py.dir/rosidl_generator_py/pylon_ros2_camera_interfaces/srv/_set_integer_value_s.c.o\x1b[0m\n'}
[1.055602] (pylon_ros2_camera_interfaces) StdoutLine: {'line': b'[ 94%] \x1b[32mBuilding C object CMakeFiles/pylon_ros2_camera_interfaces__rosidl_generator_py.dir/rosidl_generator_py/pylon_ros2_camera_interfaces/srv/_set_float_value_s.c.o\x1b[0m\n'}
[1.064201] (pylon_ros2_camera_interfaces) StdoutLine: {'line': b'[ 94%] \x1b[32mBuilding C object CMakeFiles/pylon_ros2_camera_interfaces__rosidl_generator_py.dir/rosidl_generator_py/pylon_ros2_camera_interfaces/srv/_set_string_value_s.c.o\x1b[0m\n'}
[1.065532] (pylon_ros2_camera_interfaces) StdoutLine: {'line': b'[ 95%] \x1b[32mBuilding C object CMakeFiles/pylon_ros2_camera_interfaces__rosidl_generator_py.dir/rosidl_generator_py/pylon_ros2_camera_interfaces/srv/_set_action_trigger_configuration_s.c.o\x1b[0m\n'}
[1.066273] (pylon_ros2_camera_interfaces) StdoutLine: {'line': b'[ 95%] \x1b[32mBuilding C object CMakeFiles/pylon_ros2_camera_interfaces__rosidl_generator_py.dir/rosidl_generator_py/pylon_ros2_camera_interfaces/srv/_issue_action_command_s.c.o\x1b[0m\n'}
[1.067676] (pylon_ros2_camera_interfaces) StdoutLine: {'line': b'[ 96%] \x1b[32mBuilding C object CMakeFiles/pylon_ros2_camera_interfaces__rosidl_generator_py.dir/rosidl_generator_py/pylon_ros2_camera_interfaces/srv/_issue_scheduled_action_command_s.c.o\x1b[0m\n'}
[1.068555] (pylon_ros2_camera_interfaces) StdoutLine: {'line': b'[ 96%] \x1b[32mBuilding C object CMakeFiles/pylon_ros2_camera_interfaces__rosidl_generator_py.dir/rosidl_generator_py/pylon_ros2_camera_interfaces/action/_grab_images_s.c.o\x1b[0m\n'}
[1.069667] (pylon_ros2_camera_interfaces) StdoutLine: {'line': b'[ 97%] \x1b[32mBuilding C object CMakeFiles/pylon_ros2_camera_interfaces__rosidl_generator_py.dir/rosidl_generator_py/pylon_ros2_camera_interfaces/action/_grab_blaze_data_s.c.o\x1b[0m\n'}
[1.082636] (pylon_ros2_camera_interfaces) StdoutLine: {'line': b'[ 97%] \x1b[32m\x1b[1mLinking C shared library rosidl_generator_py/pylon_ros2_camera_interfaces/libpylon_ros2_camera_interfaces__rosidl_generator_py.so\x1b[0m\n'}
[1.100125] (-) TimerEvent: {}
[1.136810] (pylon_ros2_camera_interfaces) StdoutLine: {'line': b'[ 97%] Built target pylon_ros2_camera_interfaces__rosidl_generator_py\n'}
[1.149847] (pylon_ros2_camera_interfaces) StdoutLine: {'line': b'[ 99%] \x1b[32mBuilding C object CMakeFiles/pylon_ros2_camera_interfaces__rosidl_typesupport_introspection_c__pyext.dir/rosidl_generator_py/pylon_ros2_camera_interfaces/_pylon_ros2_camera_interfaces_s.ep.rosidl_typesupport_introspection_c.c.o\x1b[0m\n'}
[1.150108] (pylon_ros2_camera_interfaces) StdoutLine: {'line': b'[ 99%] \x1b[32mBuilding C object CMakeFiles/pylon_ros2_camera_interfaces__rosidl_typesupport_fastrtps_c__pyext.dir/rosidl_generator_py/pylon_ros2_camera_interfaces/_pylon_ros2_camera_interfaces_s.ep.rosidl_typesupport_fastrtps_c.c.o\x1b[0m\n'}
[1.150698] (pylon_ros2_camera_interfaces) StdoutLine: {'line': b'[100%] \x1b[32mBuilding C object CMakeFiles/pylon_ros2_camera_interfaces__rosidl_typesupport_c__pyext.dir/rosidl_generator_py/pylon_ros2_camera_interfaces/_pylon_ros2_camera_interfaces_s.ep.rosidl_typesupport_c.c.o\x1b[0m\n'}
[1.163241] (pylon_ros2_camera_interfaces) StdoutLine: {'line': b'[100%] \x1b[32m\x1b[1mLinking C shared library rosidl_generator_py/pylon_ros2_camera_interfaces/pylon_ros2_camera_interfaces_s__rosidl_typesupport_introspection_c.cpython-310-x86_64-linux-gnu.so\x1b[0m\n'}
[1.163443] (pylon_ros2_camera_interfaces) StdoutLine: {'line': b'[100%] \x1b[32m\x1b[1mLinking C shared library rosidl_generator_py/pylon_ros2_camera_interfaces/pylon_ros2_camera_interfaces_s__rosidl_typesupport_fastrtps_c.cpython-310-x86_64-linux-gnu.so\x1b[0m\n'}
[1.163911] (pylon_ros2_camera_interfaces) StdoutLine: {'line': b'[100%] \x1b[32m\x1b[1mLinking C shared library rosidl_generator_py/pylon_ros2_camera_interfaces/pylon_ros2_camera_interfaces_s__rosidl_typesupport_c.cpython-310-x86_64-linux-gnu.so\x1b[0m\n'}
[1.200240] (-) TimerEvent: {}
[1.218977] (pylon_ros2_camera_interfaces) StdoutLine: {'line': b'[100%] Built target pylon_ros2_camera_interfaces__rosidl_typesupport_c__pyext\n'}
[1.220867] (pylon_ros2_camera_interfaces) StdoutLine: {'line': b'[100%] Built target pylon_ros2_camera_interfaces__rosidl_typesupport_introspection_c__pyext\n'}
[1.224807] (pylon_ros2_camera_interfaces) StdoutLine: {'line': b'[100%] Built target pylon_ros2_camera_interfaces__rosidl_typesupport_fastrtps_c__pyext\n'}
[1.233898] (pylon_ros2_camera_interfaces) CommandEnded: {'returncode': 0}
[1.235051] (pylon_ros2_camera_interfaces) JobProgress: {'identifier': 'pylon_ros2_camera_interfaces', 'progress': 'install'}
[1.239804] (pylon_ros2_camera_interfaces) Command: {'cmd': ['/usr/local/bin/cmake', '--install', '/home/mcav/cam_dev_ws/build/pylon_ros2_camera_interfaces'], 'cwd': '/home/mcav/cam_dev_ws/build/pylon_ros2_camera_interfaces', 'env': OrderedDict([('LESSOPEN', '| /usr/bin/lesspipe %s'), ('USER', 'mcav'), ('CCACHE_DIR', '/var/tmp/ccache'), ('XDG_SESSION_TYPE', 'x11'), ('SHLVL', '1'), ('LD_LIBRARY_PATH', '/usr/local/cuda/lib64:/usr/local/cuda/lib64:/opt/ros/humble/opt/rviz_ogre_vendor/lib:/opt/ros/humble/lib/x86_64-linux-gnu:/opt/ros/humble/lib'), ('HOME', '/home/mcav'), ('OLDPWD', '/home/mcav'), ('DESKTOP_SESSION', 'ubuntu'), ('ROS_PYTHON_VERSION', '3'), ('GNOME_SHELL_SESSION_MODE', 'ubuntu'), ('GTK_MODULES', 'gail:atk-bridge'), ('SYSTEMD_EXEC_PID', '1954'), ('DBUS_SESSION_BUS_ADDRESS', 'unix:path=/run/user/1000/bus'), ('COLORTERM', 'truecolor'), ('IM_CONFIG_PHASE', '1'), ('ROS_DISTRO', 'humble'), ('GTK_IM_MODULE', 'ibus'), ('LOGNAME', 'mcav'), ('_', '/usr/bin/colcon'), ('ROS_VERSION', '2'), ('XDG_SESSION_CLASS', 'user'), ('USERNAME', 'mcav'), ('TERM', 'xterm-256color'), ('GNOME_DESKTOP_SESSION_ID', 'this-is-deprecated'), ('ROS_LOCALHOST_ONLY', '0'), ('WINDOWPATH', '2'), ('PATH', '/usr/local/cuda/bin:/usr/local/cuda/bin:/opt/ros/humble/bin:/home/mcav/.local/bin:/home/mcav/bin:/usr/local/sbin:/usr/local/bin:/usr/sbin:/usr/bin:/sbin:/bin:/usr/games:/usr/local/games:/snap/bin:/snap/bin:/home/mcav/.local/bin:/home/mcav/.local/bin'), ('SESSION_MANAGER', 'local/mcav:@/tmp/.ICE-unix/1926,unix/mcav:/tmp/.ICE-unix/1926'), ('XDG_MENU_PREFIX', 'gnome-'), ('GNOME_TERMINAL_SCREEN', '/org/gnome/Terminal/screen/2063d892_2378_4a66_a531_fce08baee512'), ('XDG_RUNTIME_DIR', '/run/user/1000'), ('DISPLAY', ':0'), ('LANG', 'en_US.UTF-8'), ('XDG_CURRENT_DESKTOP', 'ubuntu:GNOME'), ('RMW_IMPLEMENTATION', 'rmw_cyclonedds_cpp'), ('XMODIFIERS', '@im=ibus'), ('XDG_SESSION_DESKTOP', 'ubuntu'), ('XAUTHORITY', '/run/user/1000/gdm/Xauthority'), ('LS_COLORS', 'rs=0:di=01;34:ln=01;36:mh=00:pi=40;33:so=01;35:do=01;35:bd=40;33;01:cd=40;33;01:or=40;31;01:mi=00:su=37;41:sg=30;43:ca=30;41:tw=30;42:ow=34;42:st=37;44:ex=01;32:*.tar=01;31:*.tgz=01;31:*.arc=01;31:*.arj=01;31:*.taz=01;31:*.lha=01;31:*.lz4=01;31:*.lzh=01;31:*.lzma=01;31:*.tlz=01;31:*.txz=01;31:*.tzo=01;31:*.t7z=01;31:*.zip=01;31:*.z=01;31:*.dz=01;31:*.gz=01;31:*.lrz=01;31:*.lz=01;31:*.lzo=01;31:*.xz=01;31:*.zst=01;31:*.tzst=01;31:*.bz2=01;31:*.bz=01;31:*.tbz=01;31:*.tbz2=01;31:*.tz=01;31:*.deb=01;31:*.rpm=01;31:*.jar=01;31:*.war=01;31:*.ear=01;31:*.sar=01;31:*.rar=01;31:*.alz=01;31:*.ace=01;31:*.zoo=01;31:*.cpio=01;31:*.7z=01;31:*.rz=01;31:*.cab=01;31:*.wim=01;31:*.swm=01;31:*.dwm=01;31:*.esd=01;31:*.jpg=01;35:*.jpeg=01;35:*.mjpg=01;35:*.mjpeg=01;35:*.gif=01;35:*.bmp=01;35:*.pbm=01;35:*.pgm=01;35:*.ppm=01;35:*.tga=01;35:*.xbm=01;35:*.xpm=01;35:*.tif=01;35:*.tiff=01;35:*.png=01;35:*.svg=01;35:*.svgz=01;35:*.mng=01;35:*.pcx=01;35:*.mov=01;35:*.mpg=01;35:*.mpeg=01;35:*.m2v=01;35:*.mkv=01;35:*.webm=01;35:*.webp=01;35:*.ogm=01;35:*.mp4=01;35:*.m4v=01;35:*.mp4v=01;35:*.vob=01;35:*.qt=01;35:*.nuv=01;35:*.wmv=01;35:*.asf=01;35:*.rm=01;35:*.rmvb=01;35:*.flc=01;35:*.avi=01;35:*.fli=01;35:*.flv=01;35:*.gl=01;35:*.dl=01;35:*.xcf=01;35:*.xwd=01;35:*.yuv=01;35:*.cgm=01;35:*.emf=01;35:*.ogv=01;35:*.ogx=01;35:*.aac=00;36:*.au=00;36:*.flac=00;36:*.m4a=00;36:*.mid=00;36:*.midi=00;36:*.mka=00;36:*.mp3=00;36:*.mpc=00;36:*.ogg=00;36:*.ra=00;36:*.wav=00;36:*.oga=00;36:*.opus=00;36:*.spx=00;36:*.xspf=00;36:'), ('GNOME_TERMINAL_SERVICE', ':1.90'), ('SSH_AGENT_LAUNCHER', 'gnome-keyring'), ('SSH_AUTH_SOCK', '/run/user/1000/keyring/ssh'), ('AMENT_PREFIX_PATH', '/opt/ros/humble'), ('SHELL', '/bin/bash'), ('QT_ACCESSIBILITY', '1'), ('CXX', '/usr/lib/ccache/g++'), ('GDMSESSION', 'ubuntu'), ('LESSCLOSE', '/usr/bin/lesspipe %s %s'), ('GPG_AGENT_INFO', '/run/user/1000/gnupg/S.gpg-agent:0:1'), ('QT_IM_MODULE', 'ibus'), ('PWD', '/home/mcav/cam_dev_ws/build/pylon_ros2_camera_interfaces'), ('LC_ALL', 'en_US.UTF-8'), ('XDG_CONFIG_DIRS', '/etc/xdg/xdg-ubuntu:/etc/xdg'), ('PYLON_ROOT', '/opt/pylon'), ('XDG_DATA_DIRS', '/usr/share/ubuntu:/usr/share/gnome:/usr/local/share/:/usr/share/:/var/lib/snapd/desktop'), ('PYTHONPATH', '/opt/ros/humble/lib/python3.10/site-packages:/opt/ros/humble/local/lib/python3.10/dist-packages'), ('CC', '/usr/lib/ccache/gcc'), ('COLCON', '1'), ('GENICAM_GENTL64_PATH', ':/opt/pylon/lib/gentlproducer/gtl:/opt/pylon/lib/pylonCXP/bin/'), ('VTE_VERSION', '6800'), ('CMAKE_PREFIX_PATH', '/opt/ros/humble')]), 'shell': False}
[1.245180] (pylon_ros2_camera_interfaces) StdoutLine: {'line': b'-- Install configuration: ""\n'}
[1.245852] (pylon_ros2_camera_interfaces) StdoutLine: {'line': b'-- Up-to-date: /home/mcav/cam_dev_ws/install/pylon_ros2_camera_interfaces/share/ament_index/resource_index/rosidl_interfaces/pylon_ros2_camera_interfaces\n'}
[1.246295] (pylon_ros2_camera_interfaces) StdoutLine: {'line': b'-- Up-to-date: /home/mcav/cam_dev_ws/install/pylon_ros2_camera_interfaces/include/pylon_ros2_camera_interfaces/pylon_ros2_camera_interfaces\n'}
[1.246639] (pylon_ros2_camera_interfaces) StdoutLine: {'line': b'-- Up-to-date: /home/mcav/cam_dev_ws/install/pylon_ros2_camera_interfaces/include/pylon_ros2_camera_interfaces/pylon_ros2_camera_interfaces/msg\n'}
[1.246969] (pylon_ros2_camera_interfaces) StdoutLine: {'line': b'-- Up-to-date: /home/mcav/cam_dev_ws/install/pylon_ros2_camera_interfaces/include/pylon_ros2_camera_interfaces/pylon_ros2_camera_interfaces/msg/rosidl_generator_c__visibility_control.h\n'}
[1.247321] (pylon_ros2_camera_interfaces) StdoutLine: {'line': b'-- Up-to-date: /home/mcav/cam_dev_ws/install/pylon_ros2_camera_interfaces/include/pylon_ros2_camera_interfaces/pylon_ros2_camera_interfaces/msg/detail\n'}
[1.247686] (pylon_ros2_camera_interfaces) StdoutLine: {'line': b'-- Up-to-date: /home/mcav/cam_dev_ws/install/pylon_ros2_camera_interfaces/include/pylon_ros2_camera_interfaces/pylon_ros2_camera_interfaces/msg/detail/component_status__functions.h\n'}
[1.248047] (pylon_ros2_camera_interfaces) StdoutLine: {'line': b'-- Up-to-date: /home/mcav/cam_dev_ws/install/pylon_ros2_camera_interfaces/include/pylon_ros2_camera_interfaces/pylon_ros2_camera_interfaces/msg/detail/current_params__functions.h\n'}
[1.248514] (pylon_ros2_camera_interfaces) StdoutLine: {'line': b'-- Up-to-date: /home/mcav/cam_dev_ws/install/pylon_ros2_camera_interfaces/include/pylon_ros2_camera_interfaces/pylon_ros2_camera_interfaces/msg/detail/component_status__functions.c\n'}
[1.248950] (pylon_ros2_camera_interfaces) StdoutLine: {'line': b'-- Up-to-date: /home/mcav/cam_dev_ws/install/pylon_ros2_camera_interfaces/include/pylon_ros2_camera_interfaces/pylon_ros2_camera_interfaces/msg/detail/current_params__type_support.h\n'}
[1.249389] (pylon_ros2_camera_interfaces) StdoutLine: {'line': b'-- Up-to-date: /home/mcav/cam_dev_ws/install/pylon_ros2_camera_interfaces/include/pylon_ros2_camera_interfaces/pylon_ros2_camera_interfaces/msg/detail/component_status__struct.h\n'}
[1.249759] (pylon_ros2_camera_interfaces) StdoutLine: {'line': b'-- Up-to-date: /home/mcav/cam_dev_ws/install/pylon_ros2_camera_interfaces/include/pylon_ros2_camera_interfaces/pylon_ros2_camera_interfaces/msg/detail/current_params__struct.h\n'}
[1.250006] (pylon_ros2_camera_interfaces) StdoutLine: {'line': b'-- Up-to-date: /home/mcav/cam_dev_ws/install/pylon_ros2_camera_interfaces/include/pylon_ros2_camera_interfaces/pylon_ros2_camera_interfaces/msg/detail/component_status__type_support.h\n'}
[1.250188] (pylon_ros2_camera_interfaces) StdoutLine: {'line': b'-- Up-to-date: /home/mcav/cam_dev_ws/install/pylon_ros2_camera_interfaces/include/pylon_ros2_camera_interfaces/pylon_ros2_camera_interfaces/msg/detail/current_params__functions.c\n'}
[1.250298] (pylon_ros2_camera_interfaces) StdoutLine: {'line': b'-- Up-to-date: /home/mcav/cam_dev_ws/install/pylon_ros2_camera_interfaces/include/pylon_ros2_camera_interfaces/pylon_ros2_camera_interfaces/msg/current_params.h\n'}
[1.250419] (pylon_ros2_camera_interfaces) StdoutLine: {'line': b'-- Up-to-date: /home/mcav/cam_dev_ws/install/pylon_ros2_camera_interfaces/include/pylon_ros2_camera_interfaces/pylon_ros2_camera_interfaces/msg/component_status.h\n'}
[1.250524] (pylon_ros2_camera_interfaces) StdoutLine: {'line': b'-- Up-to-date: /home/mcav/cam_dev_ws/install/pylon_ros2_camera_interfaces/include/pylon_ros2_camera_interfaces/pylon_ros2_camera_interfaces/action\n'}
[1.250663] (pylon_ros2_camera_interfaces) StdoutLine: {'line': b'-- Up-to-date: /home/mcav/cam_dev_ws/install/pylon_ros2_camera_interfaces/include/pylon_ros2_camera_interfaces/pylon_ros2_camera_interfaces/action/grab_images.h\n'}
[1.250826] (pylon_ros2_camera_interfaces) StdoutLine: {'line': b'-- Up-to-date: /home/mcav/cam_dev_ws/install/pylon_ros2_camera_interfaces/include/pylon_ros2_camera_interfaces/pylon_ros2_camera_interfaces/action/detail\n'}
[1.250932] (pylon_ros2_camera_interfaces) StdoutLine: {'line': b'-- Up-to-date: /home/mcav/cam_dev_ws/install/pylon_ros2_camera_interfaces/include/pylon_ros2_camera_interfaces/pylon_ros2_camera_interfaces/action/detail/grab_images__type_support.h\n'}
[1.251037] (pylon_ros2_camera_interfaces) StdoutLine: {'line': b'-- Up-to-date: /home/mcav/cam_dev_ws/install/pylon_ros2_camera_interfaces/include/pylon_ros2_camera_interfaces/pylon_ros2_camera_interfaces/action/detail/grab_images__struct.h\n'}
[1.251141] (pylon_ros2_camera_interfaces) StdoutLine: {'line': b'-- Up-to-date: /home/mcav/cam_dev_ws/install/pylon_ros2_camera_interfaces/include/pylon_ros2_camera_interfaces/pylon_ros2_camera_interfaces/action/detail/grab_images__functions.h\n'}
[1.251277] (pylon_ros2_camera_interfaces) StdoutLine: {'line': b'-- Up-to-date: /home/mcav/cam_dev_ws/install/pylon_ros2_camera_interfaces/include/pylon_ros2_camera_interfaces/pylon_ros2_camera_interfaces/action/detail/grab_blaze_data__type_support.h\n'}
[1.251395] (pylon_ros2_camera_interfaces) StdoutLine: {'line': b'-- Up-to-date: /home/mcav/cam_dev_ws/install/pylon_ros2_camera_interfaces/include/pylon_ros2_camera_interfaces/pylon_ros2_camera_interfaces/action/detail/grab_blaze_data__functions.c\n'}
[1.251499] (pylon_ros2_camera_interfaces) StdoutLine: {'line': b'-- Up-to-date: /home/mcav/cam_dev_ws/install/pylon_ros2_camera_interfaces/include/pylon_ros2_camera_interfaces/pylon_ros2_camera_interfaces/action/detail/grab_blaze_data__struct.h\n'}
[1.251603] (pylon_ros2_camera_interfaces) StdoutLine: {'line': b'-- Up-to-date: /home/mcav/cam_dev_ws/install/pylon_ros2_camera_interfaces/include/pylon_ros2_camera_interfaces/pylon_ros2_camera_interfaces/action/detail/grab_images__functions.c\n'}
[1.251707] (pylon_ros2_camera_interfaces) StdoutLine: {'line': b'-- Up-to-date: /home/mcav/cam_dev_ws/install/pylon_ros2_camera_interfaces/include/pylon_ros2_camera_interfaces/pylon_ros2_camera_interfaces/action/detail/grab_blaze_data__functions.h\n'}
[1.251851] (pylon_ros2_camera_interfaces) StdoutLine: {'line': b'-- Up-to-date: /home/mcav/cam_dev_ws/install/pylon_ros2_camera_interfaces/include/pylon_ros2_camera_interfaces/pylon_ros2_camera_interfaces/action/grab_blaze_data.h\n'}
[1.252182] (pylon_ros2_camera_interfaces) StdoutLine: {'line': b'-- Up-to-date: /home/mcav/cam_dev_ws/install/pylon_ros2_camera_interfaces/include/pylon_ros2_camera_interfaces/pylon_ros2_camera_interfaces/srv\n'}
[1.252416] (pylon_ros2_camera_interfaces) StdoutLine: {'line': b'-- Up-to-date: /home/mcav/cam_dev_ws/install/pylon_ros2_camera_interfaces/include/pylon_ros2_camera_interfaces/pylon_ros2_camera_interfaces/srv/issue_scheduled_action_command.h\n'}
[1.252685] (pylon_ros2_camera_interfaces) StdoutLine: {'line': b'-- Up-to-date: /home/mcav/cam_dev_ws/install/pylon_ros2_camera_interfaces/include/pylon_ros2_camera_interfaces/pylon_ros2_camera_interfaces/srv/set_exposure.h\n'}
[1.253319] (pylon_ros2_camera_interfaces) StdoutLine: {'line': b'-- Up-to-date: /home/mcav/cam_dev_ws/install/pylon_ros2_camera_interfaces/include/pylon_ros2_camera_interfaces/pylon_ros2_camera_interfaces/srv/get_integer_value.h\n'}
[1.253594] (pylon_ros2_camera_interfaces) StdoutLine: {'line': b'-- Up-to-date: /home/mcav/cam_dev_ws/install/pylon_ros2_camera_interfaces/include/pylon_ros2_camera_interfaces/pylon_ros2_camera_interfaces/srv/detail\n'}
[1.253719] (pylon_ros2_camera_interfaces) StdoutLine: {'line': b'-- Up-to-date: /home/mcav/cam_dev_ws/install/pylon_ros2_camera_interfaces/include/pylon_ros2_camera_interfaces/pylon_ros2_camera_interfaces/srv/detail/get_ptp_status__functions.c\n'}
[1.253828] (pylon_ros2_camera_interfaces) StdoutLine: {'line': b'-- Up-to-date: /home/mcav/cam_dev_ws/install/pylon_ros2_camera_interfaces/include/pylon_ros2_camera_interfaces/pylon_ros2_camera_interfaces/srv/detail/set_exposure__functions.c\n'}
[1.254016] (pylon_ros2_camera_interfaces) StdoutLine: {'line': b'-- Up-to-date: /home/mcav/cam_dev_ws/install/pylon_ros2_camera_interfaces/include/pylon_ros2_camera_interfaces/pylon_ros2_camera_interfaces/srv/detail/set_exposure__struct.h\n'}
[1.254175] (pylon_ros2_camera_interfaces) StdoutLine: {'line': b'-- Up-to-date: /home/mcav/cam_dev_ws/install/pylon_ros2_camera_interfaces/include/pylon_ros2_camera_interfaces/pylon_ros2_camera_interfaces/srv/detail/get_ptp_status__struct.h\n'}
[1.254328] (pylon_ros2_camera_interfaces) StdoutLine: {'line': b'-- Up-to-date: /home/mcav/cam_dev_ws/install/pylon_ros2_camera_interfaces/include/pylon_ros2_camera_interfaces/pylon_ros2_camera_interfaces/srv/detail/issue_scheduled_action_command__functions.h\n'}
[1.254465] (pylon_ros2_camera_interfaces) StdoutLine: {'line': b'-- Up-to-date: /home/mcav/cam_dev_ws/install/pylon_ros2_camera_interfaces/include/pylon_ros2_camera_interfaces/pylon_ros2_camera_interfaces/srv/detail/get_float_value__functions.c\n'}
[1.254588] (pylon_ros2_camera_interfaces) StdoutLine: {'line': b'-- Up-to-date: /home/mcav/cam_dev_ws/install/pylon_ros2_camera_interfaces/include/pylon_ros2_camera_interfaces/pylon_ros2_camera_interfaces/srv/detail/issue_scheduled_action_command__functions.c\n'}
[1.254709] (pylon_ros2_camera_interfaces) StdoutLine: {'line': b'-- Up-to-date: /home/mcav/cam_dev_ws/install/pylon_ros2_camera_interfaces/include/pylon_ros2_camera_interfaces/pylon_ros2_camera_interfaces/srv/detail/set_string_value__functions.c\n'}
[1.254864] (pylon_ros2_camera_interfaces) StdoutLine: {'line': b'-- Up-to-date: /home/mcav/cam_dev_ws/install/pylon_ros2_camera_interfaces/include/pylon_ros2_camera_interfaces/pylon_ros2_camera_interfaces/srv/detail/get_string_value__functions.h\n'}
[1.255043] (pylon_ros2_camera_interfaces) StdoutLine: {'line': b'-- Up-to-date: /home/mcav/cam_dev_ws/install/pylon_ros2_camera_interfaces/include/pylon_ros2_camera_interfaces/pylon_ros2_camera_interfaces/srv/detail/set_integer_value__functions.c\n'}
[1.255150] (pylon_ros2_camera_interfaces) StdoutLine: {'line': b'-- Up-to-date: /home/mcav/cam_dev_ws/install/pylon_ros2_camera_interfaces/include/pylon_ros2_camera_interfaces/pylon_ros2_camera_interfaces/srv/detail/set_sleeping__functions.c\n'}
[1.255299] (pylon_ros2_camera_interfaces) StdoutLine: {'line': b'-- Up-to-date: /home/mcav/cam_dev_ws/install/pylon_ros2_camera_interfaces/include/pylon_ros2_camera_interfaces/pylon_ros2_camera_interfaces/srv/detail/set_gamma__functions.c\n'}
[1.255467] (pylon_ros2_camera_interfaces) StdoutLine: {'line': b'-- Up-to-date: /home/mcav/cam_dev_ws/install/pylon_ros2_camera_interfaces/include/pylon_ros2_camera_interfaces/pylon_ros2_camera_interfaces/srv/detail/set_exposure__type_support.h\n'}
[1.255786] (pylon_ros2_camera_interfaces) StdoutLine: {'line': b'-- Up-to-date: /home/mcav/cam_dev_ws/install/pylon_ros2_camera_interfaces/include/pylon_ros2_camera_interfaces/pylon_ros2_camera_interfaces/srv/detail/set_float_value__type_support.h\n'}
[1.256030] (pylon_ros2_camera_interfaces) StdoutLine: {'line': b'-- Up-to-date: /home/mcav/cam_dev_ws/install/pylon_ros2_camera_interfaces/include/pylon_ros2_camera_interfaces/pylon_ros2_camera_interfaces/srv/detail/set_white_balance__functions.c\n'}
[1.256276] (pylon_ros2_camera_interfaces) StdoutLine: {'line': b'-- Up-to-date: /home/mcav/cam_dev_ws/install/pylon_ros2_camera_interfaces/include/pylon_ros2_camera_interfaces/pylon_ros2_camera_interfaces/srv/detail/set_roi__struct.h\n'}
[1.256597] (pylon_ros2_camera_interfaces) StdoutLine: {'line': b'-- Up-to-date: /home/mcav/cam_dev_ws/install/pylon_ros2_camera_interfaces/include/pylon_ros2_camera_interfaces/pylon_ros2_camera_interfaces/srv/detail/set_brightness__struct.h\n'}
[1.256932] (pylon_ros2_camera_interfaces) StdoutLine: {'line': b'-- Up-to-date: /home/mcav/cam_dev_ws/install/pylon_ros2_camera_interfaces/include/pylon_ros2_camera_interfaces/pylon_ros2_camera_interfaces/srv/detail/issue_scheduled_action_command__struct.h\n'}
[1.257149] (pylon_ros2_camera_interfaces) StdoutLine: {'line': b'-- Up-to-date: /home/mcav/cam_dev_ws/install/pylon_ros2_camera_interfaces/include/pylon_ros2_camera_interfaces/pylon_ros2_camera_interfaces/srv/detail/get_float_value__functions.h\n'}
[1.257481] (pylon_ros2_camera_interfaces) StdoutLine: {'line': b'-- Up-to-date: /home/mcav/cam_dev_ws/install/pylon_ros2_camera_interfaces/include/pylon_ros2_camera_interfaces/pylon_ros2_camera_interfaces/srv/detail/set_roi__type_support.h\n'}
[1.257821] (pylon_ros2_camera_interfaces) StdoutLine: {'line': b'-- Up-to-date: /home/mcav/cam_dev_ws/install/pylon_ros2_camera_interfaces/include/pylon_ros2_camera_interfaces/pylon_ros2_camera_interfaces/srv/detail/set_gain__functions.c\n'}
[1.258212] (pylon_ros2_camera_interfaces) StdoutLine: {'line': b'-- Up-to-date: /home/mcav/cam_dev_ws/install/pylon_ros2_camera_interfaces/include/pylon_ros2_camera_interfaces/pylon_ros2_camera_interfaces/srv/detail/issue_action_command__struct.h\n'}
[1.258575] (pylon_ros2_camera_interfaces) StdoutLine: {'line': b'-- Up-to-date: /home/mcav/cam_dev_ws/install/pylon_ros2_camera_interfaces/include/pylon_ros2_camera_interfaces/pylon_ros2_camera_interfaces/srv/detail/get_string_value__type_support.h\n'}
[1.258949] (pylon_ros2_camera_interfaces) StdoutLine: {'line': b'-- Up-to-date: /home/mcav/cam_dev_ws/install/pylon_ros2_camera_interfaces/include/pylon_ros2_camera_interfaces/pylon_ros2_camera_interfaces/srv/detail/get_float_value__struct.h\n'}
[1.259310] (pylon_ros2_camera_interfaces) StdoutLine: {'line': b'-- Up-to-date: /home/mcav/cam_dev_ws/install/pylon_ros2_camera_interfaces/include/pylon_ros2_camera_interfaces/pylon_ros2_camera_interfaces/srv/detail/set_exposure__functions.h\n'}
[1.259638] (pylon_ros2_camera_interfaces) StdoutLine: {'line': b'-- Up-to-date: /home/mcav/cam_dev_ws/install/pylon_ros2_camera_interfaces/include/pylon_ros2_camera_interfaces/pylon_ros2_camera_interfaces/srv/detail/get_string_value__struct.h\n'}
[1.259973] (pylon_ros2_camera_interfaces) StdoutLine: {'line': b'-- Up-to-date: /home/mcav/cam_dev_ws/install/pylon_ros2_camera_interfaces/include/pylon_ros2_camera_interfaces/pylon_ros2_camera_interfaces/srv/detail/set_binning__functions.h\n'}
[1.260176] (pylon_ros2_camera_interfaces) StdoutLine: {'line': b'-- Up-to-date: /home/mcav/cam_dev_ws/install/pylon_ros2_camera_interfaces/include/pylon_ros2_camera_interfaces/pylon_ros2_camera_interfaces/srv/detail/get_integer_value__type_support.h\n'}
[1.260428] (pylon_ros2_camera_interfaces) StdoutLine: {'line': b'-- Up-to-date: /home/mcav/cam_dev_ws/install/pylon_ros2_camera_interfaces/include/pylon_ros2_camera_interfaces/pylon_ros2_camera_interfaces/srv/detail/get_ptp_status__type_support.h\n'}
[1.260688] (pylon_ros2_camera_interfaces) StdoutLine: {'line': b'-- Up-to-date: /home/mcav/cam_dev_ws/install/pylon_ros2_camera_interfaces/include/pylon_ros2_camera_interfaces/pylon_ros2_camera_interfaces/srv/detail/set_brightness__functions.h\n'}
[1.260977] (pylon_ros2_camera_interfaces) StdoutLine: {'line': b'-- Up-to-date: /home/mcav/cam_dev_ws/install/pylon_ros2_camera_interfaces/include/pylon_ros2_camera_interfaces/pylon_ros2_camera_interfaces/srv/detail/set_white_balance__type_support.h\n'}
[1.261176] (pylon_ros2_camera_interfaces) StdoutLine: {'line': b'-- Up-to-date: /home/mcav/cam_dev_ws/install/pylon_ros2_camera_interfaces/include/pylon_ros2_camera_interfaces/pylon_ros2_camera_interfaces/srv/detail/set_float_value__struct.h\n'}
[1.261465] (pylon_ros2_camera_interfaces) StdoutLine: {'line': b'-- Up-to-date: /home/mcav/cam_dev_ws/install/pylon_ros2_camera_interfaces/include/pylon_ros2_camera_interfaces/pylon_ros2_camera_interfaces/srv/detail/set_string_value__functions.h\n'}
[1.261579] (pylon_ros2_camera_interfaces) StdoutLine: {'line': b'-- Up-to-date: /home/mcav/cam_dev_ws/install/pylon_ros2_camera_interfaces/include/pylon_ros2_camera_interfaces/pylon_ros2_camera_interfaces/srv/detail/set_roi__functions.c\n'}
[1.261718] (pylon_ros2_camera_interfaces) StdoutLine: {'line': b'-- Up-to-date: /home/mcav/cam_dev_ws/install/pylon_ros2_camera_interfaces/include/pylon_ros2_camera_interfaces/pylon_ros2_camera_interfaces/srv/detail/set_float_value__functions.c\n'}
[1.261892] (pylon_ros2_camera_interfaces) StdoutLine: {'line': b'-- Up-to-date: /home/mcav/cam_dev_ws/install/pylon_ros2_camera_interfaces/include/pylon_ros2_camera_interfaces/pylon_ros2_camera_interfaces/srv/detail/set_gain__struct.h\n'}
[1.262004] (pylon_ros2_camera_interfaces) StdoutLine: {'line': b'-- Up-to-date: /home/mcav/cam_dev_ws/install/pylon_ros2_camera_interfaces/include/pylon_ros2_camera_interfaces/pylon_ros2_camera_interfaces/srv/detail/set_float_value__functions.h\n'}
[1.262155] (pylon_ros2_camera_interfaces) StdoutLine: {'line': b'-- Up-to-date: /home/mcav/cam_dev_ws/install/pylon_ros2_camera_interfaces/include/pylon_ros2_camera_interfaces/pylon_ros2_camera_interfaces/srv/detail/issue_action_command__functions.h\n'}
[1.262264] (pylon_ros2_camera_interfaces) StdoutLine: {'line': b'-- Up-to-date: /home/mcav/cam_dev_ws/install/pylon_ros2_camera_interfaces/include/pylon_ros2_camera_interfaces/pylon_ros2_camera_interfaces/srv/detail/get_integer_value__functions.c\n'}
[1.262372] (pylon_ros2_camera_interfaces) StdoutLine: {'line': b'-- Up-to-date: /home/mcav/cam_dev_ws/install/pylon_ros2_camera_interfaces/include/pylon_ros2_camera_interfaces/pylon_ros2_camera_interfaces/srv/detail/set_brightness__type_support.h\n'}
[1.262480] (pylon_ros2_camera_interfaces) StdoutLine: {'line': b'-- Up-to-date: /home/mcav/cam_dev_ws/install/pylon_ros2_camera_interfaces/include/pylon_ros2_camera_interfaces/pylon_ros2_camera_interfaces/srv/detail/set_string_value__type_support.h\n'}
[1.262617] (pylon_ros2_camera_interfaces) StdoutLine: {'line': b'-- Up-to-date: /home/mcav/cam_dev_ws/install/pylon_ros2_camera_interfaces/include/pylon_ros2_camera_interfaces/pylon_ros2_camera_interfaces/srv/detail/set_binning__functions.c\n'}
[1.262735] (pylon_ros2_camera_interfaces) StdoutLine: {'line': b'-- Up-to-date: /home/mcav/cam_dev_ws/install/pylon_ros2_camera_interfaces/include/pylon_ros2_camera_interfaces/pylon_ros2_camera_interfaces/srv/detail/set_action_trigger_configuration__functions.h\n'}
[1.262844] (pylon_ros2_camera_interfaces) StdoutLine: {'line': b'-- Up-to-date: /home/mcav/cam_dev_ws/install/pylon_ros2_camera_interfaces/include/pylon_ros2_camera_interfaces/pylon_ros2_camera_interfaces/srv/detail/set_roi__functions.h\n'}
[1.262951] (pylon_ros2_camera_interfaces) StdoutLine: {'line': b'-- Up-to-date: /home/mcav/cam_dev_ws/install/pylon_ros2_camera_interfaces/include/pylon_ros2_camera_interfaces/pylon_ros2_camera_interfaces/srv/detail/set_sleeping__struct.h\n'}
[1.263059] (pylon_ros2_camera_interfaces) StdoutLine: {'line': b'-- Up-to-date: /home/mcav/cam_dev_ws/install/pylon_ros2_camera_interfaces/include/pylon_ros2_camera_interfaces/pylon_ros2_camera_interfaces/srv/detail/issue_scheduled_action_command__type_support.h\n'}
[1.263242] (pylon_ros2_camera_interfaces) StdoutLine: {'line': b'-- Up-to-date: /home/mcav/cam_dev_ws/install/pylon_ros2_camera_interfaces/include/pylon_ros2_camera_interfaces/pylon_ros2_camera_interfaces/srv/detail/set_action_trigger_configuration__type_support.h\n'}
[1.263447] (pylon_ros2_camera_interfaces) StdoutLine: {'line': b'-- Up-to-date: /home/mcav/cam_dev_ws/install/pylon_ros2_camera_interfaces/include/pylon_ros2_camera_interfaces/pylon_ros2_camera_interfaces/srv/detail/set_white_balance__functions.h\n'}
[1.263739] (pylon_ros2_camera_interfaces) StdoutLine: {'line': b'-- Up-to-date: /home/mcav/cam_dev_ws/install/pylon_ros2_camera_interfaces/include/pylon_ros2_camera_interfaces/pylon_ros2_camera_interfaces/srv/detail/get_integer_value__functions.h\n'}
[1.264053] (pylon_ros2_camera_interfaces) StdoutLine: {'line': b'-- Up-to-date: /home/mcav/cam_dev_ws/install/pylon_ros2_camera_interfaces/include/pylon_ros2_camera_interfaces/pylon_ros2_camera_interfaces/srv/detail/set_sleeping__type_support.h\n'}
[1.264352] (pylon_ros2_camera_interfaces) StdoutLine: {'line': b'-- Up-to-date: /home/mcav/cam_dev_ws/install/pylon_ros2_camera_interfaces/include/pylon_ros2_camera_interfaces/pylon_ros2_camera_interfaces/srv/detail/set_integer_value__functions.h\n'}
[1.264679] (pylon_ros2_camera_interfaces) StdoutLine: {'line': b'-- Up-to-date: /home/mcav/cam_dev_ws/install/pylon_ros2_camera_interfaces/include/pylon_ros2_camera_interfaces/pylon_ros2_camera_interfaces/srv/detail/set_white_balance__struct.h\n'}
[1.264981] (pylon_ros2_camera_interfaces) StdoutLine: {'line': b'-- Up-to-date: /home/mcav/cam_dev_ws/install/pylon_ros2_camera_interfaces/include/pylon_ros2_camera_interfaces/pylon_ros2_camera_interfaces/srv/detail/set_sleeping__functions.h\n'}
[1.265095] (pylon_ros2_camera_interfaces) StdoutLine: {'line': b'-- Up-to-date: /home/mcav/cam_dev_ws/install/pylon_ros2_camera_interfaces/include/pylon_ros2_camera_interfaces/pylon_ros2_camera_interfaces/srv/detail/set_action_trigger_configuration__struct.h\n'}
[1.265221] (pylon_ros2_camera_interfaces) StdoutLine: {'line': b'-- Up-to-date: /home/mcav/cam_dev_ws/install/pylon_ros2_camera_interfaces/include/pylon_ros2_camera_interfaces/pylon_ros2_camera_interfaces/srv/detail/set_gamma__functions.h\n'}
[1.265395] (pylon_ros2_camera_interfaces) StdoutLine: {'line': b'-- Up-to-date: /home/mcav/cam_dev_ws/install/pylon_ros2_camera_interfaces/include/pylon_ros2_camera_interfaces/pylon_ros2_camera_interfaces/srv/detail/issue_action_command__functions.c\n'}
[1.265504] (pylon_ros2_camera_interfaces) StdoutLine: {'line': b'-- Up-to-date: /home/mcav/cam_dev_ws/install/pylon_ros2_camera_interfaces/include/pylon_ros2_camera_interfaces/pylon_ros2_camera_interfaces/srv/detail/get_ptp_status__functions.h\n'}
[1.265613] (pylon_ros2_camera_interfaces) StdoutLine: {'line': b'-- Up-to-date: /home/mcav/cam_dev_ws/install/pylon_ros2_camera_interfaces/include/pylon_ros2_camera_interfaces/pylon_ros2_camera_interfaces/srv/detail/set_gamma__struct.h\n'}
[1.265721] (pylon_ros2_camera_interfaces) StdoutLine: {'line': b'-- Up-to-date: /home/mcav/cam_dev_ws/install/pylon_ros2_camera_interfaces/include/pylon_ros2_camera_interfaces/pylon_ros2_camera_interfaces/srv/detail/set_gain__type_support.h\n'}
[1.265844] (pylon_ros2_camera_interfaces) StdoutLine: {'line': b'-- Up-to-date: /home/mcav/cam_dev_ws/install/pylon_ros2_camera_interfaces/include/pylon_ros2_camera_interfaces/pylon_ros2_camera_interfaces/srv/detail/set_action_trigger_configuration__functions.c\n'}
[1.265956] (pylon_ros2_camera_interfaces) StdoutLine: {'line': b'-- Up-to-date: /home/mcav/cam_dev_ws/install/pylon_ros2_camera_interfaces/include/pylon_ros2_camera_interfaces/pylon_ros2_camera_interfaces/srv/detail/get_string_value__functions.c\n'}
[1.266090] (pylon_ros2_camera_interfaces) StdoutLine: {'line': b'-- Up-to-date: /home/mcav/cam_dev_ws/install/pylon_ros2_camera_interfaces/include/pylon_ros2_camera_interfaces/pylon_ros2_camera_interfaces/srv/detail/set_brightness__functions.c\n'}
[1.266218] (pylon_ros2_camera_interfaces) StdoutLine: {'line': b'-- Up-to-date: /home/mcav/cam_dev_ws/install/pylon_ros2_camera_interfaces/include/pylon_ros2_camera_interfaces/pylon_ros2_camera_interfaces/srv/detail/get_integer_value__struct.h\n'}
[1.266370] (pylon_ros2_camera_interfaces) StdoutLine: {'line': b'-- Up-to-date: /home/mcav/cam_dev_ws/install/pylon_ros2_camera_interfaces/include/pylon_ros2_camera_interfaces/pylon_ros2_camera_interfaces/srv/detail/get_float_value__type_support.h\n'}
[1.266548] (pylon_ros2_camera_interfaces) StdoutLine: {'line': b'-- Up-to-date: /home/mcav/cam_dev_ws/install/pylon_ros2_camera_interfaces/include/pylon_ros2_camera_interfaces/pylon_ros2_camera_interfaces/srv/detail/set_integer_value__type_support.h\n'}
[1.266698] (pylon_ros2_camera_interfaces) StdoutLine: {'line': b'-- Up-to-date: /home/mcav/cam_dev_ws/install/pylon_ros2_camera_interfaces/include/pylon_ros2_camera_interfaces/pylon_ros2_camera_interfaces/srv/detail/set_binning__type_support.h\n'}
[1.266804] (pylon_ros2_camera_interfaces) StdoutLine: {'line': b'-- Up-to-date: /home/mcav/cam_dev_ws/install/pylon_ros2_camera_interfaces/include/pylon_ros2_camera_interfaces/pylon_ros2_camera_interfaces/srv/detail/set_string_value__struct.h\n'}
[1.266908] (pylon_ros2_camera_interfaces) StdoutLine: {'line': b'-- Up-to-date: /home/mcav/cam_dev_ws/install/pylon_ros2_camera_interfaces/include/pylon_ros2_camera_interfaces/pylon_ros2_camera_interfaces/srv/detail/set_binning__struct.h\n'}
[1.267017] (pylon_ros2_camera_interfaces) StdoutLine: {'line': b'-- Up-to-date: /home/mcav/cam_dev_ws/install/pylon_ros2_camera_interfaces/include/pylon_ros2_camera_interfaces/pylon_ros2_camera_interfaces/srv/detail/set_gain__functions.h\n'}
[1.267122] (pylon_ros2_camera_interfaces) StdoutLine: {'line': b'-- Up-to-date: /home/mcav/cam_dev_ws/install/pylon_ros2_camera_interfaces/include/pylon_ros2_camera_interfaces/pylon_ros2_camera_interfaces/srv/detail/set_integer_value__struct.h\n'}
[1.267392] (pylon_ros2_camera_interfaces) StdoutLine: {'line': b'-- Up-to-date: /home/mcav/cam_dev_ws/install/pylon_ros2_camera_interfaces/include/pylon_ros2_camera_interfaces/pylon_ros2_camera_interfaces/srv/detail/issue_action_command__type_support.h\n'}
[1.267745] (pylon_ros2_camera_interfaces) StdoutLine: {'line': b'-- Up-to-date: /home/mcav/cam_dev_ws/install/pylon_ros2_camera_interfaces/include/pylon_ros2_camera_interfaces/pylon_ros2_camera_interfaces/srv/detail/set_gamma__type_support.h\n'}
[1.268095] (pylon_ros2_camera_interfaces) StdoutLine: {'line': b'-- Up-to-date: /home/mcav/cam_dev_ws/install/pylon_ros2_camera_interfaces/include/pylon_ros2_camera_interfaces/pylon_ros2_camera_interfaces/srv/set_brightness.h\n'}
[1.268495] (pylon_ros2_camera_interfaces) StdoutLine: {'line': b'-- Up-to-date: /home/mcav/cam_dev_ws/install/pylon_ros2_camera_interfaces/include/pylon_ros2_camera_interfaces/pylon_ros2_camera_interfaces/srv/set_gain.h\n'}
[1.268821] (pylon_ros2_camera_interfaces) StdoutLine: {'line': b'-- Up-to-date: /home/mcav/cam_dev_ws/install/pylon_ros2_camera_interfaces/include/pylon_ros2_camera_interfaces/pylon_ros2_camera_interfaces/srv/set_gamma.h\n'}
[1.269170] (pylon_ros2_camera_interfaces) StdoutLine: {'line': b'-- Up-to-date: /home/mcav/cam_dev_ws/install/pylon_ros2_camera_interfaces/include/pylon_ros2_camera_interfaces/pylon_ros2_camera_interfaces/srv/issue_action_command.h\n'}
[1.269287] (pylon_ros2_camera_interfaces) StdoutLine: {'line': b'-- Up-to-date: /home/mcav/cam_dev_ws/install/pylon_ros2_camera_interfaces/include/pylon_ros2_camera_interfaces/pylon_ros2_camera_interfaces/srv/get_ptp_status.h\n'}
[1.269438] (pylon_ros2_camera_interfaces) StdoutLine: {'line': b'-- Up-to-date: /home/mcav/cam_dev_ws/install/pylon_ros2_camera_interfaces/include/pylon_ros2_camera_interfaces/pylon_ros2_camera_interfaces/srv/set_integer_value.h\n'}
[1.269580] (pylon_ros2_camera_interfaces) StdoutLine: {'line': b'-- Up-to-date: /home/mcav/cam_dev_ws/install/pylon_ros2_camera_interfaces/include/pylon_ros2_camera_interfaces/pylon_ros2_camera_interfaces/srv/set_sleeping.h\n'}
[1.269689] (pylon_ros2_camera_interfaces) StdoutLine: {'line': b'-- Up-to-date: /home/mcav/cam_dev_ws/install/pylon_ros2_camera_interfaces/include/pylon_ros2_camera_interfaces/pylon_ros2_camera_interfaces/srv/set_binning.h\n'}
[1.269801] (pylon_ros2_camera_interfaces) StdoutLine: {'line': b'-- Up-to-date: /home/mcav/cam_dev_ws/install/pylon_ros2_camera_interfaces/include/pylon_ros2_camera_interfaces/pylon_ros2_camera_interfaces/srv/get_float_value.h\n'}
[1.269927] (pylon_ros2_camera_interfaces) StdoutLine: {'line': b'-- Up-to-date: /home/mcav/cam_dev_ws/install/pylon_ros2_camera_interfaces/include/pylon_ros2_camera_interfaces/pylon_ros2_camera_interfaces/srv/set_action_trigger_configuration.h\n'}
[1.270045] (pylon_ros2_camera_interfaces) StdoutLine: {'line': b'-- Up-to-date: /home/mcav/cam_dev_ws/install/pylon_ros2_camera_interfaces/include/pylon_ros2_camera_interfaces/pylon_ros2_camera_interfaces/srv/set_white_balance.h\n'}
[1.270172] (pylon_ros2_camera_interfaces) StdoutLine: {'line': b'-- Up-to-date: /home/mcav/cam_dev_ws/install/pylon_ros2_camera_interfaces/include/pylon_ros2_camera_interfaces/pylon_ros2_camera_interfaces/srv/set_string_value.h\n'}
[1.270280] (pylon_ros2_camera_interfaces) StdoutLine: {'line': b'-- Up-to-date: /home/mcav/cam_dev_ws/install/pylon_ros2_camera_interfaces/include/pylon_ros2_camera_interfaces/pylon_ros2_camera_interfaces/srv/set_float_value.h\n'}
[1.270387] (pylon_ros2_camera_interfaces) StdoutLine: {'line': b'-- Up-to-date: /home/mcav/cam_dev_ws/install/pylon_ros2_camera_interfaces/include/pylon_ros2_camera_interfaces/pylon_ros2_camera_interfaces/srv/get_string_value.h\n'}
[1.270510] (pylon_ros2_camera_interfaces) StdoutLine: {'line': b'-- Up-to-date: /home/mcav/cam_dev_ws/install/pylon_ros2_camera_interfaces/include/pylon_ros2_camera_interfaces/pylon_ros2_camera_interfaces/srv/set_roi.h\n'}
[1.270631] (pylon_ros2_camera_interfaces) StdoutLine: {'line': b'-- Up-to-date: /home/mcav/cam_dev_ws/install/pylon_ros2_camera_interfaces/share/pylon_ros2_camera_interfaces/environment/library_path.sh\n'}
[1.270738] (pylon_ros2_camera_interfaces) StdoutLine: {'line': b'-- Up-to-date: /home/mcav/cam_dev_ws/install/pylon_ros2_camera_interfaces/share/pylon_ros2_camera_interfaces/environment/library_path.dsv\n'}
[1.270899] (pylon_ros2_camera_interfaces) StdoutLine: {'line': b'-- Installing: /home/mcav/cam_dev_ws/install/pylon_ros2_camera_interfaces/lib/libpylon_ros2_camera_interfaces__rosidl_generator_c.so\n'}
[1.271005] (pylon_ros2_camera_interfaces) StdoutLine: {'line': b'-- Set non-toolchain portion of runtime path of "/home/mcav/cam_dev_ws/install/pylon_ros2_camera_interfaces/lib/libpylon_ros2_camera_interfaces__rosidl_generator_c.so" to ""\n'}
[1.271205] (pylon_ros2_camera_interfaces) StdoutLine: {'line': b'-- Up-to-date: /home/mcav/cam_dev_ws/install/pylon_ros2_camera_interfaces/include/pylon_ros2_camera_interfaces/pylon_ros2_camera_interfaces\n'}
[1.271313] (pylon_ros2_camera_interfaces) StdoutLine: {'line': b'-- Up-to-date: /home/mcav/cam_dev_ws/install/pylon_ros2_camera_interfaces/include/pylon_ros2_camera_interfaces/pylon_ros2_camera_interfaces/msg\n'}
[1.271418] (pylon_ros2_camera_interfaces) StdoutLine: {'line': b'-- Up-to-date: /home/mcav/cam_dev_ws/install/pylon_ros2_camera_interfaces/include/pylon_ros2_camera_interfaces/pylon_ros2_camera_interfaces/msg/detail\n'}
[1.271522] (pylon_ros2_camera_interfaces) StdoutLine: {'line': b'-- Up-to-date: /home/mcav/cam_dev_ws/install/pylon_ros2_camera_interfaces/include/pylon_ros2_camera_interfaces/pylon_ros2_camera_interfaces/msg/detail/component_status__rosidl_typesupport_fastrtps_c.h\n'}
[1.271626] (pylon_ros2_camera_interfaces) StdoutLine: {'line': b'-- Up-to-date: /home/mcav/cam_dev_ws/install/pylon_ros2_camera_interfaces/include/pylon_ros2_camera_interfaces/pylon_ros2_camera_interfaces/msg/detail/current_params__rosidl_typesupport_fastrtps_c.h\n'}
[1.271731] (pylon_ros2_camera_interfaces) StdoutLine: {'line': b'-- Up-to-date: /home/mcav/cam_dev_ws/install/pylon_ros2_camera_interfaces/include/pylon_ros2_camera_interfaces/pylon_ros2_camera_interfaces/msg/rosidl_typesupport_fastrtps_c__visibility_control.h\n'}
[1.271868] (pylon_ros2_camera_interfaces) StdoutLine: {'line': b'-- Up-to-date: /home/mcav/cam_dev_ws/install/pylon_ros2_camera_interfaces/include/pylon_ros2_camera_interfaces/pylon_ros2_camera_interfaces/action\n'}
[1.272114] (pylon_ros2_camera_interfaces) StdoutLine: {'line': b'-- Up-to-date: /home/mcav/cam_dev_ws/install/pylon_ros2_camera_interfaces/include/pylon_ros2_camera_interfaces/pylon_ros2_camera_interfaces/action/detail\n'}
[1.272345] (pylon_ros2_camera_interfaces) StdoutLine: {'line': b'-- Up-to-date: /home/mcav/cam_dev_ws/install/pylon_ros2_camera_interfaces/include/pylon_ros2_camera_interfaces/pylon_ros2_camera_interfaces/action/detail/grab_blaze_data__rosidl_typesupport_fastrtps_c.h\n'}
[1.272495] (pylon_ros2_camera_interfaces) StdoutLine: {'line': b'-- Up-to-date: /home/mcav/cam_dev_ws/install/pylon_ros2_camera_interfaces/include/pylon_ros2_camera_interfaces/pylon_ros2_camera_interfaces/action/detail/grab_images__rosidl_typesupport_fastrtps_c.h\n'}
[1.272652] (pylon_ros2_camera_interfaces) StdoutLine: {'line': b'-- Up-to-date: /home/mcav/cam_dev_ws/install/pylon_ros2_camera_interfaces/include/pylon_ros2_camera_interfaces/pylon_ros2_camera_interfaces/srv\n'}
[1.272788] (pylon_ros2_camera_interfaces) StdoutLine: {'line': b'-- Up-to-date: /home/mcav/cam_dev_ws/install/pylon_ros2_camera_interfaces/include/pylon_ros2_camera_interfaces/pylon_ros2_camera_interfaces/srv/detail\n'}
[1.272898] (pylon_ros2_camera_interfaces) StdoutLine: {'line': b'-- Up-to-date: /home/mcav/cam_dev_ws/install/pylon_ros2_camera_interfaces/include/pylon_ros2_camera_interfaces/pylon_ros2_camera_interfaces/srv/detail/set_white_balance__rosidl_typesupport_fastrtps_c.h\n'}
[1.273300] (pylon_ros2_camera_interfaces) StdoutLine: {'line': b'-- Up-to-date: /home/mcav/cam_dev_ws/install/pylon_ros2_camera_interfaces/include/pylon_ros2_camera_interfaces/pylon_ros2_camera_interfaces/srv/detail/issue_action_command__rosidl_typesupport_fastrtps_c.h\n'}
[1.273601] (pylon_ros2_camera_interfaces) StdoutLine: {'line': b'-- Up-to-date: /home/mcav/cam_dev_ws/install/pylon_ros2_camera_interfaces/include/pylon_ros2_camera_interfaces/pylon_ros2_camera_interfaces/srv/detail/issue_scheduled_action_command__rosidl_typesupport_fastrtps_c.h\n'}
[1.273710] (pylon_ros2_camera_interfaces) StdoutLine: {'line': b'-- Up-to-date: /home/mcav/cam_dev_ws/install/pylon_ros2_camera_interfaces/include/pylon_ros2_camera_interfaces/pylon_ros2_camera_interfaces/srv/detail/get_ptp_status__rosidl_typesupport_fastrtps_c.h\n'}
[1.273838] (pylon_ros2_camera_interfaces) StdoutLine: {'line': b'-- Up-to-date: /home/mcav/cam_dev_ws/install/pylon_ros2_camera_interfaces/include/pylon_ros2_camera_interfaces/pylon_ros2_camera_interfaces/srv/detail/set_sleeping__rosidl_typesupport_fastrtps_c.h\n'}
[1.273952] (pylon_ros2_camera_interfaces) StdoutLine: {'line': b'-- Up-to-date: /home/mcav/cam_dev_ws/install/pylon_ros2_camera_interfaces/include/pylon_ros2_camera_interfaces/pylon_ros2_camera_interfaces/srv/detail/set_gain__rosidl_typesupport_fastrtps_c.h\n'}
[1.274150] (pylon_ros2_camera_interfaces) StdoutLine: {'line': b'-- Up-to-date: /home/mcav/cam_dev_ws/install/pylon_ros2_camera_interfaces/include/pylon_ros2_camera_interfaces/pylon_ros2_camera_interfaces/srv/detail/set_gamma__rosidl_typesupport_fastrtps_c.h\n'}
[1.274274] (pylon_ros2_camera_interfaces) StdoutLine: {'line': b'-- Up-to-date: /home/mcav/cam_dev_ws/install/pylon_ros2_camera_interfaces/include/pylon_ros2_camera_interfaces/pylon_ros2_camera_interfaces/srv/detail/set_float_value__rosidl_typesupport_fastrtps_c.h\n'}
[1.274382] (pylon_ros2_camera_interfaces) StdoutLine: {'line': b'-- Up-to-date: /home/mcav/cam_dev_ws/install/pylon_ros2_camera_interfaces/include/pylon_ros2_camera_interfaces/pylon_ros2_camera_interfaces/srv/detail/set_binning__rosidl_typesupport_fastrtps_c.h\n'}
[1.274583] (pylon_ros2_camera_interfaces) StdoutLine: {'line': b'-- Up-to-date: /home/mcav/cam_dev_ws/install/pylon_ros2_camera_interfaces/include/pylon_ros2_camera_interfaces/pylon_ros2_camera_interfaces/srv/detail/set_integer_value__rosidl_typesupport_fastrtps_c.h\n'}
[1.274946] (pylon_ros2_camera_interfaces) StdoutLine: {'line': b'-- Up-to-date: /home/mcav/cam_dev_ws/install/pylon_ros2_camera_interfaces/include/pylon_ros2_camera_interfaces/pylon_ros2_camera_interfaces/srv/detail/set_action_trigger_configuration__rosidl_typesupport_fastrtps_c.h\n'}
[1.275347] (pylon_ros2_camera_interfaces) StdoutLine: {'line': b'-- Up-to-date: /home/mcav/cam_dev_ws/install/pylon_ros2_camera_interfaces/include/pylon_ros2_camera_interfaces/pylon_ros2_camera_interfaces/srv/detail/set_exposure__rosidl_typesupport_fastrtps_c.h\n'}
[1.275803] (pylon_ros2_camera_interfaces) StdoutLine: {'line': b'-- Up-to-date: /home/mcav/cam_dev_ws/install/pylon_ros2_camera_interfaces/include/pylon_ros2_camera_interfaces/pylon_ros2_camera_interfaces/srv/detail/set_brightness__rosidl_typesupport_fastrtps_c.h\n'}
[1.275975] (pylon_ros2_camera_interfaces) StdoutLine: {'line': b'-- Up-to-date: /home/mcav/cam_dev_ws/install/pylon_ros2_camera_interfaces/include/pylon_ros2_camera_interfaces/pylon_ros2_camera_interfaces/srv/detail/get_float_value__rosidl_typesupport_fastrtps_c.h\n'}
[1.276088] (pylon_ros2_camera_interfaces) StdoutLine: {'line': b'-- Up-to-date: /home/mcav/cam_dev_ws/install/pylon_ros2_camera_interfaces/include/pylon_ros2_camera_interfaces/pylon_ros2_camera_interfaces/srv/detail/get_integer_value__rosidl_typesupport_fastrtps_c.h\n'}
[1.276200] (pylon_ros2_camera_interfaces) StdoutLine: {'line': b'-- Up-to-date: /home/mcav/cam_dev_ws/install/pylon_ros2_camera_interfaces/include/pylon_ros2_camera_interfaces/pylon_ros2_camera_interfaces/srv/detail/set_roi__rosidl_typesupport_fastrtps_c.h\n'}
[1.276328] (pylon_ros2_camera_interfaces) StdoutLine: {'line': b'-- Up-to-date: /home/mcav/cam_dev_ws/install/pylon_ros2_camera_interfaces/include/pylon_ros2_camera_interfaces/pylon_ros2_camera_interfaces/srv/detail/get_string_value__rosidl_typesupport_fastrtps_c.h\n'}
[1.276523] (pylon_ros2_camera_interfaces) StdoutLine: {'line': b'-- Up-to-date: /home/mcav/cam_dev_ws/install/pylon_ros2_camera_interfaces/include/pylon_ros2_camera_interfaces/pylon_ros2_camera_interfaces/srv/detail/set_string_value__rosidl_typesupport_fastrtps_c.h\n'}
[1.276645] (pylon_ros2_camera_interfaces) StdoutLine: {'line': b'-- Installing: /home/mcav/cam_dev_ws/install/pylon_ros2_camera_interfaces/lib/libpylon_ros2_camera_interfaces__rosidl_typesupport_fastrtps_c.so\n'}
[1.276752] (pylon_ros2_camera_interfaces) StdoutLine: {'line': b'-- Set non-toolchain portion of runtime path of "/home/mcav/cam_dev_ws/install/pylon_ros2_camera_interfaces/lib/libpylon_ros2_camera_interfaces__rosidl_typesupport_fastrtps_c.so" to ""\n'}
[1.276926] (pylon_ros2_camera_interfaces) StdoutLine: {'line': b'-- Up-to-date: /home/mcav/cam_dev_ws/install/pylon_ros2_camera_interfaces/include/pylon_ros2_camera_interfaces/pylon_ros2_camera_interfaces\n'}
[1.277034] (pylon_ros2_camera_interfaces) StdoutLine: {'line': b'-- Up-to-date: /home/mcav/cam_dev_ws/install/pylon_ros2_camera_interfaces/include/pylon_ros2_camera_interfaces/pylon_ros2_camera_interfaces/msg\n'}
[1.277170] (pylon_ros2_camera_interfaces) StdoutLine: {'line': b'-- Up-to-date: /home/mcav/cam_dev_ws/install/pylon_ros2_camera_interfaces/include/pylon_ros2_camera_interfaces/pylon_ros2_camera_interfaces/msg/current_params.hpp\n'}
[1.277277] (pylon_ros2_camera_interfaces) StdoutLine: {'line': b'-- Up-to-date: /home/mcav/cam_dev_ws/install/pylon_ros2_camera_interfaces/include/pylon_ros2_camera_interfaces/pylon_ros2_camera_interfaces/msg/detail\n'}
[1.277385] (pylon_ros2_camera_interfaces) StdoutLine: {'line': b'-- Up-to-date: /home/mcav/cam_dev_ws/install/pylon_ros2_camera_interfaces/include/pylon_ros2_camera_interfaces/pylon_ros2_camera_interfaces/msg/detail/current_params__builder.hpp\n'}
[1.277508] (pylon_ros2_camera_interfaces) StdoutLine: {'line': b'-- Up-to-date: /home/mcav/cam_dev_ws/install/pylon_ros2_camera_interfaces/include/pylon_ros2_camera_interfaces/pylon_ros2_camera_interfaces/msg/detail/component_status__traits.hpp\n'}
[1.277657] (pylon_ros2_camera_interfaces) StdoutLine: {'line': b'-- Up-to-date: /home/mcav/cam_dev_ws/install/pylon_ros2_camera_interfaces/include/pylon_ros2_camera_interfaces/pylon_ros2_camera_interfaces/msg/detail/current_params__struct.hpp\n'}
[1.277769] (pylon_ros2_camera_interfaces) StdoutLine: {'line': b'-- Up-to-date: /home/mcav/cam_dev_ws/install/pylon_ros2_camera_interfaces/include/pylon_ros2_camera_interfaces/pylon_ros2_camera_interfaces/msg/detail/component_status__type_support.hpp\n'}
[1.277875] (pylon_ros2_camera_interfaces) StdoutLine: {'line': b'-- Up-to-date: /home/mcav/cam_dev_ws/install/pylon_ros2_camera_interfaces/include/pylon_ros2_camera_interfaces/pylon_ros2_camera_interfaces/msg/detail/current_params__traits.hpp\n'}
[1.277982] (pylon_ros2_camera_interfaces) StdoutLine: {'line': b'-- Up-to-date: /home/mcav/cam_dev_ws/install/pylon_ros2_camera_interfaces/include/pylon_ros2_camera_interfaces/pylon_ros2_camera_interfaces/msg/detail/component_status__builder.hpp\n'}
[1.278100] (pylon_ros2_camera_interfaces) StdoutLine: {'line': b'-- Up-to-date: /home/mcav/cam_dev_ws/install/pylon_ros2_camera_interfaces/include/pylon_ros2_camera_interfaces/pylon_ros2_camera_interfaces/msg/detail/current_params__type_support.hpp\n'}
[1.278194] (pylon_ros2_camera_interfaces) StdoutLine: {'line': b'-- Up-to-date: /home/mcav/cam_dev_ws/install/pylon_ros2_camera_interfaces/include/pylon_ros2_camera_interfaces/pylon_ros2_camera_interfaces/msg/detail/component_status__struct.hpp\n'}
[1.278258] (pylon_ros2_camera_interfaces) StdoutLine: {'line': b'-- Up-to-date: /home/mcav/cam_dev_ws/install/pylon_ros2_camera_interfaces/include/pylon_ros2_camera_interfaces/pylon_ros2_camera_interfaces/msg/component_status.hpp\n'}
[1.278321] (pylon_ros2_camera_interfaces) StdoutLine: {'line': b'-- Up-to-date: /home/mcav/cam_dev_ws/install/pylon_ros2_camera_interfaces/include/pylon_ros2_camera_interfaces/pylon_ros2_camera_interfaces/msg/rosidl_generator_cpp__visibility_control.hpp\n'}
[1.278384] (pylon_ros2_camera_interfaces) StdoutLine: {'line': b'-- Up-to-date: /home/mcav/cam_dev_ws/install/pylon_ros2_camera_interfaces/include/pylon_ros2_camera_interfaces/pylon_ros2_camera_interfaces/action\n'}
[1.278446] (pylon_ros2_camera_interfaces) StdoutLine: {'line': b'-- Up-to-date: /home/mcav/cam_dev_ws/install/pylon_ros2_camera_interfaces/include/pylon_ros2_camera_interfaces/pylon_ros2_camera_interfaces/action/grab_images.hpp\n'}
[1.278508] (pylon_ros2_camera_interfaces) StdoutLine: {'line': b'-- Up-to-date: /home/mcav/cam_dev_ws/install/pylon_ros2_camera_interfaces/include/pylon_ros2_camera_interfaces/pylon_ros2_camera_interfaces/action/detail\n'}
[1.278570] (pylon_ros2_camera_interfaces) StdoutLine: {'line': b'-- Up-to-date: /home/mcav/cam_dev_ws/install/pylon_ros2_camera_interfaces/include/pylon_ros2_camera_interfaces/pylon_ros2_camera_interfaces/action/detail/grab_blaze_data__type_support.hpp\n'}
[1.278632] (pylon_ros2_camera_interfaces) StdoutLine: {'line': b'-- Up-to-date: /home/mcav/cam_dev_ws/install/pylon_ros2_camera_interfaces/include/pylon_ros2_camera_interfaces/pylon_ros2_camera_interfaces/action/detail/grab_images__type_support.hpp\n'}
[1.278694] (pylon_ros2_camera_interfaces) StdoutLine: {'line': b'-- Up-to-date: /home/mcav/cam_dev_ws/install/pylon_ros2_camera_interfaces/include/pylon_ros2_camera_interfaces/pylon_ros2_camera_interfaces/action/detail/grab_blaze_data__struct.hpp\n'}
[1.278756] (pylon_ros2_camera_interfaces) StdoutLine: {'line': b'-- Up-to-date: /home/mcav/cam_dev_ws/install/pylon_ros2_camera_interfaces/include/pylon_ros2_camera_interfaces/pylon_ros2_camera_interfaces/action/detail/grab_images__traits.hpp\n'}
[1.278818] (pylon_ros2_camera_interfaces) StdoutLine: {'line': b'-- Up-to-date: /home/mcav/cam_dev_ws/install/pylon_ros2_camera_interfaces/include/pylon_ros2_camera_interfaces/pylon_ros2_camera_interfaces/action/detail/grab_blaze_data__traits.hpp\n'}
[1.278880] (pylon_ros2_camera_interfaces) StdoutLine: {'line': b'-- Up-to-date: /home/mcav/cam_dev_ws/install/pylon_ros2_camera_interfaces/include/pylon_ros2_camera_interfaces/pylon_ros2_camera_interfaces/action/detail/grab_images__builder.hpp\n'}
[1.278946] (pylon_ros2_camera_interfaces) StdoutLine: {'line': b'-- Up-to-date: /home/mcav/cam_dev_ws/install/pylon_ros2_camera_interfaces/include/pylon_ros2_camera_interfaces/pylon_ros2_camera_interfaces/action/detail/grab_blaze_data__builder.hpp\n'}
[1.279008] (pylon_ros2_camera_interfaces) StdoutLine: {'line': b'-- Up-to-date: /home/mcav/cam_dev_ws/install/pylon_ros2_camera_interfaces/include/pylon_ros2_camera_interfaces/pylon_ros2_camera_interfaces/action/detail/grab_images__struct.hpp\n'}
[1.279070] (pylon_ros2_camera_interfaces) StdoutLine: {'line': b'-- Up-to-date: /home/mcav/cam_dev_ws/install/pylon_ros2_camera_interfaces/include/pylon_ros2_camera_interfaces/pylon_ros2_camera_interfaces/action/grab_blaze_data.hpp\n'}
[1.279133] (pylon_ros2_camera_interfaces) StdoutLine: {'line': b'-- Up-to-date: /home/mcav/cam_dev_ws/install/pylon_ros2_camera_interfaces/include/pylon_ros2_camera_interfaces/pylon_ros2_camera_interfaces/srv\n'}
[1.279194] (pylon_ros2_camera_interfaces) StdoutLine: {'line': b'-- Up-to-date: /home/mcav/cam_dev_ws/install/pylon_ros2_camera_interfaces/include/pylon_ros2_camera_interfaces/pylon_ros2_camera_interfaces/srv/set_brightness.hpp\n'}
[1.279256] (pylon_ros2_camera_interfaces) StdoutLine: {'line': b'-- Up-to-date: /home/mcav/cam_dev_ws/install/pylon_ros2_camera_interfaces/include/pylon_ros2_camera_interfaces/pylon_ros2_camera_interfaces/srv/set_gamma.hpp\n'}
[1.279318] (pylon_ros2_camera_interfaces) StdoutLine: {'line': b'-- Up-to-date: /home/mcav/cam_dev_ws/install/pylon_ros2_camera_interfaces/include/pylon_ros2_camera_interfaces/pylon_ros2_camera_interfaces/srv/set_integer_value.hpp\n'}
[1.279380] (pylon_ros2_camera_interfaces) StdoutLine: {'line': b'-- Up-to-date: /home/mcav/cam_dev_ws/install/pylon_ros2_camera_interfaces/include/pylon_ros2_camera_interfaces/pylon_ros2_camera_interfaces/srv/get_string_value.hpp\n'}
[1.279442] (pylon_ros2_camera_interfaces) StdoutLine: {'line': b'-- Up-to-date: /home/mcav/cam_dev_ws/install/pylon_ros2_camera_interfaces/include/pylon_ros2_camera_interfaces/pylon_ros2_camera_interfaces/srv/get_integer_value.hpp\n'}
[1.279504] (pylon_ros2_camera_interfaces) StdoutLine: {'line': b'-- Up-to-date: /home/mcav/cam_dev_ws/install/pylon_ros2_camera_interfaces/include/pylon_ros2_camera_interfaces/pylon_ros2_camera_interfaces/srv/issue_scheduled_action_command.hpp\n'}
[1.279565] (pylon_ros2_camera_interfaces) StdoutLine: {'line': b'-- Up-to-date: /home/mcav/cam_dev_ws/install/pylon_ros2_camera_interfaces/include/pylon_ros2_camera_interfaces/pylon_ros2_camera_interfaces/srv/set_float_value.hpp\n'}
[1.279630] (pylon_ros2_camera_interfaces) StdoutLine: {'line': b'-- Up-to-date: /home/mcav/cam_dev_ws/install/pylon_ros2_camera_interfaces/include/pylon_ros2_camera_interfaces/pylon_ros2_camera_interfaces/srv/set_exposure.hpp\n'}
[1.279700] (pylon_ros2_camera_interfaces) StdoutLine: {'line': b'-- Up-to-date: /home/mcav/cam_dev_ws/install/pylon_ros2_camera_interfaces/include/pylon_ros2_camera_interfaces/pylon_ros2_camera_interfaces/srv/detail\n'}
[1.279762] (pylon_ros2_camera_interfaces) StdoutLine: {'line': b'-- Up-to-date: /home/mcav/cam_dev_ws/install/pylon_ros2_camera_interfaces/include/pylon_ros2_camera_interfaces/pylon_ros2_camera_interfaces/srv/detail/set_gamma__builder.hpp\n'}
[1.279823] (pylon_ros2_camera_interfaces) StdoutLine: {'line': b'-- Up-to-date: /home/mcav/cam_dev_ws/install/pylon_ros2_camera_interfaces/include/pylon_ros2_camera_interfaces/pylon_ros2_camera_interfaces/srv/detail/set_action_trigger_configuration__type_support.hpp\n'}
[1.279885] (pylon_ros2_camera_interfaces) StdoutLine: {'line': b'-- Up-to-date: /home/mcav/cam_dev_ws/install/pylon_ros2_camera_interfaces/include/pylon_ros2_camera_interfaces/pylon_ros2_camera_interfaces/srv/detail/set_float_value__struct.hpp\n'}
[1.279947] (pylon_ros2_camera_interfaces) StdoutLine: {'line': b'-- Up-to-date: /home/mcav/cam_dev_ws/install/pylon_ros2_camera_interfaces/include/pylon_ros2_camera_interfaces/pylon_ros2_camera_interfaces/srv/detail/set_binning__type_support.hpp\n'}
[1.280008] (pylon_ros2_camera_interfaces) StdoutLine: {'line': b'-- Up-to-date: /home/mcav/cam_dev_ws/install/pylon_ros2_camera_interfaces/include/pylon_ros2_camera_interfaces/pylon_ros2_camera_interfaces/srv/detail/set_sleeping__traits.hpp\n'}
[1.280075] (pylon_ros2_camera_interfaces) StdoutLine: {'line': b'-- Up-to-date: /home/mcav/cam_dev_ws/install/pylon_ros2_camera_interfaces/include/pylon_ros2_camera_interfaces/pylon_ros2_camera_interfaces/srv/detail/set_string_value__struct.hpp\n'}
[1.280137] (pylon_ros2_camera_interfaces) StdoutLine: {'line': b'-- Up-to-date: /home/mcav/cam_dev_ws/install/pylon_ros2_camera_interfaces/include/pylon_ros2_camera_interfaces/pylon_ros2_camera_interfaces/srv/detail/set_binning__struct.hpp\n'}
[1.280199] (pylon_ros2_camera_interfaces) StdoutLine: {'line': b'-- Up-to-date: /home/mcav/cam_dev_ws/install/pylon_ros2_camera_interfaces/include/pylon_ros2_camera_interfaces/pylon_ros2_camera_interfaces/srv/detail/set_white_balance__type_support.hpp\n'}
[1.280261] (pylon_ros2_camera_interfaces) StdoutLine: {'line': b'-- Up-to-date: /home/mcav/cam_dev_ws/install/pylon_ros2_camera_interfaces/include/pylon_ros2_camera_interfaces/pylon_ros2_camera_interfaces/srv/detail/set_sleeping__builder.hpp\n'}
[1.280323] (pylon_ros2_camera_interfaces) StdoutLine: {'line': b'-- Up-to-date: /home/mcav/cam_dev_ws/install/pylon_ros2_camera_interfaces/include/pylon_ros2_camera_interfaces/pylon_ros2_camera_interfaces/srv/detail/get_string_value__builder.hpp\n'}
[1.280385] (pylon_ros2_camera_interfaces) StdoutLine: {'line': b'-- Up-to-date: /home/mcav/cam_dev_ws/install/pylon_ros2_camera_interfaces/include/pylon_ros2_camera_interfaces/pylon_ros2_camera_interfaces/srv/detail/get_ptp_status__builder.hpp\n'}
[1.280447] (pylon_ros2_camera_interfaces) StdoutLine: {'line': b'-- Up-to-date: /home/mcav/cam_dev_ws/install/pylon_ros2_camera_interfaces/include/pylon_ros2_camera_interfaces/pylon_ros2_camera_interfaces/srv/detail/issue_action_command__builder.hpp\n'}
[1.280509] (pylon_ros2_camera_interfaces) StdoutLine: {'line': b'-- Up-to-date: /home/mcav/cam_dev_ws/install/pylon_ros2_camera_interfaces/include/pylon_ros2_camera_interfaces/pylon_ros2_camera_interfaces/srv/detail/set_white_balance__traits.hpp\n'}
[1.280571] (pylon_ros2_camera_interfaces) StdoutLine: {'line': b'-- Up-to-date: /home/mcav/cam_dev_ws/install/pylon_ros2_camera_interfaces/include/pylon_ros2_camera_interfaces/pylon_ros2_camera_interfaces/srv/detail/set_float_value__builder.hpp\n'}
[1.280633] (pylon_ros2_camera_interfaces) StdoutLine: {'line': b'-- Up-to-date: /home/mcav/cam_dev_ws/install/pylon_ros2_camera_interfaces/include/pylon_ros2_camera_interfaces/pylon_ros2_camera_interfaces/srv/detail/issue_action_command__traits.hpp\n'}
[1.280695] (pylon_ros2_camera_interfaces) StdoutLine: {'line': b'-- Up-to-date: /home/mcav/cam_dev_ws/install/pylon_ros2_camera_interfaces/include/pylon_ros2_camera_interfaces/pylon_ros2_camera_interfaces/srv/detail/set_exposure__traits.hpp\n'}
[1.280757] (pylon_ros2_camera_interfaces) StdoutLine: {'line': b'-- Up-to-date: /home/mcav/cam_dev_ws/install/pylon_ros2_camera_interfaces/include/pylon_ros2_camera_interfaces/pylon_ros2_camera_interfaces/srv/detail/get_ptp_status__type_support.hpp\n'}
[1.280819] (pylon_ros2_camera_interfaces) StdoutLine: {'line': b'-- Up-to-date: /home/mcav/cam_dev_ws/install/pylon_ros2_camera_interfaces/include/pylon_ros2_camera_interfaces/pylon_ros2_camera_interfaces/srv/detail/get_integer_value__type_support.hpp\n'}
[1.280881] (pylon_ros2_camera_interfaces) StdoutLine: {'line': b'-- Up-to-date: /home/mcav/cam_dev_ws/install/pylon_ros2_camera_interfaces/include/pylon_ros2_camera_interfaces/pylon_ros2_camera_interfaces/srv/detail/set_integer_value__builder.hpp\n'}
[1.280943] (pylon_ros2_camera_interfaces) StdoutLine: {'line': b'-- Up-to-date: /home/mcav/cam_dev_ws/install/pylon_ros2_camera_interfaces/include/pylon_ros2_camera_interfaces/pylon_ros2_camera_interfaces/srv/detail/get_ptp_status__struct.hpp\n'}
[1.281008] (pylon_ros2_camera_interfaces) StdoutLine: {'line': b'-- Up-to-date: /home/mcav/cam_dev_ws/install/pylon_ros2_camera_interfaces/include/pylon_ros2_camera_interfaces/pylon_ros2_camera_interfaces/srv/detail/get_float_value__type_support.hpp\n'}
[1.281074] (pylon_ros2_camera_interfaces) StdoutLine: {'line': b'-- Up-to-date: /home/mcav/cam_dev_ws/install/pylon_ros2_camera_interfaces/include/pylon_ros2_camera_interfaces/pylon_ros2_camera_interfaces/srv/detail/set_sleeping__struct.hpp\n'}
[1.281144] (pylon_ros2_camera_interfaces) StdoutLine: {'line': b'-- Up-to-date: /home/mcav/cam_dev_ws/install/pylon_ros2_camera_interfaces/include/pylon_ros2_camera_interfaces/pylon_ros2_camera_interfaces/srv/detail/get_string_value__struct.hpp\n'}
[1.281206] (pylon_ros2_camera_interfaces) StdoutLine: {'line': b'-- Up-to-date: /home/mcav/cam_dev_ws/install/pylon_ros2_camera_interfaces/include/pylon_ros2_camera_interfaces/pylon_ros2_camera_interfaces/srv/detail/set_brightness__traits.hpp\n'}
[1.281269] (pylon_ros2_camera_interfaces) StdoutLine: {'line': b'-- Up-to-date: /home/mcav/cam_dev_ws/install/pylon_ros2_camera_interfaces/include/pylon_ros2_camera_interfaces/pylon_ros2_camera_interfaces/srv/detail/set_gain__traits.hpp\n'}
[1.281330] (pylon_ros2_camera_interfaces) StdoutLine: {'line': b'-- Up-to-date: /home/mcav/cam_dev_ws/install/pylon_ros2_camera_interfaces/include/pylon_ros2_camera_interfaces/pylon_ros2_camera_interfaces/srv/detail/set_integer_value__type_support.hpp\n'}
[1.281393] (pylon_ros2_camera_interfaces) StdoutLine: {'line': b'-- Up-to-date: /home/mcav/cam_dev_ws/install/pylon_ros2_camera_interfaces/include/pylon_ros2_camera_interfaces/pylon_ros2_camera_interfaces/srv/detail/set_brightness__builder.hpp\n'}
[1.281455] (pylon_ros2_camera_interfaces) StdoutLine: {'line': b'-- Up-to-date: /home/mcav/cam_dev_ws/install/pylon_ros2_camera_interfaces/include/pylon_ros2_camera_interfaces/pylon_ros2_camera_interfaces/srv/detail/issue_scheduled_action_command__builder.hpp\n'}
[1.281518] (pylon_ros2_camera_interfaces) StdoutLine: {'line': b'-- Up-to-date: /home/mcav/cam_dev_ws/install/pylon_ros2_camera_interfaces/include/pylon_ros2_camera_interfaces/pylon_ros2_camera_interfaces/srv/detail/set_exposure__type_support.hpp\n'}
[1.281579] (pylon_ros2_camera_interfaces) StdoutLine: {'line': b'-- Up-to-date: /home/mcav/cam_dev_ws/install/pylon_ros2_camera_interfaces/include/pylon_ros2_camera_interfaces/pylon_ros2_camera_interfaces/srv/detail/set_string_value__type_support.hpp\n'}
[1.281641] (pylon_ros2_camera_interfaces) StdoutLine: {'line': b'-- Up-to-date: /home/mcav/cam_dev_ws/install/pylon_ros2_camera_interfaces/include/pylon_ros2_camera_interfaces/pylon_ros2_camera_interfaces/srv/detail/get_ptp_status__traits.hpp\n'}
[1.281703] (pylon_ros2_camera_interfaces) StdoutLine: {'line': b'-- Up-to-date: /home/mcav/cam_dev_ws/install/pylon_ros2_camera_interfaces/include/pylon_ros2_camera_interfaces/pylon_ros2_camera_interfaces/srv/detail/get_float_value__builder.hpp\n'}
[1.281765] (pylon_ros2_camera_interfaces) StdoutLine: {'line': b'-- Up-to-date: /home/mcav/cam_dev_ws/install/pylon_ros2_camera_interfaces/include/pylon_ros2_camera_interfaces/pylon_ros2_camera_interfaces/srv/detail/set_brightness__struct.hpp\n'}
[1.281827] (pylon_ros2_camera_interfaces) StdoutLine: {'line': b'-- Up-to-date: /home/mcav/cam_dev_ws/install/pylon_ros2_camera_interfaces/include/pylon_ros2_camera_interfaces/pylon_ros2_camera_interfaces/srv/detail/issue_action_command__type_support.hpp\n'}
[1.281890] (pylon_ros2_camera_interfaces) StdoutLine: {'line': b'-- Up-to-date: /home/mcav/cam_dev_ws/install/pylon_ros2_camera_interfaces/include/pylon_ros2_camera_interfaces/pylon_ros2_camera_interfaces/srv/detail/get_string_value__traits.hpp\n'}
[1.281952] (pylon_ros2_camera_interfaces) StdoutLine: {'line': b'-- Up-to-date: /home/mcav/cam_dev_ws/install/pylon_ros2_camera_interfaces/include/pylon_ros2_camera_interfaces/pylon_ros2_camera_interfaces/srv/detail/set_gain__struct.hpp\n'}
[1.282013] (pylon_ros2_camera_interfaces) StdoutLine: {'line': b'-- Up-to-date: /home/mcav/cam_dev_ws/install/pylon_ros2_camera_interfaces/include/pylon_ros2_camera_interfaces/pylon_ros2_camera_interfaces/srv/detail/set_binning__traits.hpp\n'}
[1.282150] (pylon_ros2_camera_interfaces) StdoutLine: {'line': b'-- Up-to-date: /home/mcav/cam_dev_ws/install/pylon_ros2_camera_interfaces/include/pylon_ros2_camera_interfaces/pylon_ros2_camera_interfaces/srv/detail/set_integer_value__struct.hpp\n'}
[1.282230] (pylon_ros2_camera_interfaces) StdoutLine: {'line': b'-- Up-to-date: /home/mcav/cam_dev_ws/install/pylon_ros2_camera_interfaces/include/pylon_ros2_camera_interfaces/pylon_ros2_camera_interfaces/srv/detail/set_roi__traits.hpp\n'}
[1.282292] (pylon_ros2_camera_interfaces) StdoutLine: {'line': b'-- Up-to-date: /home/mcav/cam_dev_ws/install/pylon_ros2_camera_interfaces/include/pylon_ros2_camera_interfaces/pylon_ros2_camera_interfaces/srv/detail/set_white_balance__struct.hpp\n'}
[1.282355] (pylon_ros2_camera_interfaces) StdoutLine: {'line': b'-- Up-to-date: /home/mcav/cam_dev_ws/install/pylon_ros2_camera_interfaces/include/pylon_ros2_camera_interfaces/pylon_ros2_camera_interfaces/srv/detail/get_integer_value__struct.hpp\n'}
[1.282419] (pylon_ros2_camera_interfaces) StdoutLine: {'line': b'-- Up-to-date: /home/mcav/cam_dev_ws/install/pylon_ros2_camera_interfaces/include/pylon_ros2_camera_interfaces/pylon_ros2_camera_interfaces/srv/detail/get_float_value__traits.hpp\n'}
[1.282486] (pylon_ros2_camera_interfaces) StdoutLine: {'line': b'-- Up-to-date: /home/mcav/cam_dev_ws/install/pylon_ros2_camera_interfaces/include/pylon_ros2_camera_interfaces/pylon_ros2_camera_interfaces/srv/detail/get_integer_value__builder.hpp\n'}
[1.282550] (pylon_ros2_camera_interfaces) StdoutLine: {'line': b'-- Up-to-date: /home/mcav/cam_dev_ws/install/pylon_ros2_camera_interfaces/include/pylon_ros2_camera_interfaces/pylon_ros2_camera_interfaces/srv/detail/get_float_value__struct.hpp\n'}
[1.282612] (pylon_ros2_camera_interfaces) StdoutLine: {'line': b'-- Up-to-date: /home/mcav/cam_dev_ws/install/pylon_ros2_camera_interfaces/include/pylon_ros2_camera_interfaces/pylon_ros2_camera_interfaces/srv/detail/issue_action_command__struct.hpp\n'}
[1.282682] (pylon_ros2_camera_interfaces) StdoutLine: {'line': b'-- Up-to-date: /home/mcav/cam_dev_ws/install/pylon_ros2_camera_interfaces/include/pylon_ros2_camera_interfaces/pylon_ros2_camera_interfaces/srv/detail/set_gamma__traits.hpp\n'}
[1.282745] (pylon_ros2_camera_interfaces) StdoutLine: {'line': b'-- Up-to-date: /home/mcav/cam_dev_ws/install/pylon_ros2_camera_interfaces/include/pylon_ros2_camera_interfaces/pylon_ros2_camera_interfaces/srv/detail/set_roi__struct.hpp\n'}
[1.282808] (pylon_ros2_camera_interfaces) StdoutLine: {'line': b'-- Up-to-date: /home/mcav/cam_dev_ws/install/pylon_ros2_camera_interfaces/include/pylon_ros2_camera_interfaces/pylon_ros2_camera_interfaces/srv/detail/set_brightness__type_support.hpp\n'}
[1.282871] (pylon_ros2_camera_interfaces) StdoutLine: {'line': b'-- Up-to-date: /home/mcav/cam_dev_ws/install/pylon_ros2_camera_interfaces/include/pylon_ros2_camera_interfaces/pylon_ros2_camera_interfaces/srv/detail/set_gamma__struct.hpp\n'}
[1.282934] (pylon_ros2_camera_interfaces) StdoutLine: {'line': b'-- Up-to-date: /home/mcav/cam_dev_ws/install/pylon_ros2_camera_interfaces/include/pylon_ros2_camera_interfaces/pylon_ros2_camera_interfaces/srv/detail/set_string_value__builder.hpp\n'}
[1.282997] (pylon_ros2_camera_interfaces) StdoutLine: {'line': b'-- Up-to-date: /home/mcav/cam_dev_ws/install/pylon_ros2_camera_interfaces/include/pylon_ros2_camera_interfaces/pylon_ros2_camera_interfaces/srv/detail/set_binning__builder.hpp\n'}
[1.283058] (pylon_ros2_camera_interfaces) StdoutLine: {'line': b'-- Up-to-date: /home/mcav/cam_dev_ws/install/pylon_ros2_camera_interfaces/include/pylon_ros2_camera_interfaces/pylon_ros2_camera_interfaces/srv/detail/set_string_value__traits.hpp\n'}
[1.283121] (pylon_ros2_camera_interfaces) StdoutLine: {'line': b'-- Up-to-date: /home/mcav/cam_dev_ws/install/pylon_ros2_camera_interfaces/include/pylon_ros2_camera_interfaces/pylon_ros2_camera_interfaces/srv/detail/set_roi__type_support.hpp\n'}
[1.283183] (pylon_ros2_camera_interfaces) StdoutLine: {'line': b'-- Up-to-date: /home/mcav/cam_dev_ws/install/pylon_ros2_camera_interfaces/include/pylon_ros2_camera_interfaces/pylon_ros2_camera_interfaces/srv/detail/set_gamma__type_support.hpp\n'}
[1.283249] (pylon_ros2_camera_interfaces) StdoutLine: {'line': b'-- Up-to-date: /home/mcav/cam_dev_ws/install/pylon_ros2_camera_interfaces/include/pylon_ros2_camera_interfaces/pylon_ros2_camera_interfaces/srv/detail/issue_scheduled_action_command__traits.hpp\n'}
[1.283311] (pylon_ros2_camera_interfaces) StdoutLine: {'line': b'-- Up-to-date: /home/mcav/cam_dev_ws/install/pylon_ros2_camera_interfaces/include/pylon_ros2_camera_interfaces/pylon_ros2_camera_interfaces/srv/detail/set_gain__type_support.hpp\n'}
[1.283373] (pylon_ros2_camera_interfaces) StdoutLine: {'line': b'-- Up-to-date: /home/mcav/cam_dev_ws/install/pylon_ros2_camera_interfaces/include/pylon_ros2_camera_interfaces/pylon_ros2_camera_interfaces/srv/detail/set_float_value__type_support.hpp\n'}
[1.283436] (pylon_ros2_camera_interfaces) StdoutLine: {'line': b'-- Up-to-date: /home/mcav/cam_dev_ws/install/pylon_ros2_camera_interfaces/include/pylon_ros2_camera_interfaces/pylon_ros2_camera_interfaces/srv/detail/issue_scheduled_action_command__struct.hpp\n'}
[1.283498] (pylon_ros2_camera_interfaces) StdoutLine: {'line': b'-- Up-to-date: /home/mcav/cam_dev_ws/install/pylon_ros2_camera_interfaces/include/pylon_ros2_camera_interfaces/pylon_ros2_camera_interfaces/srv/detail/set_gain__builder.hpp\n'}
[1.283560] (pylon_ros2_camera_interfaces) StdoutLine: {'line': b'-- Up-to-date: /home/mcav/cam_dev_ws/install/pylon_ros2_camera_interfaces/include/pylon_ros2_camera_interfaces/pylon_ros2_camera_interfaces/srv/detail/set_action_trigger_configuration__traits.hpp\n'}
[1.283623] (pylon_ros2_camera_interfaces) StdoutLine: {'line': b'-- Up-to-date: /home/mcav/cam_dev_ws/install/pylon_ros2_camera_interfaces/include/pylon_ros2_camera_interfaces/pylon_ros2_camera_interfaces/srv/detail/get_string_value__type_support.hpp\n'}
[1.283685] (pylon_ros2_camera_interfaces) StdoutLine: {'line': b'-- Up-to-date: /home/mcav/cam_dev_ws/install/pylon_ros2_camera_interfaces/include/pylon_ros2_camera_interfaces/pylon_ros2_camera_interfaces/srv/detail/set_float_value__traits.hpp\n'}
[1.283747] (pylon_ros2_camera_interfaces) StdoutLine: {'line': b'-- Up-to-date: /home/mcav/cam_dev_ws/install/pylon_ros2_camera_interfaces/include/pylon_ros2_camera_interfaces/pylon_ros2_camera_interfaces/srv/detail/issue_scheduled_action_command__type_support.hpp\n'}
[1.283814] (pylon_ros2_camera_interfaces) StdoutLine: {'line': b'-- Up-to-date: /home/mcav/cam_dev_ws/install/pylon_ros2_camera_interfaces/include/pylon_ros2_camera_interfaces/pylon_ros2_camera_interfaces/srv/detail/set_integer_value__traits.hpp\n'}
[1.283876] (pylon_ros2_camera_interfaces) StdoutLine: {'line': b'-- Up-to-date: /home/mcav/cam_dev_ws/install/pylon_ros2_camera_interfaces/include/pylon_ros2_camera_interfaces/pylon_ros2_camera_interfaces/srv/detail/set_sleeping__type_support.hpp\n'}
[1.283939] (pylon_ros2_camera_interfaces) StdoutLine: {'line': b'-- Up-to-date: /home/mcav/cam_dev_ws/install/pylon_ros2_camera_interfaces/include/pylon_ros2_camera_interfaces/pylon_ros2_camera_interfaces/srv/detail/set_exposure__struct.hpp\n'}
[1.284001] (pylon_ros2_camera_interfaces) StdoutLine: {'line': b'-- Up-to-date: /home/mcav/cam_dev_ws/install/pylon_ros2_camera_interfaces/include/pylon_ros2_camera_interfaces/pylon_ros2_camera_interfaces/srv/detail/set_exposure__builder.hpp\n'}
[1.284071] (pylon_ros2_camera_interfaces) StdoutLine: {'line': b'-- Up-to-date: /home/mcav/cam_dev_ws/install/pylon_ros2_camera_interfaces/include/pylon_ros2_camera_interfaces/pylon_ros2_camera_interfaces/srv/detail/set_roi__builder.hpp\n'}
[1.284134] (pylon_ros2_camera_interfaces) StdoutLine: {'line': b'-- Up-to-date: /home/mcav/cam_dev_ws/install/pylon_ros2_camera_interfaces/include/pylon_ros2_camera_interfaces/pylon_ros2_camera_interfaces/srv/detail/set_white_balance__builder.hpp\n'}
[1.284196] (pylon_ros2_camera_interfaces) StdoutLine: {'line': b'-- Up-to-date: /home/mcav/cam_dev_ws/install/pylon_ros2_camera_interfaces/include/pylon_ros2_camera_interfaces/pylon_ros2_camera_interfaces/srv/detail/get_integer_value__traits.hpp\n'}
[1.284262] (pylon_ros2_camera_interfaces) StdoutLine: {'line': b'-- Up-to-date: /home/mcav/cam_dev_ws/install/pylon_ros2_camera_interfaces/include/pylon_ros2_camera_interfaces/pylon_ros2_camera_interfaces/srv/detail/set_action_trigger_configuration__struct.hpp\n'}
[1.284326] (pylon_ros2_camera_interfaces) StdoutLine: {'line': b'-- Up-to-date: /home/mcav/cam_dev_ws/install/pylon_ros2_camera_interfaces/include/pylon_ros2_camera_interfaces/pylon_ros2_camera_interfaces/srv/detail/set_action_trigger_configuration__builder.hpp\n'}
[1.284404] (pylon_ros2_camera_interfaces) StdoutLine: {'line': b'-- Up-to-date: /home/mcav/cam_dev_ws/install/pylon_ros2_camera_interfaces/include/pylon_ros2_camera_interfaces/pylon_ros2_camera_interfaces/srv/set_action_trigger_configuration.hpp\n'}
[1.284496] (pylon_ros2_camera_interfaces) StdoutLine: {'line': b'-- Up-to-date: /home/mcav/cam_dev_ws/install/pylon_ros2_camera_interfaces/include/pylon_ros2_camera_interfaces/pylon_ros2_camera_interfaces/srv/get_ptp_status.hpp\n'}
[1.284574] (pylon_ros2_camera_interfaces) StdoutLine: {'line': b'-- Up-to-date: /home/mcav/cam_dev_ws/install/pylon_ros2_camera_interfaces/include/pylon_ros2_camera_interfaces/pylon_ros2_camera_interfaces/srv/set_string_value.hpp\n'}
[1.284638] (pylon_ros2_camera_interfaces) StdoutLine: {'line': b'-- Up-to-date: /home/mcav/cam_dev_ws/install/pylon_ros2_camera_interfaces/include/pylon_ros2_camera_interfaces/pylon_ros2_camera_interfaces/srv/get_float_value.hpp\n'}
[1.284702] (pylon_ros2_camera_interfaces) StdoutLine: {'line': b'-- Up-to-date: /home/mcav/cam_dev_ws/install/pylon_ros2_camera_interfaces/include/pylon_ros2_camera_interfaces/pylon_ros2_camera_interfaces/srv/set_binning.hpp\n'}
[1.284766] (pylon_ros2_camera_interfaces) StdoutLine: {'line': b'-- Up-to-date: /home/mcav/cam_dev_ws/install/pylon_ros2_camera_interfaces/include/pylon_ros2_camera_interfaces/pylon_ros2_camera_interfaces/srv/issue_action_command.hpp\n'}
[1.284830] (pylon_ros2_camera_interfaces) StdoutLine: {'line': b'-- Up-to-date: /home/mcav/cam_dev_ws/install/pylon_ros2_camera_interfaces/include/pylon_ros2_camera_interfaces/pylon_ros2_camera_interfaces/srv/set_gain.hpp\n'}
[1.284907] (pylon_ros2_camera_interfaces) StdoutLine: {'line': b'-- Up-to-date: /home/mcav/cam_dev_ws/install/pylon_ros2_camera_interfaces/include/pylon_ros2_camera_interfaces/pylon_ros2_camera_interfaces/srv/set_roi.hpp\n'}
[1.285013] (pylon_ros2_camera_interfaces) StdoutLine: {'line': b'-- Up-to-date: /home/mcav/cam_dev_ws/install/pylon_ros2_camera_interfaces/include/pylon_ros2_camera_interfaces/pylon_ros2_camera_interfaces/srv/set_sleeping.hpp\n'}
[1.285119] (pylon_ros2_camera_interfaces) StdoutLine: {'line': b'-- Up-to-date: /home/mcav/cam_dev_ws/install/pylon_ros2_camera_interfaces/include/pylon_ros2_camera_interfaces/pylon_ros2_camera_interfaces/srv/set_white_balance.hpp\n'}
[1.285198] (pylon_ros2_camera_interfaces) StdoutLine: {'line': b'-- Up-to-date: /home/mcav/cam_dev_ws/install/pylon_ros2_camera_interfaces/include/pylon_ros2_camera_interfaces/pylon_ros2_camera_interfaces\n'}
[1.285275] (pylon_ros2_camera_interfaces) StdoutLine: {'line': b'-- Up-to-date: /home/mcav/cam_dev_ws/install/pylon_ros2_camera_interfaces/include/pylon_ros2_camera_interfaces/pylon_ros2_camera_interfaces/msg\n'}
[1.285337] (pylon_ros2_camera_interfaces) StdoutLine: {'line': b'-- Up-to-date: /home/mcav/cam_dev_ws/install/pylon_ros2_camera_interfaces/include/pylon_ros2_camera_interfaces/pylon_ros2_camera_interfaces/msg/detail\n'}
[1.285400] (pylon_ros2_camera_interfaces) StdoutLine: {'line': b'-- Up-to-date: /home/mcav/cam_dev_ws/install/pylon_ros2_camera_interfaces/include/pylon_ros2_camera_interfaces/pylon_ros2_camera_interfaces/msg/detail/component_status__rosidl_typesupport_fastrtps_cpp.hpp\n'}
[1.285467] (pylon_ros2_camera_interfaces) StdoutLine: {'line': b'-- Up-to-date: /home/mcav/cam_dev_ws/install/pylon_ros2_camera_interfaces/include/pylon_ros2_camera_interfaces/pylon_ros2_camera_interfaces/msg/detail/dds_fastrtps\n'}
[1.285589] (pylon_ros2_camera_interfaces) StdoutLine: {'line': b'-- Up-to-date: /home/mcav/cam_dev_ws/install/pylon_ros2_camera_interfaces/include/pylon_ros2_camera_interfaces/pylon_ros2_camera_interfaces/msg/detail/current_params__rosidl_typesupport_fastrtps_cpp.hpp\n'}
[1.285669] (pylon_ros2_camera_interfaces) StdoutLine: {'line': b'-- Up-to-date: /home/mcav/cam_dev_ws/install/pylon_ros2_camera_interfaces/include/pylon_ros2_camera_interfaces/pylon_ros2_camera_interfaces/msg/rosidl_typesupport_fastrtps_cpp__visibility_control.h\n'}
[1.285747] (pylon_ros2_camera_interfaces) StdoutLine: {'line': b'-- Up-to-date: /home/mcav/cam_dev_ws/install/pylon_ros2_camera_interfaces/include/pylon_ros2_camera_interfaces/pylon_ros2_camera_interfaces/action\n'}
[1.285811] (pylon_ros2_camera_interfaces) StdoutLine: {'line': b'-- Up-to-date: /home/mcav/cam_dev_ws/install/pylon_ros2_camera_interfaces/include/pylon_ros2_camera_interfaces/pylon_ros2_camera_interfaces/action/detail\n'}
[1.285883] (pylon_ros2_camera_interfaces) StdoutLine: {'line': b'-- Up-to-date: /home/mcav/cam_dev_ws/install/pylon_ros2_camera_interfaces/include/pylon_ros2_camera_interfaces/pylon_ros2_camera_interfaces/action/detail/grab_images__rosidl_typesupport_fastrtps_cpp.hpp\n'}
[1.285948] (pylon_ros2_camera_interfaces) StdoutLine: {'line': b'-- Up-to-date: /home/mcav/cam_dev_ws/install/pylon_ros2_camera_interfaces/include/pylon_ros2_camera_interfaces/pylon_ros2_camera_interfaces/action/detail/grab_blaze_data__rosidl_typesupport_fastrtps_cpp.hpp\n'}
[1.286012] (pylon_ros2_camera_interfaces) StdoutLine: {'line': b'-- Up-to-date: /home/mcav/cam_dev_ws/install/pylon_ros2_camera_interfaces/include/pylon_ros2_camera_interfaces/pylon_ros2_camera_interfaces/action/detail/dds_fastrtps\n'}
[1.286108] (pylon_ros2_camera_interfaces) StdoutLine: {'line': b'-- Up-to-date: /home/mcav/cam_dev_ws/install/pylon_ros2_camera_interfaces/include/pylon_ros2_camera_interfaces/pylon_ros2_camera_interfaces/srv\n'}
[1.286172] (pylon_ros2_camera_interfaces) StdoutLine: {'line': b'-- Up-to-date: /home/mcav/cam_dev_ws/install/pylon_ros2_camera_interfaces/include/pylon_ros2_camera_interfaces/pylon_ros2_camera_interfaces/srv/detail\n'}
[1.286234] (pylon_ros2_camera_interfaces) StdoutLine: {'line': b'-- Up-to-date: /home/mcav/cam_dev_ws/install/pylon_ros2_camera_interfaces/include/pylon_ros2_camera_interfaces/pylon_ros2_camera_interfaces/srv/detail/get_integer_value__rosidl_typesupport_fastrtps_cpp.hpp\n'}
[1.286297] (pylon_ros2_camera_interfaces) StdoutLine: {'line': b'-- Up-to-date: /home/mcav/cam_dev_ws/install/pylon_ros2_camera_interfaces/include/pylon_ros2_camera_interfaces/pylon_ros2_camera_interfaces/srv/detail/set_gamma__rosidl_typesupport_fastrtps_cpp.hpp\n'}
[1.286359] (pylon_ros2_camera_interfaces) StdoutLine: {'line': b'-- Up-to-date: /home/mcav/cam_dev_ws/install/pylon_ros2_camera_interfaces/include/pylon_ros2_camera_interfaces/pylon_ros2_camera_interfaces/srv/detail/set_brightness__rosidl_typesupport_fastrtps_cpp.hpp\n'}
[1.286422] (pylon_ros2_camera_interfaces) StdoutLine: {'line': b'-- Up-to-date: /home/mcav/cam_dev_ws/install/pylon_ros2_camera_interfaces/include/pylon_ros2_camera_interfaces/pylon_ros2_camera_interfaces/srv/detail/issue_action_command__rosidl_typesupport_fastrtps_cpp.hpp\n'}
[1.286485] (pylon_ros2_camera_interfaces) StdoutLine: {'line': b'-- Up-to-date: /home/mcav/cam_dev_ws/install/pylon_ros2_camera_interfaces/include/pylon_ros2_camera_interfaces/pylon_ros2_camera_interfaces/srv/detail/get_string_value__rosidl_typesupport_fastrtps_cpp.hpp\n'}
[1.286547] (pylon_ros2_camera_interfaces) StdoutLine: {'line': b'-- Up-to-date: /home/mcav/cam_dev_ws/install/pylon_ros2_camera_interfaces/include/pylon_ros2_camera_interfaces/pylon_ros2_camera_interfaces/srv/detail/set_float_value__rosidl_typesupport_fastrtps_cpp.hpp\n'}
[1.286609] (pylon_ros2_camera_interfaces) StdoutLine: {'line': b'-- Up-to-date: /home/mcav/cam_dev_ws/install/pylon_ros2_camera_interfaces/include/pylon_ros2_camera_interfaces/pylon_ros2_camera_interfaces/srv/detail/get_float_value__rosidl_typesupport_fastrtps_cpp.hpp\n'}
[1.286675] (pylon_ros2_camera_interfaces) StdoutLine: {'line': b'-- Up-to-date: /home/mcav/cam_dev_ws/install/pylon_ros2_camera_interfaces/include/pylon_ros2_camera_interfaces/pylon_ros2_camera_interfaces/srv/detail/set_integer_value__rosidl_typesupport_fastrtps_cpp.hpp\n'}
[1.286754] (pylon_ros2_camera_interfaces) StdoutLine: {'line': b'-- Up-to-date: /home/mcav/cam_dev_ws/install/pylon_ros2_camera_interfaces/include/pylon_ros2_camera_interfaces/pylon_ros2_camera_interfaces/srv/detail/dds_fastrtps\n'}
[1.286833] (pylon_ros2_camera_interfaces) StdoutLine: {'line': b'-- Up-to-date: /home/mcav/cam_dev_ws/install/pylon_ros2_camera_interfaces/include/pylon_ros2_camera_interfaces/pylon_ros2_camera_interfaces/srv/detail/set_string_value__rosidl_typesupport_fastrtps_cpp.hpp\n'}
[1.286897] (pylon_ros2_camera_interfaces) StdoutLine: {'line': b'-- Up-to-date: /home/mcav/cam_dev_ws/install/pylon_ros2_camera_interfaces/include/pylon_ros2_camera_interfaces/pylon_ros2_camera_interfaces/srv/detail/issue_scheduled_action_command__rosidl_typesupport_fastrtps_cpp.hpp\n'}
[1.287008] (pylon_ros2_camera_interfaces) StdoutLine: {'line': b'-- Up-to-date: /home/mcav/cam_dev_ws/install/pylon_ros2_camera_interfaces/include/pylon_ros2_camera_interfaces/pylon_ros2_camera_interfaces/srv/detail/get_ptp_status__rosidl_typesupport_fastrtps_cpp.hpp\n'}
[1.287087] (pylon_ros2_camera_interfaces) StdoutLine: {'line': b'-- Up-to-date: /home/mcav/cam_dev_ws/install/pylon_ros2_camera_interfaces/include/pylon_ros2_camera_interfaces/pylon_ros2_camera_interfaces/srv/detail/set_white_balance__rosidl_typesupport_fastrtps_cpp.hpp\n'}
[1.287149] (pylon_ros2_camera_interfaces) StdoutLine: {'line': b'-- Up-to-date: /home/mcav/cam_dev_ws/install/pylon_ros2_camera_interfaces/include/pylon_ros2_camera_interfaces/pylon_ros2_camera_interfaces/srv/detail/set_sleeping__rosidl_typesupport_fastrtps_cpp.hpp\n'}
[1.287211] (pylon_ros2_camera_interfaces) StdoutLine: {'line': b'-- Up-to-date: /home/mcav/cam_dev_ws/install/pylon_ros2_camera_interfaces/include/pylon_ros2_camera_interfaces/pylon_ros2_camera_interfaces/srv/detail/set_binning__rosidl_typesupport_fastrtps_cpp.hpp\n'}
[1.287274] (pylon_ros2_camera_interfaces) StdoutLine: {'line': b'-- Up-to-date: /home/mcav/cam_dev_ws/install/pylon_ros2_camera_interfaces/include/pylon_ros2_camera_interfaces/pylon_ros2_camera_interfaces/srv/detail/set_roi__rosidl_typesupport_fastrtps_cpp.hpp\n'}
[1.287345] (pylon_ros2_camera_interfaces) StdoutLine: {'line': b'-- Up-to-date: /home/mcav/cam_dev_ws/install/pylon_ros2_camera_interfaces/include/pylon_ros2_camera_interfaces/pylon_ros2_camera_interfaces/srv/detail/set_exposure__rosidl_typesupport_fastrtps_cpp.hpp\n'}
[1.287407] (pylon_ros2_camera_interfaces) StdoutLine: {'line': b'-- Up-to-date: /home/mcav/cam_dev_ws/install/pylon_ros2_camera_interfaces/include/pylon_ros2_camera_interfaces/pylon_ros2_camera_interfaces/srv/detail/set_gain__rosidl_typesupport_fastrtps_cpp.hpp\n'}
[1.287501] (pylon_ros2_camera_interfaces) StdoutLine: {'line': b'-- Up-to-date: /home/mcav/cam_dev_ws/install/pylon_ros2_camera_interfaces/include/pylon_ros2_camera_interfaces/pylon_ros2_camera_interfaces/srv/detail/set_action_trigger_configuration__rosidl_typesupport_fastrtps_cpp.hpp\n'}
[1.287607] (pylon_ros2_camera_interfaces) StdoutLine: {'line': b'-- Installing: /home/mcav/cam_dev_ws/install/pylon_ros2_camera_interfaces/lib/libpylon_ros2_camera_interfaces__rosidl_typesupport_fastrtps_cpp.so\n'}
[1.287684] (pylon_ros2_camera_interfaces) StdoutLine: {'line': b'-- Set non-toolchain portion of runtime path of "/home/mcav/cam_dev_ws/install/pylon_ros2_camera_interfaces/lib/libpylon_ros2_camera_interfaces__rosidl_typesupport_fastrtps_cpp.so" to ""\n'}
[1.287778] (pylon_ros2_camera_interfaces) StdoutLine: {'line': b'-- Up-to-date: /home/mcav/cam_dev_ws/install/pylon_ros2_camera_interfaces/include/pylon_ros2_camera_interfaces/pylon_ros2_camera_interfaces\n'}
[1.287870] (pylon_ros2_camera_interfaces) StdoutLine: {'line': b'-- Up-to-date: /home/mcav/cam_dev_ws/install/pylon_ros2_camera_interfaces/include/pylon_ros2_camera_interfaces/pylon_ros2_camera_interfaces/msg\n'}
[1.287966] (pylon_ros2_camera_interfaces) StdoutLine: {'line': b'-- Up-to-date: /home/mcav/cam_dev_ws/install/pylon_ros2_camera_interfaces/include/pylon_ros2_camera_interfaces/pylon_ros2_camera_interfaces/msg/rosidl_typesupport_introspection_c__visibility_control.h\n'}
[1.288029] (pylon_ros2_camera_interfaces) StdoutLine: {'line': b'-- Up-to-date: /home/mcav/cam_dev_ws/install/pylon_ros2_camera_interfaces/include/pylon_ros2_camera_interfaces/pylon_ros2_camera_interfaces/msg/detail\n'}
[1.288090] (pylon_ros2_camera_interfaces) StdoutLine: {'line': b'-- Up-to-date: /home/mcav/cam_dev_ws/install/pylon_ros2_camera_interfaces/include/pylon_ros2_camera_interfaces/pylon_ros2_camera_interfaces/msg/detail/current_params__rosidl_typesupport_introspection_c.h\n'}
[1.288153] (pylon_ros2_camera_interfaces) StdoutLine: {'line': b'-- Up-to-date: /home/mcav/cam_dev_ws/install/pylon_ros2_camera_interfaces/include/pylon_ros2_camera_interfaces/pylon_ros2_camera_interfaces/msg/detail/component_status__type_support.c\n'}
[1.288215] (pylon_ros2_camera_interfaces) StdoutLine: {'line': b'-- Up-to-date: /home/mcav/cam_dev_ws/install/pylon_ros2_camera_interfaces/include/pylon_ros2_camera_interfaces/pylon_ros2_camera_interfaces/msg/detail/current_params__type_support.c\n'}
[1.288276] (pylon_ros2_camera_interfaces) StdoutLine: {'line': b'-- Up-to-date: /home/mcav/cam_dev_ws/install/pylon_ros2_camera_interfaces/include/pylon_ros2_camera_interfaces/pylon_ros2_camera_interfaces/msg/detail/component_status__rosidl_typesupport_introspection_c.h\n'}
[1.288339] (pylon_ros2_camera_interfaces) StdoutLine: {'line': b'-- Up-to-date: /home/mcav/cam_dev_ws/install/pylon_ros2_camera_interfaces/include/pylon_ros2_camera_interfaces/pylon_ros2_camera_interfaces/action\n'}
[1.288418] (pylon_ros2_camera_interfaces) StdoutLine: {'line': b'-- Up-to-date: /home/mcav/cam_dev_ws/install/pylon_ros2_camera_interfaces/include/pylon_ros2_camera_interfaces/pylon_ros2_camera_interfaces/action/detail\n'}
[1.288497] (pylon_ros2_camera_interfaces) StdoutLine: {'line': b'-- Up-to-date: /home/mcav/cam_dev_ws/install/pylon_ros2_camera_interfaces/include/pylon_ros2_camera_interfaces/pylon_ros2_camera_interfaces/action/detail/grab_blaze_data__rosidl_typesupport_introspection_c.h\n'}
[1.288566] (pylon_ros2_camera_interfaces) StdoutLine: {'line': b'-- Up-to-date: /home/mcav/cam_dev_ws/install/pylon_ros2_camera_interfaces/include/pylon_ros2_camera_interfaces/pylon_ros2_camera_interfaces/action/detail/grab_blaze_data__type_support.c\n'}
[1.288643] (pylon_ros2_camera_interfaces) StdoutLine: {'line': b'-- Up-to-date: /home/mcav/cam_dev_ws/install/pylon_ros2_camera_interfaces/include/pylon_ros2_camera_interfaces/pylon_ros2_camera_interfaces/action/detail/grab_images__rosidl_typesupport_introspection_c.h\n'}
[1.288705] (pylon_ros2_camera_interfaces) StdoutLine: {'line': b'-- Up-to-date: /home/mcav/cam_dev_ws/install/pylon_ros2_camera_interfaces/include/pylon_ros2_camera_interfaces/pylon_ros2_camera_interfaces/action/detail/grab_images__type_support.c\n'}
[1.288768] (pylon_ros2_camera_interfaces) StdoutLine: {'line': b'-- Up-to-date: /home/mcav/cam_dev_ws/install/pylon_ros2_camera_interfaces/include/pylon_ros2_camera_interfaces/pylon_ros2_camera_interfaces/srv\n'}
[1.288830] (pylon_ros2_camera_interfaces) StdoutLine: {'line': b'-- Up-to-date: /home/mcav/cam_dev_ws/install/pylon_ros2_camera_interfaces/include/pylon_ros2_camera_interfaces/pylon_ros2_camera_interfaces/srv/detail\n'}
[1.288891] (pylon_ros2_camera_interfaces) StdoutLine: {'line': b'-- Up-to-date: /home/mcav/cam_dev_ws/install/pylon_ros2_camera_interfaces/include/pylon_ros2_camera_interfaces/pylon_ros2_camera_interfaces/srv/detail/set_binning__rosidl_typesupport_introspection_c.h\n'}
[1.288953] (pylon_ros2_camera_interfaces) StdoutLine: {'line': b'-- Up-to-date: /home/mcav/cam_dev_ws/install/pylon_ros2_camera_interfaces/include/pylon_ros2_camera_interfaces/pylon_ros2_camera_interfaces/srv/detail/set_exposure__rosidl_typesupport_introspection_c.h\n'}
[1.289023] (pylon_ros2_camera_interfaces) StdoutLine: {'line': b'-- Up-to-date: /home/mcav/cam_dev_ws/install/pylon_ros2_camera_interfaces/include/pylon_ros2_camera_interfaces/pylon_ros2_camera_interfaces/srv/detail/issue_action_command__rosidl_typesupport_introspection_c.h\n'}
[1.289090] (pylon_ros2_camera_interfaces) StdoutLine: {'line': b'-- Up-to-date: /home/mcav/cam_dev_ws/install/pylon_ros2_camera_interfaces/include/pylon_ros2_camera_interfaces/pylon_ros2_camera_interfaces/srv/detail/set_gain__type_support.c\n'}
[1.289153] (pylon_ros2_camera_interfaces) StdoutLine: {'line': b'-- Up-to-date: /home/mcav/cam_dev_ws/install/pylon_ros2_camera_interfaces/include/pylon_ros2_camera_interfaces/pylon_ros2_camera_interfaces/srv/detail/set_float_value__type_support.c\n'}
[1.289214] (pylon_ros2_camera_interfaces) StdoutLine: {'line': b'-- Up-to-date: /home/mcav/cam_dev_ws/install/pylon_ros2_camera_interfaces/include/pylon_ros2_camera_interfaces/pylon_ros2_camera_interfaces/srv/detail/set_float_value__rosidl_typesupport_introspection_c.h\n'}
[1.289276] (pylon_ros2_camera_interfaces) StdoutLine: {'line': b'-- Up-to-date: /home/mcav/cam_dev_ws/install/pylon_ros2_camera_interfaces/include/pylon_ros2_camera_interfaces/pylon_ros2_camera_interfaces/srv/detail/issue_action_command__type_support.c\n'}
[1.289339] (pylon_ros2_camera_interfaces) StdoutLine: {'line': b'-- Up-to-date: /home/mcav/cam_dev_ws/install/pylon_ros2_camera_interfaces/include/pylon_ros2_camera_interfaces/pylon_ros2_camera_interfaces/srv/detail/get_string_value__type_support.c\n'}
[1.289401] (pylon_ros2_camera_interfaces) StdoutLine: {'line': b'-- Up-to-date: /home/mcav/cam_dev_ws/install/pylon_ros2_camera_interfaces/include/pylon_ros2_camera_interfaces/pylon_ros2_camera_interfaces/srv/detail/get_float_value__type_support.c\n'}
[1.289462] (pylon_ros2_camera_interfaces) StdoutLine: {'line': b'-- Up-to-date: /home/mcav/cam_dev_ws/install/pylon_ros2_camera_interfaces/include/pylon_ros2_camera_interfaces/pylon_ros2_camera_interfaces/srv/detail/set_gamma__type_support.c\n'}
[1.289524] (pylon_ros2_camera_interfaces) StdoutLine: {'line': b'-- Up-to-date: /home/mcav/cam_dev_ws/install/pylon_ros2_camera_interfaces/include/pylon_ros2_camera_interfaces/pylon_ros2_camera_interfaces/srv/detail/get_integer_value__rosidl_typesupport_introspection_c.h\n'}
[1.289587] (pylon_ros2_camera_interfaces) StdoutLine: {'line': b'-- Up-to-date: /home/mcav/cam_dev_ws/install/pylon_ros2_camera_interfaces/include/pylon_ros2_camera_interfaces/pylon_ros2_camera_interfaces/srv/detail/get_ptp_status__type_support.c\n'}
[1.289648] (pylon_ros2_camera_interfaces) StdoutLine: {'line': b'-- Up-to-date: /home/mcav/cam_dev_ws/install/pylon_ros2_camera_interfaces/include/pylon_ros2_camera_interfaces/pylon_ros2_camera_interfaces/srv/detail/set_string_value__type_support.c\n'}
[1.289710] (pylon_ros2_camera_interfaces) StdoutLine: {'line': b'-- Up-to-date: /home/mcav/cam_dev_ws/install/pylon_ros2_camera_interfaces/include/pylon_ros2_camera_interfaces/pylon_ros2_camera_interfaces/srv/detail/set_action_trigger_configuration__type_support.c\n'}
[1.289772] (pylon_ros2_camera_interfaces) StdoutLine: {'line': b'-- Up-to-date: /home/mcav/cam_dev_ws/install/pylon_ros2_camera_interfaces/include/pylon_ros2_camera_interfaces/pylon_ros2_camera_interfaces/srv/detail/issue_scheduled_action_command__type_support.c\n'}
[1.289834] (pylon_ros2_camera_interfaces) StdoutLine: {'line': b'-- Up-to-date: /home/mcav/cam_dev_ws/install/pylon_ros2_camera_interfaces/include/pylon_ros2_camera_interfaces/pylon_ros2_camera_interfaces/srv/detail/set_sleeping__rosidl_typesupport_introspection_c.h\n'}
[1.289901] (pylon_ros2_camera_interfaces) StdoutLine: {'line': b'-- Up-to-date: /home/mcav/cam_dev_ws/install/pylon_ros2_camera_interfaces/include/pylon_ros2_camera_interfaces/pylon_ros2_camera_interfaces/srv/detail/get_string_value__rosidl_typesupport_introspection_c.h\n'}
[1.289964] (pylon_ros2_camera_interfaces) StdoutLine: {'line': b'-- Up-to-date: /home/mcav/cam_dev_ws/install/pylon_ros2_camera_interfaces/include/pylon_ros2_camera_interfaces/pylon_ros2_camera_interfaces/srv/detail/set_brightness__rosidl_typesupport_introspection_c.h\n'}
[1.290030] (pylon_ros2_camera_interfaces) StdoutLine: {'line': b'-- Up-to-date: /home/mcav/cam_dev_ws/install/pylon_ros2_camera_interfaces/include/pylon_ros2_camera_interfaces/pylon_ros2_camera_interfaces/srv/detail/get_ptp_status__rosidl_typesupport_introspection_c.h\n'}
[1.290136] (pylon_ros2_camera_interfaces) StdoutLine: {'line': b'-- Up-to-date: /home/mcav/cam_dev_ws/install/pylon_ros2_camera_interfaces/include/pylon_ros2_camera_interfaces/pylon_ros2_camera_interfaces/srv/detail/get_integer_value__type_support.c\n'}
[1.290199] (pylon_ros2_camera_interfaces) StdoutLine: {'line': b'-- Up-to-date: /home/mcav/cam_dev_ws/install/pylon_ros2_camera_interfaces/include/pylon_ros2_camera_interfaces/pylon_ros2_camera_interfaces/srv/detail/issue_scheduled_action_command__rosidl_typesupport_introspection_c.h\n'}
[1.290277] (pylon_ros2_camera_interfaces) StdoutLine: {'line': b'-- Up-to-date: /home/mcav/cam_dev_ws/install/pylon_ros2_camera_interfaces/include/pylon_ros2_camera_interfaces/pylon_ros2_camera_interfaces/srv/detail/set_roi__type_support.c\n'}
[1.290351] (pylon_ros2_camera_interfaces) StdoutLine: {'line': b'-- Up-to-date: /home/mcav/cam_dev_ws/install/pylon_ros2_camera_interfaces/include/pylon_ros2_camera_interfaces/pylon_ros2_camera_interfaces/srv/detail/set_exposure__type_support.c\n'}
[1.290419] (pylon_ros2_camera_interfaces) StdoutLine: {'line': b'-- Up-to-date: /home/mcav/cam_dev_ws/install/pylon_ros2_camera_interfaces/include/pylon_ros2_camera_interfaces/pylon_ros2_camera_interfaces/srv/detail/set_sleeping__type_support.c\n'}
[1.290480] (pylon_ros2_camera_interfaces) StdoutLine: {'line': b'-- Up-to-date: /home/mcav/cam_dev_ws/install/pylon_ros2_camera_interfaces/include/pylon_ros2_camera_interfaces/pylon_ros2_camera_interfaces/srv/detail/set_gamma__rosidl_typesupport_introspection_c.h\n'}
[1.290542] (pylon_ros2_camera_interfaces) StdoutLine: {'line': b'-- Up-to-date: /home/mcav/cam_dev_ws/install/pylon_ros2_camera_interfaces/include/pylon_ros2_camera_interfaces/pylon_ros2_camera_interfaces/srv/detail/set_binning__type_support.c\n'}
[1.290602] (pylon_ros2_camera_interfaces) StdoutLine: {'line': b'-- Up-to-date: /home/mcav/cam_dev_ws/install/pylon_ros2_camera_interfaces/include/pylon_ros2_camera_interfaces/pylon_ros2_camera_interfaces/srv/detail/set_gain__rosidl_typesupport_introspection_c.h\n'}
[1.290663] (pylon_ros2_camera_interfaces) StdoutLine: {'line': b'-- Up-to-date: /home/mcav/cam_dev_ws/install/pylon_ros2_camera_interfaces/include/pylon_ros2_camera_interfaces/pylon_ros2_camera_interfaces/srv/detail/set_integer_value__type_support.c\n'}
[1.290723] (pylon_ros2_camera_interfaces) StdoutLine: {'line': b'-- Up-to-date: /home/mcav/cam_dev_ws/install/pylon_ros2_camera_interfaces/include/pylon_ros2_camera_interfaces/pylon_ros2_camera_interfaces/srv/detail/set_roi__rosidl_typesupport_introspection_c.h\n'}
[1.290785] (pylon_ros2_camera_interfaces) StdoutLine: {'line': b'-- Up-to-date: /home/mcav/cam_dev_ws/install/pylon_ros2_camera_interfaces/include/pylon_ros2_camera_interfaces/pylon_ros2_camera_interfaces/srv/detail/set_brightness__type_support.c\n'}
[1.290847] (pylon_ros2_camera_interfaces) StdoutLine: {'line': b'-- Up-to-date: /home/mcav/cam_dev_ws/install/pylon_ros2_camera_interfaces/include/pylon_ros2_camera_interfaces/pylon_ros2_camera_interfaces/srv/detail/set_integer_value__rosidl_typesupport_introspection_c.h\n'}
[1.290908] (pylon_ros2_camera_interfaces) StdoutLine: {'line': b'-- Up-to-date: /home/mcav/cam_dev_ws/install/pylon_ros2_camera_interfaces/include/pylon_ros2_camera_interfaces/pylon_ros2_camera_interfaces/srv/detail/set_string_value__rosidl_typesupport_introspection_c.h\n'}
[1.290969] (pylon_ros2_camera_interfaces) StdoutLine: {'line': b'-- Up-to-date: /home/mcav/cam_dev_ws/install/pylon_ros2_camera_interfaces/include/pylon_ros2_camera_interfaces/pylon_ros2_camera_interfaces/srv/detail/set_white_balance__rosidl_typesupport_introspection_c.h\n'}
[1.291030] (pylon_ros2_camera_interfaces) StdoutLine: {'line': b'-- Up-to-date: /home/mcav/cam_dev_ws/install/pylon_ros2_camera_interfaces/include/pylon_ros2_camera_interfaces/pylon_ros2_camera_interfaces/srv/detail/set_white_balance__type_support.c\n'}
[1.291095] (pylon_ros2_camera_interfaces) StdoutLine: {'line': b'-- Up-to-date: /home/mcav/cam_dev_ws/install/pylon_ros2_camera_interfaces/include/pylon_ros2_camera_interfaces/pylon_ros2_camera_interfaces/srv/detail/set_action_trigger_configuration__rosidl_typesupport_introspection_c.h\n'}
[1.291157] (pylon_ros2_camera_interfaces) StdoutLine: {'line': b'-- Up-to-date: /home/mcav/cam_dev_ws/install/pylon_ros2_camera_interfaces/include/pylon_ros2_camera_interfaces/pylon_ros2_camera_interfaces/srv/detail/get_float_value__rosidl_typesupport_introspection_c.h\n'}
[1.291222] (pylon_ros2_camera_interfaces) StdoutLine: {'line': b'-- Installing: /home/mcav/cam_dev_ws/install/pylon_ros2_camera_interfaces/lib/libpylon_ros2_camera_interfaces__rosidl_typesupport_introspection_c.so\n'}
[1.291283] (pylon_ros2_camera_interfaces) StdoutLine: {'line': b'-- Set non-toolchain portion of runtime path of "/home/mcav/cam_dev_ws/install/pylon_ros2_camera_interfaces/lib/libpylon_ros2_camera_interfaces__rosidl_typesupport_introspection_c.so" to ""\n'}
[1.291344] (pylon_ros2_camera_interfaces) StdoutLine: {'line': b'-- Installing: /home/mcav/cam_dev_ws/install/pylon_ros2_camera_interfaces/lib/libpylon_ros2_camera_interfaces__rosidl_typesupport_c.so\n'}
[1.291404] (pylon_ros2_camera_interfaces) StdoutLine: {'line': b'-- Set non-toolchain portion of runtime path of "/home/mcav/cam_dev_ws/install/pylon_ros2_camera_interfaces/lib/libpylon_ros2_camera_interfaces__rosidl_typesupport_c.so" to ""\n'}
[1.291465] (pylon_ros2_camera_interfaces) StdoutLine: {'line': b'-- Up-to-date: /home/mcav/cam_dev_ws/install/pylon_ros2_camera_interfaces/include/pylon_ros2_camera_interfaces/pylon_ros2_camera_interfaces\n'}
[1.291525] (pylon_ros2_camera_interfaces) StdoutLine: {'line': b'-- Up-to-date: /home/mcav/cam_dev_ws/install/pylon_ros2_camera_interfaces/include/pylon_ros2_camera_interfaces/pylon_ros2_camera_interfaces/msg\n'}
[1.291585] (pylon_ros2_camera_interfaces) StdoutLine: {'line': b'-- Up-to-date: /home/mcav/cam_dev_ws/install/pylon_ros2_camera_interfaces/include/pylon_ros2_camera_interfaces/pylon_ros2_camera_interfaces/msg/detail\n'}
[1.291645] (pylon_ros2_camera_interfaces) StdoutLine: {'line': b'-- Up-to-date: /home/mcav/cam_dev_ws/install/pylon_ros2_camera_interfaces/include/pylon_ros2_camera_interfaces/pylon_ros2_camera_interfaces/msg/detail/component_status__rosidl_typesupport_introspection_cpp.hpp\n'}
[1.291705] (pylon_ros2_camera_interfaces) StdoutLine: {'line': b'-- Up-to-date: /home/mcav/cam_dev_ws/install/pylon_ros2_camera_interfaces/include/pylon_ros2_camera_interfaces/pylon_ros2_camera_interfaces/msg/detail/current_params__rosidl_typesupport_introspection_cpp.hpp\n'}
[1.291766] (pylon_ros2_camera_interfaces) StdoutLine: {'line': b'-- Up-to-date: /home/mcav/cam_dev_ws/install/pylon_ros2_camera_interfaces/include/pylon_ros2_camera_interfaces/pylon_ros2_camera_interfaces/msg/detail/component_status__type_support.cpp\n'}
[1.291833] (pylon_ros2_camera_interfaces) StdoutLine: {'line': b'-- Up-to-date: /home/mcav/cam_dev_ws/install/pylon_ros2_camera_interfaces/include/pylon_ros2_camera_interfaces/pylon_ros2_camera_interfaces/msg/detail/current_params__type_support.cpp\n'}
[1.291894] (pylon_ros2_camera_interfaces) StdoutLine: {'line': b'-- Up-to-date: /home/mcav/cam_dev_ws/install/pylon_ros2_camera_interfaces/include/pylon_ros2_camera_interfaces/pylon_ros2_camera_interfaces/action\n'}
[1.291954] (pylon_ros2_camera_interfaces) StdoutLine: {'line': b'-- Up-to-date: /home/mcav/cam_dev_ws/install/pylon_ros2_camera_interfaces/include/pylon_ros2_camera_interfaces/pylon_ros2_camera_interfaces/action/detail\n'}
[1.292014] (pylon_ros2_camera_interfaces) StdoutLine: {'line': b'-- Up-to-date: /home/mcav/cam_dev_ws/install/pylon_ros2_camera_interfaces/include/pylon_ros2_camera_interfaces/pylon_ros2_camera_interfaces/action/detail/grab_blaze_data__type_support.cpp\n'}
[1.292075] (pylon_ros2_camera_interfaces) StdoutLine: {'line': b'-- Up-to-date: /home/mcav/cam_dev_ws/install/pylon_ros2_camera_interfaces/include/pylon_ros2_camera_interfaces/pylon_ros2_camera_interfaces/action/detail/grab_blaze_data__rosidl_typesupport_introspection_cpp.hpp\n'}
[1.292142] (pylon_ros2_camera_interfaces) StdoutLine: {'line': b'-- Up-to-date: /home/mcav/cam_dev_ws/install/pylon_ros2_camera_interfaces/include/pylon_ros2_camera_interfaces/pylon_ros2_camera_interfaces/action/detail/grab_images__type_support.cpp\n'}
[1.292203] (pylon_ros2_camera_interfaces) StdoutLine: {'line': b'-- Up-to-date: /home/mcav/cam_dev_ws/install/pylon_ros2_camera_interfaces/include/pylon_ros2_camera_interfaces/pylon_ros2_camera_interfaces/action/detail/grab_images__rosidl_typesupport_introspection_cpp.hpp\n'}
[1.292264] (pylon_ros2_camera_interfaces) StdoutLine: {'line': b'-- Up-to-date: /home/mcav/cam_dev_ws/install/pylon_ros2_camera_interfaces/include/pylon_ros2_camera_interfaces/pylon_ros2_camera_interfaces/srv\n'}
[1.292324] (pylon_ros2_camera_interfaces) StdoutLine: {'line': b'-- Up-to-date: /home/mcav/cam_dev_ws/install/pylon_ros2_camera_interfaces/include/pylon_ros2_camera_interfaces/pylon_ros2_camera_interfaces/srv/detail\n'}
[1.292384] (pylon_ros2_camera_interfaces) StdoutLine: {'line': b'-- Up-to-date: /home/mcav/cam_dev_ws/install/pylon_ros2_camera_interfaces/include/pylon_ros2_camera_interfaces/pylon_ros2_camera_interfaces/srv/detail/set_integer_value__type_support.cpp\n'}
[1.292444] (pylon_ros2_camera_interfaces) StdoutLine: {'line': b'-- Up-to-date: /home/mcav/cam_dev_ws/install/pylon_ros2_camera_interfaces/include/pylon_ros2_camera_interfaces/pylon_ros2_camera_interfaces/srv/detail/get_integer_value__rosidl_typesupport_introspection_cpp.hpp\n'}
[1.292505] (pylon_ros2_camera_interfaces) StdoutLine: {'line': b'-- Up-to-date: /home/mcav/cam_dev_ws/install/pylon_ros2_camera_interfaces/include/pylon_ros2_camera_interfaces/pylon_ros2_camera_interfaces/srv/detail/set_float_value__type_support.cpp\n'}
[1.292569] (pylon_ros2_camera_interfaces) StdoutLine: {'line': b'-- Up-to-date: /home/mcav/cam_dev_ws/install/pylon_ros2_camera_interfaces/include/pylon_ros2_camera_interfaces/pylon_ros2_camera_interfaces/srv/detail/set_string_value__rosidl_typesupport_introspection_cpp.hpp\n'}
[1.292630] (pylon_ros2_camera_interfaces) StdoutLine: {'line': b'-- Up-to-date: /home/mcav/cam_dev_ws/install/pylon_ros2_camera_interfaces/include/pylon_ros2_camera_interfaces/pylon_ros2_camera_interfaces/srv/detail/set_sleeping__type_support.cpp\n'}
[1.292691] (pylon_ros2_camera_interfaces) StdoutLine: {'line': b'-- Up-to-date: /home/mcav/cam_dev_ws/install/pylon_ros2_camera_interfaces/include/pylon_ros2_camera_interfaces/pylon_ros2_camera_interfaces/srv/detail/issue_action_command__rosidl_typesupport_introspection_cpp.hpp\n'}
[1.292753] (pylon_ros2_camera_interfaces) StdoutLine: {'line': b'-- Up-to-date: /home/mcav/cam_dev_ws/install/pylon_ros2_camera_interfaces/include/pylon_ros2_camera_interfaces/pylon_ros2_camera_interfaces/srv/detail/issue_scheduled_action_command__rosidl_typesupport_introspection_cpp.hpp\n'}
[1.292814] (pylon_ros2_camera_interfaces) StdoutLine: {'line': b'-- Up-to-date: /home/mcav/cam_dev_ws/install/pylon_ros2_camera_interfaces/include/pylon_ros2_camera_interfaces/pylon_ros2_camera_interfaces/srv/detail/set_binning__rosidl_typesupport_introspection_cpp.hpp\n'}
[1.292875] (pylon_ros2_camera_interfaces) StdoutLine: {'line': b'-- Up-to-date: /home/mcav/cam_dev_ws/install/pylon_ros2_camera_interfaces/include/pylon_ros2_camera_interfaces/pylon_ros2_camera_interfaces/srv/detail/set_exposure__type_support.cpp\n'}
[1.292935] (pylon_ros2_camera_interfaces) StdoutLine: {'line': b'-- Up-to-date: /home/mcav/cam_dev_ws/install/pylon_ros2_camera_interfaces/include/pylon_ros2_camera_interfaces/pylon_ros2_camera_interfaces/srv/detail/get_float_value__type_support.cpp\n'}
[1.292995] (pylon_ros2_camera_interfaces) StdoutLine: {'line': b'-- Up-to-date: /home/mcav/cam_dev_ws/install/pylon_ros2_camera_interfaces/include/pylon_ros2_camera_interfaces/pylon_ros2_camera_interfaces/srv/detail/set_gain__rosidl_typesupport_introspection_cpp.hpp\n'}
[1.293059] (pylon_ros2_camera_interfaces) StdoutLine: {'line': b'-- Up-to-date: /home/mcav/cam_dev_ws/install/pylon_ros2_camera_interfaces/include/pylon_ros2_camera_interfaces/pylon_ros2_camera_interfaces/srv/detail/set_action_trigger_configuration__type_support.cpp\n'}
[1.293127] (pylon_ros2_camera_interfaces) StdoutLine: {'line': b'-- Up-to-date: /home/mcav/cam_dev_ws/install/pylon_ros2_camera_interfaces/include/pylon_ros2_camera_interfaces/pylon_ros2_camera_interfaces/srv/detail/get_float_value__rosidl_typesupport_introspection_cpp.hpp\n'}
[1.293188] (pylon_ros2_camera_interfaces) StdoutLine: {'line': b'-- Up-to-date: /home/mcav/cam_dev_ws/install/pylon_ros2_camera_interfaces/include/pylon_ros2_camera_interfaces/pylon_ros2_camera_interfaces/srv/detail/set_float_value__rosidl_typesupport_introspection_cpp.hpp\n'}
[1.293248] (pylon_ros2_camera_interfaces) StdoutLine: {'line': b'-- Up-to-date: /home/mcav/cam_dev_ws/install/pylon_ros2_camera_interfaces/include/pylon_ros2_camera_interfaces/pylon_ros2_camera_interfaces/srv/detail/set_exposure__rosidl_typesupport_introspection_cpp.hpp\n'}
[1.293309] (pylon_ros2_camera_interfaces) StdoutLine: {'line': b'-- Up-to-date: /home/mcav/cam_dev_ws/install/pylon_ros2_camera_interfaces/include/pylon_ros2_camera_interfaces/pylon_ros2_camera_interfaces/srv/detail/get_string_value__type_support.cpp\n'}
[1.293370] (pylon_ros2_camera_interfaces) StdoutLine: {'line': b'-- Up-to-date: /home/mcav/cam_dev_ws/install/pylon_ros2_camera_interfaces/include/pylon_ros2_camera_interfaces/pylon_ros2_camera_interfaces/srv/detail/issue_action_command__type_support.cpp\n'}
[1.293431] (pylon_ros2_camera_interfaces) StdoutLine: {'line': b'-- Up-to-date: /home/mcav/cam_dev_ws/install/pylon_ros2_camera_interfaces/include/pylon_ros2_camera_interfaces/pylon_ros2_camera_interfaces/srv/detail/get_integer_value__type_support.cpp\n'}
[1.293491] (pylon_ros2_camera_interfaces) StdoutLine: {'line': b'-- Up-to-date: /home/mcav/cam_dev_ws/install/pylon_ros2_camera_interfaces/include/pylon_ros2_camera_interfaces/pylon_ros2_camera_interfaces/srv/detail/get_string_value__rosidl_typesupport_introspection_cpp.hpp\n'}
[1.293552] (pylon_ros2_camera_interfaces) StdoutLine: {'line': b'-- Up-to-date: /home/mcav/cam_dev_ws/install/pylon_ros2_camera_interfaces/include/pylon_ros2_camera_interfaces/pylon_ros2_camera_interfaces/srv/detail/set_roi__rosidl_typesupport_introspection_cpp.hpp\n'}
[1.293613] (pylon_ros2_camera_interfaces) StdoutLine: {'line': b'-- Up-to-date: /home/mcav/cam_dev_ws/install/pylon_ros2_camera_interfaces/include/pylon_ros2_camera_interfaces/pylon_ros2_camera_interfaces/srv/detail/set_roi__type_support.cpp\n'}
[1.293672] (pylon_ros2_camera_interfaces) StdoutLine: {'line': b'-- Up-to-date: /home/mcav/cam_dev_ws/install/pylon_ros2_camera_interfaces/include/pylon_ros2_camera_interfaces/pylon_ros2_camera_interfaces/srv/detail/set_white_balance__rosidl_typesupport_introspection_cpp.hpp\n'}
[1.293737] (pylon_ros2_camera_interfaces) StdoutLine: {'line': b'-- Up-to-date: /home/mcav/cam_dev_ws/install/pylon_ros2_camera_interfaces/include/pylon_ros2_camera_interfaces/pylon_ros2_camera_interfaces/srv/detail/set_string_value__type_support.cpp\n'}
[1.293797] (pylon_ros2_camera_interfaces) StdoutLine: {'line': b'-- Up-to-date: /home/mcav/cam_dev_ws/install/pylon_ros2_camera_interfaces/include/pylon_ros2_camera_interfaces/pylon_ros2_camera_interfaces/srv/detail/set_gamma__rosidl_typesupport_introspection_cpp.hpp\n'}
[1.293874] (pylon_ros2_camera_interfaces) StdoutLine: {'line': b'-- Up-to-date: /home/mcav/cam_dev_ws/install/pylon_ros2_camera_interfaces/include/pylon_ros2_camera_interfaces/pylon_ros2_camera_interfaces/srv/detail/get_ptp_status__rosidl_typesupport_introspection_cpp.hpp\n'}
[1.293950] (pylon_ros2_camera_interfaces) StdoutLine: {'line': b'-- Up-to-date: /home/mcav/cam_dev_ws/install/pylon_ros2_camera_interfaces/include/pylon_ros2_camera_interfaces/pylon_ros2_camera_interfaces/srv/detail/set_binning__type_support.cpp\n'}
[1.294115] (pylon_ros2_camera_interfaces) StdoutLine: {'line': b'-- Up-to-date: /home/mcav/cam_dev_ws/install/pylon_ros2_camera_interfaces/include/pylon_ros2_camera_interfaces/pylon_ros2_camera_interfaces/srv/detail/set_gain__type_support.cpp\n'}
[1.294192] (pylon_ros2_camera_interfaces) StdoutLine: {'line': b'-- Up-to-date: /home/mcav/cam_dev_ws/install/pylon_ros2_camera_interfaces/include/pylon_ros2_camera_interfaces/pylon_ros2_camera_interfaces/srv/detail/set_brightness__type_support.cpp\n'}
[1.294254] (pylon_ros2_camera_interfaces) StdoutLine: {'line': b'-- Up-to-date: /home/mcav/cam_dev_ws/install/pylon_ros2_camera_interfaces/include/pylon_ros2_camera_interfaces/pylon_ros2_camera_interfaces/srv/detail/set_action_trigger_configuration__rosidl_typesupport_introspection_cpp.hpp\n'}
[1.294317] (pylon_ros2_camera_interfaces) StdoutLine: {'line': b'-- Up-to-date: /home/mcav/cam_dev_ws/install/pylon_ros2_camera_interfaces/include/pylon_ros2_camera_interfaces/pylon_ros2_camera_interfaces/srv/detail/get_ptp_status__type_support.cpp\n'}
[1.294378] (pylon_ros2_camera_interfaces) StdoutLine: {'line': b'-- Up-to-date: /home/mcav/cam_dev_ws/install/pylon_ros2_camera_interfaces/include/pylon_ros2_camera_interfaces/pylon_ros2_camera_interfaces/srv/detail/set_integer_value__rosidl_typesupport_introspection_cpp.hpp\n'}
[1.294439] (pylon_ros2_camera_interfaces) StdoutLine: {'line': b'-- Up-to-date: /home/mcav/cam_dev_ws/install/pylon_ros2_camera_interfaces/include/pylon_ros2_camera_interfaces/pylon_ros2_camera_interfaces/srv/detail/set_sleeping__rosidl_typesupport_introspection_cpp.hpp\n'}
[1.294500] (pylon_ros2_camera_interfaces) StdoutLine: {'line': b'-- Up-to-date: /home/mcav/cam_dev_ws/install/pylon_ros2_camera_interfaces/include/pylon_ros2_camera_interfaces/pylon_ros2_camera_interfaces/srv/detail/set_white_balance__type_support.cpp\n'}
[1.294568] (pylon_ros2_camera_interfaces) StdoutLine: {'line': b'-- Up-to-date: /home/mcav/cam_dev_ws/install/pylon_ros2_camera_interfaces/include/pylon_ros2_camera_interfaces/pylon_ros2_camera_interfaces/srv/detail/set_brightness__rosidl_typesupport_introspection_cpp.hpp\n'}
[1.294630] (pylon_ros2_camera_interfaces) StdoutLine: {'line': b'-- Up-to-date: /home/mcav/cam_dev_ws/install/pylon_ros2_camera_interfaces/include/pylon_ros2_camera_interfaces/pylon_ros2_camera_interfaces/srv/detail/issue_scheduled_action_command__type_support.cpp\n'}
[1.294690] (pylon_ros2_camera_interfaces) StdoutLine: {'line': b'-- Up-to-date: /home/mcav/cam_dev_ws/install/pylon_ros2_camera_interfaces/include/pylon_ros2_camera_interfaces/pylon_ros2_camera_interfaces/srv/detail/set_gamma__type_support.cpp\n'}
[1.294750] (pylon_ros2_camera_interfaces) StdoutLine: {'line': b'-- Installing: /home/mcav/cam_dev_ws/install/pylon_ros2_camera_interfaces/lib/libpylon_ros2_camera_interfaces__rosidl_typesupport_introspection_cpp.so\n'}
[1.294811] (pylon_ros2_camera_interfaces) StdoutLine: {'line': b'-- Set non-toolchain portion of runtime path of "/home/mcav/cam_dev_ws/install/pylon_ros2_camera_interfaces/lib/libpylon_ros2_camera_interfaces__rosidl_typesupport_introspection_cpp.so" to ""\n'}
[1.294872] (pylon_ros2_camera_interfaces) StdoutLine: {'line': b'-- Installing: /home/mcav/cam_dev_ws/install/pylon_ros2_camera_interfaces/lib/libpylon_ros2_camera_interfaces__rosidl_typesupport_cpp.so\n'}
[1.294932] (pylon_ros2_camera_interfaces) StdoutLine: {'line': b'-- Set non-toolchain portion of runtime path of "/home/mcav/cam_dev_ws/install/pylon_ros2_camera_interfaces/lib/libpylon_ros2_camera_interfaces__rosidl_typesupport_cpp.so" to ""\n'}
[1.294991] (pylon_ros2_camera_interfaces) StdoutLine: {'line': b'-- Up-to-date: /home/mcav/cam_dev_ws/install/pylon_ros2_camera_interfaces/share/pylon_ros2_camera_interfaces/environment/pythonpath.sh\n'}
[1.295051] (pylon_ros2_camera_interfaces) StdoutLine: {'line': b'-- Up-to-date: /home/mcav/cam_dev_ws/install/pylon_ros2_camera_interfaces/share/pylon_ros2_camera_interfaces/environment/pythonpath.dsv\n'}
[1.295111] (pylon_ros2_camera_interfaces) StdoutLine: {'line': b'-- Up-to-date: /home/mcav/cam_dev_ws/install/pylon_ros2_camera_interfaces/local/lib/python3.10/dist-packages/pylon_ros2_camera_interfaces-1.1.0-py3.10.egg-info\n'}
[1.295175] (pylon_ros2_camera_interfaces) StdoutLine: {'line': b'-- Installing: /home/mcav/cam_dev_ws/install/pylon_ros2_camera_interfaces/local/lib/python3.10/dist-packages/pylon_ros2_camera_interfaces-1.1.0-py3.10.egg-info/top_level.txt\n'}
[1.295238] (pylon_ros2_camera_interfaces) StdoutLine: {'line': b'-- Installing: /home/mcav/cam_dev_ws/install/pylon_ros2_camera_interfaces/local/lib/python3.10/dist-packages/pylon_ros2_camera_interfaces-1.1.0-py3.10.egg-info/dependency_links.txt\n'}
[1.295299] (pylon_ros2_camera_interfaces) StdoutLine: {'line': b'-- Installing: /home/mcav/cam_dev_ws/install/pylon_ros2_camera_interfaces/local/lib/python3.10/dist-packages/pylon_ros2_camera_interfaces-1.1.0-py3.10.egg-info/PKG-INFO\n'}
[1.295358] (pylon_ros2_camera_interfaces) StdoutLine: {'line': b'-- Installing: /home/mcav/cam_dev_ws/install/pylon_ros2_camera_interfaces/local/lib/python3.10/dist-packages/pylon_ros2_camera_interfaces-1.1.0-py3.10.egg-info/SOURCES.txt\n'}
[1.295418] (pylon_ros2_camera_interfaces) StdoutLine: {'line': b'-- Up-to-date: /home/mcav/cam_dev_ws/install/pylon_ros2_camera_interfaces/local/lib/python3.10/dist-packages/pylon_ros2_camera_interfaces\n'}
[1.295478] (pylon_ros2_camera_interfaces) StdoutLine: {'line': b'-- Up-to-date: /home/mcav/cam_dev_ws/install/pylon_ros2_camera_interfaces/local/lib/python3.10/dist-packages/pylon_ros2_camera_interfaces/msg\n'}
[1.295537] (pylon_ros2_camera_interfaces) StdoutLine: {'line': b'-- Up-to-date: /home/mcav/cam_dev_ws/install/pylon_ros2_camera_interfaces/local/lib/python3.10/dist-packages/pylon_ros2_camera_interfaces/msg/_current_params_s.c\n'}
[1.295597] (pylon_ros2_camera_interfaces) StdoutLine: {'line': b'-- Up-to-date: /home/mcav/cam_dev_ws/install/pylon_ros2_camera_interfaces/local/lib/python3.10/dist-packages/pylon_ros2_camera_interfaces/msg/__init__.py\n'}
[1.295656] (pylon_ros2_camera_interfaces) StdoutLine: {'line': b'-- Up-to-date: /home/mcav/cam_dev_ws/install/pylon_ros2_camera_interfaces/local/lib/python3.10/dist-packages/pylon_ros2_camera_interfaces/msg/_component_status.py\n'}
[1.295716] (pylon_ros2_camera_interfaces) StdoutLine: {'line': b'-- Up-to-date: /home/mcav/cam_dev_ws/install/pylon_ros2_camera_interfaces/local/lib/python3.10/dist-packages/pylon_ros2_camera_interfaces/msg/_current_params.py\n'}
[1.295776] (pylon_ros2_camera_interfaces) StdoutLine: {'line': b'-- Up-to-date: /home/mcav/cam_dev_ws/install/pylon_ros2_camera_interfaces/local/lib/python3.10/dist-packages/pylon_ros2_camera_interfaces/msg/_component_status_s.c\n'}
[1.295836] (pylon_ros2_camera_interfaces) StdoutLine: {'line': b'-- Up-to-date: /home/mcav/cam_dev_ws/install/pylon_ros2_camera_interfaces/local/lib/python3.10/dist-packages/pylon_ros2_camera_interfaces/action\n'}
[1.295896] (pylon_ros2_camera_interfaces) StdoutLine: {'line': b'-- Up-to-date: /home/mcav/cam_dev_ws/install/pylon_ros2_camera_interfaces/local/lib/python3.10/dist-packages/pylon_ros2_camera_interfaces/action/_grab_blaze_data.py\n'}
[1.295955] (pylon_ros2_camera_interfaces) StdoutLine: {'line': b'-- Up-to-date: /home/mcav/cam_dev_ws/install/pylon_ros2_camera_interfaces/local/lib/python3.10/dist-packages/pylon_ros2_camera_interfaces/action/_grab_images_s.c\n'}
[1.296015] (pylon_ros2_camera_interfaces) StdoutLine: {'line': b'-- Up-to-date: /home/mcav/cam_dev_ws/install/pylon_ros2_camera_interfaces/local/lib/python3.10/dist-packages/pylon_ros2_camera_interfaces/action/__init__.py\n'}
[1.296081] (pylon_ros2_camera_interfaces) StdoutLine: {'line': b'-- Up-to-date: /home/mcav/cam_dev_ws/install/pylon_ros2_camera_interfaces/local/lib/python3.10/dist-packages/pylon_ros2_camera_interfaces/action/_grab_images.py\n'}
[1.296141] (pylon_ros2_camera_interfaces) StdoutLine: {'line': b'-- Up-to-date: /home/mcav/cam_dev_ws/install/pylon_ros2_camera_interfaces/local/lib/python3.10/dist-packages/pylon_ros2_camera_interfaces/action/_grab_blaze_data_s.c\n'}
[1.296200] (pylon_ros2_camera_interfaces) StdoutLine: {'line': b'-- Up-to-date: /home/mcav/cam_dev_ws/install/pylon_ros2_camera_interfaces/local/lib/python3.10/dist-packages/pylon_ros2_camera_interfaces/_pylon_ros2_camera_interfaces_s.ep.rosidl_typesupport_introspection_c.c\n'}
[1.296264] (pylon_ros2_camera_interfaces) StdoutLine: {'line': b'-- Installing: /home/mcav/cam_dev_ws/install/pylon_ros2_camera_interfaces/local/lib/python3.10/dist-packages/pylon_ros2_camera_interfaces/pylon_ros2_camera_interfaces_s__rosidl_typesupport_c.cpython-310-x86_64-linux-gnu.so\n'}
[1.296325] (pylon_ros2_camera_interfaces) StdoutLine: {'line': b'-- Up-to-date: /home/mcav/cam_dev_ws/install/pylon_ros2_camera_interfaces/local/lib/python3.10/dist-packages/pylon_ros2_camera_interfaces/_pylon_ros2_camera_interfaces_s.ep.rosidl_typesupport_fastrtps_c.c\n'}
[1.296385] (pylon_ros2_camera_interfaces) StdoutLine: {'line': b'-- Up-to-date: /home/mcav/cam_dev_ws/install/pylon_ros2_camera_interfaces/local/lib/python3.10/dist-packages/pylon_ros2_camera_interfaces/__init__.py\n'}
[1.296444] (pylon_ros2_camera_interfaces) StdoutLine: {'line': b'-- Installing: /home/mcav/cam_dev_ws/install/pylon_ros2_camera_interfaces/local/lib/python3.10/dist-packages/pylon_ros2_camera_interfaces/pylon_ros2_camera_interfaces_s__rosidl_typesupport_introspection_c.cpython-310-x86_64-linux-gnu.so\n'}
[1.296505] (pylon_ros2_camera_interfaces) StdoutLine: {'line': b'-- Up-to-date: /home/mcav/cam_dev_ws/install/pylon_ros2_camera_interfaces/local/lib/python3.10/dist-packages/pylon_ros2_camera_interfaces/srv\n'}
[1.296564] (pylon_ros2_camera_interfaces) StdoutLine: {'line': b'-- Up-to-date: /home/mcav/cam_dev_ws/install/pylon_ros2_camera_interfaces/local/lib/python3.10/dist-packages/pylon_ros2_camera_interfaces/srv/_set_gain.py\n'}
[1.296627] (pylon_ros2_camera_interfaces) StdoutLine: {'line': b'-- Up-to-date: /home/mcav/cam_dev_ws/install/pylon_ros2_camera_interfaces/local/lib/python3.10/dist-packages/pylon_ros2_camera_interfaces/srv/_get_string_value.py\n'}
[1.296687] (pylon_ros2_camera_interfaces) StdoutLine: {'line': b'-- Up-to-date: /home/mcav/cam_dev_ws/install/pylon_ros2_camera_interfaces/local/lib/python3.10/dist-packages/pylon_ros2_camera_interfaces/srv/_set_roi.py\n'}
[1.296747] (pylon_ros2_camera_interfaces) StdoutLine: {'line': b'-- Up-to-date: /home/mcav/cam_dev_ws/install/pylon_ros2_camera_interfaces/local/lib/python3.10/dist-packages/pylon_ros2_camera_interfaces/srv/_set_brightness_s.c\n'}
[1.296806] (pylon_ros2_camera_interfaces) StdoutLine: {'line': b'-- Up-to-date: /home/mcav/cam_dev_ws/install/pylon_ros2_camera_interfaces/local/lib/python3.10/dist-packages/pylon_ros2_camera_interfaces/srv/_set_white_balance_s.c\n'}
[1.296866] (pylon_ros2_camera_interfaces) StdoutLine: {'line': b'-- Up-to-date: /home/mcav/cam_dev_ws/install/pylon_ros2_camera_interfaces/local/lib/python3.10/dist-packages/pylon_ros2_camera_interfaces/srv/_set_sleeping.py\n'}
[1.296925] (pylon_ros2_camera_interfaces) StdoutLine: {'line': b'-- Up-to-date: /home/mcav/cam_dev_ws/install/pylon_ros2_camera_interfaces/local/lib/python3.10/dist-packages/pylon_ros2_camera_interfaces/srv/_set_exposure.py\n'}
[1.296985] (pylon_ros2_camera_interfaces) StdoutLine: {'line': b'-- Up-to-date: /home/mcav/cam_dev_ws/install/pylon_ros2_camera_interfaces/local/lib/python3.10/dist-packages/pylon_ros2_camera_interfaces/srv/_get_integer_value.py\n'}
[1.297044] (pylon_ros2_camera_interfaces) StdoutLine: {'line': b'-- Up-to-date: /home/mcav/cam_dev_ws/install/pylon_ros2_camera_interfaces/local/lib/python3.10/dist-packages/pylon_ros2_camera_interfaces/srv/_issue_scheduled_action_command_s.c\n'}
[1.297104] (pylon_ros2_camera_interfaces) StdoutLine: {'line': b'-- Up-to-date: /home/mcav/cam_dev_ws/install/pylon_ros2_camera_interfaces/local/lib/python3.10/dist-packages/pylon_ros2_camera_interfaces/srv/_set_integer_value_s.c\n'}
[1.297164] (pylon_ros2_camera_interfaces) StdoutLine: {'line': b'-- Up-to-date: /home/mcav/cam_dev_ws/install/pylon_ros2_camera_interfaces/local/lib/python3.10/dist-packages/pylon_ros2_camera_interfaces/srv/_set_exposure_s.c\n'}
[1.297223] (pylon_ros2_camera_interfaces) StdoutLine: {'line': b'-- Up-to-date: /home/mcav/cam_dev_ws/install/pylon_ros2_camera_interfaces/local/lib/python3.10/dist-packages/pylon_ros2_camera_interfaces/srv/_set_integer_value.py\n'}
[1.297288] (pylon_ros2_camera_interfaces) StdoutLine: {'line': b'-- Up-to-date: /home/mcav/cam_dev_ws/install/pylon_ros2_camera_interfaces/local/lib/python3.10/dist-packages/pylon_ros2_camera_interfaces/srv/_get_ptp_status_s.c\n'}
[1.297348] (pylon_ros2_camera_interfaces) StdoutLine: {'line': b'-- Up-to-date: /home/mcav/cam_dev_ws/install/pylon_ros2_camera_interfaces/local/lib/python3.10/dist-packages/pylon_ros2_camera_interfaces/srv/_set_string_value_s.c\n'}
[1.297408] (pylon_ros2_camera_interfaces) StdoutLine: {'line': b'-- Up-to-date: /home/mcav/cam_dev_ws/install/pylon_ros2_camera_interfaces/local/lib/python3.10/dist-packages/pylon_ros2_camera_interfaces/srv/_set_binning_s.c\n'}
[1.297468] (pylon_ros2_camera_interfaces) StdoutLine: {'line': b'-- Up-to-date: /home/mcav/cam_dev_ws/install/pylon_ros2_camera_interfaces/local/lib/python3.10/dist-packages/pylon_ros2_camera_interfaces/srv/_set_roi_s.c\n'}
[1.297566] (pylon_ros2_camera_interfaces) StdoutLine: {'line': b'-- Up-to-date: /home/mcav/cam_dev_ws/install/pylon_ros2_camera_interfaces/local/lib/python3.10/dist-packages/pylon_ros2_camera_interfaces/srv/_set_float_value.py\n'}
[1.297626] (pylon_ros2_camera_interfaces) StdoutLine: {'line': b'-- Up-to-date: /home/mcav/cam_dev_ws/install/pylon_ros2_camera_interfaces/local/lib/python3.10/dist-packages/pylon_ros2_camera_interfaces/srv/_set_gamma_s.c\n'}
[1.297685] (pylon_ros2_camera_interfaces) StdoutLine: {'line': b'-- Up-to-date: /home/mcav/cam_dev_ws/install/pylon_ros2_camera_interfaces/local/lib/python3.10/dist-packages/pylon_ros2_camera_interfaces/srv/__init__.py\n'}
[1.297745] (pylon_ros2_camera_interfaces) StdoutLine: {'line': b'-- Up-to-date: /home/mcav/cam_dev_ws/install/pylon_ros2_camera_interfaces/local/lib/python3.10/dist-packages/pylon_ros2_camera_interfaces/srv/_issue_action_command.py\n'}
[1.297805] (pylon_ros2_camera_interfaces) StdoutLine: {'line': b'-- Up-to-date: /home/mcav/cam_dev_ws/install/pylon_ros2_camera_interfaces/local/lib/python3.10/dist-packages/pylon_ros2_camera_interfaces/srv/_get_string_value_s.c\n'}
[1.297865] (pylon_ros2_camera_interfaces) StdoutLine: {'line': b'-- Up-to-date: /home/mcav/cam_dev_ws/install/pylon_ros2_camera_interfaces/local/lib/python3.10/dist-packages/pylon_ros2_camera_interfaces/srv/_issue_action_command_s.c\n'}
[1.297924] (pylon_ros2_camera_interfaces) StdoutLine: {'line': b'-- Up-to-date: /home/mcav/cam_dev_ws/install/pylon_ros2_camera_interfaces/local/lib/python3.10/dist-packages/pylon_ros2_camera_interfaces/srv/_set_gain_s.c\n'}
[1.297984] (pylon_ros2_camera_interfaces) StdoutLine: {'line': b'-- Up-to-date: /home/mcav/cam_dev_ws/install/pylon_ros2_camera_interfaces/local/lib/python3.10/dist-packages/pylon_ros2_camera_interfaces/srv/_get_float_value.py\n'}
[1.298078] (pylon_ros2_camera_interfaces) StdoutLine: {'line': b'-- Up-to-date: /home/mcav/cam_dev_ws/install/pylon_ros2_camera_interfaces/local/lib/python3.10/dist-packages/pylon_ros2_camera_interfaces/srv/_set_brightness.py\n'}
[1.298181] (pylon_ros2_camera_interfaces) StdoutLine: {'line': b'-- Up-to-date: /home/mcav/cam_dev_ws/install/pylon_ros2_camera_interfaces/local/lib/python3.10/dist-packages/pylon_ros2_camera_interfaces/srv/_set_sleeping_s.c\n'}
[1.298258] (pylon_ros2_camera_interfaces) StdoutLine: {'line': b'-- Up-to-date: /home/mcav/cam_dev_ws/install/pylon_ros2_camera_interfaces/local/lib/python3.10/dist-packages/pylon_ros2_camera_interfaces/srv/_get_integer_value_s.c\n'}
[1.298326] (pylon_ros2_camera_interfaces) StdoutLine: {'line': b'-- Up-to-date: /home/mcav/cam_dev_ws/install/pylon_ros2_camera_interfaces/local/lib/python3.10/dist-packages/pylon_ros2_camera_interfaces/srv/_set_binning.py\n'}
[1.298391] (pylon_ros2_camera_interfaces) StdoutLine: {'line': b'-- Up-to-date: /home/mcav/cam_dev_ws/install/pylon_ros2_camera_interfaces/local/lib/python3.10/dist-packages/pylon_ros2_camera_interfaces/srv/_get_float_value_s.c\n'}
[1.298452] (pylon_ros2_camera_interfaces) StdoutLine: {'line': b'-- Up-to-date: /home/mcav/cam_dev_ws/install/pylon_ros2_camera_interfaces/local/lib/python3.10/dist-packages/pylon_ros2_camera_interfaces/srv/_get_ptp_status.py\n'}
[1.298517] (pylon_ros2_camera_interfaces) StdoutLine: {'line': b'-- Up-to-date: /home/mcav/cam_dev_ws/install/pylon_ros2_camera_interfaces/local/lib/python3.10/dist-packages/pylon_ros2_camera_interfaces/srv/_set_action_trigger_configuration_s.c\n'}
[1.298579] (pylon_ros2_camera_interfaces) StdoutLine: {'line': b'-- Up-to-date: /home/mcav/cam_dev_ws/install/pylon_ros2_camera_interfaces/local/lib/python3.10/dist-packages/pylon_ros2_camera_interfaces/srv/_set_gamma.py\n'}
[1.298639] (pylon_ros2_camera_interfaces) StdoutLine: {'line': b'-- Up-to-date: /home/mcav/cam_dev_ws/install/pylon_ros2_camera_interfaces/local/lib/python3.10/dist-packages/pylon_ros2_camera_interfaces/srv/_set_float_value_s.c\n'}
[1.298700] (pylon_ros2_camera_interfaces) StdoutLine: {'line': b'-- Up-to-date: /home/mcav/cam_dev_ws/install/pylon_ros2_camera_interfaces/local/lib/python3.10/dist-packages/pylon_ros2_camera_interfaces/srv/_set_string_value.py\n'}
[1.298762] (pylon_ros2_camera_interfaces) StdoutLine: {'line': b'-- Up-to-date: /home/mcav/cam_dev_ws/install/pylon_ros2_camera_interfaces/local/lib/python3.10/dist-packages/pylon_ros2_camera_interfaces/srv/_set_white_balance.py\n'}
[1.298823] (pylon_ros2_camera_interfaces) StdoutLine: {'line': b'-- Up-to-date: /home/mcav/cam_dev_ws/install/pylon_ros2_camera_interfaces/local/lib/python3.10/dist-packages/pylon_ros2_camera_interfaces/srv/_set_action_trigger_configuration.py\n'}
[1.298884] (pylon_ros2_camera_interfaces) StdoutLine: {'line': b'-- Up-to-date: /home/mcav/cam_dev_ws/install/pylon_ros2_camera_interfaces/local/lib/python3.10/dist-packages/pylon_ros2_camera_interfaces/srv/_issue_scheduled_action_command.py\n'}
[1.298945] (pylon_ros2_camera_interfaces) StdoutLine: {'line': b'-- Installing: /home/mcav/cam_dev_ws/install/pylon_ros2_camera_interfaces/local/lib/python3.10/dist-packages/pylon_ros2_camera_interfaces/libpylon_ros2_camera_interfaces__rosidl_generator_py.so\n'}
[1.299007] (pylon_ros2_camera_interfaces) StdoutLine: {'line': b'-- Installing: /home/mcav/cam_dev_ws/install/pylon_ros2_camera_interfaces/local/lib/python3.10/dist-packages/pylon_ros2_camera_interfaces/pylon_ros2_camera_interfaces_s__rosidl_typesupport_fastrtps_c.cpython-310-x86_64-linux-gnu.so\n'}
[1.299069] (pylon_ros2_camera_interfaces) StdoutLine: {'line': b'-- Up-to-date: /home/mcav/cam_dev_ws/install/pylon_ros2_camera_interfaces/local/lib/python3.10/dist-packages/pylon_ros2_camera_interfaces/_pylon_ros2_camera_interfaces_s.ep.rosidl_typesupport_c.c\n'}
[1.300292] (-) TimerEvent: {}
[1.314623] (pylon_ros2_camera_interfaces) StdoutLine: {'line': b"Listing '/home/mcav/cam_dev_ws/install/pylon_ros2_camera_interfaces/local/lib/python3.10/dist-packages/pylon_ros2_camera_interfaces'...\n"}
[1.314765] (pylon_ros2_camera_interfaces) StdoutLine: {'line': b"Listing '/home/mcav/cam_dev_ws/install/pylon_ros2_camera_interfaces/local/lib/python3.10/dist-packages/pylon_ros2_camera_interfaces/action'...\n"}
[1.314839] (pylon_ros2_camera_interfaces) StdoutLine: {'line': b"Listing '/home/mcav/cam_dev_ws/install/pylon_ros2_camera_interfaces/local/lib/python3.10/dist-packages/pylon_ros2_camera_interfaces/msg'...\n"}
[1.314904] (pylon_ros2_camera_interfaces) StdoutLine: {'line': b"Listing '/home/mcav/cam_dev_ws/install/pylon_ros2_camera_interfaces/local/lib/python3.10/dist-packages/pylon_ros2_camera_interfaces/srv'...\n"}
[1.320214] (pylon_ros2_camera_interfaces) StdoutLine: {'line': b'-- Installing: /home/mcav/cam_dev_ws/install/pylon_ros2_camera_interfaces/local/lib/python3.10/dist-packages/pylon_ros2_camera_interfaces/pylon_ros2_camera_interfaces_s__rosidl_typesupport_fastrtps_c.cpython-310-x86_64-linux-gnu.so\n'}
[1.321152] (pylon_ros2_camera_interfaces) StdoutLine: {'line': b'-- Set non-toolchain portion of runtime path of "/home/mcav/cam_dev_ws/install/pylon_ros2_camera_interfaces/local/lib/python3.10/dist-packages/pylon_ros2_camera_interfaces/pylon_ros2_camera_interfaces_s__rosidl_typesupport_fastrtps_c.cpython-310-x86_64-linux-gnu.so" to ""\n'}
[1.321539] (pylon_ros2_camera_interfaces) StdoutLine: {'line': b'-- Installing: /home/mcav/cam_dev_ws/install/pylon_ros2_camera_interfaces/local/lib/python3.10/dist-packages/pylon_ros2_camera_interfaces/pylon_ros2_camera_interfaces_s__rosidl_typesupport_introspection_c.cpython-310-x86_64-linux-gnu.so\n'}
[1.322550] (pylon_ros2_camera_interfaces) StdoutLine: {'line': b'-- Set non-toolchain portion of runtime path of "/home/mcav/cam_dev_ws/install/pylon_ros2_camera_interfaces/local/lib/python3.10/dist-packages/pylon_ros2_camera_interfaces/pylon_ros2_camera_interfaces_s__rosidl_typesupport_introspection_c.cpython-310-x86_64-linux-gnu.so" to ""\n'}
[1.322965] (pylon_ros2_camera_interfaces) StdoutLine: {'line': b'-- Installing: /home/mcav/cam_dev_ws/install/pylon_ros2_camera_interfaces/local/lib/python3.10/dist-packages/pylon_ros2_camera_interfaces/pylon_ros2_camera_interfaces_s__rosidl_typesupport_c.cpython-310-x86_64-linux-gnu.so\n'}
[1.323868] (pylon_ros2_camera_interfaces) StdoutLine: {'line': b'-- Set non-toolchain portion of runtime path of "/home/mcav/cam_dev_ws/install/pylon_ros2_camera_interfaces/local/lib/python3.10/dist-packages/pylon_ros2_camera_interfaces/pylon_ros2_camera_interfaces_s__rosidl_typesupport_c.cpython-310-x86_64-linux-gnu.so" to ""\n'}
[1.324245] (pylon_ros2_camera_interfaces) StdoutLine: {'line': b'-- Installing: /home/mcav/cam_dev_ws/install/pylon_ros2_camera_interfaces/lib/libpylon_ros2_camera_interfaces__rosidl_generator_py.so\n'}
[1.325292] (pylon_ros2_camera_interfaces) StdoutLine: {'line': b'-- Set non-toolchain portion of runtime path of "/home/mcav/cam_dev_ws/install/pylon_ros2_camera_interfaces/lib/libpylon_ros2_camera_interfaces__rosidl_generator_py.so" to ""\n'}
[1.325533] (pylon_ros2_camera_interfaces) StdoutLine: {'line': b'-- Up-to-date: /home/mcav/cam_dev_ws/install/pylon_ros2_camera_interfaces/share/ament_index/resource_index/rust_packages/pylon_ros2_camera_interfaces\n'}
[1.325901] (pylon_ros2_camera_interfaces) StdoutLine: {'line': b'-- Up-to-date: /home/mcav/cam_dev_ws/install/pylon_ros2_camera_interfaces/share/pylon_ros2_camera_interfaces/rust\n'}
[1.326221] (pylon_ros2_camera_interfaces) StdoutLine: {'line': b'-- Up-to-date: /home/mcav/cam_dev_ws/install/pylon_ros2_camera_interfaces/share/pylon_ros2_camera_interfaces/rust/Cargo.toml\n'}
[1.326486] (pylon_ros2_camera_interfaces) StdoutLine: {'line': b'-- Up-to-date: /home/mcav/cam_dev_ws/install/pylon_ros2_camera_interfaces/share/pylon_ros2_camera_interfaces/rust/src\n'}
[1.326692] (pylon_ros2_camera_interfaces) StdoutLine: {'line': b'-- Up-to-date: /home/mcav/cam_dev_ws/install/pylon_ros2_camera_interfaces/share/pylon_ros2_camera_interfaces/rust/src/msg\n'}
[1.326890] (pylon_ros2_camera_interfaces) StdoutLine: {'line': b'-- Up-to-date: /home/mcav/cam_dev_ws/install/pylon_ros2_camera_interfaces/share/pylon_ros2_camera_interfaces/rust/src/msg/rmw.rs\n'}
[1.327095] (pylon_ros2_camera_interfaces) StdoutLine: {'line': b'-- Up-to-date: /home/mcav/cam_dev_ws/install/pylon_ros2_camera_interfaces/share/pylon_ros2_camera_interfaces/rust/src/action\n'}
[1.327270] (pylon_ros2_camera_interfaces) StdoutLine: {'line': b'-- Up-to-date: /home/mcav/cam_dev_ws/install/pylon_ros2_camera_interfaces/share/pylon_ros2_camera_interfaces/rust/src/action/rmw.rs\n'}
[1.327464] (pylon_ros2_camera_interfaces) StdoutLine: {'line': b'-- Up-to-date: /home/mcav/cam_dev_ws/install/pylon_ros2_camera_interfaces/share/pylon_ros2_camera_interfaces/rust/src/action.rs\n'}
[1.327643] (pylon_ros2_camera_interfaces) StdoutLine: {'line': b'-- Up-to-date: /home/mcav/cam_dev_ws/install/pylon_ros2_camera_interfaces/share/pylon_ros2_camera_interfaces/rust/src/srv\n'}
[1.327824] (pylon_ros2_camera_interfaces) StdoutLine: {'line': b'-- Up-to-date: /home/mcav/cam_dev_ws/install/pylon_ros2_camera_interfaces/share/pylon_ros2_camera_interfaces/rust/src/srv/rmw.rs\n'}
[1.328036] (pylon_ros2_camera_interfaces) StdoutLine: {'line': b'-- Up-to-date: /home/mcav/cam_dev_ws/install/pylon_ros2_camera_interfaces/share/pylon_ros2_camera_interfaces/rust/src/msg.rs\n'}
[1.328244] (pylon_ros2_camera_interfaces) StdoutLine: {'line': b'-- Up-to-date: /home/mcav/cam_dev_ws/install/pylon_ros2_camera_interfaces/share/pylon_ros2_camera_interfaces/rust/src/srv.rs\n'}
[1.328437] (pylon_ros2_camera_interfaces) StdoutLine: {'line': b'-- Up-to-date: /home/mcav/cam_dev_ws/install/pylon_ros2_camera_interfaces/share/pylon_ros2_camera_interfaces/rust/src/lib.rs\n'}
[1.328594] (pylon_ros2_camera_interfaces) StdoutLine: {'line': b'-- Up-to-date: /home/mcav/cam_dev_ws/install/pylon_ros2_camera_interfaces/share/pylon_ros2_camera_interfaces/rust/build.rs\n'}
[1.328802] (pylon_ros2_camera_interfaces) StdoutLine: {'line': b'-- Up-to-date: /home/mcav/cam_dev_ws/install/pylon_ros2_camera_interfaces/share/pylon_ros2_camera_interfaces/msg/CurrentParams.idl\n'}
[1.328996] (pylon_ros2_camera_interfaces) StdoutLine: {'line': b'-- Up-to-date: /home/mcav/cam_dev_ws/install/pylon_ros2_camera_interfaces/share/pylon_ros2_camera_interfaces/msg/ComponentStatus.idl\n'}
[1.329146] (pylon_ros2_camera_interfaces) StdoutLine: {'line': b'-- Up-to-date: /home/mcav/cam_dev_ws/install/pylon_ros2_camera_interfaces/share/pylon_ros2_camera_interfaces/srv/GetIntegerValue.idl\n'}
[1.329334] (pylon_ros2_camera_interfaces) StdoutLine: {'line': b'-- Up-to-date: /home/mcav/cam_dev_ws/install/pylon_ros2_camera_interfaces/share/pylon_ros2_camera_interfaces/srv/GetFloatValue.idl\n'}
[1.329502] (pylon_ros2_camera_interfaces) StdoutLine: {'line': b'-- Up-to-date: /home/mcav/cam_dev_ws/install/pylon_ros2_camera_interfaces/share/pylon_ros2_camera_interfaces/srv/GetStringValue.idl\n'}
[1.329664] (pylon_ros2_camera_interfaces) StdoutLine: {'line': b'-- Up-to-date: /home/mcav/cam_dev_ws/install/pylon_ros2_camera_interfaces/share/pylon_ros2_camera_interfaces/srv/GetPtpStatus.idl\n'}
[1.329893] (pylon_ros2_camera_interfaces) StdoutLine: {'line': b'-- Up-to-date: /home/mcav/cam_dev_ws/install/pylon_ros2_camera_interfaces/share/pylon_ros2_camera_interfaces/srv/SetBinning.idl\n'}
[1.330055] (pylon_ros2_camera_interfaces) StdoutLine: {'line': b'-- Up-to-date: /home/mcav/cam_dev_ws/install/pylon_ros2_camera_interfaces/share/pylon_ros2_camera_interfaces/srv/SetBrightness.idl\n'}
[1.330247] (pylon_ros2_camera_interfaces) StdoutLine: {'line': b'-- Up-to-date: /home/mcav/cam_dev_ws/install/pylon_ros2_camera_interfaces/share/pylon_ros2_camera_interfaces/srv/SetExposure.idl\n'}
[1.330414] (pylon_ros2_camera_interfaces) StdoutLine: {'line': b'-- Up-to-date: /home/mcav/cam_dev_ws/install/pylon_ros2_camera_interfaces/share/pylon_ros2_camera_interfaces/srv/SetGain.idl\n'}
[1.330610] (pylon_ros2_camera_interfaces) StdoutLine: {'line': b'-- Up-to-date: /home/mcav/cam_dev_ws/install/pylon_ros2_camera_interfaces/share/pylon_ros2_camera_interfaces/srv/SetGamma.idl\n'}
[1.330756] (pylon_ros2_camera_interfaces) StdoutLine: {'line': b'-- Up-to-date: /home/mcav/cam_dev_ws/install/pylon_ros2_camera_interfaces/share/pylon_ros2_camera_interfaces/srv/SetROI.idl\n'}
[1.330938] (pylon_ros2_camera_interfaces) StdoutLine: {'line': b'-- Up-to-date: /home/mcav/cam_dev_ws/install/pylon_ros2_camera_interfaces/share/pylon_ros2_camera_interfaces/srv/SetSleeping.idl\n'}
[1.331138] (pylon_ros2_camera_interfaces) StdoutLine: {'line': b'-- Up-to-date: /home/mcav/cam_dev_ws/install/pylon_ros2_camera_interfaces/share/pylon_ros2_camera_interfaces/srv/SetWhiteBalance.idl\n'}
[1.331365] (pylon_ros2_camera_interfaces) StdoutLine: {'line': b'-- Up-to-date: /home/mcav/cam_dev_ws/install/pylon_ros2_camera_interfaces/share/pylon_ros2_camera_interfaces/srv/SetIntegerValue.idl\n'}
[1.331538] (pylon_ros2_camera_interfaces) StdoutLine: {'line': b'-- Up-to-date: /home/mcav/cam_dev_ws/install/pylon_ros2_camera_interfaces/share/pylon_ros2_camera_interfaces/srv/SetFloatValue.idl\n'}
[1.331768] (pylon_ros2_camera_interfaces) StdoutLine: {'line': b'-- Up-to-date: /home/mcav/cam_dev_ws/install/pylon_ros2_camera_interfaces/share/pylon_ros2_camera_interfaces/srv/SetStringValue.idl\n'}
[1.331964] (pylon_ros2_camera_interfaces) StdoutLine: {'line': b'-- Up-to-date: /home/mcav/cam_dev_ws/install/pylon_ros2_camera_interfaces/share/pylon_ros2_camera_interfaces/srv/SetActionTriggerConfiguration.idl\n'}
[1.332136] (pylon_ros2_camera_interfaces) StdoutLine: {'line': b'-- Up-to-date: /home/mcav/cam_dev_ws/install/pylon_ros2_camera_interfaces/share/pylon_ros2_camera_interfaces/srv/IssueActionCommand.idl\n'}
[1.332309] (pylon_ros2_camera_interfaces) StdoutLine: {'line': b'-- Up-to-date: /home/mcav/cam_dev_ws/install/pylon_ros2_camera_interfaces/share/pylon_ros2_camera_interfaces/srv/IssueScheduledActionCommand.idl\n'}
[1.332475] (pylon_ros2_camera_interfaces) StdoutLine: {'line': b'-- Up-to-date: /home/mcav/cam_dev_ws/install/pylon_ros2_camera_interfaces/share/pylon_ros2_camera_interfaces/action/GrabImages.idl\n'}
[1.332637] (pylon_ros2_camera_interfaces) StdoutLine: {'line': b'-- Up-to-date: /home/mcav/cam_dev_ws/install/pylon_ros2_camera_interfaces/share/pylon_ros2_camera_interfaces/action/GrabBlazeData.idl\n'}
[1.332795] (pylon_ros2_camera_interfaces) StdoutLine: {'line': b'-- Up-to-date: /home/mcav/cam_dev_ws/install/pylon_ros2_camera_interfaces/share/pylon_ros2_camera_interfaces/msg/CurrentParams.msg\n'}
[1.333004] (pylon_ros2_camera_interfaces) StdoutLine: {'line': b'-- Up-to-date: /home/mcav/cam_dev_ws/install/pylon_ros2_camera_interfaces/share/pylon_ros2_camera_interfaces/msg/ComponentStatus.msg\n'}
[1.333168] (pylon_ros2_camera_interfaces) StdoutLine: {'line': b'-- Up-to-date: /home/mcav/cam_dev_ws/install/pylon_ros2_camera_interfaces/share/pylon_ros2_camera_interfaces/srv/GetIntegerValue.srv\n'}
[1.333314] (pylon_ros2_camera_interfaces) StdoutLine: {'line': b'-- Up-to-date: /home/mcav/cam_dev_ws/install/pylon_ros2_camera_interfaces/share/pylon_ros2_camera_interfaces/srv/GetIntegerValue_Request.msg\n'}
[1.333479] (pylon_ros2_camera_interfaces) StdoutLine: {'line': b'-- Up-to-date: /home/mcav/cam_dev_ws/install/pylon_ros2_camera_interfaces/share/pylon_ros2_camera_interfaces/srv/GetIntegerValue_Response.msg\n'}
[1.333699] (pylon_ros2_camera_interfaces) StdoutLine: {'line': b'-- Up-to-date: /home/mcav/cam_dev_ws/install/pylon_ros2_camera_interfaces/share/pylon_ros2_camera_interfaces/srv/GetFloatValue.srv\n'}
[1.333846] (pylon_ros2_camera_interfaces) StdoutLine: {'line': b'-- Up-to-date: /home/mcav/cam_dev_ws/install/pylon_ros2_camera_interfaces/share/pylon_ros2_camera_interfaces/srv/GetFloatValue_Request.msg\n'}
[1.334016] (pylon_ros2_camera_interfaces) StdoutLine: {'line': b'-- Up-to-date: /home/mcav/cam_dev_ws/install/pylon_ros2_camera_interfaces/share/pylon_ros2_camera_interfaces/srv/GetFloatValue_Response.msg\n'}
[1.334301] (pylon_ros2_camera_interfaces) StdoutLine: {'line': b'-- Up-to-date: /home/mcav/cam_dev_ws/install/pylon_ros2_camera_interfaces/share/pylon_ros2_camera_interfaces/srv/GetStringValue.srv\n'}
[1.334476] (pylon_ros2_camera_interfaces) StdoutLine: {'line': b'-- Up-to-date: /home/mcav/cam_dev_ws/install/pylon_ros2_camera_interfaces/share/pylon_ros2_camera_interfaces/srv/GetStringValue_Request.msg\n'}
[1.334643] (pylon_ros2_camera_interfaces) StdoutLine: {'line': b'-- Up-to-date: /home/mcav/cam_dev_ws/install/pylon_ros2_camera_interfaces/share/pylon_ros2_camera_interfaces/srv/GetStringValue_Response.msg\n'}
[1.334869] (pylon_ros2_camera_interfaces) StdoutLine: {'line': b'-- Up-to-date: /home/mcav/cam_dev_ws/install/pylon_ros2_camera_interfaces/share/pylon_ros2_camera_interfaces/srv/GetPtpStatus.srv\n'}
[1.335061] (pylon_ros2_camera_interfaces) StdoutLine: {'line': b'-- Up-to-date: /home/mcav/cam_dev_ws/install/pylon_ros2_camera_interfaces/share/pylon_ros2_camera_interfaces/srv/GetPtpStatus_Request.msg\n'}
[1.335288] (pylon_ros2_camera_interfaces) StdoutLine: {'line': b'-- Up-to-date: /home/mcav/cam_dev_ws/install/pylon_ros2_camera_interfaces/share/pylon_ros2_camera_interfaces/srv/GetPtpStatus_Response.msg\n'}
[1.335429] (pylon_ros2_camera_interfaces) StdoutLine: {'line': b'-- Up-to-date: /home/mcav/cam_dev_ws/install/pylon_ros2_camera_interfaces/share/pylon_ros2_camera_interfaces/srv/SetBinning.srv\n'}
[1.335624] (pylon_ros2_camera_interfaces) StdoutLine: {'line': b'-- Up-to-date: /home/mcav/cam_dev_ws/install/pylon_ros2_camera_interfaces/share/pylon_ros2_camera_interfaces/srv/SetBinning_Request.msg\n'}
[1.335791] (pylon_ros2_camera_interfaces) StdoutLine: {'line': b'-- Up-to-date: /home/mcav/cam_dev_ws/install/pylon_ros2_camera_interfaces/share/pylon_ros2_camera_interfaces/srv/SetBinning_Response.msg\n'}
[1.335935] (pylon_ros2_camera_interfaces) StdoutLine: {'line': b'-- Up-to-date: /home/mcav/cam_dev_ws/install/pylon_ros2_camera_interfaces/share/pylon_ros2_camera_interfaces/srv/SetBrightness.srv\n'}
[1.336130] (pylon_ros2_camera_interfaces) StdoutLine: {'line': b'-- Up-to-date: /home/mcav/cam_dev_ws/install/pylon_ros2_camera_interfaces/share/pylon_ros2_camera_interfaces/srv/SetBrightness_Request.msg\n'}
[1.336268] (pylon_ros2_camera_interfaces) StdoutLine: {'line': b'-- Up-to-date: /home/mcav/cam_dev_ws/install/pylon_ros2_camera_interfaces/share/pylon_ros2_camera_interfaces/srv/SetBrightness_Response.msg\n'}
[1.336408] (pylon_ros2_camera_interfaces) StdoutLine: {'line': b'-- Up-to-date: /home/mcav/cam_dev_ws/install/pylon_ros2_camera_interfaces/share/pylon_ros2_camera_interfaces/srv/SetExposure.srv\n'}
[1.336555] (pylon_ros2_camera_interfaces) StdoutLine: {'line': b'-- Up-to-date: /home/mcav/cam_dev_ws/install/pylon_ros2_camera_interfaces/share/pylon_ros2_camera_interfaces/srv/SetExposure_Request.msg\n'}
[1.336722] (pylon_ros2_camera_interfaces) StdoutLine: {'line': b'-- Up-to-date: /home/mcav/cam_dev_ws/install/pylon_ros2_camera_interfaces/share/pylon_ros2_camera_interfaces/srv/SetExposure_Response.msg\n'}
[1.336907] (pylon_ros2_camera_interfaces) StdoutLine: {'line': b'-- Up-to-date: /home/mcav/cam_dev_ws/install/pylon_ros2_camera_interfaces/share/pylon_ros2_camera_interfaces/srv/SetGain.srv\n'}
[1.337060] (pylon_ros2_camera_interfaces) StdoutLine: {'line': b'-- Up-to-date: /home/mcav/cam_dev_ws/install/pylon_ros2_camera_interfaces/share/pylon_ros2_camera_interfaces/srv/SetGain_Request.msg\n'}
[1.337254] (pylon_ros2_camera_interfaces) StdoutLine: {'line': b'-- Up-to-date: /home/mcav/cam_dev_ws/install/pylon_ros2_camera_interfaces/share/pylon_ros2_camera_interfaces/srv/SetGain_Response.msg\n'}
[1.337420] (pylon_ros2_camera_interfaces) StdoutLine: {'line': b'-- Up-to-date: /home/mcav/cam_dev_ws/install/pylon_ros2_camera_interfaces/share/pylon_ros2_camera_interfaces/srv/SetGamma.srv\n'}
[1.337612] (pylon_ros2_camera_interfaces) StdoutLine: {'line': b'-- Up-to-date: /home/mcav/cam_dev_ws/install/pylon_ros2_camera_interfaces/share/pylon_ros2_camera_interfaces/srv/SetGamma_Request.msg\n'}
[1.337792] (pylon_ros2_camera_interfaces) StdoutLine: {'line': b'-- Up-to-date: /home/mcav/cam_dev_ws/install/pylon_ros2_camera_interfaces/share/pylon_ros2_camera_interfaces/srv/SetGamma_Response.msg\n'}
[1.337936] (pylon_ros2_camera_interfaces) StdoutLine: {'line': b'-- Up-to-date: /home/mcav/cam_dev_ws/install/pylon_ros2_camera_interfaces/share/pylon_ros2_camera_interfaces/srv/SetROI.srv\n'}
[1.338128] (pylon_ros2_camera_interfaces) StdoutLine: {'line': b'-- Up-to-date: /home/mcav/cam_dev_ws/install/pylon_ros2_camera_interfaces/share/pylon_ros2_camera_interfaces/srv/SetROI_Request.msg\n'}
[1.338346] (pylon_ros2_camera_interfaces) StdoutLine: {'line': b'-- Up-to-date: /home/mcav/cam_dev_ws/install/pylon_ros2_camera_interfaces/share/pylon_ros2_camera_interfaces/srv/SetROI_Response.msg\n'}
[1.338526] (pylon_ros2_camera_interfaces) StdoutLine: {'line': b'-- Up-to-date: /home/mcav/cam_dev_ws/install/pylon_ros2_camera_interfaces/share/pylon_ros2_camera_interfaces/srv/SetSleeping.srv\n'}
[1.338698] (pylon_ros2_camera_interfaces) StdoutLine: {'line': b'-- Up-to-date: /home/mcav/cam_dev_ws/install/pylon_ros2_camera_interfaces/share/pylon_ros2_camera_interfaces/srv/SetSleeping_Request.msg\n'}
[1.338917] (pylon_ros2_camera_interfaces) StdoutLine: {'line': b'-- Up-to-date: /home/mcav/cam_dev_ws/install/pylon_ros2_camera_interfaces/share/pylon_ros2_camera_interfaces/srv/SetSleeping_Response.msg\n'}
[1.339100] (pylon_ros2_camera_interfaces) StdoutLine: {'line': b'-- Up-to-date: /home/mcav/cam_dev_ws/install/pylon_ros2_camera_interfaces/share/pylon_ros2_camera_interfaces/srv/SetWhiteBalance.srv\n'}
[1.339280] (pylon_ros2_camera_interfaces) StdoutLine: {'line': b'-- Up-to-date: /home/mcav/cam_dev_ws/install/pylon_ros2_camera_interfaces/share/pylon_ros2_camera_interfaces/srv/SetWhiteBalance_Request.msg\n'}
[1.339424] (pylon_ros2_camera_interfaces) StdoutLine: {'line': b'-- Up-to-date: /home/mcav/cam_dev_ws/install/pylon_ros2_camera_interfaces/share/pylon_ros2_camera_interfaces/srv/SetWhiteBalance_Response.msg\n'}
[1.339642] (pylon_ros2_camera_interfaces) StdoutLine: {'line': b'-- Up-to-date: /home/mcav/cam_dev_ws/install/pylon_ros2_camera_interfaces/share/pylon_ros2_camera_interfaces/srv/SetIntegerValue.srv\n'}
[1.339811] (pylon_ros2_camera_interfaces) StdoutLine: {'line': b'-- Up-to-date: /home/mcav/cam_dev_ws/install/pylon_ros2_camera_interfaces/share/pylon_ros2_camera_interfaces/srv/SetIntegerValue_Request.msg\n'}
[1.339954] (pylon_ros2_camera_interfaces) StdoutLine: {'line': b'-- Up-to-date: /home/mcav/cam_dev_ws/install/pylon_ros2_camera_interfaces/share/pylon_ros2_camera_interfaces/srv/SetIntegerValue_Response.msg\n'}
[1.340137] (pylon_ros2_camera_interfaces) StdoutLine: {'line': b'-- Up-to-date: /home/mcav/cam_dev_ws/install/pylon_ros2_camera_interfaces/share/pylon_ros2_camera_interfaces/srv/SetFloatValue.srv\n'}
[1.340317] (pylon_ros2_camera_interfaces) StdoutLine: {'line': b'-- Up-to-date: /home/mcav/cam_dev_ws/install/pylon_ros2_camera_interfaces/share/pylon_ros2_camera_interfaces/srv/SetFloatValue_Request.msg\n'}
[1.340425] (pylon_ros2_camera_interfaces) StdoutLine: {'line': b'-- Up-to-date: /home/mcav/cam_dev_ws/install/pylon_ros2_camera_interfaces/share/pylon_ros2_camera_interfaces/srv/SetFloatValue_Response.msg\n'}
[1.340531] (pylon_ros2_camera_interfaces) StdoutLine: {'line': b'-- Up-to-date: /home/mcav/cam_dev_ws/install/pylon_ros2_camera_interfaces/share/pylon_ros2_camera_interfaces/srv/SetStringValue.srv\n'}
[1.340638] (pylon_ros2_camera_interfaces) StdoutLine: {'line': b'-- Up-to-date: /home/mcav/cam_dev_ws/install/pylon_ros2_camera_interfaces/share/pylon_ros2_camera_interfaces/srv/SetStringValue_Request.msg\n'}
[1.340744] (pylon_ros2_camera_interfaces) StdoutLine: {'line': b'-- Up-to-date: /home/mcav/cam_dev_ws/install/pylon_ros2_camera_interfaces/share/pylon_ros2_camera_interfaces/srv/SetStringValue_Response.msg\n'}
[1.340879] (pylon_ros2_camera_interfaces) StdoutLine: {'line': b'-- Up-to-date: /home/mcav/cam_dev_ws/install/pylon_ros2_camera_interfaces/share/pylon_ros2_camera_interfaces/srv/SetActionTriggerConfiguration.srv\n'}
[1.341000] (pylon_ros2_camera_interfaces) StdoutLine: {'line': b'-- Up-to-date: /home/mcav/cam_dev_ws/install/pylon_ros2_camera_interfaces/share/pylon_ros2_camera_interfaces/srv/SetActionTriggerConfiguration_Request.msg\n'}
[1.341121] (pylon_ros2_camera_interfaces) StdoutLine: {'line': b'-- Up-to-date: /home/mcav/cam_dev_ws/install/pylon_ros2_camera_interfaces/share/pylon_ros2_camera_interfaces/srv/SetActionTriggerConfiguration_Response.msg\n'}
[1.341227] (pylon_ros2_camera_interfaces) StdoutLine: {'line': b'-- Up-to-date: /home/mcav/cam_dev_ws/install/pylon_ros2_camera_interfaces/share/pylon_ros2_camera_interfaces/srv/IssueActionCommand.srv\n'}
[1.341334] (pylon_ros2_camera_interfaces) StdoutLine: {'line': b'-- Up-to-date: /home/mcav/cam_dev_ws/install/pylon_ros2_camera_interfaces/share/pylon_ros2_camera_interfaces/srv/IssueActionCommand_Request.msg\n'}
[1.341440] (pylon_ros2_camera_interfaces) StdoutLine: {'line': b'-- Up-to-date: /home/mcav/cam_dev_ws/install/pylon_ros2_camera_interfaces/share/pylon_ros2_camera_interfaces/srv/IssueActionCommand_Response.msg\n'}
[1.341591] (pylon_ros2_camera_interfaces) StdoutLine: {'line': b'-- Up-to-date: /home/mcav/cam_dev_ws/install/pylon_ros2_camera_interfaces/share/pylon_ros2_camera_interfaces/srv/IssueScheduledActionCommand.srv\n'}
[1.341698] (pylon_ros2_camera_interfaces) StdoutLine: {'line': b'-- Up-to-date: /home/mcav/cam_dev_ws/install/pylon_ros2_camera_interfaces/share/pylon_ros2_camera_interfaces/srv/IssueScheduledActionCommand_Request.msg\n'}
[1.341839] (pylon_ros2_camera_interfaces) StdoutLine: {'line': b'-- Up-to-date: /home/mcav/cam_dev_ws/install/pylon_ros2_camera_interfaces/share/pylon_ros2_camera_interfaces/srv/IssueScheduledActionCommand_Response.msg\n'}
[1.342119] (pylon_ros2_camera_interfaces) StdoutLine: {'line': b'-- Up-to-date: /home/mcav/cam_dev_ws/install/pylon_ros2_camera_interfaces/share/pylon_ros2_camera_interfaces/action/GrabImages.action\n'}
[1.342340] (pylon_ros2_camera_interfaces) StdoutLine: {'line': b'-- Up-to-date: /home/mcav/cam_dev_ws/install/pylon_ros2_camera_interfaces/share/pylon_ros2_camera_interfaces/action/GrabBlazeData.action\n'}
[1.342662] (pylon_ros2_camera_interfaces) StdoutLine: {'line': b'-- Up-to-date: /home/mcav/cam_dev_ws/install/pylon_ros2_camera_interfaces/share/ament_index/resource_index/package_run_dependencies/pylon_ros2_camera_interfaces\n'}
[1.342950] (pylon_ros2_camera_interfaces) StdoutLine: {'line': b'-- Up-to-date: /home/mcav/cam_dev_ws/install/pylon_ros2_camera_interfaces/share/ament_index/resource_index/parent_prefix_path/pylon_ros2_camera_interfaces\n'}
[1.343474] (pylon_ros2_camera_interfaces) StdoutLine: {'line': b'-- Up-to-date: /home/mcav/cam_dev_ws/install/pylon_ros2_camera_interfaces/share/pylon_ros2_camera_interfaces/environment/ament_prefix_path.sh\n'}
[1.343811] (pylon_ros2_camera_interfaces) StdoutLine: {'line': b'-- Up-to-date: /home/mcav/cam_dev_ws/install/pylon_ros2_camera_interfaces/share/pylon_ros2_camera_interfaces/environment/ament_prefix_path.dsv\n'}
[1.343969] (pylon_ros2_camera_interfaces) StdoutLine: {'line': b'-- Up-to-date: /home/mcav/cam_dev_ws/install/pylon_ros2_camera_interfaces/share/pylon_ros2_camera_interfaces/environment/path.sh\n'}
[1.344193] (pylon_ros2_camera_interfaces) StdoutLine: {'line': b'-- Up-to-date: /home/mcav/cam_dev_ws/install/pylon_ros2_camera_interfaces/share/pylon_ros2_camera_interfaces/environment/path.dsv\n'}
[1.344331] (pylon_ros2_camera_interfaces) StdoutLine: {'line': b'-- Up-to-date: /home/mcav/cam_dev_ws/install/pylon_ros2_camera_interfaces/share/pylon_ros2_camera_interfaces/local_setup.bash\n'}
[1.344650] (pylon_ros2_camera_interfaces) StdoutLine: {'line': b'-- Up-to-date: /home/mcav/cam_dev_ws/install/pylon_ros2_camera_interfaces/share/pylon_ros2_camera_interfaces/local_setup.sh\n'}
[1.344805] (pylon_ros2_camera_interfaces) StdoutLine: {'line': b'-- Up-to-date: /home/mcav/cam_dev_ws/install/pylon_ros2_camera_interfaces/share/pylon_ros2_camera_interfaces/local_setup.zsh\n'}
[1.344951] (pylon_ros2_camera_interfaces) StdoutLine: {'line': b'-- Up-to-date: /home/mcav/cam_dev_ws/install/pylon_ros2_camera_interfaces/share/pylon_ros2_camera_interfaces/local_setup.dsv\n'}
[1.345208] (pylon_ros2_camera_interfaces) StdoutLine: {'line': b'-- Installing: /home/mcav/cam_dev_ws/install/pylon_ros2_camera_interfaces/share/pylon_ros2_camera_interfaces/package.dsv\n'}
[1.345336] (pylon_ros2_camera_interfaces) StdoutLine: {'line': b'-- Up-to-date: /home/mcav/cam_dev_ws/install/pylon_ros2_camera_interfaces/share/ament_index/resource_index/packages/pylon_ros2_camera_interfaces\n'}
[1.345535] (pylon_ros2_camera_interfaces) StdoutLine: {'line': b'-- Up-to-date: /home/mcav/cam_dev_ws/install/pylon_ros2_camera_interfaces/share/pylon_ros2_camera_interfaces/cmake/export_pylon_ros2_camera_interfaces__rosidl_generator_cExport.cmake\n'}
[1.345710] (pylon_ros2_camera_interfaces) StdoutLine: {'line': b'-- Up-to-date: /home/mcav/cam_dev_ws/install/pylon_ros2_camera_interfaces/share/pylon_ros2_camera_interfaces/cmake/export_pylon_ros2_camera_interfaces__rosidl_generator_cExport-noconfig.cmake\n'}
[1.345839] (pylon_ros2_camera_interfaces) StdoutLine: {'line': b'-- Up-to-date: /home/mcav/cam_dev_ws/install/pylon_ros2_camera_interfaces/share/pylon_ros2_camera_interfaces/cmake/export_pylon_ros2_camera_interfaces__rosidl_typesupport_fastrtps_cExport.cmake\n'}
[1.345977] (pylon_ros2_camera_interfaces) StdoutLine: {'line': b'-- Up-to-date: /home/mcav/cam_dev_ws/install/pylon_ros2_camera_interfaces/share/pylon_ros2_camera_interfaces/cmake/export_pylon_ros2_camera_interfaces__rosidl_typesupport_fastrtps_cExport-noconfig.cmake\n'}
[1.346145] (pylon_ros2_camera_interfaces) StdoutLine: {'line': b'-- Up-to-date: /home/mcav/cam_dev_ws/install/pylon_ros2_camera_interfaces/share/pylon_ros2_camera_interfaces/cmake/export_pylon_ros2_camera_interfaces__rosidl_generator_cppExport.cmake\n'}
[1.346311] (pylon_ros2_camera_interfaces) StdoutLine: {'line': b'-- Up-to-date: /home/mcav/cam_dev_ws/install/pylon_ros2_camera_interfaces/share/pylon_ros2_camera_interfaces/cmake/export_pylon_ros2_camera_interfaces__rosidl_typesupport_fastrtps_cppExport.cmake\n'}
[1.346401] (pylon_ros2_camera_interfaces) StdoutLine: {'line': b'-- Up-to-date: /home/mcav/cam_dev_ws/install/pylon_ros2_camera_interfaces/share/pylon_ros2_camera_interfaces/cmake/export_pylon_ros2_camera_interfaces__rosidl_typesupport_fastrtps_cppExport-noconfig.cmake\n'}
[1.346557] (pylon_ros2_camera_interfaces) StdoutLine: {'line': b'-- Up-to-date: /home/mcav/cam_dev_ws/install/pylon_ros2_camera_interfaces/share/pylon_ros2_camera_interfaces/cmake/pylon_ros2_camera_interfaces__rosidl_typesupport_introspection_cExport.cmake\n'}
[1.346649] (pylon_ros2_camera_interfaces) StdoutLine: {'line': b'-- Up-to-date: /home/mcav/cam_dev_ws/install/pylon_ros2_camera_interfaces/share/pylon_ros2_camera_interfaces/cmake/pylon_ros2_camera_interfaces__rosidl_typesupport_introspection_cExport-noconfig.cmake\n'}
[1.346714] (pylon_ros2_camera_interfaces) StdoutLine: {'line': b'-- Up-to-date: /home/mcav/cam_dev_ws/install/pylon_ros2_camera_interfaces/share/pylon_ros2_camera_interfaces/cmake/pylon_ros2_camera_interfaces__rosidl_typesupport_cExport.cmake\n'}
[1.346806] (pylon_ros2_camera_interfaces) StdoutLine: {'line': b'-- Up-to-date: /home/mcav/cam_dev_ws/install/pylon_ros2_camera_interfaces/share/pylon_ros2_camera_interfaces/cmake/pylon_ros2_camera_interfaces__rosidl_typesupport_cExport-noconfig.cmake\n'}
[1.347055] (pylon_ros2_camera_interfaces) StdoutLine: {'line': b'-- Up-to-date: /home/mcav/cam_dev_ws/install/pylon_ros2_camera_interfaces/share/pylon_ros2_camera_interfaces/cmake/pylon_ros2_camera_interfaces__rosidl_typesupport_introspection_cppExport.cmake\n'}
[1.347168] (pylon_ros2_camera_interfaces) StdoutLine: {'line': b'-- Up-to-date: /home/mcav/cam_dev_ws/install/pylon_ros2_camera_interfaces/share/pylon_ros2_camera_interfaces/cmake/pylon_ros2_camera_interfaces__rosidl_typesupport_introspection_cppExport-noconfig.cmake\n'}
[1.347233] (pylon_ros2_camera_interfaces) StdoutLine: {'line': b'-- Up-to-date: /home/mcav/cam_dev_ws/install/pylon_ros2_camera_interfaces/share/pylon_ros2_camera_interfaces/cmake/pylon_ros2_camera_interfaces__rosidl_typesupport_cppExport.cmake\n'}
[1.347324] (pylon_ros2_camera_interfaces) StdoutLine: {'line': b'-- Up-to-date: /home/mcav/cam_dev_ws/install/pylon_ros2_camera_interfaces/share/pylon_ros2_camera_interfaces/cmake/pylon_ros2_camera_interfaces__rosidl_typesupport_cppExport-noconfig.cmake\n'}
[1.347533] (pylon_ros2_camera_interfaces) StdoutLine: {'line': b'-- Up-to-date: /home/mcav/cam_dev_ws/install/pylon_ros2_camera_interfaces/share/pylon_ros2_camera_interfaces/cmake/export_pylon_ros2_camera_interfaces__rosidl_generator_pyExport.cmake\n'}
[1.347699] (pylon_ros2_camera_interfaces) StdoutLine: {'line': b'-- Up-to-date: /home/mcav/cam_dev_ws/install/pylon_ros2_camera_interfaces/share/pylon_ros2_camera_interfaces/cmake/export_pylon_ros2_camera_interfaces__rosidl_generator_pyExport-noconfig.cmake\n'}
[1.347764] (pylon_ros2_camera_interfaces) StdoutLine: {'line': b'-- Up-to-date: /home/mcav/cam_dev_ws/install/pylon_ros2_camera_interfaces/share/pylon_ros2_camera_interfaces/cmake/rosidl_cmake-extras.cmake\n'}
[1.347856] (pylon_ros2_camera_interfaces) StdoutLine: {'line': b'-- Up-to-date: /home/mcav/cam_dev_ws/install/pylon_ros2_camera_interfaces/share/pylon_ros2_camera_interfaces/cmake/ament_cmake_export_dependencies-extras.cmake\n'}
[1.348032] (pylon_ros2_camera_interfaces) StdoutLine: {'line': b'-- Up-to-date: /home/mcav/cam_dev_ws/install/pylon_ros2_camera_interfaces/share/pylon_ros2_camera_interfaces/cmake/ament_cmake_export_include_directories-extras.cmake\n'}
[1.348127] (pylon_ros2_camera_interfaces) StdoutLine: {'line': b'-- Up-to-date: /home/mcav/cam_dev_ws/install/pylon_ros2_camera_interfaces/share/pylon_ros2_camera_interfaces/cmake/ament_cmake_export_libraries-extras.cmake\n'}
[1.348206] (pylon_ros2_camera_interfaces) StdoutLine: {'line': b'-- Up-to-date: /home/mcav/cam_dev_ws/install/pylon_ros2_camera_interfaces/share/pylon_ros2_camera_interfaces/cmake/ament_cmake_export_targets-extras.cmake\n'}
[1.348334] (pylon_ros2_camera_interfaces) StdoutLine: {'line': b'-- Up-to-date: /home/mcav/cam_dev_ws/install/pylon_ros2_camera_interfaces/share/pylon_ros2_camera_interfaces/cmake/rosidl_cmake_export_typesupport_targets-extras.cmake\n'}
[1.348398] (pylon_ros2_camera_interfaces) StdoutLine: {'line': b'-- Up-to-date: /home/mcav/cam_dev_ws/install/pylon_ros2_camera_interfaces/share/pylon_ros2_camera_interfaces/cmake/rosidl_cmake_export_typesupport_libraries-extras.cmake\n'}
[1.348489] (pylon_ros2_camera_interfaces) StdoutLine: {'line': b'-- Up-to-date: /home/mcav/cam_dev_ws/install/pylon_ros2_camera_interfaces/share/pylon_ros2_camera_interfaces/cmake/rosidl_cmake_aggregate_target-extras.cmake\n'}
[1.348695] (pylon_ros2_camera_interfaces) StdoutLine: {'line': b'-- Up-to-date: /home/mcav/cam_dev_ws/install/pylon_ros2_camera_interfaces/share/pylon_ros2_camera_interfaces/cmake/pylon_ros2_camera_interfacesConfig.cmake\n'}
[1.348783] (pylon_ros2_camera_interfaces) StdoutLine: {'line': b'-- Up-to-date: /home/mcav/cam_dev_ws/install/pylon_ros2_camera_interfaces/share/pylon_ros2_camera_interfaces/cmake/pylon_ros2_camera_interfacesConfig-version.cmake\n'}
[1.348940] (pylon_ros2_camera_interfaces) StdoutLine: {'line': b'-- Up-to-date: /home/mcav/cam_dev_ws/install/pylon_ros2_camera_interfaces/share/pylon_ros2_camera_interfaces/package.xml\n'}
[1.349111] (pylon_ros2_camera_interfaces) CommandEnded: {'returncode': 0}
[1.375656] (pylon_ros2_camera_interfaces) JobEnded: {'identifier': 'pylon_ros2_camera_interfaces', 'rc': 0}
[1.376732] (pylon_ros2_camera_component) JobStarted: {'identifier': 'pylon_ros2_camera_component'}
[1.384674] (pylon_ros2_camera_component) JobProgress: {'identifier': 'pylon_ros2_camera_component', 'progress': 'cmake'}
[1.385979] (pylon_ros2_camera_component) JobProgress: {'identifier': 'pylon_ros2_camera_component', 'progress': 'build'}
[1.387280] (pylon_ros2_camera_component) Command: {'cmd': ['/usr/local/bin/cmake', '--build', '/home/mcav/cam_dev_ws/build/pylon_ros2_camera_component', '--', '-j8', '-l8'], 'cwd': '/home/mcav/cam_dev_ws/build/pylon_ros2_camera_component', 'env': OrderedDict([('LESSOPEN', '| /usr/bin/lesspipe %s'), ('USER', 'mcav'), ('CCACHE_DIR', '/var/tmp/ccache'), ('XDG_SESSION_TYPE', 'x11'), ('SHLVL', '1'), ('LD_LIBRARY_PATH', '/home/mcav/cam_dev_ws/install/pylon_ros2_camera_interfaces/lib:/usr/local/cuda/lib64:/usr/local/cuda/lib64:/opt/ros/humble/opt/rviz_ogre_vendor/lib:/opt/ros/humble/lib/x86_64-linux-gnu:/opt/ros/humble/lib'), ('HOME', '/home/mcav'), ('OLDPWD', '/home/mcav'), ('DESKTOP_SESSION', 'ubuntu'), ('ROS_PYTHON_VERSION', '3'), ('GNOME_SHELL_SESSION_MODE', 'ubuntu'), ('GTK_MODULES', 'gail:atk-bridge'), ('SYSTEMD_EXEC_PID', '1954'), ('DBUS_SESSION_BUS_ADDRESS', 'unix:path=/run/user/1000/bus'), ('COLORTERM', 'truecolor'), ('IM_CONFIG_PHASE', '1'), ('ROS_DISTRO', 'humble'), ('GTK_IM_MODULE', 'ibus'), ('LOGNAME', 'mcav'), ('_', '/usr/bin/colcon'), ('ROS_VERSION', '2'), ('XDG_SESSION_CLASS', 'user'), ('USERNAME', 'mcav'), ('TERM', 'xterm-256color'), ('GNOME_DESKTOP_SESSION_ID', 'this-is-deprecated'), ('ROS_LOCALHOST_ONLY', '0'), ('WINDOWPATH', '2'), ('PATH', '/usr/local/cuda/bin:/usr/local/cuda/bin:/opt/ros/humble/bin:/home/mcav/.local/bin:/home/mcav/bin:/usr/local/sbin:/usr/local/bin:/usr/sbin:/usr/bin:/sbin:/bin:/usr/games:/usr/local/games:/snap/bin:/snap/bin:/home/mcav/.local/bin:/home/mcav/.local/bin'), ('SESSION_MANAGER', 'local/mcav:@/tmp/.ICE-unix/1926,unix/mcav:/tmp/.ICE-unix/1926'), ('XDG_MENU_PREFIX', 'gnome-'), ('GNOME_TERMINAL_SCREEN', '/org/gnome/Terminal/screen/2063d892_2378_4a66_a531_fce08baee512'), ('XDG_RUNTIME_DIR', '/run/user/1000'), ('DISPLAY', ':0'), ('LANG', 'en_US.UTF-8'), ('XDG_CURRENT_DESKTOP', 'ubuntu:GNOME'), ('RMW_IMPLEMENTATION', 'rmw_cyclonedds_cpp'), ('XMODIFIERS', '@im=ibus'), ('XDG_SESSION_DESKTOP', 'ubuntu'), ('XAUTHORITY', '/run/user/1000/gdm/Xauthority'), ('LS_COLORS', 'rs=0:di=01;34:ln=01;36:mh=00:pi=40;33:so=01;35:do=01;35:bd=40;33;01:cd=40;33;01:or=40;31;01:mi=00:su=37;41:sg=30;43:ca=30;41:tw=30;42:ow=34;42:st=37;44:ex=01;32:*.tar=01;31:*.tgz=01;31:*.arc=01;31:*.arj=01;31:*.taz=01;31:*.lha=01;31:*.lz4=01;31:*.lzh=01;31:*.lzma=01;31:*.tlz=01;31:*.txz=01;31:*.tzo=01;31:*.t7z=01;31:*.zip=01;31:*.z=01;31:*.dz=01;31:*.gz=01;31:*.lrz=01;31:*.lz=01;31:*.lzo=01;31:*.xz=01;31:*.zst=01;31:*.tzst=01;31:*.bz2=01;31:*.bz=01;31:*.tbz=01;31:*.tbz2=01;31:*.tz=01;31:*.deb=01;31:*.rpm=01;31:*.jar=01;31:*.war=01;31:*.ear=01;31:*.sar=01;31:*.rar=01;31:*.alz=01;31:*.ace=01;31:*.zoo=01;31:*.cpio=01;31:*.7z=01;31:*.rz=01;31:*.cab=01;31:*.wim=01;31:*.swm=01;31:*.dwm=01;31:*.esd=01;31:*.jpg=01;35:*.jpeg=01;35:*.mjpg=01;35:*.mjpeg=01;35:*.gif=01;35:*.bmp=01;35:*.pbm=01;35:*.pgm=01;35:*.ppm=01;35:*.tga=01;35:*.xbm=01;35:*.xpm=01;35:*.tif=01;35:*.tiff=01;35:*.png=01;35:*.svg=01;35:*.svgz=01;35:*.mng=01;35:*.pcx=01;35:*.mov=01;35:*.mpg=01;35:*.mpeg=01;35:*.m2v=01;35:*.mkv=01;35:*.webm=01;35:*.webp=01;35:*.ogm=01;35:*.mp4=01;35:*.m4v=01;35:*.mp4v=01;35:*.vob=01;35:*.qt=01;35:*.nuv=01;35:*.wmv=01;35:*.asf=01;35:*.rm=01;35:*.rmvb=01;35:*.flc=01;35:*.avi=01;35:*.fli=01;35:*.flv=01;35:*.gl=01;35:*.dl=01;35:*.xcf=01;35:*.xwd=01;35:*.yuv=01;35:*.cgm=01;35:*.emf=01;35:*.ogv=01;35:*.ogx=01;35:*.aac=00;36:*.au=00;36:*.flac=00;36:*.m4a=00;36:*.mid=00;36:*.midi=00;36:*.mka=00;36:*.mp3=00;36:*.mpc=00;36:*.ogg=00;36:*.ra=00;36:*.wav=00;36:*.oga=00;36:*.opus=00;36:*.spx=00;36:*.xspf=00;36:'), ('GNOME_TERMINAL_SERVICE', ':1.90'), ('SSH_AGENT_LAUNCHER', 'gnome-keyring'), ('SSH_AUTH_SOCK', '/run/user/1000/keyring/ssh'), ('AMENT_PREFIX_PATH', '/home/mcav/cam_dev_ws/install/pylon_ros2_camera_interfaces:/opt/ros/humble'), ('SHELL', '/bin/bash'), ('QT_ACCESSIBILITY', '1'), ('CXX', '/usr/lib/ccache/g++'), ('GDMSESSION', 'ubuntu'), ('LESSCLOSE', '/usr/bin/lesspipe %s %s'), ('GPG_AGENT_INFO', '/run/user/1000/gnupg/S.gpg-agent:0:1'), ('QT_IM_MODULE', 'ibus'), ('PWD', '/home/mcav/cam_dev_ws/build/pylon_ros2_camera_component'), ('LC_ALL', 'en_US.UTF-8'), ('XDG_CONFIG_DIRS', '/etc/xdg/xdg-ubuntu:/etc/xdg'), ('PYLON_ROOT', '/opt/pylon'), ('XDG_DATA_DIRS', '/usr/share/ubuntu:/usr/share/gnome:/usr/local/share/:/usr/share/:/var/lib/snapd/desktop'), ('PYTHONPATH', '/home/mcav/cam_dev_ws/install/pylon_ros2_camera_interfaces/local/lib/python3.10/dist-packages:/opt/ros/humble/lib/python3.10/site-packages:/opt/ros/humble/local/lib/python3.10/dist-packages'), ('CC', '/usr/lib/ccache/gcc'), ('COLCON', '1'), ('GENICAM_GENTL64_PATH', ':/opt/pylon/lib/gentlproducer/gtl:/opt/pylon/lib/pylonCXP/bin/'), ('VTE_VERSION', '6800'), ('CMAKE_PREFIX_PATH', '/home/mcav/cam_dev_ws/install/pylon_ros2_camera_interfaces:/opt/ros/humble')]), 'shell': False}
[1.400426] (-) TimerEvent: {}
[1.442514] (pylon_ros2_camera_component) StdoutLine: {'line': b'[ 10%] \x1b[32mBuilding CXX object CMakeFiles/set_device_user_id.dir/src/tools/set_device_user_id.cpp.o\x1b[0m\n'}
[1.442800] (pylon_ros2_camera_component) StdoutLine: {'line': b'[ 20%] \x1b[32mBuilding CXX object CMakeFiles/ip_auto_config.dir/src/tools/ip_auto_config.cpp.o\x1b[0m\n'}
[1.464077] (pylon_ros2_camera_component) StdoutLine: {'line': b'[ 30%] \x1b[32mBuilding CXX object CMakeFiles/pylon_ros2_camera_component.dir/src/binary_exposure_search.cpp.o\x1b[0m\n'}
[1.464368] (pylon_ros2_camera_component) StdoutLine: {'line': b'[ 40%] \x1b[32mBuilding CXX object CMakeFiles/pylon_ros2_camera_component.dir/src/encoding_conversions.cpp.o\x1b[0m\n'}
[1.467960] (pylon_ros2_camera_component) StdoutLine: {'line': b'[ 50%] \x1b[32mBuilding CXX object CMakeFiles/pylon_ros2_camera_component.dir/src/pylon_ros2_camera.cpp.o\x1b[0m\n'}
[1.474890] (pylon_ros2_camera_component) StderrLine: {'line': b'\x1b[01m\x1b[K/home/mcav/cam_dev_ws/src/pylon_ros2_camera/pylon_ros2_camera_component/src/tools/set_device_user_id.cpp:\x1b[m\x1b[K In function \xe2\x80\x98\x1b[01m\x1b[Kint main(int, char**)\x1b[m\x1b[K\xe2\x80\x99:\n'}
[1.475101] (pylon_ros2_camera_component) StderrLine: {'line': b'\x1b[01m\x1b[K/home/mcav/cam_dev_ws/src/pylon_ros2_camera/pylon_ros2_camera_component/src/tools/set_device_user_id.cpp:165:18:\x1b[m\x1b[K \x1b[01;35m\x1b[Kwarning: \x1b[m\x1b[Kstatement has no effect [\x1b[01;35m\x1b[K-Wunused-value\x1b[m\x1b[K]\n'}
[1.475523] (pylon_ros2_camera_component) StderrLine: {'line': b'  165 |             for (\x1b[01;35m\x1b[Ki\x1b[m\x1b[K; i < devices.size(); i++)\n'}
[1.475600] (pylon_ros2_camera_component) StderrLine: {'line': b'      |                  \x1b[01;35m\x1b[K^\x1b[m\x1b[K\n'}
[1.475668] (pylon_ros2_camera_component) StderrLine: {'line': b'In file included from \x1b[01m\x1b[K/opt/pylon/include/pylon/gige/BaslerGigEInstantCamera.h:26\x1b[m\x1b[K,\n'}
[1.475759] (pylon_ros2_camera_component) StderrLine: {'line': b'                 from \x1b[01m\x1b[K/home/mcav/cam_dev_ws/src/pylon_ros2_camera/pylon_ros2_camera_component/src/tools/ip_auto_config.cpp:30\x1b[m\x1b[K:\n'}
[1.475896] (pylon_ros2_camera_component) StderrLine: {'line': b'/opt/pylon/include/pylon/private/DeviceSpecificInstantCamera.h: In instantiation of \xe2\x80\x98\x1b[01m\x1b[Kbool Pylon::CDeviceSpecificInstantCameraT<CameraTraitsT>::RetrieveResult(unsigned int, typename CameraTraitsT::GrabResultPtr_t&, Pylon::ETimeoutHandling) [with CameraTraitsT = Pylon::CBaslerGigEInstantCameraTraits; typename CameraTraitsT::GrabResultPtr_t = Pylon::CBaslerGigEGrabResultPtr]\x1b[m\x1b[K\xe2\x80\x99:\n'}
[1.476001] (pylon_ros2_camera_component) StderrLine: {'line': b'\x1b[01m\x1b[K/opt/pylon/include/pylon/private/DeviceSpecificInstantCamera.h:402:14:\x1b[m\x1b[K   required from here\n'}
[1.476083] (pylon_ros2_camera_component) StderrLine: {'line': b'\x1b[01m\x1b[K/opt/pylon/include/pylon/private/DeviceSpecificInstantCamera.h:411:24:\x1b[m\x1b[K \x1b[01;35m\x1b[Kwarning: \x1b[m\x1b[Kimplicitly-declared \xe2\x80\x98\x1b[01m\x1b[KPylon::CBaslerGigEGrabResultPtr& Pylon::CBaslerGigEGrabResultPtr::operator=(const Pylon::CBaslerGigEGrabResultPtr&)\x1b[m\x1b[K\xe2\x80\x99 is deprecated [\x1b[01;35m\x1b[K-Wdeprecated-copy\x1b[m\x1b[K]\n'}
[1.476188] (pylon_ros2_camera_component) StderrLine: {'line': b'  411 |             \x1b[01;35m\x1b[KgrabResult = grabResultLocal\x1b[m\x1b[K;\n'}
[1.476271] (pylon_ros2_camera_component) StderrLine: {'line': b'      |             \x1b[01;35m\x1b[K~~~~~~~~~~~^~~~~~~~~~~~~~~~~\x1b[m\x1b[K\n'}
[1.476335] (pylon_ros2_camera_component) StderrLine: {'line': b'In file included from \x1b[01m\x1b[K/opt/pylon/include/pylon/gige/BaslerGigEGrabResultPtr.h:16\x1b[m\x1b[K,\n'}
[1.476399] (pylon_ros2_camera_component) StderrLine: {'line': b'                 from \x1b[01m\x1b[K/opt/pylon/include/pylon/gige/BaslerGigEImageEventHandler.h:21\x1b[m\x1b[K,\n'}
[1.476462] (pylon_ros2_camera_component) StderrLine: {'line': b'                 from \x1b[01m\x1b[K/opt/pylon/include/pylon/gige/BaslerGigEInstantCamera.h:23\x1b[m\x1b[K,\n'}
[1.476525] (pylon_ros2_camera_component) StderrLine: {'line': b'                 from \x1b[01m\x1b[K/home/mcav/cam_dev_ws/src/pylon_ros2_camera/pylon_ros2_camera_component/src/tools/ip_auto_config.cpp:30\x1b[m\x1b[K:\n'}
[1.476589] (pylon_ros2_camera_component) StderrLine: {'line': b'\x1b[01m\x1b[K/opt/pylon/include/pylon/gige/BaslerGigEGrabResultPtr.h:25:51:\x1b[m\x1b[K \x1b[01;36m\x1b[Knote: \x1b[m\x1b[Kbecause \xe2\x80\x98\x1b[01m\x1b[KPylon::CBaslerGigEGrabResultPtr\x1b[m\x1b[K\xe2\x80\x99 has user-provided \xe2\x80\x98\x1b[01m\x1b[KPylon::CBaslerGigEGrabResultPtr::CBaslerGigEGrabResultPtr(const Pylon::CBaslerGigEGrabResultPtr&)\x1b[m\x1b[K\xe2\x80\x99\n'}
[1.476658] (pylon_ros2_camera_component) StderrLine: {'line': b'   25 |     PYLON_DEFINE_DEVICE_SPECIFIC_GRAB_RESULT_PTR( \x1b[01;36m\x1b[KCBaslerGigEGrabResultPtr\x1b[m\x1b[K, CBaslerGigEGrabResultData )\n'}
[1.476724] (pylon_ros2_camera_component) StderrLine: {'line': b'      |                                                   \x1b[01;36m\x1b[K^~~~~~~~~~~~~~~~~~~~~~~~\x1b[m\x1b[K\n'}
[1.476796] (pylon_ros2_camera_component) StderrLine: {'line': b'\x1b[01m\x1b[K/opt/pylon/include/pylon/private/DeviceSpecificGrabResultPtr.h:40:13:\x1b[m\x1b[K \x1b[01;36m\x1b[Knote: \x1b[m\x1b[Kin definition of macro \xe2\x80\x98\x1b[01m\x1b[KPYLON_DEFINE_DEVICE_SPECIFIC_GRAB_RESULT_PTR\x1b[m\x1b[K\xe2\x80\x99\n'}
[1.476867] (pylon_ros2_camera_component) StderrLine: {'line': b'   40 |             \x1b[01;36m\x1b[KClassName\x1b[m\x1b[K( const ClassName& rhs ) \\\n'}
[1.476933] (pylon_ros2_camera_component) StderrLine: {'line': b'      |             \x1b[01;36m\x1b[K^~~~~~~~~\x1b[m\x1b[K\n'}
[1.476997] (pylon_ros2_camera_component) StderrLine: {'line': b'In file included from \x1b[01m\x1b[K/opt/pylon/include/pylon/gige/BaslerGigEInstantCamera.h:26\x1b[m\x1b[K,\n'}
[1.477062] (pylon_ros2_camera_component) StderrLine: {'line': b'                 from \x1b[01m\x1b[K/home/mcav/cam_dev_ws/src/pylon_ros2_camera/pylon_ros2_camera_component/src/tools/ip_auto_config.cpp:30\x1b[m\x1b[K:\n'}
[1.477126] (pylon_ros2_camera_component) StderrLine: {'line': b'/opt/pylon/include/pylon/private/DeviceSpecificInstantCamera.h: In instantiation of \xe2\x80\x98\x1b[01m\x1b[Kbool Pylon::CDeviceSpecificInstantCameraT<CameraTraitsT>::GrabOne(unsigned int, typename CameraTraitsT::GrabResultPtr_t&, Pylon::ETimeoutHandling) [with CameraTraitsT = Pylon::CBaslerGigEInstantCameraTraits; typename CameraTraitsT::GrabResultPtr_t = Pylon::CBaslerGigEGrabResultPtr]\x1b[m\x1b[K\xe2\x80\x99:\n'}
[1.477237] (pylon_ros2_camera_component) StderrLine: {'line': b'\x1b[01m\x1b[K/opt/pylon/include/pylon/private/DeviceSpecificInstantCamera.h:418:14:\x1b[m\x1b[K   required from here\n'}
[1.477338] (pylon_ros2_camera_component) StderrLine: {'line': b'\x1b[01m\x1b[K/opt/pylon/include/pylon/private/DeviceSpecificInstantCamera.h:427:24:\x1b[m\x1b[K \x1b[01;35m\x1b[Kwarning: \x1b[m\x1b[Kimplicitly-declared \xe2\x80\x98\x1b[01m\x1b[KPylon::CBaslerGigEGrabResultPtr& Pylon::CBaslerGigEGrabResultPtr::operator=(const Pylon::CBaslerGigEGrabResultPtr&)\x1b[m\x1b[K\xe2\x80\x99 is deprecated [\x1b[01;35m\x1b[K-Wdeprecated-copy\x1b[m\x1b[K]\n'}
[1.477412] (pylon_ros2_camera_component) StderrLine: {'line': b'  427 |             \x1b[01;35m\x1b[KgrabResult = grabResultLocal\x1b[m\x1b[K;\n'}
[1.477478] (pylon_ros2_camera_component) StderrLine: {'line': b'      |             \x1b[01;35m\x1b[K~~~~~~~~~~~^~~~~~~~~~~~~~~~~\x1b[m\x1b[K\n'}
[1.477560] (pylon_ros2_camera_component) StderrLine: {'line': b'In file included from \x1b[01m\x1b[K/opt/pylon/include/pylon/gige/BaslerGigEGrabResultPtr.h:16\x1b[m\x1b[K,\n'}
[1.477694] (pylon_ros2_camera_component) StderrLine: {'line': b'                 from \x1b[01m\x1b[K/opt/pylon/include/pylon/gige/BaslerGigEImageEventHandler.h:21\x1b[m\x1b[K,\n'}
[1.477831] (pylon_ros2_camera_component) StderrLine: {'line': b'                 from \x1b[01m\x1b[K/opt/pylon/include/pylon/gige/BaslerGigEInstantCamera.h:23\x1b[m\x1b[K,\n'}
[1.477957] (pylon_ros2_camera_component) StderrLine: {'line': b'                 from \x1b[01m\x1b[K/home/mcav/cam_dev_ws/src/pylon_ros2_camera/pylon_ros2_camera_component/src/tools/ip_auto_config.cpp:30\x1b[m\x1b[K:\n'}
[1.478101] (pylon_ros2_camera_component) StderrLine: {'line': b'\x1b[01m\x1b[K/opt/pylon/include/pylon/gige/BaslerGigEGrabResultPtr.h:25:51:\x1b[m\x1b[K \x1b[01;36m\x1b[Knote: \x1b[m\x1b[Kbecause \xe2\x80\x98\x1b[01m\x1b[KPylon::CBaslerGigEGrabResultPtr\x1b[m\x1b[K\xe2\x80\x99 has user-provided \xe2\x80\x98\x1b[01m\x1b[KPylon::CBaslerGigEGrabResultPtr::CBaslerGigEGrabResultPtr(const Pylon::CBaslerGigEGrabResultPtr&)\x1b[m\x1b[K\xe2\x80\x99\n'}
[1.478230] (pylon_ros2_camera_component) StderrLine: {'line': b'   25 |     PYLON_DEFINE_DEVICE_SPECIFIC_GRAB_RESULT_PTR( \x1b[01;36m\x1b[KCBaslerGigEGrabResultPtr\x1b[m\x1b[K, CBaslerGigEGrabResultData )\n'}
[1.478352] (pylon_ros2_camera_component) StderrLine: {'line': b'      |                                                   \x1b[01;36m\x1b[K^~~~~~~~~~~~~~~~~~~~~~~~\x1b[m\x1b[K\n'}
[1.478472] (pylon_ros2_camera_component) StderrLine: {'line': b'\x1b[01m\x1b[K/opt/pylon/include/pylon/private/DeviceSpecificGrabResultPtr.h:40:13:\x1b[m\x1b[K \x1b[01;36m\x1b[Knote: \x1b[m\x1b[Kin definition of macro \xe2\x80\x98\x1b[01m\x1b[KPYLON_DEFINE_DEVICE_SPECIFIC_GRAB_RESULT_PTR\x1b[m\x1b[K\xe2\x80\x99\n'}
[1.478614] (pylon_ros2_camera_component) StderrLine: {'line': b'   40 |             \x1b[01;36m\x1b[KClassName\x1b[m\x1b[K( const ClassName& rhs ) \\\n'}
[1.478748] (pylon_ros2_camera_component) StderrLine: {'line': b'      |             \x1b[01;36m\x1b[K^~~~~~~~~\x1b[m\x1b[K\n'}
[1.479346] (pylon_ros2_camera_component) StdoutLine: {'line': b'[ 60%] \x1b[32m\x1b[1mLinking CXX executable set_device_user_id\x1b[0m\n'}
[1.480975] (pylon_ros2_camera_component) StdoutLine: {'line': b'[ 70%] \x1b[32mBuilding CXX object CMakeFiles/pylon_ros2_camera_component.dir/src/pylon_ros2_camera_node.cpp.o\x1b[0m\n'}
[1.482833] (pylon_ros2_camera_component) StdoutLine: {'line': b'[ 80%] \x1b[32mBuilding CXX object CMakeFiles/pylon_ros2_camera_component.dir/src/pylon_ros2_camera_parameter.cpp.o\x1b[0m\n'}
[1.500466] (pylon_ros2_camera_component) StdoutLine: {'line': b'[ 90%] \x1b[32m\x1b[1mLinking CXX executable ip_auto_config\x1b[0m\n'}
[1.500712] (-) TimerEvent: {}
[1.539178] (pylon_ros2_camera_component) StderrLine: {'line': b'In file included from \x1b[01m\x1b[K/home/mcav/cam_dev_ws/src/pylon_ros2_camera/pylon_ros2_camera_component/include/internal/pylon_ros2_camera_impl.hpp:474\x1b[m\x1b[K,\n'}
[1.539652] (pylon_ros2_camera_component) StderrLine: {'line': b'                 from \x1b[01m\x1b[K/home/mcav/cam_dev_ws/src/pylon_ros2_camera/pylon_ros2_camera_component/src/pylon_ros2_camera.cpp:29\x1b[m\x1b[K:\n'}
[1.539735] (pylon_ros2_camera_component) StderrLine: {'line': b'/home/mcav/cam_dev_ws/src/pylon_ros2_camera/pylon_ros2_camera_component/include/internal/impl/pylon_ros2_camera_base.hpp: In instantiation of \xe2\x80\x98\x1b[01m\x1b[Kbool pylon_ros2_camera::PylonROS2CameraImpl<CameraTraitT>::setExtendedBrightness(const int&, const float&) [with CameraTraitT = pylon_ros2_camera::GigECameraTrait]\x1b[m\x1b[K\xe2\x80\x99:\n'}
[1.539811] (pylon_ros2_camera_component) StderrLine: {'line': b'\x1b[01m\x1b[K/home/mcav/cam_dev_ws/src/pylon_ros2_camera/pylon_ros2_camera_component/include/internal/impl/pylon_ros2_camera_base.hpp:1327:6:\x1b[m\x1b[K   required from here\n'}
[1.539889] (pylon_ros2_camera_component) StderrLine: {'line': b'\x1b[01m\x1b[K/home/mcav/cam_dev_ws/src/pylon_ros2_camera/pylon_ros2_camera_component/include/internal/impl/pylon_ros2_camera_base.hpp:1331:11:\x1b[m\x1b[K \x1b[01;35m\x1b[Kwarning: \x1b[m\x1b[Kvariable \xe2\x80\x98\x1b[01m\x1b[KautoTargetBrightnessMax\x1b[m\x1b[K\xe2\x80\x99 set but not used [\x1b[01;35m\x1b[K-Wunused-but-set-variable\x1b[m\x1b[K]\n'}
[1.539967] (pylon_ros2_camera_component) StderrLine: {'line': b' 1331 |     float \x1b[01;35m\x1b[KautoTargetBrightnessMax\x1b[m\x1b[K = 0.0;\n'}
[1.540034] (pylon_ros2_camera_component) StderrLine: {'line': b'      |           \x1b[01;35m\x1b[K^~~~~~~~~~~~~~~~~~~~~~~\x1b[m\x1b[K\n'}
[1.540099] (pylon_ros2_camera_component) StderrLine: {'line': b'/home/mcav/cam_dev_ws/src/pylon_ros2_camera/pylon_ros2_camera_component/include/internal/impl/pylon_ros2_camera_base.hpp: In instantiation of \xe2\x80\x98\x1b[01m\x1b[Kbool pylon_ros2_camera::PylonROS2CameraImpl<CameraTraitT>::setExtendedBrightness(const int&, const float&) [with CameraTraitT = pylon_ros2_camera::USBCameraTrait]\x1b[m\x1b[K\xe2\x80\x99:\n'}
[1.540167] (pylon_ros2_camera_component) StderrLine: {'line': b'\x1b[01m\x1b[K/home/mcav/cam_dev_ws/src/pylon_ros2_camera/pylon_ros2_camera_component/include/internal/impl/pylon_ros2_camera_base.hpp:1327:6:\x1b[m\x1b[K   required from here\n'}
[1.540233] (pylon_ros2_camera_component) StderrLine: {'line': b'\x1b[01m\x1b[K/home/mcav/cam_dev_ws/src/pylon_ros2_camera/pylon_ros2_camera_component/include/internal/impl/pylon_ros2_camera_base.hpp:1331:11:\x1b[m\x1b[K \x1b[01;35m\x1b[Kwarning: \x1b[m\x1b[Kvariable \xe2\x80\x98\x1b[01m\x1b[KautoTargetBrightnessMax\x1b[m\x1b[K\xe2\x80\x99 set but not used [\x1b[01;35m\x1b[K-Wunused-but-set-variable\x1b[m\x1b[K]\n'}
[1.540310] (pylon_ros2_camera_component) StderrLine: {'line': b'In file included from \x1b[01m\x1b[K/opt/pylon/include/pylon/BaslerUniversalInstantCamera.h:25\x1b[m\x1b[K,\n'}
[1.540375] (pylon_ros2_camera_component) StderrLine: {'line': b'                 from \x1b[01m\x1b[K/home/mcav/cam_dev_ws/src/pylon_ros2_camera/pylon_ros2_camera_component/include/internal/impl/pylon_ros2_camera_base.hpp:41\x1b[m\x1b[K,\n'}
[1.540504] (pylon_ros2_camera_component) StderrLine: {'line': b'                 from \x1b[01m\x1b[K/home/mcav/cam_dev_ws/src/pylon_ros2_camera/pylon_ros2_camera_component/include/internal/pylon_ros2_camera_impl.hpp:474\x1b[m\x1b[K,\n'}
[1.540623] (pylon_ros2_camera_component) StderrLine: {'line': b'                 from \x1b[01m\x1b[K/home/mcav/cam_dev_ws/src/pylon_ros2_camera/pylon_ros2_camera_component/src/pylon_ros2_camera.cpp:29\x1b[m\x1b[K:\n'}
[1.540730] (pylon_ros2_camera_component) StderrLine: {'line': b'/opt/pylon/include/pylon/private/DeviceSpecificInstantCamera.h: In instantiation of \xe2\x80\x98\x1b[01m\x1b[Kbool Pylon::CDeviceSpecificInstantCameraT<CameraTraitsT>::RetrieveResult(unsigned int, typename CameraTraitsT::GrabResultPtr_t&, Pylon::ETimeoutHandling) [with CameraTraitsT = Pylon::CBaslerUniversalInstantCameraTraits; typename CameraTraitsT::GrabResultPtr_t = Pylon::CBaslerUniversalGrabResultPtr]\x1b[m\x1b[K\xe2\x80\x99:\n'}
[1.540851] (pylon_ros2_camera_component) StderrLine: {'line': b'\x1b[01m\x1b[K/opt/pylon/include/pylon/private/DeviceSpecificInstantCamera.h:402:14:\x1b[m\x1b[K   required from here\n'}
[1.540955] (pylon_ros2_camera_component) StderrLine: {'line': b'\x1b[01m\x1b[K/opt/pylon/include/pylon/private/DeviceSpecificInstantCamera.h:411:24:\x1b[m\x1b[K \x1b[01;35m\x1b[Kwarning: \x1b[m\x1b[Kimplicitly-declared \xe2\x80\x98\x1b[01m\x1b[KPylon::CBaslerUniversalGrabResultPtr& Pylon::CBaslerUniversalGrabResultPtr::operator=(const Pylon::CBaslerUniversalGrabResultPtr&)\x1b[m\x1b[K\xe2\x80\x99 is deprecated [\x1b[01;35m\x1b[K-Wdeprecated-copy\x1b[m\x1b[K]\n'}
[1.541113] (pylon_ros2_camera_component) StderrLine: {'line': b'  411 |             \x1b[01;35m\x1b[KgrabResult = grabResultLocal\x1b[m\x1b[K;\n'}
[1.541263] (pylon_ros2_camera_component) StderrLine: {'line': b'      |             \x1b[01;35m\x1b[K~~~~~~~~~~~^~~~~~~~~~~~~~~~~\x1b[m\x1b[K\n'}
[1.541371] (pylon_ros2_camera_component) StderrLine: {'line': b'In file included from \x1b[01m\x1b[K/opt/pylon/include/pylon/BaslerUniversalGrabResultPtr.h:18\x1b[m\x1b[K,\n'}
[1.541480] (pylon_ros2_camera_component) StderrLine: {'line': b'                 from \x1b[01m\x1b[K/home/mcav/cam_dev_ws/src/pylon_ros2_camera/pylon_ros2_camera_component/include/internal/pylon_ros2_camera_impl.hpp:34\x1b[m\x1b[K,\n'}
[1.541585] (pylon_ros2_camera_component) StderrLine: {'line': b'                 from \x1b[01m\x1b[K/home/mcav/cam_dev_ws/src/pylon_ros2_camera/pylon_ros2_camera_component/src/pylon_ros2_camera.cpp:29\x1b[m\x1b[K:\n'}
[1.541688] (pylon_ros2_camera_component) StderrLine: {'line': b'\x1b[01m\x1b[K/opt/pylon/include/pylon/BaslerUniversalGrabResultPtr.h:27:51:\x1b[m\x1b[K \x1b[01;36m\x1b[Knote: \x1b[m\x1b[Kbecause \xe2\x80\x98\x1b[01m\x1b[KPylon::CBaslerUniversalGrabResultPtr\x1b[m\x1b[K\xe2\x80\x99 has user-provided \xe2\x80\x98\x1b[01m\x1b[KPylon::CBaslerUniversalGrabResultPtr::CBaslerUniversalGrabResultPtr(const Pylon::CBaslerUniversalGrabResultPtr&)\x1b[m\x1b[K\xe2\x80\x99\n'}
[1.541833] (pylon_ros2_camera_component) StderrLine: {'line': b'   27 |     PYLON_DEFINE_DEVICE_SPECIFIC_GRAB_RESULT_PTR( \x1b[01;36m\x1b[KCBaslerUniversalGrabResultPtr\x1b[m\x1b[K, CBaslerUniversalGrabResultData )\n'}
[1.542007] (pylon_ros2_camera_component) StderrLine: {'line': b'      |                                                   \x1b[01;36m\x1b[K^~~~~~~~~~~~~~~~~~~~~~~~~~~~~\x1b[m\x1b[K\n'}
[1.542179] (pylon_ros2_camera_component) StderrLine: {'line': b'\x1b[01m\x1b[K/opt/pylon/include/pylon/private/DeviceSpecificGrabResultPtr.h:40:13:\x1b[m\x1b[K \x1b[01;36m\x1b[Knote: \x1b[m\x1b[Kin definition of macro \xe2\x80\x98\x1b[01m\x1b[KPYLON_DEFINE_DEVICE_SPECIFIC_GRAB_RESULT_PTR\x1b[m\x1b[K\xe2\x80\x99\n'}
[1.542326] (pylon_ros2_camera_component) StderrLine: {'line': b'   40 |             \x1b[01;36m\x1b[KClassName\x1b[m\x1b[K( const ClassName& rhs ) \\\n'}
[1.542471] (pylon_ros2_camera_component) StderrLine: {'line': b'      |             \x1b[01;36m\x1b[K^~~~~~~~~\x1b[m\x1b[K\n'}
[1.542626] (pylon_ros2_camera_component) StderrLine: {'line': b'In file included from \x1b[01m\x1b[K/opt/pylon/include/pylon/BaslerUniversalInstantCamera.h:25\x1b[m\x1b[K,\n'}
[1.542768] (pylon_ros2_camera_component) StderrLine: {'line': b'                 from \x1b[01m\x1b[K/home/mcav/cam_dev_ws/src/pylon_ros2_camera/pylon_ros2_camera_component/include/internal/impl/pylon_ros2_camera_base.hpp:41\x1b[m\x1b[K,\n'}
[1.542875] (pylon_ros2_camera_component) StderrLine: {'line': b'                 from \x1b[01m\x1b[K/home/mcav/cam_dev_ws/src/pylon_ros2_camera/pylon_ros2_camera_component/include/internal/pylon_ros2_camera_impl.hpp:474\x1b[m\x1b[K,\n'}
[1.542977] (pylon_ros2_camera_component) StderrLine: {'line': b'                 from \x1b[01m\x1b[K/home/mcav/cam_dev_ws/src/pylon_ros2_camera/pylon_ros2_camera_component/src/pylon_ros2_camera.cpp:29\x1b[m\x1b[K:\n'}
[1.543082] (pylon_ros2_camera_component) StderrLine: {'line': b'/opt/pylon/include/pylon/private/DeviceSpecificInstantCamera.h: In instantiation of \xe2\x80\x98\x1b[01m\x1b[Kbool Pylon::CDeviceSpecificInstantCameraT<CameraTraitsT>::GrabOne(unsigned int, typename CameraTraitsT::GrabResultPtr_t&, Pylon::ETimeoutHandling) [with CameraTraitsT = Pylon::CBaslerUniversalInstantCameraTraits; typename CameraTraitsT::GrabResultPtr_t = Pylon::CBaslerUniversalGrabResultPtr]\x1b[m\x1b[K\xe2\x80\x99:\n'}
[1.543182] (pylon_ros2_camera_component) StderrLine: {'line': b'\x1b[01m\x1b[K/opt/pylon/include/pylon/private/DeviceSpecificInstantCamera.h:418:14:\x1b[m\x1b[K   required from here\n'}
[1.543299] (pylon_ros2_camera_component) StderrLine: {'line': b'\x1b[01m\x1b[K/opt/pylon/include/pylon/private/DeviceSpecificInstantCamera.h:427:24:\x1b[m\x1b[K \x1b[01;35m\x1b[Kwarning: \x1b[m\x1b[Kimplicitly-declared \xe2\x80\x98\x1b[01m\x1b[KPylon::CBaslerUniversalGrabResultPtr& Pylon::CBaslerUniversalGrabResultPtr::operator=(const Pylon::CBaslerUniversalGrabResultPtr&)\x1b[m\x1b[K\xe2\x80\x99 is deprecated [\x1b[01;35m\x1b[K-Wdeprecated-copy\x1b[m\x1b[K]\n'}
[1.543417] (pylon_ros2_camera_component) StderrLine: {'line': b'  427 |             \x1b[01;35m\x1b[KgrabResult = grabResultLocal\x1b[m\x1b[K;\n'}
[1.543518] (pylon_ros2_camera_component) StderrLine: {'line': b'      |             \x1b[01;35m\x1b[K~~~~~~~~~~~^~~~~~~~~~~~~~~~~\x1b[m\x1b[K\n'}
[1.543625] (pylon_ros2_camera_component) StderrLine: {'line': b'In file included from \x1b[01m\x1b[K/opt/pylon/include/pylon/BaslerUniversalGrabResultPtr.h:18\x1b[m\x1b[K,\n'}
[1.543758] (pylon_ros2_camera_component) StderrLine: {'line': b'                 from \x1b[01m\x1b[K/home/mcav/cam_dev_ws/src/pylon_ros2_camera/pylon_ros2_camera_component/include/internal/pylon_ros2_camera_impl.hpp:34\x1b[m\x1b[K,\n'}
[1.543883] (pylon_ros2_camera_component) StderrLine: {'line': b'                 from \x1b[01m\x1b[K/home/mcav/cam_dev_ws/src/pylon_ros2_camera/pylon_ros2_camera_component/src/pylon_ros2_camera.cpp:29\x1b[m\x1b[K:\n'}
[1.543995] (pylon_ros2_camera_component) StderrLine: {'line': b'\x1b[01m\x1b[K/opt/pylon/include/pylon/BaslerUniversalGrabResultPtr.h:27:51:\x1b[m\x1b[K \x1b[01;36m\x1b[Knote: \x1b[m\x1b[Kbecause \xe2\x80\x98\x1b[01m\x1b[KPylon::CBaslerUniversalGrabResultPtr\x1b[m\x1b[K\xe2\x80\x99 has user-provided \xe2\x80\x98\x1b[01m\x1b[KPylon::CBaslerUniversalGrabResultPtr::CBaslerUniversalGrabResultPtr(const Pylon::CBaslerUniversalGrabResultPtr&)\x1b[m\x1b[K\xe2\x80\x99\n'}
[1.544117] (pylon_ros2_camera_component) StderrLine: {'line': b'   27 |     PYLON_DEFINE_DEVICE_SPECIFIC_GRAB_RESULT_PTR( \x1b[01;36m\x1b[KCBaslerUniversalGrabResultPtr\x1b[m\x1b[K, CBaslerUniversalGrabResultData )\n'}
[1.544236] (pylon_ros2_camera_component) StderrLine: {'line': b'      |                                                   \x1b[01;36m\x1b[K^~~~~~~~~~~~~~~~~~~~~~~~~~~~~\x1b[m\x1b[K\n'}
[1.544353] (pylon_ros2_camera_component) StderrLine: {'line': b'\x1b[01m\x1b[K/opt/pylon/include/pylon/private/DeviceSpecificGrabResultPtr.h:40:13:\x1b[m\x1b[K \x1b[01;36m\x1b[Knote: \x1b[m\x1b[Kin definition of macro \xe2\x80\x98\x1b[01m\x1b[KPYLON_DEFINE_DEVICE_SPECIFIC_GRAB_RESULT_PTR\x1b[m\x1b[K\xe2\x80\x99\n'}
[1.544483] (pylon_ros2_camera_component) StderrLine: {'line': b'   40 |             \x1b[01;36m\x1b[KClassName\x1b[m\x1b[K( const ClassName& rhs ) \\\n'}
[1.544609] (pylon_ros2_camera_component) StderrLine: {'line': b'      |             \x1b[01;36m\x1b[K^~~~~~~~~\x1b[m\x1b[K\n'}
[1.583777] (pylon_ros2_camera_component) StdoutLine: {'line': b'[100%] \x1b[32m\x1b[1mLinking CXX shared library libpylon_ros2_camera_component.so\x1b[0m\n'}
[1.600869] (-) TimerEvent: {}
[1.601272] (pylon_ros2_camera_component) StdoutLine: {'line': b'[100%] Built target set_device_user_id\n'}
[1.701003] (-) TimerEvent: {}
[1.801458] (-) TimerEvent: {}
[1.808746] (pylon_ros2_camera_component) StdoutLine: {'line': b'[100%] Built target ip_auto_config\n'}
[1.901567] (-) TimerEvent: {}
[2.001939] (-) TimerEvent: {}
[2.102292] (-) TimerEvent: {}
[2.202605] (-) TimerEvent: {}
[2.302931] (-) TimerEvent: {}
[2.403240] (-) TimerEvent: {}
[2.503555] (-) TimerEvent: {}
[2.596012] (pylon_ros2_camera_component) StdoutLine: {'line': b'[100%] Built target pylon_ros2_camera_component\n'}
[2.602380] (pylon_ros2_camera_component) CommandEnded: {'returncode': 0}
[2.603420] (pylon_ros2_camera_component) JobProgress: {'identifier': 'pylon_ros2_camera_component', 'progress': 'install'}
[2.604219] (pylon_ros2_camera_component) Command: {'cmd': ['/usr/local/bin/cmake', '--install', '/home/mcav/cam_dev_ws/build/pylon_ros2_camera_component'], 'cwd': '/home/mcav/cam_dev_ws/build/pylon_ros2_camera_component', 'env': OrderedDict([('LESSOPEN', '| /usr/bin/lesspipe %s'), ('USER', 'mcav'), ('CCACHE_DIR', '/var/tmp/ccache'), ('XDG_SESSION_TYPE', 'x11'), ('SHLVL', '1'), ('LD_LIBRARY_PATH', '/home/mcav/cam_dev_ws/install/pylon_ros2_camera_interfaces/lib:/usr/local/cuda/lib64:/usr/local/cuda/lib64:/opt/ros/humble/opt/rviz_ogre_vendor/lib:/opt/ros/humble/lib/x86_64-linux-gnu:/opt/ros/humble/lib'), ('HOME', '/home/mcav'), ('OLDPWD', '/home/mcav'), ('DESKTOP_SESSION', 'ubuntu'), ('ROS_PYTHON_VERSION', '3'), ('GNOME_SHELL_SESSION_MODE', 'ubuntu'), ('GTK_MODULES', 'gail:atk-bridge'), ('SYSTEMD_EXEC_PID', '1954'), ('DBUS_SESSION_BUS_ADDRESS', 'unix:path=/run/user/1000/bus'), ('COLORTERM', 'truecolor'), ('IM_CONFIG_PHASE', '1'), ('ROS_DISTRO', 'humble'), ('GTK_IM_MODULE', 'ibus'), ('LOGNAME', 'mcav'), ('_', '/usr/bin/colcon'), ('ROS_VERSION', '2'), ('XDG_SESSION_CLASS', 'user'), ('USERNAME', 'mcav'), ('TERM', 'xterm-256color'), ('GNOME_DESKTOP_SESSION_ID', 'this-is-deprecated'), ('ROS_LOCALHOST_ONLY', '0'), ('WINDOWPATH', '2'), ('PATH', '/usr/local/cuda/bin:/usr/local/cuda/bin:/opt/ros/humble/bin:/home/mcav/.local/bin:/home/mcav/bin:/usr/local/sbin:/usr/local/bin:/usr/sbin:/usr/bin:/sbin:/bin:/usr/games:/usr/local/games:/snap/bin:/snap/bin:/home/mcav/.local/bin:/home/mcav/.local/bin'), ('SESSION_MANAGER', 'local/mcav:@/tmp/.ICE-unix/1926,unix/mcav:/tmp/.ICE-unix/1926'), ('XDG_MENU_PREFIX', 'gnome-'), ('GNOME_TERMINAL_SCREEN', '/org/gnome/Terminal/screen/2063d892_2378_4a66_a531_fce08baee512'), ('XDG_RUNTIME_DIR', '/run/user/1000'), ('DISPLAY', ':0'), ('LANG', 'en_US.UTF-8'), ('XDG_CURRENT_DESKTOP', 'ubuntu:GNOME'), ('RMW_IMPLEMENTATION', 'rmw_cyclonedds_cpp'), ('XMODIFIERS', '@im=ibus'), ('XDG_SESSION_DESKTOP', 'ubuntu'), ('XAUTHORITY', '/run/user/1000/gdm/Xauthority'), ('LS_COLORS', 'rs=0:di=01;34:ln=01;36:mh=00:pi=40;33:so=01;35:do=01;35:bd=40;33;01:cd=40;33;01:or=40;31;01:mi=00:su=37;41:sg=30;43:ca=30;41:tw=30;42:ow=34;42:st=37;44:ex=01;32:*.tar=01;31:*.tgz=01;31:*.arc=01;31:*.arj=01;31:*.taz=01;31:*.lha=01;31:*.lz4=01;31:*.lzh=01;31:*.lzma=01;31:*.tlz=01;31:*.txz=01;31:*.tzo=01;31:*.t7z=01;31:*.zip=01;31:*.z=01;31:*.dz=01;31:*.gz=01;31:*.lrz=01;31:*.lz=01;31:*.lzo=01;31:*.xz=01;31:*.zst=01;31:*.tzst=01;31:*.bz2=01;31:*.bz=01;31:*.tbz=01;31:*.tbz2=01;31:*.tz=01;31:*.deb=01;31:*.rpm=01;31:*.jar=01;31:*.war=01;31:*.ear=01;31:*.sar=01;31:*.rar=01;31:*.alz=01;31:*.ace=01;31:*.zoo=01;31:*.cpio=01;31:*.7z=01;31:*.rz=01;31:*.cab=01;31:*.wim=01;31:*.swm=01;31:*.dwm=01;31:*.esd=01;31:*.jpg=01;35:*.jpeg=01;35:*.mjpg=01;35:*.mjpeg=01;35:*.gif=01;35:*.bmp=01;35:*.pbm=01;35:*.pgm=01;35:*.ppm=01;35:*.tga=01;35:*.xbm=01;35:*.xpm=01;35:*.tif=01;35:*.tiff=01;35:*.png=01;35:*.svg=01;35:*.svgz=01;35:*.mng=01;35:*.pcx=01;35:*.mov=01;35:*.mpg=01;35:*.mpeg=01;35:*.m2v=01;35:*.mkv=01;35:*.webm=01;35:*.webp=01;35:*.ogm=01;35:*.mp4=01;35:*.m4v=01;35:*.mp4v=01;35:*.vob=01;35:*.qt=01;35:*.nuv=01;35:*.wmv=01;35:*.asf=01;35:*.rm=01;35:*.rmvb=01;35:*.flc=01;35:*.avi=01;35:*.fli=01;35:*.flv=01;35:*.gl=01;35:*.dl=01;35:*.xcf=01;35:*.xwd=01;35:*.yuv=01;35:*.cgm=01;35:*.emf=01;35:*.ogv=01;35:*.ogx=01;35:*.aac=00;36:*.au=00;36:*.flac=00;36:*.m4a=00;36:*.mid=00;36:*.midi=00;36:*.mka=00;36:*.mp3=00;36:*.mpc=00;36:*.ogg=00;36:*.ra=00;36:*.wav=00;36:*.oga=00;36:*.opus=00;36:*.spx=00;36:*.xspf=00;36:'), ('GNOME_TERMINAL_SERVICE', ':1.90'), ('SSH_AGENT_LAUNCHER', 'gnome-keyring'), ('SSH_AUTH_SOCK', '/run/user/1000/keyring/ssh'), ('AMENT_PREFIX_PATH', '/home/mcav/cam_dev_ws/install/pylon_ros2_camera_interfaces:/opt/ros/humble'), ('SHELL', '/bin/bash'), ('QT_ACCESSIBILITY', '1'), ('CXX', '/usr/lib/ccache/g++'), ('GDMSESSION', 'ubuntu'), ('LESSCLOSE', '/usr/bin/lesspipe %s %s'), ('GPG_AGENT_INFO', '/run/user/1000/gnupg/S.gpg-agent:0:1'), ('QT_IM_MODULE', 'ibus'), ('PWD', '/home/mcav/cam_dev_ws/build/pylon_ros2_camera_component'), ('LC_ALL', 'en_US.UTF-8'), ('XDG_CONFIG_DIRS', '/etc/xdg/xdg-ubuntu:/etc/xdg'), ('PYLON_ROOT', '/opt/pylon'), ('XDG_DATA_DIRS', '/usr/share/ubuntu:/usr/share/gnome:/usr/local/share/:/usr/share/:/var/lib/snapd/desktop'), ('PYTHONPATH', '/home/mcav/cam_dev_ws/install/pylon_ros2_camera_interfaces/local/lib/python3.10/dist-packages:/opt/ros/humble/lib/python3.10/site-packages:/opt/ros/humble/local/lib/python3.10/dist-packages'), ('CC', '/usr/lib/ccache/gcc'), ('COLCON', '1'), ('GENICAM_GENTL64_PATH', ':/opt/pylon/lib/gentlproducer/gtl:/opt/pylon/lib/pylonCXP/bin/'), ('VTE_VERSION', '6800'), ('CMAKE_PREFIX_PATH', '/home/mcav/cam_dev_ws/install/pylon_ros2_camera_interfaces:/opt/ros/humble')]), 'shell': False}
[2.605705] (-) TimerEvent: {}
[2.607361] (pylon_ros2_camera_component) StdoutLine: {'line': b'-- Install configuration: "Release"\n'}
[2.607772] (pylon_ros2_camera_component) StdoutLine: {'line': b'-- Installing: /home/mcav/cam_dev_ws/install/pylon_ros2_camera_component/lib/libpylon_ros2_camera_component.so\n'}
[2.614566] (pylon_ros2_camera_component) StdoutLine: {'line': b'-- Set non-toolchain portion of runtime path of "/home/mcav/cam_dev_ws/install/pylon_ros2_camera_component/lib/libpylon_ros2_camera_component.so" to "/home/mcav/lib:/opt/pylon/lib:/home/mcav/cam_dev_ws/install/pylon_ros2_camera_interfaces/lib:/opt/ros/humble/lib/x86_64-linux-gnu:/opt/ros/humble/lib"\n'}
[2.614945] (pylon_ros2_camera_component) StdoutLine: {'line': b'-- Installing: /home/mcav/cam_dev_ws/install/pylon_ros2_camera_component/lib/pylon_ros2_camera_component/ip_auto_config\n'}
[2.618880] (pylon_ros2_camera_component) StdoutLine: {'line': b'-- Set non-toolchain portion of runtime path of "/home/mcav/cam_dev_ws/install/pylon_ros2_camera_component/lib/pylon_ros2_camera_component/ip_auto_config" to "/home/mcav/lib:/opt/pylon/lib"\n'}
[2.619250] (pylon_ros2_camera_component) StdoutLine: {'line': b'-- Installing: /home/mcav/cam_dev_ws/install/pylon_ros2_camera_component/lib/pylon_ros2_camera_component/set_device_user_id\n'}
[2.619745] (pylon_ros2_camera_component) StdoutLine: {'line': b'-- Set non-toolchain portion of runtime path of "/home/mcav/cam_dev_ws/install/pylon_ros2_camera_component/lib/pylon_ros2_camera_component/set_device_user_id" to "/home/mcav/lib:/opt/pylon/lib"\n'}
[2.620059] (pylon_ros2_camera_component) StdoutLine: {'line': b'-- Up-to-date: /home/mcav/cam_dev_ws/install/pylon_ros2_camera_component/include/pylon_ros2_camera_component/\n'}
[2.620324] (pylon_ros2_camera_component) StdoutLine: {'line': b'-- Up-to-date: /home/mcav/cam_dev_ws/install/pylon_ros2_camera_component/include/pylon_ros2_camera_component//pylon_ros2_camera_node.hpp\n'}
[2.620556] (pylon_ros2_camera_component) StdoutLine: {'line': b'-- Up-to-date: /home/mcav/cam_dev_ws/install/pylon_ros2_camera_component/include/pylon_ros2_camera_component//pylon_ros2_camera_parameter.hpp\n'}
[2.620694] (pylon_ros2_camera_component) StdoutLine: {'line': b'-- Up-to-date: /home/mcav/cam_dev_ws/install/pylon_ros2_camera_component/include/pylon_ros2_camera_component//visibility_control.hpp\n'}
[2.620854] (pylon_ros2_camera_component) StdoutLine: {'line': b'-- Up-to-date: /home/mcav/cam_dev_ws/install/pylon_ros2_camera_component/include/pylon_ros2_camera_component//binary_exposure_search.hpp\n'}
[2.620953] (pylon_ros2_camera_component) StdoutLine: {'line': b'-- Up-to-date: /home/mcav/cam_dev_ws/install/pylon_ros2_camera_component/include/pylon_ros2_camera_component//pylon_ros2_camera.hpp\n'}
[2.621018] (pylon_ros2_camera_component) StdoutLine: {'line': b'-- Up-to-date: /home/mcav/cam_dev_ws/install/pylon_ros2_camera_component/include/pylon_ros2_camera_component//encoding_conversions.hpp\n'}
[2.621103] (pylon_ros2_camera_component) StdoutLine: {'line': b'-- Up-to-date: /home/mcav/cam_dev_ws/install/pylon_ros2_camera_component/share/pylon_ros2_camera_component/environment/library_path.sh\n'}
[2.621200] (pylon_ros2_camera_component) StdoutLine: {'line': b'-- Up-to-date: /home/mcav/cam_dev_ws/install/pylon_ros2_camera_component/share/pylon_ros2_camera_component/environment/library_path.dsv\n'}
[2.621311] (pylon_ros2_camera_component) StdoutLine: {'line': b'-- Up-to-date: /home/mcav/cam_dev_ws/install/pylon_ros2_camera_component/share/ament_index/resource_index/package_run_dependencies/pylon_ros2_camera_component\n'}
[2.621415] (pylon_ros2_camera_component) StdoutLine: {'line': b'-- Up-to-date: /home/mcav/cam_dev_ws/install/pylon_ros2_camera_component/share/ament_index/resource_index/parent_prefix_path/pylon_ros2_camera_component\n'}
[2.621482] (pylon_ros2_camera_component) StdoutLine: {'line': b'-- Up-to-date: /home/mcav/cam_dev_ws/install/pylon_ros2_camera_component/share/pylon_ros2_camera_component/environment/ament_prefix_path.sh\n'}
[2.621547] (pylon_ros2_camera_component) StdoutLine: {'line': b'-- Up-to-date: /home/mcav/cam_dev_ws/install/pylon_ros2_camera_component/share/pylon_ros2_camera_component/environment/ament_prefix_path.dsv\n'}
[2.621612] (pylon_ros2_camera_component) StdoutLine: {'line': b'-- Up-to-date: /home/mcav/cam_dev_ws/install/pylon_ros2_camera_component/share/pylon_ros2_camera_component/environment/path.sh\n'}
[2.621676] (pylon_ros2_camera_component) StdoutLine: {'line': b'-- Up-to-date: /home/mcav/cam_dev_ws/install/pylon_ros2_camera_component/share/pylon_ros2_camera_component/environment/path.dsv\n'}
[2.621746] (pylon_ros2_camera_component) StdoutLine: {'line': b'-- Up-to-date: /home/mcav/cam_dev_ws/install/pylon_ros2_camera_component/share/pylon_ros2_camera_component/local_setup.bash\n'}
[2.621811] (pylon_ros2_camera_component) StdoutLine: {'line': b'-- Up-to-date: /home/mcav/cam_dev_ws/install/pylon_ros2_camera_component/share/pylon_ros2_camera_component/local_setup.sh\n'}
[2.621876] (pylon_ros2_camera_component) StdoutLine: {'line': b'-- Up-to-date: /home/mcav/cam_dev_ws/install/pylon_ros2_camera_component/share/pylon_ros2_camera_component/local_setup.zsh\n'}
[2.621941] (pylon_ros2_camera_component) StdoutLine: {'line': b'-- Up-to-date: /home/mcav/cam_dev_ws/install/pylon_ros2_camera_component/share/pylon_ros2_camera_component/local_setup.dsv\n'}
[2.622008] (pylon_ros2_camera_component) StdoutLine: {'line': b'-- Installing: /home/mcav/cam_dev_ws/install/pylon_ros2_camera_component/share/pylon_ros2_camera_component/package.dsv\n'}
[2.622110] (pylon_ros2_camera_component) StdoutLine: {'line': b'-- Up-to-date: /home/mcav/cam_dev_ws/install/pylon_ros2_camera_component/share/ament_index/resource_index/packages/pylon_ros2_camera_component\n'}
[2.622196] (pylon_ros2_camera_component) StdoutLine: {'line': b'-- Up-to-date: /home/mcav/cam_dev_ws/install/pylon_ros2_camera_component/share/ament_index/resource_index/rclcpp_components/pylon_ros2_camera_component\n'}
[2.622263] (pylon_ros2_camera_component) StdoutLine: {'line': b'-- Up-to-date: /home/mcav/cam_dev_ws/install/pylon_ros2_camera_component/share/pylon_ros2_camera_component/cmake/ament_cmake_export_include_directories-extras.cmake\n'}
[2.622327] (pylon_ros2_camera_component) StdoutLine: {'line': b'-- Up-to-date: /home/mcav/cam_dev_ws/install/pylon_ros2_camera_component/share/pylon_ros2_camera_component/cmake/ament_cmake_export_libraries-extras.cmake\n'}
[2.622400] (pylon_ros2_camera_component) StdoutLine: {'line': b'-- Up-to-date: /home/mcav/cam_dev_ws/install/pylon_ros2_camera_component/share/pylon_ros2_camera_component/cmake/ament_cmake_export_dependencies-extras.cmake\n'}
[2.622626] (pylon_ros2_camera_component) StdoutLine: {'line': b'-- Up-to-date: /home/mcav/cam_dev_ws/install/pylon_ros2_camera_component/share/pylon_ros2_camera_component/cmake/pylon_ros2_camera_componentConfig.cmake\n'}
[2.622742] (pylon_ros2_camera_component) StdoutLine: {'line': b'-- Up-to-date: /home/mcav/cam_dev_ws/install/pylon_ros2_camera_component/share/pylon_ros2_camera_component/cmake/pylon_ros2_camera_componentConfig-version.cmake\n'}
[2.623234] (pylon_ros2_camera_component) StdoutLine: {'line': b'-- Up-to-date: /home/mcav/cam_dev_ws/install/pylon_ros2_camera_component/share/pylon_ros2_camera_component/package.xml\n'}
[2.623924] (pylon_ros2_camera_component) CommandEnded: {'returncode': 0}
[2.643494] (pylon_ros2_camera_component) JobEnded: {'identifier': 'pylon_ros2_camera_component', 'rc': 0}
[2.645242] (pylon_ros2_camera_wrapper) JobStarted: {'identifier': 'pylon_ros2_camera_wrapper'}
[2.654855] (pylon_ros2_camera_wrapper) JobProgress: {'identifier': 'pylon_ros2_camera_wrapper', 'progress': 'cmake'}
[2.655916] (pylon_ros2_camera_wrapper) JobProgress: {'identifier': 'pylon_ros2_camera_wrapper', 'progress': 'build'}
[2.656912] (pylon_ros2_camera_wrapper) Command: {'cmd': ['/usr/local/bin/cmake', '--build', '/home/mcav/cam_dev_ws/build/pylon_ros2_camera_wrapper', '--', '-j8', '-l8'], 'cwd': '/home/mcav/cam_dev_ws/build/pylon_ros2_camera_wrapper', 'env': OrderedDict([('LESSOPEN', '| /usr/bin/lesspipe %s'), ('USER', 'mcav'), ('CCACHE_DIR', '/var/tmp/ccache'), ('XDG_SESSION_TYPE', 'x11'), ('SHLVL', '1'), ('LD_LIBRARY_PATH', '/home/mcav/cam_dev_ws/install/pylon_ros2_camera_component/lib:/home/mcav/cam_dev_ws/install/pylon_ros2_camera_interfaces/lib:/usr/local/cuda/lib64:/usr/local/cuda/lib64:/opt/ros/humble/opt/rviz_ogre_vendor/lib:/opt/ros/humble/lib/x86_64-linux-gnu:/opt/ros/humble/lib'), ('HOME', '/home/mcav'), ('OLDPWD', '/home/mcav'), ('DESKTOP_SESSION', 'ubuntu'), ('ROS_PYTHON_VERSION', '3'), ('GNOME_SHELL_SESSION_MODE', 'ubuntu'), ('GTK_MODULES', 'gail:atk-bridge'), ('SYSTEMD_EXEC_PID', '1954'), ('DBUS_SESSION_BUS_ADDRESS', 'unix:path=/run/user/1000/bus'), ('COLORTERM', 'truecolor'), ('IM_CONFIG_PHASE', '1'), ('ROS_DISTRO', 'humble'), ('GTK_IM_MODULE', 'ibus'), ('LOGNAME', 'mcav'), ('_', '/usr/bin/colcon'), ('ROS_VERSION', '2'), ('XDG_SESSION_CLASS', 'user'), ('USERNAME', 'mcav'), ('TERM', 'xterm-256color'), ('GNOME_DESKTOP_SESSION_ID', 'this-is-deprecated'), ('ROS_LOCALHOST_ONLY', '0'), ('WINDOWPATH', '2'), ('PATH', '/usr/local/cuda/bin:/usr/local/cuda/bin:/opt/ros/humble/bin:/home/mcav/.local/bin:/home/mcav/bin:/usr/local/sbin:/usr/local/bin:/usr/sbin:/usr/bin:/sbin:/bin:/usr/games:/usr/local/games:/snap/bin:/snap/bin:/home/mcav/.local/bin:/home/mcav/.local/bin'), ('SESSION_MANAGER', 'local/mcav:@/tmp/.ICE-unix/1926,unix/mcav:/tmp/.ICE-unix/1926'), ('XDG_MENU_PREFIX', 'gnome-'), ('GNOME_TERMINAL_SCREEN', '/org/gnome/Terminal/screen/2063d892_2378_4a66_a531_fce08baee512'), ('XDG_RUNTIME_DIR', '/run/user/1000'), ('DISPLAY', ':0'), ('LANG', 'en_US.UTF-8'), ('XDG_CURRENT_DESKTOP', 'ubuntu:GNOME'), ('RMW_IMPLEMENTATION', 'rmw_cyclonedds_cpp'), ('XMODIFIERS', '@im=ibus'), ('XDG_SESSION_DESKTOP', 'ubuntu'), ('XAUTHORITY', '/run/user/1000/gdm/Xauthority'), ('LS_COLORS', 'rs=0:di=01;34:ln=01;36:mh=00:pi=40;33:so=01;35:do=01;35:bd=40;33;01:cd=40;33;01:or=40;31;01:mi=00:su=37;41:sg=30;43:ca=30;41:tw=30;42:ow=34;42:st=37;44:ex=01;32:*.tar=01;31:*.tgz=01;31:*.arc=01;31:*.arj=01;31:*.taz=01;31:*.lha=01;31:*.lz4=01;31:*.lzh=01;31:*.lzma=01;31:*.tlz=01;31:*.txz=01;31:*.tzo=01;31:*.t7z=01;31:*.zip=01;31:*.z=01;31:*.dz=01;31:*.gz=01;31:*.lrz=01;31:*.lz=01;31:*.lzo=01;31:*.xz=01;31:*.zst=01;31:*.tzst=01;31:*.bz2=01;31:*.bz=01;31:*.tbz=01;31:*.tbz2=01;31:*.tz=01;31:*.deb=01;31:*.rpm=01;31:*.jar=01;31:*.war=01;31:*.ear=01;31:*.sar=01;31:*.rar=01;31:*.alz=01;31:*.ace=01;31:*.zoo=01;31:*.cpio=01;31:*.7z=01;31:*.rz=01;31:*.cab=01;31:*.wim=01;31:*.swm=01;31:*.dwm=01;31:*.esd=01;31:*.jpg=01;35:*.jpeg=01;35:*.mjpg=01;35:*.mjpeg=01;35:*.gif=01;35:*.bmp=01;35:*.pbm=01;35:*.pgm=01;35:*.ppm=01;35:*.tga=01;35:*.xbm=01;35:*.xpm=01;35:*.tif=01;35:*.tiff=01;35:*.png=01;35:*.svg=01;35:*.svgz=01;35:*.mng=01;35:*.pcx=01;35:*.mov=01;35:*.mpg=01;35:*.mpeg=01;35:*.m2v=01;35:*.mkv=01;35:*.webm=01;35:*.webp=01;35:*.ogm=01;35:*.mp4=01;35:*.m4v=01;35:*.mp4v=01;35:*.vob=01;35:*.qt=01;35:*.nuv=01;35:*.wmv=01;35:*.asf=01;35:*.rm=01;35:*.rmvb=01;35:*.flc=01;35:*.avi=01;35:*.fli=01;35:*.flv=01;35:*.gl=01;35:*.dl=01;35:*.xcf=01;35:*.xwd=01;35:*.yuv=01;35:*.cgm=01;35:*.emf=01;35:*.ogv=01;35:*.ogx=01;35:*.aac=00;36:*.au=00;36:*.flac=00;36:*.m4a=00;36:*.mid=00;36:*.midi=00;36:*.mka=00;36:*.mp3=00;36:*.mpc=00;36:*.ogg=00;36:*.ra=00;36:*.wav=00;36:*.oga=00;36:*.opus=00;36:*.spx=00;36:*.xspf=00;36:'), ('GNOME_TERMINAL_SERVICE', ':1.90'), ('SSH_AGENT_LAUNCHER', 'gnome-keyring'), ('SSH_AUTH_SOCK', '/run/user/1000/keyring/ssh'), ('AMENT_PREFIX_PATH', '/home/mcav/cam_dev_ws/install/pylon_ros2_camera_component:/home/mcav/cam_dev_ws/install/pylon_ros2_camera_interfaces:/opt/ros/humble'), ('SHELL', '/bin/bash'), ('QT_ACCESSIBILITY', '1'), ('CXX', '/usr/lib/ccache/g++'), ('GDMSESSION', 'ubuntu'), ('LESSCLOSE', '/usr/bin/lesspipe %s %s'), ('GPG_AGENT_INFO', '/run/user/1000/gnupg/S.gpg-agent:0:1'), ('QT_IM_MODULE', 'ibus'), ('PWD', '/home/mcav/cam_dev_ws/build/pylon_ros2_camera_wrapper'), ('LC_ALL', 'en_US.UTF-8'), ('XDG_CONFIG_DIRS', '/etc/xdg/xdg-ubuntu:/etc/xdg'), ('PYLON_ROOT', '/opt/pylon'), ('XDG_DATA_DIRS', '/usr/share/ubuntu:/usr/share/gnome:/usr/local/share/:/usr/share/:/var/lib/snapd/desktop'), ('PYTHONPATH', '/home/mcav/cam_dev_ws/install/pylon_ros2_camera_interfaces/local/lib/python3.10/dist-packages:/opt/ros/humble/lib/python3.10/site-packages:/opt/ros/humble/local/lib/python3.10/dist-packages'), ('CC', '/usr/lib/ccache/gcc'), ('COLCON', '1'), ('GENICAM_GENTL64_PATH', ':/opt/pylon/lib/gentlproducer/gtl:/opt/pylon/lib/pylonCXP/bin/'), ('VTE_VERSION', '6800'), ('CMAKE_PREFIX_PATH', '/home/mcav/cam_dev_ws/install/pylon_ros2_camera_component:/home/mcav/cam_dev_ws/install/pylon_ros2_camera_interfaces:/opt/ros/humble')]), 'shell': False}
[2.702503] (pylon_ros2_camera_wrapper) StdoutLine: {'line': b'[ 10%] \x1b[32mBuilding CXX object CMakeFiles/test_grab_image_action_client.dir/rclcpp_components/node_main_test_grab_image_action_client.cpp.o\x1b[0m\n'}
[2.705805] (-) TimerEvent: {}
[2.708010] (pylon_ros2_camera_wrapper) StdoutLine: {'line': b'[ 20%] \x1b[32mBuilding CXX object CMakeFiles/test_grab_blaze_data_action_client.dir/rclcpp_components/node_main_test_grab_blaze_data_action_client.cpp.o\x1b[0m\n'}
[2.708516] (pylon_ros2_camera_wrapper) StdoutLine: {'line': b'[ 30%] \x1b[32mBuilding CXX object CMakeFiles/pylon_ros2_camera_wrapper.dir/src/pylon_ros2_camera_wrapper.cpp.o\x1b[0m\n'}
[2.714481] (pylon_ros2_camera_wrapper) StdoutLine: {'line': b'[ 40%] \x1b[32mBuilding CXX object CMakeFiles/action_client_test_grab_blaze_data.dir/test/test_grab_blaze_data_action_client.cpp.o\x1b[0m\n'}
[2.714870] (pylon_ros2_camera_wrapper) StdoutLine: {'line': b'[ 50%] \x1b[32mBuilding CXX object CMakeFiles/action_client_test_grab_images.dir/test/test_grab_images_action_client.cpp.o\x1b[0m\n'}
[2.728956] (pylon_ros2_camera_wrapper) StdoutLine: {'line': b'[ 60%] \x1b[32m\x1b[1mLinking CXX executable test_grab_image_action_client\x1b[0m\n'}
[2.731846] (pylon_ros2_camera_wrapper) StdoutLine: {'line': b'[ 70%] \x1b[32m\x1b[1mLinking CXX executable test_grab_blaze_data_action_client\x1b[0m\n'}
[2.736317] (pylon_ros2_camera_wrapper) StdoutLine: {'line': b'[ 80%] \x1b[32m\x1b[1mLinking CXX executable pylon_ros2_camera_wrapper\x1b[0m\n'}
[2.749532] (pylon_ros2_camera_wrapper) StdoutLine: {'line': b'[ 90%] \x1b[32m\x1b[1mLinking CXX shared library libaction_client_test_grab_images.so\x1b[0m\n'}
[2.749815] (pylon_ros2_camera_wrapper) StdoutLine: {'line': b'[100%] \x1b[32m\x1b[1mLinking CXX shared library libaction_client_test_grab_blaze_data.so\x1b[0m\n'}
[2.806077] (-) TimerEvent: {}
[2.904717] (pylon_ros2_camera_wrapper) StdoutLine: {'line': b'[100%] Built target test_grab_image_action_client\n'}
[2.906127] (-) TimerEvent: {}
[2.964598] (pylon_ros2_camera_wrapper) StdoutLine: {'line': b'[100%] Built target test_grab_blaze_data_action_client\n'}
[3.006262] (-) TimerEvent: {}
[3.106593] (-) TimerEvent: {}
[3.207042] (-) TimerEvent: {}
[3.307494] (-) TimerEvent: {}
[3.407202] (pylon_ros2_camera_wrapper) StdoutLine: {'line': b'[100%] Built target action_client_test_grab_images\n'}
[3.407577] (-) TimerEvent: {}
[3.418726] (pylon_ros2_camera_wrapper) StdoutLine: {'line': b'[100%] Built target action_client_test_grab_blaze_data\n'}
[3.507705] (-) TimerEvent: {}
[3.608011] (-) TimerEvent: {}
[3.708323] (-) TimerEvent: {}
[3.808739] (-) TimerEvent: {}
[3.829776] (pylon_ros2_camera_wrapper) StdoutLine: {'line': b'[100%] Built target pylon_ros2_camera_wrapper\n'}
[3.834784] (pylon_ros2_camera_wrapper) CommandEnded: {'returncode': 0}
[3.835784] (pylon_ros2_camera_wrapper) JobProgress: {'identifier': 'pylon_ros2_camera_wrapper', 'progress': 'install'}
[3.836797] (pylon_ros2_camera_wrapper) Command: {'cmd': ['/usr/local/bin/cmake', '--install', '/home/mcav/cam_dev_ws/build/pylon_ros2_camera_wrapper'], 'cwd': '/home/mcav/cam_dev_ws/build/pylon_ros2_camera_wrapper', 'env': OrderedDict([('LESSOPEN', '| /usr/bin/lesspipe %s'), ('USER', 'mcav'), ('CCACHE_DIR', '/var/tmp/ccache'), ('XDG_SESSION_TYPE', 'x11'), ('SHLVL', '1'), ('LD_LIBRARY_PATH', '/home/mcav/cam_dev_ws/install/pylon_ros2_camera_component/lib:/home/mcav/cam_dev_ws/install/pylon_ros2_camera_interfaces/lib:/usr/local/cuda/lib64:/usr/local/cuda/lib64:/opt/ros/humble/opt/rviz_ogre_vendor/lib:/opt/ros/humble/lib/x86_64-linux-gnu:/opt/ros/humble/lib'), ('HOME', '/home/mcav'), ('OLDPWD', '/home/mcav'), ('DESKTOP_SESSION', 'ubuntu'), ('ROS_PYTHON_VERSION', '3'), ('GNOME_SHELL_SESSION_MODE', 'ubuntu'), ('GTK_MODULES', 'gail:atk-bridge'), ('SYSTEMD_EXEC_PID', '1954'), ('DBUS_SESSION_BUS_ADDRESS', 'unix:path=/run/user/1000/bus'), ('COLORTERM', 'truecolor'), ('IM_CONFIG_PHASE', '1'), ('ROS_DISTRO', 'humble'), ('GTK_IM_MODULE', 'ibus'), ('LOGNAME', 'mcav'), ('_', '/usr/bin/colcon'), ('ROS_VERSION', '2'), ('XDG_SESSION_CLASS', 'user'), ('USERNAME', 'mcav'), ('TERM', 'xterm-256color'), ('GNOME_DESKTOP_SESSION_ID', 'this-is-deprecated'), ('ROS_LOCALHOST_ONLY', '0'), ('WINDOWPATH', '2'), ('PATH', '/usr/local/cuda/bin:/usr/local/cuda/bin:/opt/ros/humble/bin:/home/mcav/.local/bin:/home/mcav/bin:/usr/local/sbin:/usr/local/bin:/usr/sbin:/usr/bin:/sbin:/bin:/usr/games:/usr/local/games:/snap/bin:/snap/bin:/home/mcav/.local/bin:/home/mcav/.local/bin'), ('SESSION_MANAGER', 'local/mcav:@/tmp/.ICE-unix/1926,unix/mcav:/tmp/.ICE-unix/1926'), ('XDG_MENU_PREFIX', 'gnome-'), ('GNOME_TERMINAL_SCREEN', '/org/gnome/Terminal/screen/2063d892_2378_4a66_a531_fce08baee512'), ('XDG_RUNTIME_DIR', '/run/user/1000'), ('DISPLAY', ':0'), ('LANG', 'en_US.UTF-8'), ('XDG_CURRENT_DESKTOP', 'ubuntu:GNOME'), ('RMW_IMPLEMENTATION', 'rmw_cyclonedds_cpp'), ('XMODIFIERS', '@im=ibus'), ('XDG_SESSION_DESKTOP', 'ubuntu'), ('XAUTHORITY', '/run/user/1000/gdm/Xauthority'), ('LS_COLORS', 'rs=0:di=01;34:ln=01;36:mh=00:pi=40;33:so=01;35:do=01;35:bd=40;33;01:cd=40;33;01:or=40;31;01:mi=00:su=37;41:sg=30;43:ca=30;41:tw=30;42:ow=34;42:st=37;44:ex=01;32:*.tar=01;31:*.tgz=01;31:*.arc=01;31:*.arj=01;31:*.taz=01;31:*.lha=01;31:*.lz4=01;31:*.lzh=01;31:*.lzma=01;31:*.tlz=01;31:*.txz=01;31:*.tzo=01;31:*.t7z=01;31:*.zip=01;31:*.z=01;31:*.dz=01;31:*.gz=01;31:*.lrz=01;31:*.lz=01;31:*.lzo=01;31:*.xz=01;31:*.zst=01;31:*.tzst=01;31:*.bz2=01;31:*.bz=01;31:*.tbz=01;31:*.tbz2=01;31:*.tz=01;31:*.deb=01;31:*.rpm=01;31:*.jar=01;31:*.war=01;31:*.ear=01;31:*.sar=01;31:*.rar=01;31:*.alz=01;31:*.ace=01;31:*.zoo=01;31:*.cpio=01;31:*.7z=01;31:*.rz=01;31:*.cab=01;31:*.wim=01;31:*.swm=01;31:*.dwm=01;31:*.esd=01;31:*.jpg=01;35:*.jpeg=01;35:*.mjpg=01;35:*.mjpeg=01;35:*.gif=01;35:*.bmp=01;35:*.pbm=01;35:*.pgm=01;35:*.ppm=01;35:*.tga=01;35:*.xbm=01;35:*.xpm=01;35:*.tif=01;35:*.tiff=01;35:*.png=01;35:*.svg=01;35:*.svgz=01;35:*.mng=01;35:*.pcx=01;35:*.mov=01;35:*.mpg=01;35:*.mpeg=01;35:*.m2v=01;35:*.mkv=01;35:*.webm=01;35:*.webp=01;35:*.ogm=01;35:*.mp4=01;35:*.m4v=01;35:*.mp4v=01;35:*.vob=01;35:*.qt=01;35:*.nuv=01;35:*.wmv=01;35:*.asf=01;35:*.rm=01;35:*.rmvb=01;35:*.flc=01;35:*.avi=01;35:*.fli=01;35:*.flv=01;35:*.gl=01;35:*.dl=01;35:*.xcf=01;35:*.xwd=01;35:*.yuv=01;35:*.cgm=01;35:*.emf=01;35:*.ogv=01;35:*.ogx=01;35:*.aac=00;36:*.au=00;36:*.flac=00;36:*.m4a=00;36:*.mid=00;36:*.midi=00;36:*.mka=00;36:*.mp3=00;36:*.mpc=00;36:*.ogg=00;36:*.ra=00;36:*.wav=00;36:*.oga=00;36:*.opus=00;36:*.spx=00;36:*.xspf=00;36:'), ('GNOME_TERMINAL_SERVICE', ':1.90'), ('SSH_AGENT_LAUNCHER', 'gnome-keyring'), ('SSH_AUTH_SOCK', '/run/user/1000/keyring/ssh'), ('AMENT_PREFIX_PATH', '/home/mcav/cam_dev_ws/install/pylon_ros2_camera_component:/home/mcav/cam_dev_ws/install/pylon_ros2_camera_interfaces:/opt/ros/humble'), ('SHELL', '/bin/bash'), ('QT_ACCESSIBILITY', '1'), ('CXX', '/usr/lib/ccache/g++'), ('GDMSESSION', 'ubuntu'), ('LESSCLOSE', '/usr/bin/lesspipe %s %s'), ('GPG_AGENT_INFO', '/run/user/1000/gnupg/S.gpg-agent:0:1'), ('QT_IM_MODULE', 'ibus'), ('PWD', '/home/mcav/cam_dev_ws/build/pylon_ros2_camera_wrapper'), ('LC_ALL', 'en_US.UTF-8'), ('XDG_CONFIG_DIRS', '/etc/xdg/xdg-ubuntu:/etc/xdg'), ('PYLON_ROOT', '/opt/pylon'), ('XDG_DATA_DIRS', '/usr/share/ubuntu:/usr/share/gnome:/usr/local/share/:/usr/share/:/var/lib/snapd/desktop'), ('PYTHONPATH', '/home/mcav/cam_dev_ws/install/pylon_ros2_camera_interfaces/local/lib/python3.10/dist-packages:/opt/ros/humble/lib/python3.10/site-packages:/opt/ros/humble/local/lib/python3.10/dist-packages'), ('CC', '/usr/lib/ccache/gcc'), ('COLCON', '1'), ('GENICAM_GENTL64_PATH', ':/opt/pylon/lib/gentlproducer/gtl:/opt/pylon/lib/pylonCXP/bin/'), ('VTE_VERSION', '6800'), ('CMAKE_PREFIX_PATH', '/home/mcav/cam_dev_ws/install/pylon_ros2_camera_component:/home/mcav/cam_dev_ws/install/pylon_ros2_camera_interfaces:/opt/ros/humble')]), 'shell': False}
[3.840360] (pylon_ros2_camera_wrapper) StdoutLine: {'line': b'-- Install configuration: "Release"\n'}
[3.840757] (pylon_ros2_camera_wrapper) StdoutLine: {'line': b'-- Installing: /home/mcav/cam_dev_ws/install/pylon_ros2_camera_wrapper/lib/pylon_ros2_camera_wrapper/test_grab_image_action_client\n'}
[3.841502] (pylon_ros2_camera_wrapper) StdoutLine: {'line': b'-- Set non-toolchain portion of runtime path of "/home/mcav/cam_dev_ws/install/pylon_ros2_camera_wrapper/lib/pylon_ros2_camera_wrapper/test_grab_image_action_client" to ""\n'}
[3.841811] (pylon_ros2_camera_wrapper) StdoutLine: {'line': b'-- Installing: /home/mcav/cam_dev_ws/install/pylon_ros2_camera_wrapper/lib/pylon_ros2_camera_wrapper/test_grab_blaze_data_action_client\n'}
[3.842643] (pylon_ros2_camera_wrapper) StdoutLine: {'line': b'-- Set non-toolchain portion of runtime path of "/home/mcav/cam_dev_ws/install/pylon_ros2_camera_wrapper/lib/pylon_ros2_camera_wrapper/test_grab_blaze_data_action_client" to ""\n'}
[3.842945] (pylon_ros2_camera_wrapper) StdoutLine: {'line': b'-- Installing: /home/mcav/cam_dev_ws/install/pylon_ros2_camera_wrapper/lib/pylon_ros2_camera_wrapper/pylon_ros2_camera_wrapper\n'}
[3.843570] (pylon_ros2_camera_wrapper) StdoutLine: {'line': b'-- Set non-toolchain portion of runtime path of "/home/mcav/cam_dev_ws/install/pylon_ros2_camera_wrapper/lib/pylon_ros2_camera_wrapper/pylon_ros2_camera_wrapper" to ""\n'}
[3.843963] (pylon_ros2_camera_wrapper) StdoutLine: {'line': b'-- Installing: /home/mcav/cam_dev_ws/install/pylon_ros2_camera_wrapper/lib/libaction_client_test_grab_images.so\n'}
[3.844930] (pylon_ros2_camera_wrapper) StdoutLine: {'line': b'-- Set non-toolchain portion of runtime path of "/home/mcav/cam_dev_ws/install/pylon_ros2_camera_wrapper/lib/libaction_client_test_grab_images.so" to ""\n'}
[3.845376] (pylon_ros2_camera_wrapper) StdoutLine: {'line': b'-- Installing: /home/mcav/cam_dev_ws/install/pylon_ros2_camera_wrapper/lib/libaction_client_test_grab_blaze_data.so\n'}
[3.846547] (pylon_ros2_camera_wrapper) StdoutLine: {'line': b'-- Set non-toolchain portion of runtime path of "/home/mcav/cam_dev_ws/install/pylon_ros2_camera_wrapper/lib/libaction_client_test_grab_blaze_data.so" to ""\n'}
[3.846753] (pylon_ros2_camera_wrapper) StdoutLine: {'line': b'-- Up-to-date: /home/mcav/cam_dev_ws/install/pylon_ros2_camera_wrapper/share/pylon_ros2_camera_wrapper/config\n'}
[3.847027] (pylon_ros2_camera_wrapper) StdoutLine: {'line': b'-- Up-to-date: /home/mcav/cam_dev_ws/install/pylon_ros2_camera_wrapper/share/pylon_ros2_camera_wrapper/config/CAM6.yaml\n'}
[3.847157] (pylon_ros2_camera_wrapper) StdoutLine: {'line': b'-- Up-to-date: /home/mcav/cam_dev_ws/install/pylon_ros2_camera_wrapper/share/pylon_ros2_camera_wrapper/config/CAM4.yaml\n'}
[3.847283] (pylon_ros2_camera_wrapper) StdoutLine: {'line': b'-- Up-to-date: /home/mcav/cam_dev_ws/install/pylon_ros2_camera_wrapper/share/pylon_ros2_camera_wrapper/config/CAM2.yaml\n'}
[3.847408] (pylon_ros2_camera_wrapper) StdoutLine: {'line': b'-- Up-to-date: /home/mcav/cam_dev_ws/install/pylon_ros2_camera_wrapper/share/pylon_ros2_camera_wrapper/config/CAM5.yaml\n'}
[3.847507] (pylon_ros2_camera_wrapper) StdoutLine: {'line': b'-- Up-to-date: /home/mcav/cam_dev_ws/install/pylon_ros2_camera_wrapper/share/pylon_ros2_camera_wrapper/config/CAM1.yaml\n'}
[3.847611] (pylon_ros2_camera_wrapper) StdoutLine: {'line': b'-- Up-to-date: /home/mcav/cam_dev_ws/install/pylon_ros2_camera_wrapper/share/pylon_ros2_camera_wrapper/config/my_blaze.yaml\n'}
[3.847675] (pylon_ros2_camera_wrapper) StdoutLine: {'line': b'-- Up-to-date: /home/mcav/cam_dev_ws/install/pylon_ros2_camera_wrapper/share/pylon_ros2_camera_wrapper/config/default.yaml\n'}
[3.847758] (pylon_ros2_camera_wrapper) StdoutLine: {'line': b'-- Up-to-date: /home/mcav/cam_dev_ws/install/pylon_ros2_camera_wrapper/share/pylon_ros2_camera_wrapper/config/CAM3.yaml\n'}
[3.847847] (pylon_ros2_camera_wrapper) StdoutLine: {'line': b'-- Up-to-date: /home/mcav/cam_dev_ws/install/pylon_ros2_camera_wrapper/share/pylon_ros2_camera_wrapper/launch\n'}
[3.847961] (pylon_ros2_camera_wrapper) StdoutLine: {'line': b'-- Up-to-date: /home/mcav/cam_dev_ws/install/pylon_ros2_camera_wrapper/share/pylon_ros2_camera_wrapper/launch/pylon_ros2_camera.launch.py\n'}
[3.848036] (pylon_ros2_camera_wrapper) StdoutLine: {'line': b'-- Up-to-date: /home/mcav/cam_dev_ws/install/pylon_ros2_camera_wrapper/share/pylon_ros2_camera_wrapper/launch/my_blaze.launch.py\n'}
[3.848100] (pylon_ros2_camera_wrapper) StdoutLine: {'line': b'-- Up-to-date: /home/mcav/cam_dev_ws/install/pylon_ros2_camera_wrapper/share/pylon_ros2_camera_wrapper/launch/ip_configuration.launch.py\n'}
[3.848163] (pylon_ros2_camera_wrapper) StdoutLine: {'line': b'-- Up-to-date: /home/mcav/cam_dev_ws/install/pylon_ros2_camera_wrapper/share/ament_index/resource_index/package_run_dependencies/pylon_ros2_camera_wrapper\n'}
[3.848226] (pylon_ros2_camera_wrapper) StdoutLine: {'line': b'-- Up-to-date: /home/mcav/cam_dev_ws/install/pylon_ros2_camera_wrapper/share/ament_index/resource_index/parent_prefix_path/pylon_ros2_camera_wrapper\n'}
[3.848289] (pylon_ros2_camera_wrapper) StdoutLine: {'line': b'-- Up-to-date: /home/mcav/cam_dev_ws/install/pylon_ros2_camera_wrapper/share/pylon_ros2_camera_wrapper/environment/ament_prefix_path.sh\n'}
[3.848352] (pylon_ros2_camera_wrapper) StdoutLine: {'line': b'-- Up-to-date: /home/mcav/cam_dev_ws/install/pylon_ros2_camera_wrapper/share/pylon_ros2_camera_wrapper/environment/ament_prefix_path.dsv\n'}
[3.848414] (pylon_ros2_camera_wrapper) StdoutLine: {'line': b'-- Up-to-date: /home/mcav/cam_dev_ws/install/pylon_ros2_camera_wrapper/share/pylon_ros2_camera_wrapper/environment/path.sh\n'}
[3.848480] (pylon_ros2_camera_wrapper) StdoutLine: {'line': b'-- Up-to-date: /home/mcav/cam_dev_ws/install/pylon_ros2_camera_wrapper/share/pylon_ros2_camera_wrapper/environment/path.dsv\n'}
[3.848543] (pylon_ros2_camera_wrapper) StdoutLine: {'line': b'-- Up-to-date: /home/mcav/cam_dev_ws/install/pylon_ros2_camera_wrapper/share/pylon_ros2_camera_wrapper/local_setup.bash\n'}
[3.848613] (pylon_ros2_camera_wrapper) StdoutLine: {'line': b'-- Up-to-date: /home/mcav/cam_dev_ws/install/pylon_ros2_camera_wrapper/share/pylon_ros2_camera_wrapper/local_setup.sh\n'}
[3.848723] (pylon_ros2_camera_wrapper) StdoutLine: {'line': b'-- Up-to-date: /home/mcav/cam_dev_ws/install/pylon_ros2_camera_wrapper/share/pylon_ros2_camera_wrapper/local_setup.zsh\n'}
[3.849012] (pylon_ros2_camera_wrapper) StdoutLine: {'line': b'-- Up-to-date: /home/mcav/cam_dev_ws/install/pylon_ros2_camera_wrapper/share/pylon_ros2_camera_wrapper/local_setup.dsv\n'}
[3.849253] (pylon_ros2_camera_wrapper) StdoutLine: {'line': b'-- Installing: /home/mcav/cam_dev_ws/install/pylon_ros2_camera_wrapper/share/pylon_ros2_camera_wrapper/package.dsv\n'}
[3.849696] (pylon_ros2_camera_wrapper) StdoutLine: {'line': b'-- Up-to-date: /home/mcav/cam_dev_ws/install/pylon_ros2_camera_wrapper/share/ament_index/resource_index/packages/pylon_ros2_camera_wrapper\n'}
[3.849869] (pylon_ros2_camera_wrapper) StdoutLine: {'line': b'-- Up-to-date: /home/mcav/cam_dev_ws/install/pylon_ros2_camera_wrapper/share/ament_index/resource_index/rclcpp_components/pylon_ros2_camera_wrapper\n'}
[3.850872] (pylon_ros2_camera_wrapper) StdoutLine: {'line': b'-- Up-to-date: /home/mcav/cam_dev_ws/install/pylon_ros2_camera_wrapper/share/pylon_ros2_camera_wrapper/cmake/pylon_ros2_camera_wrapperConfig.cmake\n'}
[3.851454] (pylon_ros2_camera_wrapper) StdoutLine: {'line': b'-- Up-to-date: /home/mcav/cam_dev_ws/install/pylon_ros2_camera_wrapper/share/pylon_ros2_camera_wrapper/cmake/pylon_ros2_camera_wrapperConfig-version.cmake\n'}
[3.851706] (pylon_ros2_camera_wrapper) StdoutLine: {'line': b'-- Up-to-date: /home/mcav/cam_dev_ws/install/pylon_ros2_camera_wrapper/share/pylon_ros2_camera_wrapper/package.xml\n'}
[3.851988] (pylon_ros2_camera_wrapper) CommandEnded: {'returncode': 0}
[3.870266] (pylon_ros2_camera_wrapper) JobEnded: {'identifier': 'pylon_ros2_camera_wrapper', 'rc': 0}
[3.871113] (-) EventReactorShutdown: {}
