[0.000000] (-) TimerEvent: {}
[0.000112] (pylon_ros2_camera_interfaces) JobQueued: {'identifier': 'pylon_ros2_camera_interfaces', 'dependencies': OrderedDict()}
[0.000187] (pylon_ros2_camera_component) JobQueued: {'identifier': 'pylon_ros2_camera_component', 'dependencies': OrderedDict([('pylon_ros2_camera_interfaces', '/home/mcav/cam_dev_ws/install/pylon_ros2_camera_interfaces')])}
[0.000259] (pylon_ros2_camera_wrapper) JobQueued: {'identifier': 'pylon_ros2_camera_wrapper', 'dependencies': OrderedDict([('pylon_ros2_camera_interfaces', '/home/mcav/cam_dev_ws/install/pylon_ros2_camera_interfaces'), ('pylon_ros2_camera_component', '/home/mcav/cam_dev_ws/install/pylon_ros2_camera_component')])}
[0.000344] (pylon_ros2_camera_interfaces) JobStarted: {'identifier': 'pylon_ros2_camera_interfaces'}
[0.010750] (pylon_ros2_camera_interfaces) JobProgress: {'identifier': 'pylon_ros2_camera_interfaces', 'progress': 'cmake'}
[0.012556] (pylon_ros2_camera_interfaces) JobProgress: {'identifier': 'pylon_ros2_camera_interfaces', 'progress': 'build'}
[0.013418] (pylon_ros2_camera_interfaces) Command: {'cmd': ['/usr/local/bin/cmake', '--build', '/home/mcav/cam_dev_ws/build/pylon_ros2_camera_interfaces', '--', '-j8', '-l8'], 'cwd': '/home/mcav/cam_dev_ws/build/pylon_ros2_camera_interfaces', 'env': OrderedDict([('LESSOPEN', '| /usr/bin/lesspipe %s'), ('USER', 'mcav'), ('CCACHE_DIR', '/var/tmp/ccache'), ('XDG_SESSION_TYPE', 'x11'), ('SHLVL', '1'), ('LD_LIBRARY_PATH', '/usr/local/cuda/lib64:/usr/local/cuda/lib64:/opt/ros/humble/opt/rviz_ogre_vendor/lib:/opt/ros/humble/lib/x86_64-linux-gnu:/opt/ros/humble/lib'), ('HOME', '/home/mcav'), ('OLDPWD', '/home/mcav'), ('DESKTOP_SESSION', 'ubuntu'), ('ROS_PYTHON_VERSION', '3'), ('GNOME_SHELL_SESSION_MODE', 'ubuntu'), ('GTK_MODULES', 'gail:atk-bridge'), ('SYSTEMD_EXEC_PID', '1798'), ('DBUS_SESSION_BUS_ADDRESS', 'unix:path=/run/user/1000/bus'), ('COLORTERM', 'truecolor'), ('IM_CONFIG_PHASE', '1'), ('ROS_DISTRO', 'humble'), ('GTK_IM_MODULE', 'ibus'), ('LOGNAME', 'mcav'), ('_', '/usr/bin/colcon'), ('ROS_VERSION', '2'), ('XDG_SESSION_CLASS', 'user'), ('USERNAME', 'mcav'), ('TERM', 'xterm-256color'), ('GNOME_DESKTOP_SESSION_ID', 'this-is-deprecated'), ('ROS_LOCALHOST_ONLY', '0'), ('WINDOWPATH', '2'), ('PATH', '/usr/local/cuda/bin:/usr/local/cuda/bin:/opt/ros/humble/bin:/home/mcav/.local/bin:/home/mcav/bin:/usr/local/sbin:/usr/local/bin:/usr/sbin:/usr/bin:/sbin:/bin:/usr/games:/usr/local/games:/snap/bin:/snap/bin:/home/mcav/.local/bin:/home/mcav/.local/bin'), ('SESSION_MANAGER', 'local/mcav:@/tmp/.ICE-unix/1769,unix/mcav:/tmp/.ICE-unix/1769'), ('XDG_MENU_PREFIX', 'gnome-'), ('GNOME_TERMINAL_SCREEN', '/org/gnome/Terminal/screen/c0efffe5_2ee4_476d_bfbf_7a3f010cb6bb'), ('XDG_RUNTIME_DIR', '/run/user/1000'), ('DISPLAY', ':0'), ('LANG', 'en_US.UTF-8'), ('XDG_CURRENT_DESKTOP', 'ubuntu:GNOME'), ('RMW_IMPLEMENTATION', 'rmw_cyclonedds_cpp'), ('XMODIFIERS', '@im=ibus'), ('XDG_SESSION_DESKTOP', 'ubuntu'), ('XAUTHORITY', '/run/user/1000/gdm/Xauthority'), ('LS_COLORS', 'rs=0:di=01;34:ln=01;36:mh=00:pi=40;33:so=01;35:do=01;35:bd=40;33;01:cd=40;33;01:or=40;31;01:mi=00:su=37;41:sg=30;43:ca=30;41:tw=30;42:ow=34;42:st=37;44:ex=01;32:*.tar=01;31:*.tgz=01;31:*.arc=01;31:*.arj=01;31:*.taz=01;31:*.lha=01;31:*.lz4=01;31:*.lzh=01;31:*.lzma=01;31:*.tlz=01;31:*.txz=01;31:*.tzo=01;31:*.t7z=01;31:*.zip=01;31:*.z=01;31:*.dz=01;31:*.gz=01;31:*.lrz=01;31:*.lz=01;31:*.lzo=01;31:*.xz=01;31:*.zst=01;31:*.tzst=01;31:*.bz2=01;31:*.bz=01;31:*.tbz=01;31:*.tbz2=01;31:*.tz=01;31:*.deb=01;31:*.rpm=01;31:*.jar=01;31:*.war=01;31:*.ear=01;31:*.sar=01;31:*.rar=01;31:*.alz=01;31:*.ace=01;31:*.zoo=01;31:*.cpio=01;31:*.7z=01;31:*.rz=01;31:*.cab=01;31:*.wim=01;31:*.swm=01;31:*.dwm=01;31:*.esd=01;31:*.jpg=01;35:*.jpeg=01;35:*.mjpg=01;35:*.mjpeg=01;35:*.gif=01;35:*.bmp=01;35:*.pbm=01;35:*.pgm=01;35:*.ppm=01;35:*.tga=01;35:*.xbm=01;35:*.xpm=01;35:*.tif=01;35:*.tiff=01;35:*.png=01;35:*.svg=01;35:*.svgz=01;35:*.mng=01;35:*.pcx=01;35:*.mov=01;35:*.mpg=01;35:*.mpeg=01;35:*.m2v=01;35:*.mkv=01;35:*.webm=01;35:*.webp=01;35:*.ogm=01;35:*.mp4=01;35:*.m4v=01;35:*.mp4v=01;35:*.vob=01;35:*.qt=01;35:*.nuv=01;35:*.wmv=01;35:*.asf=01;35:*.rm=01;35:*.rmvb=01;35:*.flc=01;35:*.avi=01;35:*.fli=01;35:*.flv=01;35:*.gl=01;35:*.dl=01;35:*.xcf=01;35:*.xwd=01;35:*.yuv=01;35:*.cgm=01;35:*.emf=01;35:*.ogv=01;35:*.ogx=01;35:*.aac=00;36:*.au=00;36:*.flac=00;36:*.m4a=00;36:*.mid=00;36:*.midi=00;36:*.mka=00;36:*.mp3=00;36:*.mpc=00;36:*.ogg=00;36:*.ra=00;36:*.wav=00;36:*.oga=00;36:*.opus=00;36:*.spx=00;36:*.xspf=00;36:'), ('GNOME_TERMINAL_SERVICE', ':1.97'), ('SSH_AGENT_LAUNCHER', 'gnome-keyring'), ('SSH_AUTH_SOCK', '/run/user/1000/keyring/ssh'), ('AMENT_PREFIX_PATH', '/opt/ros/humble'), ('SHELL', '/bin/bash'), ('QT_ACCESSIBILITY', '1'), ('CXX', '/usr/lib/ccache/g++'), ('GDMSESSION', 'ubuntu'), ('LESSCLOSE', '/usr/bin/lesspipe %s %s'), ('GPG_AGENT_INFO', '/run/user/1000/gnupg/S.gpg-agent:0:1'), ('QT_IM_MODULE', 'ibus'), ('PWD', '/home/mcav/cam_dev_ws/build/pylon_ros2_camera_interfaces'), ('LC_ALL', 'en_US.UTF-8'), ('XDG_CONFIG_DIRS', '/etc/xdg/xdg-ubuntu:/etc/xdg'), ('PYLON_ROOT', '/opt/pylon'), ('XDG_DATA_DIRS', '/usr/share/ubuntu:/usr/share/gnome:/usr/local/share/:/usr/share/:/var/lib/snapd/desktop'), ('PYTHONPATH', '/opt/ros/humble/lib/python3.10/site-packages:/opt/ros/humble/local/lib/python3.10/dist-packages'), ('CC', '/usr/lib/ccache/gcc'), ('COLCON', '1'), ('GENICAM_GENTL64_PATH', ':/opt/pylon/lib/gentlproducer/gtl:/opt/pylon/lib/pylonCXP/bin/'), ('VTE_VERSION', '6800'), ('CMAKE_PREFIX_PATH', '/opt/ros/humble')]), 'shell': False}
[0.099179] (-) TimerEvent: {}
[0.147329] (pylon_ros2_camera_interfaces) StdoutLine: {'line': b'[  1%] Built target pylon_ros2_camera_interfaces__rs\n'}
[0.150185] (pylon_ros2_camera_interfaces) StdoutLine: {'line': b'[  1%] Built target pylon_ros2_camera_interfaces__cpp\n'}
[0.176031] (pylon_ros2_camera_interfaces) StdoutLine: {'line': b'[ 13%] Built target pylon_ros2_camera_interfaces__rosidl_generator_c\n'}
[0.179627] (pylon_ros2_camera_interfaces) StdoutLine: {'line': b'[ 13%] Built target ament_cmake_python_copy_pylon_ros2_camera_interfaces\n'}
[0.194573] (pylon_ros2_camera_interfaces) StdoutLine: {'line': b'[ 25%] Built target pylon_ros2_camera_interfaces__rosidl_typesupport_cpp\n'}
[0.195160] (pylon_ros2_camera_interfaces) StdoutLine: {'line': b'[ 37%] Built target pylon_ros2_camera_interfaces__rosidl_typesupport_introspection_cpp\n'}
[0.199274] (-) TimerEvent: {}
[0.202133] (pylon_ros2_camera_interfaces) StdoutLine: {'line': b'[ 49%] Built target pylon_ros2_camera_interfaces__rosidl_typesupport_c\n'}
[0.204620] (pylon_ros2_camera_interfaces) StdoutLine: {'line': b'[ 61%] Built target pylon_ros2_camera_interfaces__rosidl_typesupport_fastrtps_cpp\n'}
[0.206879] (pylon_ros2_camera_interfaces) StdoutLine: {'line': b'[ 73%] Built target pylon_ros2_camera_interfaces__rosidl_typesupport_introspection_c\n'}
[0.215769] (pylon_ros2_camera_interfaces) StdoutLine: {'line': b'[ 85%] Built target pylon_ros2_camera_interfaces__rosidl_typesupport_fastrtps_c\n'}
[0.226244] (pylon_ros2_camera_interfaces) StdoutLine: {'line': b'[ 85%] Built target pylon_ros2_camera_interfaces\n'}
[0.239768] (pylon_ros2_camera_interfaces) StdoutLine: {'line': b'[ 86%] Built target pylon_ros2_camera_interfaces__py\n'}
[0.267037] (pylon_ros2_camera_interfaces) StdoutLine: {'line': b'[ 97%] Built target pylon_ros2_camera_interfaces__rosidl_generator_py\n'}
[0.281742] (pylon_ros2_camera_interfaces) StdoutLine: {'line': b'[ 98%] Built target pylon_ros2_camera_interfaces__rosidl_typesupport_fastrtps_c__pyext\n'}
[0.282619] (pylon_ros2_camera_interfaces) StdoutLine: {'line': b'[ 99%] Built target pylon_ros2_camera_interfaces__rosidl_typesupport_c__pyext\n'}
[0.282974] (pylon_ros2_camera_interfaces) StdoutLine: {'line': b'[100%] Built target pylon_ros2_camera_interfaces__rosidl_typesupport_introspection_c__pyext\n'}
[0.299374] (-) TimerEvent: {}
[0.399653] (-) TimerEvent: {}
[0.499923] (-) TimerEvent: {}
[0.510781] (pylon_ros2_camera_interfaces) StdoutLine: {'line': b'running egg_info\n'}
[0.511399] (pylon_ros2_camera_interfaces) StdoutLine: {'line': b'writing pylon_ros2_camera_interfaces.egg-info/PKG-INFO\n'}
[0.511622] (pylon_ros2_camera_interfaces) StdoutLine: {'line': b'writing dependency_links to pylon_ros2_camera_interfaces.egg-info/dependency_links.txt\n'}
[0.511914] (pylon_ros2_camera_interfaces) StdoutLine: {'line': b'writing top-level names to pylon_ros2_camera_interfaces.egg-info/top_level.txt\n'}
[0.515148] (pylon_ros2_camera_interfaces) StdoutLine: {'line': b"reading manifest file 'pylon_ros2_camera_interfaces.egg-info/SOURCES.txt'\n"}
[0.516293] (pylon_ros2_camera_interfaces) StdoutLine: {'line': b"writing manifest file 'pylon_ros2_camera_interfaces.egg-info/SOURCES.txt'\n"}
[0.535411] (pylon_ros2_camera_interfaces) StdoutLine: {'line': b'[100%] Built target ament_cmake_python_build_pylon_ros2_camera_interfaces_egg\n'}
[0.543215] (pylon_ros2_camera_interfaces) CommandEnded: {'returncode': 0}
[0.544589] (pylon_ros2_camera_interfaces) JobProgress: {'identifier': 'pylon_ros2_camera_interfaces', 'progress': 'install'}
[0.549256] (pylon_ros2_camera_interfaces) Command: {'cmd': ['/usr/local/bin/cmake', '--install', '/home/mcav/cam_dev_ws/build/pylon_ros2_camera_interfaces'], 'cwd': '/home/mcav/cam_dev_ws/build/pylon_ros2_camera_interfaces', 'env': OrderedDict([('LESSOPEN', '| /usr/bin/lesspipe %s'), ('USER', 'mcav'), ('CCACHE_DIR', '/var/tmp/ccache'), ('XDG_SESSION_TYPE', 'x11'), ('SHLVL', '1'), ('LD_LIBRARY_PATH', '/usr/local/cuda/lib64:/usr/local/cuda/lib64:/opt/ros/humble/opt/rviz_ogre_vendor/lib:/opt/ros/humble/lib/x86_64-linux-gnu:/opt/ros/humble/lib'), ('HOME', '/home/mcav'), ('OLDPWD', '/home/mcav'), ('DESKTOP_SESSION', 'ubuntu'), ('ROS_PYTHON_VERSION', '3'), ('GNOME_SHELL_SESSION_MODE', 'ubuntu'), ('GTK_MODULES', 'gail:atk-bridge'), ('SYSTEMD_EXEC_PID', '1798'), ('DBUS_SESSION_BUS_ADDRESS', 'unix:path=/run/user/1000/bus'), ('COLORTERM', 'truecolor'), ('IM_CONFIG_PHASE', '1'), ('ROS_DISTRO', 'humble'), ('GTK_IM_MODULE', 'ibus'), ('LOGNAME', 'mcav'), ('_', '/usr/bin/colcon'), ('ROS_VERSION', '2'), ('XDG_SESSION_CLASS', 'user'), ('USERNAME', 'mcav'), ('TERM', 'xterm-256color'), ('GNOME_DESKTOP_SESSION_ID', 'this-is-deprecated'), ('ROS_LOCALHOST_ONLY', '0'), ('WINDOWPATH', '2'), ('PATH', '/usr/local/cuda/bin:/usr/local/cuda/bin:/opt/ros/humble/bin:/home/mcav/.local/bin:/home/mcav/bin:/usr/local/sbin:/usr/local/bin:/usr/sbin:/usr/bin:/sbin:/bin:/usr/games:/usr/local/games:/snap/bin:/snap/bin:/home/mcav/.local/bin:/home/mcav/.local/bin'), ('SESSION_MANAGER', 'local/mcav:@/tmp/.ICE-unix/1769,unix/mcav:/tmp/.ICE-unix/1769'), ('XDG_MENU_PREFIX', 'gnome-'), ('GNOME_TERMINAL_SCREEN', '/org/gnome/Terminal/screen/c0efffe5_2ee4_476d_bfbf_7a3f010cb6bb'), ('XDG_RUNTIME_DIR', '/run/user/1000'), ('DISPLAY', ':0'), ('LANG', 'en_US.UTF-8'), ('XDG_CURRENT_DESKTOP', 'ubuntu:GNOME'), ('RMW_IMPLEMENTATION', 'rmw_cyclonedds_cpp'), ('XMODIFIERS', '@im=ibus'), ('XDG_SESSION_DESKTOP', 'ubuntu'), ('XAUTHORITY', '/run/user/1000/gdm/Xauthority'), ('LS_COLORS', 'rs=0:di=01;34:ln=01;36:mh=00:pi=40;33:so=01;35:do=01;35:bd=40;33;01:cd=40;33;01:or=40;31;01:mi=00:su=37;41:sg=30;43:ca=30;41:tw=30;42:ow=34;42:st=37;44:ex=01;32:*.tar=01;31:*.tgz=01;31:*.arc=01;31:*.arj=01;31:*.taz=01;31:*.lha=01;31:*.lz4=01;31:*.lzh=01;31:*.lzma=01;31:*.tlz=01;31:*.txz=01;31:*.tzo=01;31:*.t7z=01;31:*.zip=01;31:*.z=01;31:*.dz=01;31:*.gz=01;31:*.lrz=01;31:*.lz=01;31:*.lzo=01;31:*.xz=01;31:*.zst=01;31:*.tzst=01;31:*.bz2=01;31:*.bz=01;31:*.tbz=01;31:*.tbz2=01;31:*.tz=01;31:*.deb=01;31:*.rpm=01;31:*.jar=01;31:*.war=01;31:*.ear=01;31:*.sar=01;31:*.rar=01;31:*.alz=01;31:*.ace=01;31:*.zoo=01;31:*.cpio=01;31:*.7z=01;31:*.rz=01;31:*.cab=01;31:*.wim=01;31:*.swm=01;31:*.dwm=01;31:*.esd=01;31:*.jpg=01;35:*.jpeg=01;35:*.mjpg=01;35:*.mjpeg=01;35:*.gif=01;35:*.bmp=01;35:*.pbm=01;35:*.pgm=01;35:*.ppm=01;35:*.tga=01;35:*.xbm=01;35:*.xpm=01;35:*.tif=01;35:*.tiff=01;35:*.png=01;35:*.svg=01;35:*.svgz=01;35:*.mng=01;35:*.pcx=01;35:*.mov=01;35:*.mpg=01;35:*.mpeg=01;35:*.m2v=01;35:*.mkv=01;35:*.webm=01;35:*.webp=01;35:*.ogm=01;35:*.mp4=01;35:*.m4v=01;35:*.mp4v=01;35:*.vob=01;35:*.qt=01;35:*.nuv=01;35:*.wmv=01;35:*.asf=01;35:*.rm=01;35:*.rmvb=01;35:*.flc=01;35:*.avi=01;35:*.fli=01;35:*.flv=01;35:*.gl=01;35:*.dl=01;35:*.xcf=01;35:*.xwd=01;35:*.yuv=01;35:*.cgm=01;35:*.emf=01;35:*.ogv=01;35:*.ogx=01;35:*.aac=00;36:*.au=00;36:*.flac=00;36:*.m4a=00;36:*.mid=00;36:*.midi=00;36:*.mka=00;36:*.mp3=00;36:*.mpc=00;36:*.ogg=00;36:*.ra=00;36:*.wav=00;36:*.oga=00;36:*.opus=00;36:*.spx=00;36:*.xspf=00;36:'), ('GNOME_TERMINAL_SERVICE', ':1.97'), ('SSH_AGENT_LAUNCHER', 'gnome-keyring'), ('SSH_AUTH_SOCK', '/run/user/1000/keyring/ssh'), ('AMENT_PREFIX_PATH', '/opt/ros/humble'), ('SHELL', '/bin/bash'), ('QT_ACCESSIBILITY', '1'), ('CXX', '/usr/lib/ccache/g++'), ('GDMSESSION', 'ubuntu'), ('LESSCLOSE', '/usr/bin/lesspipe %s %s'), ('GPG_AGENT_INFO', '/run/user/1000/gnupg/S.gpg-agent:0:1'), ('QT_IM_MODULE', 'ibus'), ('PWD', '/home/mcav/cam_dev_ws/build/pylon_ros2_camera_interfaces'), ('LC_ALL', 'en_US.UTF-8'), ('XDG_CONFIG_DIRS', '/etc/xdg/xdg-ubuntu:/etc/xdg'), ('PYLON_ROOT', '/opt/pylon'), ('XDG_DATA_DIRS', '/usr/share/ubuntu:/usr/share/gnome:/usr/local/share/:/usr/share/:/var/lib/snapd/desktop'), ('PYTHONPATH', '/opt/ros/humble/lib/python3.10/site-packages:/opt/ros/humble/local/lib/python3.10/dist-packages'), ('CC', '/usr/lib/ccache/gcc'), ('COLCON', '1'), ('GENICAM_GENTL64_PATH', ':/opt/pylon/lib/gentlproducer/gtl:/opt/pylon/lib/pylonCXP/bin/'), ('VTE_VERSION', '6800'), ('CMAKE_PREFIX_PATH', '/opt/ros/humble')]), 'shell': False}
[0.555304] (pylon_ros2_camera_interfaces) StdoutLine: {'line': b'-- Install configuration: ""\n'}
[0.556829] (pylon_ros2_camera_interfaces) StdoutLine: {'line': b'-- Up-to-date: /home/mcav/cam_dev_ws/install/pylon_ros2_camera_interfaces/share/ament_index/resource_index/rosidl_interfaces/pylon_ros2_camera_interfaces\n'}
[0.557267] (pylon_ros2_camera_interfaces) StdoutLine: {'line': b'-- Up-to-date: /home/mcav/cam_dev_ws/install/pylon_ros2_camera_interfaces/include/pylon_ros2_camera_interfaces/pylon_ros2_camera_interfaces\n'}
[0.557597] (pylon_ros2_camera_interfaces) StdoutLine: {'line': b'-- Up-to-date: /home/mcav/cam_dev_ws/install/pylon_ros2_camera_interfaces/include/pylon_ros2_camera_interfaces/pylon_ros2_camera_interfaces/msg\n'}
[0.558032] (pylon_ros2_camera_interfaces) StdoutLine: {'line': b'-- Up-to-date: /home/mcav/cam_dev_ws/install/pylon_ros2_camera_interfaces/include/pylon_ros2_camera_interfaces/pylon_ros2_camera_interfaces/msg/rosidl_generator_c__visibility_control.h\n'}
[0.558295] (pylon_ros2_camera_interfaces) StdoutLine: {'line': b'-- Up-to-date: /home/mcav/cam_dev_ws/install/pylon_ros2_camera_interfaces/include/pylon_ros2_camera_interfaces/pylon_ros2_camera_interfaces/msg/detail\n'}
[0.558574] (pylon_ros2_camera_interfaces) StdoutLine: {'line': b'-- Up-to-date: /home/mcav/cam_dev_ws/install/pylon_ros2_camera_interfaces/include/pylon_ros2_camera_interfaces/pylon_ros2_camera_interfaces/msg/detail/component_status__functions.h\n'}
[0.558818] (pylon_ros2_camera_interfaces) StdoutLine: {'line': b'-- Up-to-date: /home/mcav/cam_dev_ws/install/pylon_ros2_camera_interfaces/include/pylon_ros2_camera_interfaces/pylon_ros2_camera_interfaces/msg/detail/current_params__functions.h\n'}
[0.559027] (pylon_ros2_camera_interfaces) StdoutLine: {'line': b'-- Up-to-date: /home/mcav/cam_dev_ws/install/pylon_ros2_camera_interfaces/include/pylon_ros2_camera_interfaces/pylon_ros2_camera_interfaces/msg/detail/component_status__functions.c\n'}
[0.559198] (pylon_ros2_camera_interfaces) StdoutLine: {'line': b'-- Up-to-date: /home/mcav/cam_dev_ws/install/pylon_ros2_camera_interfaces/include/pylon_ros2_camera_interfaces/pylon_ros2_camera_interfaces/msg/detail/current_params__type_support.h\n'}
[0.559528] (pylon_ros2_camera_interfaces) StdoutLine: {'line': b'-- Up-to-date: /home/mcav/cam_dev_ws/install/pylon_ros2_camera_interfaces/include/pylon_ros2_camera_interfaces/pylon_ros2_camera_interfaces/msg/detail/component_status__struct.h\n'}
[0.559980] (pylon_ros2_camera_interfaces) StdoutLine: {'line': b'-- Up-to-date: /home/mcav/cam_dev_ws/install/pylon_ros2_camera_interfaces/include/pylon_ros2_camera_interfaces/pylon_ros2_camera_interfaces/msg/detail/current_params__struct.h\n'}
[0.560382] (pylon_ros2_camera_interfaces) StdoutLine: {'line': b'-- Up-to-date: /home/mcav/cam_dev_ws/install/pylon_ros2_camera_interfaces/include/pylon_ros2_camera_interfaces/pylon_ros2_camera_interfaces/msg/detail/component_status__type_support.h\n'}
[0.560674] (pylon_ros2_camera_interfaces) StdoutLine: {'line': b'-- Up-to-date: /home/mcav/cam_dev_ws/install/pylon_ros2_camera_interfaces/include/pylon_ros2_camera_interfaces/pylon_ros2_camera_interfaces/msg/detail/current_params__functions.c\n'}
[0.561042] (pylon_ros2_camera_interfaces) StdoutLine: {'line': b'-- Up-to-date: /home/mcav/cam_dev_ws/install/pylon_ros2_camera_interfaces/include/pylon_ros2_camera_interfaces/pylon_ros2_camera_interfaces/msg/current_params.h\n'}
[0.561296] (pylon_ros2_camera_interfaces) StdoutLine: {'line': b'-- Up-to-date: /home/mcav/cam_dev_ws/install/pylon_ros2_camera_interfaces/include/pylon_ros2_camera_interfaces/pylon_ros2_camera_interfaces/msg/component_status.h\n'}
[0.561626] (pylon_ros2_camera_interfaces) StdoutLine: {'line': b'-- Up-to-date: /home/mcav/cam_dev_ws/install/pylon_ros2_camera_interfaces/include/pylon_ros2_camera_interfaces/pylon_ros2_camera_interfaces/action\n'}
[0.561953] (pylon_ros2_camera_interfaces) StdoutLine: {'line': b'-- Up-to-date: /home/mcav/cam_dev_ws/install/pylon_ros2_camera_interfaces/include/pylon_ros2_camera_interfaces/pylon_ros2_camera_interfaces/action/grab_images.h\n'}
[0.562267] (pylon_ros2_camera_interfaces) StdoutLine: {'line': b'-- Up-to-date: /home/mcav/cam_dev_ws/install/pylon_ros2_camera_interfaces/include/pylon_ros2_camera_interfaces/pylon_ros2_camera_interfaces/action/detail\n'}
[0.562536] (pylon_ros2_camera_interfaces) StdoutLine: {'line': b'-- Up-to-date: /home/mcav/cam_dev_ws/install/pylon_ros2_camera_interfaces/include/pylon_ros2_camera_interfaces/pylon_ros2_camera_interfaces/action/detail/grab_images__type_support.h\n'}
[0.562712] (pylon_ros2_camera_interfaces) StdoutLine: {'line': b'-- Up-to-date: /home/mcav/cam_dev_ws/install/pylon_ros2_camera_interfaces/include/pylon_ros2_camera_interfaces/pylon_ros2_camera_interfaces/action/detail/grab_images__struct.h\n'}
[0.562880] (pylon_ros2_camera_interfaces) StdoutLine: {'line': b'-- Up-to-date: /home/mcav/cam_dev_ws/install/pylon_ros2_camera_interfaces/include/pylon_ros2_camera_interfaces/pylon_ros2_camera_interfaces/action/detail/grab_images__functions.h\n'}
[0.563018] (pylon_ros2_camera_interfaces) StdoutLine: {'line': b'-- Up-to-date: /home/mcav/cam_dev_ws/install/pylon_ros2_camera_interfaces/include/pylon_ros2_camera_interfaces/pylon_ros2_camera_interfaces/action/detail/grab_blaze_data__type_support.h\n'}
[0.563154] (pylon_ros2_camera_interfaces) StdoutLine: {'line': b'-- Up-to-date: /home/mcav/cam_dev_ws/install/pylon_ros2_camera_interfaces/include/pylon_ros2_camera_interfaces/pylon_ros2_camera_interfaces/action/detail/grab_blaze_data__functions.c\n'}
[0.563262] (pylon_ros2_camera_interfaces) StdoutLine: {'line': b'-- Up-to-date: /home/mcav/cam_dev_ws/install/pylon_ros2_camera_interfaces/include/pylon_ros2_camera_interfaces/pylon_ros2_camera_interfaces/action/detail/grab_blaze_data__struct.h\n'}
[0.563399] (pylon_ros2_camera_interfaces) StdoutLine: {'line': b'-- Up-to-date: /home/mcav/cam_dev_ws/install/pylon_ros2_camera_interfaces/include/pylon_ros2_camera_interfaces/pylon_ros2_camera_interfaces/action/detail/grab_images__functions.c\n'}
[0.563550] (pylon_ros2_camera_interfaces) StdoutLine: {'line': b'-- Up-to-date: /home/mcav/cam_dev_ws/install/pylon_ros2_camera_interfaces/include/pylon_ros2_camera_interfaces/pylon_ros2_camera_interfaces/action/detail/grab_blaze_data__functions.h\n'}
[0.563671] (pylon_ros2_camera_interfaces) StdoutLine: {'line': b'-- Up-to-date: /home/mcav/cam_dev_ws/install/pylon_ros2_camera_interfaces/include/pylon_ros2_camera_interfaces/pylon_ros2_camera_interfaces/action/grab_blaze_data.h\n'}
[0.563794] (pylon_ros2_camera_interfaces) StdoutLine: {'line': b'-- Up-to-date: /home/mcav/cam_dev_ws/install/pylon_ros2_camera_interfaces/include/pylon_ros2_camera_interfaces/pylon_ros2_camera_interfaces/srv\n'}
[0.563914] (pylon_ros2_camera_interfaces) StdoutLine: {'line': b'-- Up-to-date: /home/mcav/cam_dev_ws/install/pylon_ros2_camera_interfaces/include/pylon_ros2_camera_interfaces/pylon_ros2_camera_interfaces/srv/issue_scheduled_action_command.h\n'}
[0.564067] (pylon_ros2_camera_interfaces) StdoutLine: {'line': b'-- Up-to-date: /home/mcav/cam_dev_ws/install/pylon_ros2_camera_interfaces/include/pylon_ros2_camera_interfaces/pylon_ros2_camera_interfaces/srv/set_exposure.h\n'}
[0.564176] (pylon_ros2_camera_interfaces) StdoutLine: {'line': b'-- Up-to-date: /home/mcav/cam_dev_ws/install/pylon_ros2_camera_interfaces/include/pylon_ros2_camera_interfaces/pylon_ros2_camera_interfaces/srv/get_integer_value.h\n'}
[0.564437] (pylon_ros2_camera_interfaces) StdoutLine: {'line': b'-- Up-to-date: /home/mcav/cam_dev_ws/install/pylon_ros2_camera_interfaces/include/pylon_ros2_camera_interfaces/pylon_ros2_camera_interfaces/srv/detail\n'}
[0.564682] (pylon_ros2_camera_interfaces) StdoutLine: {'line': b'-- Up-to-date: /home/mcav/cam_dev_ws/install/pylon_ros2_camera_interfaces/include/pylon_ros2_camera_interfaces/pylon_ros2_camera_interfaces/srv/detail/get_ptp_status__functions.c\n'}
[0.565003] (pylon_ros2_camera_interfaces) StdoutLine: {'line': b'-- Up-to-date: /home/mcav/cam_dev_ws/install/pylon_ros2_camera_interfaces/include/pylon_ros2_camera_interfaces/pylon_ros2_camera_interfaces/srv/detail/set_exposure__functions.c\n'}
[0.565462] (pylon_ros2_camera_interfaces) StdoutLine: {'line': b'-- Up-to-date: /home/mcav/cam_dev_ws/install/pylon_ros2_camera_interfaces/include/pylon_ros2_camera_interfaces/pylon_ros2_camera_interfaces/srv/detail/set_exposure__struct.h\n'}
[0.565579] (pylon_ros2_camera_interfaces) StdoutLine: {'line': b'-- Up-to-date: /home/mcav/cam_dev_ws/install/pylon_ros2_camera_interfaces/include/pylon_ros2_camera_interfaces/pylon_ros2_camera_interfaces/srv/detail/get_ptp_status__struct.h\n'}
[0.565719] (pylon_ros2_camera_interfaces) StdoutLine: {'line': b'-- Up-to-date: /home/mcav/cam_dev_ws/install/pylon_ros2_camera_interfaces/include/pylon_ros2_camera_interfaces/pylon_ros2_camera_interfaces/srv/detail/issue_scheduled_action_command__functions.h\n'}
[0.565828] (pylon_ros2_camera_interfaces) StdoutLine: {'line': b'-- Up-to-date: /home/mcav/cam_dev_ws/install/pylon_ros2_camera_interfaces/include/pylon_ros2_camera_interfaces/pylon_ros2_camera_interfaces/srv/detail/get_float_value__functions.c\n'}
[0.565966] (pylon_ros2_camera_interfaces) StdoutLine: {'line': b'-- Up-to-date: /home/mcav/cam_dev_ws/install/pylon_ros2_camera_interfaces/include/pylon_ros2_camera_interfaces/pylon_ros2_camera_interfaces/srv/detail/issue_scheduled_action_command__functions.c\n'}
[0.566082] (pylon_ros2_camera_interfaces) StdoutLine: {'line': b'-- Up-to-date: /home/mcav/cam_dev_ws/install/pylon_ros2_camera_interfaces/include/pylon_ros2_camera_interfaces/pylon_ros2_camera_interfaces/srv/detail/set_string_value__functions.c\n'}
[0.566219] (pylon_ros2_camera_interfaces) StdoutLine: {'line': b'-- Up-to-date: /home/mcav/cam_dev_ws/install/pylon_ros2_camera_interfaces/include/pylon_ros2_camera_interfaces/pylon_ros2_camera_interfaces/srv/detail/get_string_value__functions.h\n'}
[0.566344] (pylon_ros2_camera_interfaces) StdoutLine: {'line': b'-- Up-to-date: /home/mcav/cam_dev_ws/install/pylon_ros2_camera_interfaces/include/pylon_ros2_camera_interfaces/pylon_ros2_camera_interfaces/srv/detail/set_integer_value__functions.c\n'}
[0.566537] (pylon_ros2_camera_interfaces) StdoutLine: {'line': b'-- Up-to-date: /home/mcav/cam_dev_ws/install/pylon_ros2_camera_interfaces/include/pylon_ros2_camera_interfaces/pylon_ros2_camera_interfaces/srv/detail/set_sleeping__functions.c\n'}
[0.566647] (pylon_ros2_camera_interfaces) StdoutLine: {'line': b'-- Up-to-date: /home/mcav/cam_dev_ws/install/pylon_ros2_camera_interfaces/include/pylon_ros2_camera_interfaces/pylon_ros2_camera_interfaces/srv/detail/set_gamma__functions.c\n'}
[0.566980] (pylon_ros2_camera_interfaces) StdoutLine: {'line': b'-- Up-to-date: /home/mcav/cam_dev_ws/install/pylon_ros2_camera_interfaces/include/pylon_ros2_camera_interfaces/pylon_ros2_camera_interfaces/srv/detail/set_exposure__type_support.h\n'}
[0.567326] (pylon_ros2_camera_interfaces) StdoutLine: {'line': b'-- Up-to-date: /home/mcav/cam_dev_ws/install/pylon_ros2_camera_interfaces/include/pylon_ros2_camera_interfaces/pylon_ros2_camera_interfaces/srv/detail/set_float_value__type_support.h\n'}
[0.567620] (pylon_ros2_camera_interfaces) StdoutLine: {'line': b'-- Up-to-date: /home/mcav/cam_dev_ws/install/pylon_ros2_camera_interfaces/include/pylon_ros2_camera_interfaces/pylon_ros2_camera_interfaces/srv/detail/set_white_balance__functions.c\n'}
[0.567983] (pylon_ros2_camera_interfaces) StdoutLine: {'line': b'-- Up-to-date: /home/mcav/cam_dev_ws/install/pylon_ros2_camera_interfaces/include/pylon_ros2_camera_interfaces/pylon_ros2_camera_interfaces/srv/detail/set_roi__struct.h\n'}
[0.568159] (pylon_ros2_camera_interfaces) StdoutLine: {'line': b'-- Up-to-date: /home/mcav/cam_dev_ws/install/pylon_ros2_camera_interfaces/include/pylon_ros2_camera_interfaces/pylon_ros2_camera_interfaces/srv/detail/set_brightness__struct.h\n'}
[0.568529] (pylon_ros2_camera_interfaces) StdoutLine: {'line': b'-- Up-to-date: /home/mcav/cam_dev_ws/install/pylon_ros2_camera_interfaces/include/pylon_ros2_camera_interfaces/pylon_ros2_camera_interfaces/srv/detail/issue_scheduled_action_command__struct.h\n'}
[0.568855] (pylon_ros2_camera_interfaces) StdoutLine: {'line': b'-- Up-to-date: /home/mcav/cam_dev_ws/install/pylon_ros2_camera_interfaces/include/pylon_ros2_camera_interfaces/pylon_ros2_camera_interfaces/srv/detail/get_float_value__functions.h\n'}
[0.569196] (pylon_ros2_camera_interfaces) StdoutLine: {'line': b'-- Up-to-date: /home/mcav/cam_dev_ws/install/pylon_ros2_camera_interfaces/include/pylon_ros2_camera_interfaces/pylon_ros2_camera_interfaces/srv/detail/set_roi__type_support.h\n'}
[0.569558] (pylon_ros2_camera_interfaces) StdoutLine: {'line': b'-- Up-to-date: /home/mcav/cam_dev_ws/install/pylon_ros2_camera_interfaces/include/pylon_ros2_camera_interfaces/pylon_ros2_camera_interfaces/srv/detail/set_gain__functions.c\n'}
[0.569910] (pylon_ros2_camera_interfaces) StdoutLine: {'line': b'-- Up-to-date: /home/mcav/cam_dev_ws/install/pylon_ros2_camera_interfaces/include/pylon_ros2_camera_interfaces/pylon_ros2_camera_interfaces/srv/detail/issue_action_command__struct.h\n'}
[0.570241] (pylon_ros2_camera_interfaces) StdoutLine: {'line': b'-- Up-to-date: /home/mcav/cam_dev_ws/install/pylon_ros2_camera_interfaces/include/pylon_ros2_camera_interfaces/pylon_ros2_camera_interfaces/srv/detail/get_string_value__type_support.h\n'}
[0.570594] (pylon_ros2_camera_interfaces) StdoutLine: {'line': b'-- Up-to-date: /home/mcav/cam_dev_ws/install/pylon_ros2_camera_interfaces/include/pylon_ros2_camera_interfaces/pylon_ros2_camera_interfaces/srv/detail/get_float_value__struct.h\n'}
[0.570912] (pylon_ros2_camera_interfaces) StdoutLine: {'line': b'-- Up-to-date: /home/mcav/cam_dev_ws/install/pylon_ros2_camera_interfaces/include/pylon_ros2_camera_interfaces/pylon_ros2_camera_interfaces/srv/detail/set_exposure__functions.h\n'}
[0.571130] (pylon_ros2_camera_interfaces) StdoutLine: {'line': b'-- Up-to-date: /home/mcav/cam_dev_ws/install/pylon_ros2_camera_interfaces/include/pylon_ros2_camera_interfaces/pylon_ros2_camera_interfaces/srv/detail/get_string_value__struct.h\n'}
[0.571385] (pylon_ros2_camera_interfaces) StdoutLine: {'line': b'-- Up-to-date: /home/mcav/cam_dev_ws/install/pylon_ros2_camera_interfaces/include/pylon_ros2_camera_interfaces/pylon_ros2_camera_interfaces/srv/detail/set_binning__functions.h\n'}
[0.571624] (pylon_ros2_camera_interfaces) StdoutLine: {'line': b'-- Up-to-date: /home/mcav/cam_dev_ws/install/pylon_ros2_camera_interfaces/include/pylon_ros2_camera_interfaces/pylon_ros2_camera_interfaces/srv/detail/get_integer_value__type_support.h\n'}
[0.571898] (pylon_ros2_camera_interfaces) StdoutLine: {'line': b'-- Up-to-date: /home/mcav/cam_dev_ws/install/pylon_ros2_camera_interfaces/include/pylon_ros2_camera_interfaces/pylon_ros2_camera_interfaces/srv/detail/get_ptp_status__type_support.h\n'}
[0.572159] (pylon_ros2_camera_interfaces) StdoutLine: {'line': b'-- Up-to-date: /home/mcav/cam_dev_ws/install/pylon_ros2_camera_interfaces/include/pylon_ros2_camera_interfaces/pylon_ros2_camera_interfaces/srv/detail/set_brightness__functions.h\n'}
[0.572337] (pylon_ros2_camera_interfaces) StdoutLine: {'line': b'-- Up-to-date: /home/mcav/cam_dev_ws/install/pylon_ros2_camera_interfaces/include/pylon_ros2_camera_interfaces/pylon_ros2_camera_interfaces/srv/detail/set_white_balance__type_support.h\n'}
[0.572476] (pylon_ros2_camera_interfaces) StdoutLine: {'line': b'-- Up-to-date: /home/mcav/cam_dev_ws/install/pylon_ros2_camera_interfaces/include/pylon_ros2_camera_interfaces/pylon_ros2_camera_interfaces/srv/detail/set_float_value__struct.h\n'}
[0.572633] (pylon_ros2_camera_interfaces) StdoutLine: {'line': b'-- Up-to-date: /home/mcav/cam_dev_ws/install/pylon_ros2_camera_interfaces/include/pylon_ros2_camera_interfaces/pylon_ros2_camera_interfaces/srv/detail/set_string_value__functions.h\n'}
[0.572757] (pylon_ros2_camera_interfaces) StdoutLine: {'line': b'-- Up-to-date: /home/mcav/cam_dev_ws/install/pylon_ros2_camera_interfaces/include/pylon_ros2_camera_interfaces/pylon_ros2_camera_interfaces/srv/detail/set_roi__functions.c\n'}
[0.572896] (pylon_ros2_camera_interfaces) StdoutLine: {'line': b'-- Up-to-date: /home/mcav/cam_dev_ws/install/pylon_ros2_camera_interfaces/include/pylon_ros2_camera_interfaces/pylon_ros2_camera_interfaces/srv/detail/set_float_value__functions.c\n'}
[0.573018] (pylon_ros2_camera_interfaces) StdoutLine: {'line': b'-- Up-to-date: /home/mcav/cam_dev_ws/install/pylon_ros2_camera_interfaces/include/pylon_ros2_camera_interfaces/pylon_ros2_camera_interfaces/srv/detail/set_gain__struct.h\n'}
[0.573191] (pylon_ros2_camera_interfaces) StdoutLine: {'line': b'-- Up-to-date: /home/mcav/cam_dev_ws/install/pylon_ros2_camera_interfaces/include/pylon_ros2_camera_interfaces/pylon_ros2_camera_interfaces/srv/detail/set_float_value__functions.h\n'}
[0.573300] (pylon_ros2_camera_interfaces) StdoutLine: {'line': b'-- Up-to-date: /home/mcav/cam_dev_ws/install/pylon_ros2_camera_interfaces/include/pylon_ros2_camera_interfaces/pylon_ros2_camera_interfaces/srv/detail/issue_action_command__functions.h\n'}
[0.573442] (pylon_ros2_camera_interfaces) StdoutLine: {'line': b'-- Up-to-date: /home/mcav/cam_dev_ws/install/pylon_ros2_camera_interfaces/include/pylon_ros2_camera_interfaces/pylon_ros2_camera_interfaces/srv/detail/get_integer_value__functions.c\n'}
[0.573896] (pylon_ros2_camera_interfaces) StdoutLine: {'line': b'-- Up-to-date: /home/mcav/cam_dev_ws/install/pylon_ros2_camera_interfaces/include/pylon_ros2_camera_interfaces/pylon_ros2_camera_interfaces/srv/detail/set_brightness__type_support.h\n'}
[0.574277] (pylon_ros2_camera_interfaces) StdoutLine: {'line': b'-- Up-to-date: /home/mcav/cam_dev_ws/install/pylon_ros2_camera_interfaces/include/pylon_ros2_camera_interfaces/pylon_ros2_camera_interfaces/srv/detail/set_string_value__type_support.h\n'}
[0.574607] (pylon_ros2_camera_interfaces) StdoutLine: {'line': b'-- Up-to-date: /home/mcav/cam_dev_ws/install/pylon_ros2_camera_interfaces/include/pylon_ros2_camera_interfaces/pylon_ros2_camera_interfaces/srv/detail/set_binning__functions.c\n'}
[0.574893] (pylon_ros2_camera_interfaces) StdoutLine: {'line': b'-- Up-to-date: /home/mcav/cam_dev_ws/install/pylon_ros2_camera_interfaces/include/pylon_ros2_camera_interfaces/pylon_ros2_camera_interfaces/srv/detail/set_action_trigger_configuration__functions.h\n'}
[0.575185] (pylon_ros2_camera_interfaces) StdoutLine: {'line': b'-- Up-to-date: /home/mcav/cam_dev_ws/install/pylon_ros2_camera_interfaces/include/pylon_ros2_camera_interfaces/pylon_ros2_camera_interfaces/srv/detail/set_roi__functions.h\n'}
[0.575618] (pylon_ros2_camera_interfaces) StdoutLine: {'line': b'-- Up-to-date: /home/mcav/cam_dev_ws/install/pylon_ros2_camera_interfaces/include/pylon_ros2_camera_interfaces/pylon_ros2_camera_interfaces/srv/detail/set_sleeping__struct.h\n'}
[0.575914] (pylon_ros2_camera_interfaces) StdoutLine: {'line': b'-- Up-to-date: /home/mcav/cam_dev_ws/install/pylon_ros2_camera_interfaces/include/pylon_ros2_camera_interfaces/pylon_ros2_camera_interfaces/srv/detail/issue_scheduled_action_command__type_support.h\n'}
[0.576034] (pylon_ros2_camera_interfaces) StdoutLine: {'line': b'-- Up-to-date: /home/mcav/cam_dev_ws/install/pylon_ros2_camera_interfaces/include/pylon_ros2_camera_interfaces/pylon_ros2_camera_interfaces/srv/detail/set_action_trigger_configuration__type_support.h\n'}
[0.576147] (pylon_ros2_camera_interfaces) StdoutLine: {'line': b'-- Up-to-date: /home/mcav/cam_dev_ws/install/pylon_ros2_camera_interfaces/include/pylon_ros2_camera_interfaces/pylon_ros2_camera_interfaces/srv/detail/set_white_balance__functions.h\n'}
[0.576268] (pylon_ros2_camera_interfaces) StdoutLine: {'line': b'-- Up-to-date: /home/mcav/cam_dev_ws/install/pylon_ros2_camera_interfaces/include/pylon_ros2_camera_interfaces/pylon_ros2_camera_interfaces/srv/detail/get_integer_value__functions.h\n'}
[0.576423] (pylon_ros2_camera_interfaces) StdoutLine: {'line': b'-- Up-to-date: /home/mcav/cam_dev_ws/install/pylon_ros2_camera_interfaces/include/pylon_ros2_camera_interfaces/pylon_ros2_camera_interfaces/srv/detail/set_sleeping__type_support.h\n'}
[0.576535] (pylon_ros2_camera_interfaces) StdoutLine: {'line': b'-- Up-to-date: /home/mcav/cam_dev_ws/install/pylon_ros2_camera_interfaces/include/pylon_ros2_camera_interfaces/pylon_ros2_camera_interfaces/srv/detail/set_integer_value__functions.h\n'}
[0.576691] (pylon_ros2_camera_interfaces) StdoutLine: {'line': b'-- Up-to-date: /home/mcav/cam_dev_ws/install/pylon_ros2_camera_interfaces/include/pylon_ros2_camera_interfaces/pylon_ros2_camera_interfaces/srv/detail/set_white_balance__struct.h\n'}
[0.576813] (pylon_ros2_camera_interfaces) StdoutLine: {'line': b'-- Up-to-date: /home/mcav/cam_dev_ws/install/pylon_ros2_camera_interfaces/include/pylon_ros2_camera_interfaces/pylon_ros2_camera_interfaces/srv/detail/set_sleeping__functions.h\n'}
[0.576925] (pylon_ros2_camera_interfaces) StdoutLine: {'line': b'-- Up-to-date: /home/mcav/cam_dev_ws/install/pylon_ros2_camera_interfaces/include/pylon_ros2_camera_interfaces/pylon_ros2_camera_interfaces/srv/detail/set_action_trigger_configuration__struct.h\n'}
[0.577036] (pylon_ros2_camera_interfaces) StdoutLine: {'line': b'-- Up-to-date: /home/mcav/cam_dev_ws/install/pylon_ros2_camera_interfaces/include/pylon_ros2_camera_interfaces/pylon_ros2_camera_interfaces/srv/detail/set_gamma__functions.h\n'}
[0.577148] (pylon_ros2_camera_interfaces) StdoutLine: {'line': b'-- Up-to-date: /home/mcav/cam_dev_ws/install/pylon_ros2_camera_interfaces/include/pylon_ros2_camera_interfaces/pylon_ros2_camera_interfaces/srv/detail/issue_action_command__functions.c\n'}
[0.577259] (pylon_ros2_camera_interfaces) StdoutLine: {'line': b'-- Up-to-date: /home/mcav/cam_dev_ws/install/pylon_ros2_camera_interfaces/include/pylon_ros2_camera_interfaces/pylon_ros2_camera_interfaces/srv/detail/get_ptp_status__functions.h\n'}
[0.577371] (pylon_ros2_camera_interfaces) StdoutLine: {'line': b'-- Up-to-date: /home/mcav/cam_dev_ws/install/pylon_ros2_camera_interfaces/include/pylon_ros2_camera_interfaces/pylon_ros2_camera_interfaces/srv/detail/set_gamma__struct.h\n'}
[0.577510] (pylon_ros2_camera_interfaces) StdoutLine: {'line': b'-- Up-to-date: /home/mcav/cam_dev_ws/install/pylon_ros2_camera_interfaces/include/pylon_ros2_camera_interfaces/pylon_ros2_camera_interfaces/srv/detail/set_gain__type_support.h\n'}
[0.577659] (pylon_ros2_camera_interfaces) StdoutLine: {'line': b'-- Up-to-date: /home/mcav/cam_dev_ws/install/pylon_ros2_camera_interfaces/include/pylon_ros2_camera_interfaces/pylon_ros2_camera_interfaces/srv/detail/set_action_trigger_configuration__functions.c\n'}
[0.577923] (pylon_ros2_camera_interfaces) StdoutLine: {'line': b'-- Up-to-date: /home/mcav/cam_dev_ws/install/pylon_ros2_camera_interfaces/include/pylon_ros2_camera_interfaces/pylon_ros2_camera_interfaces/srv/detail/get_string_value__functions.c\n'}
[0.578186] (pylon_ros2_camera_interfaces) StdoutLine: {'line': b'-- Up-to-date: /home/mcav/cam_dev_ws/install/pylon_ros2_camera_interfaces/include/pylon_ros2_camera_interfaces/pylon_ros2_camera_interfaces/srv/detail/set_brightness__functions.c\n'}
[0.578458] (pylon_ros2_camera_interfaces) StdoutLine: {'line': b'-- Up-to-date: /home/mcav/cam_dev_ws/install/pylon_ros2_camera_interfaces/include/pylon_ros2_camera_interfaces/pylon_ros2_camera_interfaces/srv/detail/get_integer_value__struct.h\n'}
[0.578808] (pylon_ros2_camera_interfaces) StdoutLine: {'line': b'-- Up-to-date: /home/mcav/cam_dev_ws/install/pylon_ros2_camera_interfaces/include/pylon_ros2_camera_interfaces/pylon_ros2_camera_interfaces/srv/detail/get_float_value__type_support.h\n'}
[0.579119] (pylon_ros2_camera_interfaces) StdoutLine: {'line': b'-- Up-to-date: /home/mcav/cam_dev_ws/install/pylon_ros2_camera_interfaces/include/pylon_ros2_camera_interfaces/pylon_ros2_camera_interfaces/srv/detail/set_integer_value__type_support.h\n'}
[0.579465] (pylon_ros2_camera_interfaces) StdoutLine: {'line': b'-- Up-to-date: /home/mcav/cam_dev_ws/install/pylon_ros2_camera_interfaces/include/pylon_ros2_camera_interfaces/pylon_ros2_camera_interfaces/srv/detail/set_binning__type_support.h\n'}
[0.579717] (pylon_ros2_camera_interfaces) StdoutLine: {'line': b'-- Up-to-date: /home/mcav/cam_dev_ws/install/pylon_ros2_camera_interfaces/include/pylon_ros2_camera_interfaces/pylon_ros2_camera_interfaces/srv/detail/set_string_value__struct.h\n'}
[0.579846] (pylon_ros2_camera_interfaces) StdoutLine: {'line': b'-- Up-to-date: /home/mcav/cam_dev_ws/install/pylon_ros2_camera_interfaces/include/pylon_ros2_camera_interfaces/pylon_ros2_camera_interfaces/srv/detail/set_binning__struct.h\n'}
[0.579959] (pylon_ros2_camera_interfaces) StdoutLine: {'line': b'-- Up-to-date: /home/mcav/cam_dev_ws/install/pylon_ros2_camera_interfaces/include/pylon_ros2_camera_interfaces/pylon_ros2_camera_interfaces/srv/detail/set_gain__functions.h\n'}
[0.580098] (pylon_ros2_camera_interfaces) StdoutLine: {'line': b'-- Up-to-date: /home/mcav/cam_dev_ws/install/pylon_ros2_camera_interfaces/include/pylon_ros2_camera_interfaces/pylon_ros2_camera_interfaces/srv/detail/set_integer_value__struct.h\n'}
[0.580222] (pylon_ros2_camera_interfaces) StdoutLine: {'line': b'-- Up-to-date: /home/mcav/cam_dev_ws/install/pylon_ros2_camera_interfaces/include/pylon_ros2_camera_interfaces/pylon_ros2_camera_interfaces/srv/detail/issue_action_command__type_support.h\n'}
[0.580335] (pylon_ros2_camera_interfaces) StdoutLine: {'line': b'-- Up-to-date: /home/mcav/cam_dev_ws/install/pylon_ros2_camera_interfaces/include/pylon_ros2_camera_interfaces/pylon_ros2_camera_interfaces/srv/detail/set_gamma__type_support.h\n'}
[0.580482] (pylon_ros2_camera_interfaces) StdoutLine: {'line': b'-- Up-to-date: /home/mcav/cam_dev_ws/install/pylon_ros2_camera_interfaces/include/pylon_ros2_camera_interfaces/pylon_ros2_camera_interfaces/srv/set_brightness.h\n'}
[0.580595] (pylon_ros2_camera_interfaces) StdoutLine: {'line': b'-- Up-to-date: /home/mcav/cam_dev_ws/install/pylon_ros2_camera_interfaces/include/pylon_ros2_camera_interfaces/pylon_ros2_camera_interfaces/srv/set_gain.h\n'}
[0.580706] (pylon_ros2_camera_interfaces) StdoutLine: {'line': b'-- Up-to-date: /home/mcav/cam_dev_ws/install/pylon_ros2_camera_interfaces/include/pylon_ros2_camera_interfaces/pylon_ros2_camera_interfaces/srv/set_gamma.h\n'}
[0.580827] (pylon_ros2_camera_interfaces) StdoutLine: {'line': b'-- Up-to-date: /home/mcav/cam_dev_ws/install/pylon_ros2_camera_interfaces/include/pylon_ros2_camera_interfaces/pylon_ros2_camera_interfaces/srv/issue_action_command.h\n'}
[0.580939] (pylon_ros2_camera_interfaces) StdoutLine: {'line': b'-- Up-to-date: /home/mcav/cam_dev_ws/install/pylon_ros2_camera_interfaces/include/pylon_ros2_camera_interfaces/pylon_ros2_camera_interfaces/srv/get_ptp_status.h\n'}
[0.581050] (pylon_ros2_camera_interfaces) StdoutLine: {'line': b'-- Up-to-date: /home/mcav/cam_dev_ws/install/pylon_ros2_camera_interfaces/include/pylon_ros2_camera_interfaces/pylon_ros2_camera_interfaces/srv/set_integer_value.h\n'}
[0.581162] (pylon_ros2_camera_interfaces) StdoutLine: {'line': b'-- Up-to-date: /home/mcav/cam_dev_ws/install/pylon_ros2_camera_interfaces/include/pylon_ros2_camera_interfaces/pylon_ros2_camera_interfaces/srv/set_sleeping.h\n'}
[0.581273] (pylon_ros2_camera_interfaces) StdoutLine: {'line': b'-- Up-to-date: /home/mcav/cam_dev_ws/install/pylon_ros2_camera_interfaces/include/pylon_ros2_camera_interfaces/pylon_ros2_camera_interfaces/srv/set_binning.h\n'}
[0.581438] (pylon_ros2_camera_interfaces) StdoutLine: {'line': b'-- Up-to-date: /home/mcav/cam_dev_ws/install/pylon_ros2_camera_interfaces/include/pylon_ros2_camera_interfaces/pylon_ros2_camera_interfaces/srv/get_float_value.h\n'}
[0.581550] (pylon_ros2_camera_interfaces) StdoutLine: {'line': b'-- Up-to-date: /home/mcav/cam_dev_ws/install/pylon_ros2_camera_interfaces/include/pylon_ros2_camera_interfaces/pylon_ros2_camera_interfaces/srv/set_action_trigger_configuration.h\n'}
[0.581724] (pylon_ros2_camera_interfaces) StdoutLine: {'line': b'-- Up-to-date: /home/mcav/cam_dev_ws/install/pylon_ros2_camera_interfaces/include/pylon_ros2_camera_interfaces/pylon_ros2_camera_interfaces/srv/set_white_balance.h\n'}
[0.581867] (pylon_ros2_camera_interfaces) StdoutLine: {'line': b'-- Up-to-date: /home/mcav/cam_dev_ws/install/pylon_ros2_camera_interfaces/include/pylon_ros2_camera_interfaces/pylon_ros2_camera_interfaces/srv/set_string_value.h\n'}
[0.581979] (pylon_ros2_camera_interfaces) StdoutLine: {'line': b'-- Up-to-date: /home/mcav/cam_dev_ws/install/pylon_ros2_camera_interfaces/include/pylon_ros2_camera_interfaces/pylon_ros2_camera_interfaces/srv/set_float_value.h\n'}
[0.582090] (pylon_ros2_camera_interfaces) StdoutLine: {'line': b'-- Up-to-date: /home/mcav/cam_dev_ws/install/pylon_ros2_camera_interfaces/include/pylon_ros2_camera_interfaces/pylon_ros2_camera_interfaces/srv/get_string_value.h\n'}
[0.582201] (pylon_ros2_camera_interfaces) StdoutLine: {'line': b'-- Up-to-date: /home/mcav/cam_dev_ws/install/pylon_ros2_camera_interfaces/include/pylon_ros2_camera_interfaces/pylon_ros2_camera_interfaces/srv/set_roi.h\n'}
[0.582312] (pylon_ros2_camera_interfaces) StdoutLine: {'line': b'-- Up-to-date: /home/mcav/cam_dev_ws/install/pylon_ros2_camera_interfaces/share/pylon_ros2_camera_interfaces/environment/library_path.sh\n'}
[0.582457] (pylon_ros2_camera_interfaces) StdoutLine: {'line': b'-- Up-to-date: /home/mcav/cam_dev_ws/install/pylon_ros2_camera_interfaces/share/pylon_ros2_camera_interfaces/environment/library_path.dsv\n'}
[0.582561] (pylon_ros2_camera_interfaces) StdoutLine: {'line': b'-- Up-to-date: /home/mcav/cam_dev_ws/install/pylon_ros2_camera_interfaces/lib/libpylon_ros2_camera_interfaces__rosidl_generator_c.so\n'}
[0.582639] (pylon_ros2_camera_interfaces) StdoutLine: {'line': b'-- Up-to-date: /home/mcav/cam_dev_ws/install/pylon_ros2_camera_interfaces/include/pylon_ros2_camera_interfaces/pylon_ros2_camera_interfaces\n'}
[0.582701] (pylon_ros2_camera_interfaces) StdoutLine: {'line': b'-- Up-to-date: /home/mcav/cam_dev_ws/install/pylon_ros2_camera_interfaces/include/pylon_ros2_camera_interfaces/pylon_ros2_camera_interfaces/msg\n'}
[0.582792] (pylon_ros2_camera_interfaces) StdoutLine: {'line': b'-- Up-to-date: /home/mcav/cam_dev_ws/install/pylon_ros2_camera_interfaces/include/pylon_ros2_camera_interfaces/pylon_ros2_camera_interfaces/msg/detail\n'}
[0.582870] (pylon_ros2_camera_interfaces) StdoutLine: {'line': b'-- Up-to-date: /home/mcav/cam_dev_ws/install/pylon_ros2_camera_interfaces/include/pylon_ros2_camera_interfaces/pylon_ros2_camera_interfaces/msg/detail/component_status__rosidl_typesupport_fastrtps_c.h\n'}
[0.582972] (pylon_ros2_camera_interfaces) StdoutLine: {'line': b'-- Up-to-date: /home/mcav/cam_dev_ws/install/pylon_ros2_camera_interfaces/include/pylon_ros2_camera_interfaces/pylon_ros2_camera_interfaces/msg/detail/current_params__rosidl_typesupport_fastrtps_c.h\n'}
[0.583102] (pylon_ros2_camera_interfaces) StdoutLine: {'line': b'-- Up-to-date: /home/mcav/cam_dev_ws/install/pylon_ros2_camera_interfaces/include/pylon_ros2_camera_interfaces/pylon_ros2_camera_interfaces/msg/rosidl_typesupport_fastrtps_c__visibility_control.h\n'}
[0.583284] (pylon_ros2_camera_interfaces) StdoutLine: {'line': b'-- Up-to-date: /home/mcav/cam_dev_ws/install/pylon_ros2_camera_interfaces/include/pylon_ros2_camera_interfaces/pylon_ros2_camera_interfaces/action\n'}
[0.583484] (pylon_ros2_camera_interfaces) StdoutLine: {'line': b'-- Up-to-date: /home/mcav/cam_dev_ws/install/pylon_ros2_camera_interfaces/include/pylon_ros2_camera_interfaces/pylon_ros2_camera_interfaces/action/detail\n'}
[0.583668] (pylon_ros2_camera_interfaces) StdoutLine: {'line': b'-- Up-to-date: /home/mcav/cam_dev_ws/install/pylon_ros2_camera_interfaces/include/pylon_ros2_camera_interfaces/pylon_ros2_camera_interfaces/action/detail/grab_blaze_data__rosidl_typesupport_fastrtps_c.h\n'}
[0.583827] (pylon_ros2_camera_interfaces) StdoutLine: {'line': b'-- Up-to-date: /home/mcav/cam_dev_ws/install/pylon_ros2_camera_interfaces/include/pylon_ros2_camera_interfaces/pylon_ros2_camera_interfaces/action/detail/grab_images__rosidl_typesupport_fastrtps_c.h\n'}
[0.584001] (pylon_ros2_camera_interfaces) StdoutLine: {'line': b'-- Up-to-date: /home/mcav/cam_dev_ws/install/pylon_ros2_camera_interfaces/include/pylon_ros2_camera_interfaces/pylon_ros2_camera_interfaces/srv\n'}
[0.584182] (pylon_ros2_camera_interfaces) StdoutLine: {'line': b'-- Up-to-date: /home/mcav/cam_dev_ws/install/pylon_ros2_camera_interfaces/include/pylon_ros2_camera_interfaces/pylon_ros2_camera_interfaces/srv/detail\n'}
[0.584318] (pylon_ros2_camera_interfaces) StdoutLine: {'line': b'-- Up-to-date: /home/mcav/cam_dev_ws/install/pylon_ros2_camera_interfaces/include/pylon_ros2_camera_interfaces/pylon_ros2_camera_interfaces/srv/detail/set_white_balance__rosidl_typesupport_fastrtps_c.h\n'}
[0.584696] (pylon_ros2_camera_interfaces) StdoutLine: {'line': b'-- Up-to-date: /home/mcav/cam_dev_ws/install/pylon_ros2_camera_interfaces/include/pylon_ros2_camera_interfaces/pylon_ros2_camera_interfaces/srv/detail/issue_action_command__rosidl_typesupport_fastrtps_c.h\n'}
[0.584979] (pylon_ros2_camera_interfaces) StdoutLine: {'line': b'-- Up-to-date: /home/mcav/cam_dev_ws/install/pylon_ros2_camera_interfaces/include/pylon_ros2_camera_interfaces/pylon_ros2_camera_interfaces/srv/detail/issue_scheduled_action_command__rosidl_typesupport_fastrtps_c.h\n'}
[0.585290] (pylon_ros2_camera_interfaces) StdoutLine: {'line': b'-- Up-to-date: /home/mcav/cam_dev_ws/install/pylon_ros2_camera_interfaces/include/pylon_ros2_camera_interfaces/pylon_ros2_camera_interfaces/srv/detail/get_ptp_status__rosidl_typesupport_fastrtps_c.h\n'}
[0.585585] (pylon_ros2_camera_interfaces) StdoutLine: {'line': b'-- Up-to-date: /home/mcav/cam_dev_ws/install/pylon_ros2_camera_interfaces/include/pylon_ros2_camera_interfaces/pylon_ros2_camera_interfaces/srv/detail/set_sleeping__rosidl_typesupport_fastrtps_c.h\n'}
[0.585950] (pylon_ros2_camera_interfaces) StdoutLine: {'line': b'-- Up-to-date: /home/mcav/cam_dev_ws/install/pylon_ros2_camera_interfaces/include/pylon_ros2_camera_interfaces/pylon_ros2_camera_interfaces/srv/detail/set_gain__rosidl_typesupport_fastrtps_c.h\n'}
[0.586262] (pylon_ros2_camera_interfaces) StdoutLine: {'line': b'-- Up-to-date: /home/mcav/cam_dev_ws/install/pylon_ros2_camera_interfaces/include/pylon_ros2_camera_interfaces/pylon_ros2_camera_interfaces/srv/detail/set_gamma__rosidl_typesupport_fastrtps_c.h\n'}
[0.586569] (pylon_ros2_camera_interfaces) StdoutLine: {'line': b'-- Up-to-date: /home/mcav/cam_dev_ws/install/pylon_ros2_camera_interfaces/include/pylon_ros2_camera_interfaces/pylon_ros2_camera_interfaces/srv/detail/set_float_value__rosidl_typesupport_fastrtps_c.h\n'}
[0.587000] (pylon_ros2_camera_interfaces) StdoutLine: {'line': b'-- Up-to-date: /home/mcav/cam_dev_ws/install/pylon_ros2_camera_interfaces/include/pylon_ros2_camera_interfaces/pylon_ros2_camera_interfaces/srv/detail/set_binning__rosidl_typesupport_fastrtps_c.h\n'}
[0.587233] (pylon_ros2_camera_interfaces) StdoutLine: {'line': b'-- Up-to-date: /home/mcav/cam_dev_ws/install/pylon_ros2_camera_interfaces/include/pylon_ros2_camera_interfaces/pylon_ros2_camera_interfaces/srv/detail/set_integer_value__rosidl_typesupport_fastrtps_c.h\n'}
[0.587348] (pylon_ros2_camera_interfaces) StdoutLine: {'line': b'-- Up-to-date: /home/mcav/cam_dev_ws/install/pylon_ros2_camera_interfaces/include/pylon_ros2_camera_interfaces/pylon_ros2_camera_interfaces/srv/detail/set_action_trigger_configuration__rosidl_typesupport_fastrtps_c.h\n'}
[0.587507] (pylon_ros2_camera_interfaces) StdoutLine: {'line': b'-- Up-to-date: /home/mcav/cam_dev_ws/install/pylon_ros2_camera_interfaces/include/pylon_ros2_camera_interfaces/pylon_ros2_camera_interfaces/srv/detail/set_exposure__rosidl_typesupport_fastrtps_c.h\n'}
[0.587617] (pylon_ros2_camera_interfaces) StdoutLine: {'line': b'-- Up-to-date: /home/mcav/cam_dev_ws/install/pylon_ros2_camera_interfaces/include/pylon_ros2_camera_interfaces/pylon_ros2_camera_interfaces/srv/detail/set_brightness__rosidl_typesupport_fastrtps_c.h\n'}
[0.587726] (pylon_ros2_camera_interfaces) StdoutLine: {'line': b'-- Up-to-date: /home/mcav/cam_dev_ws/install/pylon_ros2_camera_interfaces/include/pylon_ros2_camera_interfaces/pylon_ros2_camera_interfaces/srv/detail/get_float_value__rosidl_typesupport_fastrtps_c.h\n'}
[0.587881] (pylon_ros2_camera_interfaces) StdoutLine: {'line': b'-- Up-to-date: /home/mcav/cam_dev_ws/install/pylon_ros2_camera_interfaces/include/pylon_ros2_camera_interfaces/pylon_ros2_camera_interfaces/srv/detail/get_integer_value__rosidl_typesupport_fastrtps_c.h\n'}
[0.588004] (pylon_ros2_camera_interfaces) StdoutLine: {'line': b'-- Up-to-date: /home/mcav/cam_dev_ws/install/pylon_ros2_camera_interfaces/include/pylon_ros2_camera_interfaces/pylon_ros2_camera_interfaces/srv/detail/set_roi__rosidl_typesupport_fastrtps_c.h\n'}
[0.588128] (pylon_ros2_camera_interfaces) StdoutLine: {'line': b'-- Up-to-date: /home/mcav/cam_dev_ws/install/pylon_ros2_camera_interfaces/include/pylon_ros2_camera_interfaces/pylon_ros2_camera_interfaces/srv/detail/get_string_value__rosidl_typesupport_fastrtps_c.h\n'}
[0.588252] (pylon_ros2_camera_interfaces) StdoutLine: {'line': b'-- Up-to-date: /home/mcav/cam_dev_ws/install/pylon_ros2_camera_interfaces/include/pylon_ros2_camera_interfaces/pylon_ros2_camera_interfaces/srv/detail/set_string_value__rosidl_typesupport_fastrtps_c.h\n'}
[0.588361] (pylon_ros2_camera_interfaces) StdoutLine: {'line': b'-- Up-to-date: /home/mcav/cam_dev_ws/install/pylon_ros2_camera_interfaces/lib/libpylon_ros2_camera_interfaces__rosidl_typesupport_fastrtps_c.so\n'}
[0.588477] (pylon_ros2_camera_interfaces) StdoutLine: {'line': b'-- Up-to-date: /home/mcav/cam_dev_ws/install/pylon_ros2_camera_interfaces/include/pylon_ros2_camera_interfaces/pylon_ros2_camera_interfaces\n'}
[0.588587] (pylon_ros2_camera_interfaces) StdoutLine: {'line': b'-- Up-to-date: /home/mcav/cam_dev_ws/install/pylon_ros2_camera_interfaces/include/pylon_ros2_camera_interfaces/pylon_ros2_camera_interfaces/msg\n'}
[0.588696] (pylon_ros2_camera_interfaces) StdoutLine: {'line': b'-- Up-to-date: /home/mcav/cam_dev_ws/install/pylon_ros2_camera_interfaces/include/pylon_ros2_camera_interfaces/pylon_ros2_camera_interfaces/msg/current_params.hpp\n'}
[0.588805] (pylon_ros2_camera_interfaces) StdoutLine: {'line': b'-- Up-to-date: /home/mcav/cam_dev_ws/install/pylon_ros2_camera_interfaces/include/pylon_ros2_camera_interfaces/pylon_ros2_camera_interfaces/msg/detail\n'}
[0.588914] (pylon_ros2_camera_interfaces) StdoutLine: {'line': b'-- Up-to-date: /home/mcav/cam_dev_ws/install/pylon_ros2_camera_interfaces/include/pylon_ros2_camera_interfaces/pylon_ros2_camera_interfaces/msg/detail/current_params__builder.hpp\n'}
[0.589023] (pylon_ros2_camera_interfaces) StdoutLine: {'line': b'-- Up-to-date: /home/mcav/cam_dev_ws/install/pylon_ros2_camera_interfaces/include/pylon_ros2_camera_interfaces/pylon_ros2_camera_interfaces/msg/detail/component_status__traits.hpp\n'}
[0.589132] (pylon_ros2_camera_interfaces) StdoutLine: {'line': b'-- Up-to-date: /home/mcav/cam_dev_ws/install/pylon_ros2_camera_interfaces/include/pylon_ros2_camera_interfaces/pylon_ros2_camera_interfaces/msg/detail/current_params__struct.hpp\n'}
[0.589242] (pylon_ros2_camera_interfaces) StdoutLine: {'line': b'-- Up-to-date: /home/mcav/cam_dev_ws/install/pylon_ros2_camera_interfaces/include/pylon_ros2_camera_interfaces/pylon_ros2_camera_interfaces/msg/detail/component_status__type_support.hpp\n'}
[0.589351] (pylon_ros2_camera_interfaces) StdoutLine: {'line': b'-- Up-to-date: /home/mcav/cam_dev_ws/install/pylon_ros2_camera_interfaces/include/pylon_ros2_camera_interfaces/pylon_ros2_camera_interfaces/msg/detail/current_params__traits.hpp\n'}
[0.589464] (pylon_ros2_camera_interfaces) StdoutLine: {'line': b'-- Up-to-date: /home/mcav/cam_dev_ws/install/pylon_ros2_camera_interfaces/include/pylon_ros2_camera_interfaces/pylon_ros2_camera_interfaces/msg/detail/component_status__builder.hpp\n'}
[0.589572] (pylon_ros2_camera_interfaces) StdoutLine: {'line': b'-- Up-to-date: /home/mcav/cam_dev_ws/install/pylon_ros2_camera_interfaces/include/pylon_ros2_camera_interfaces/pylon_ros2_camera_interfaces/msg/detail/current_params__type_support.hpp\n'}
[0.589685] (pylon_ros2_camera_interfaces) StdoutLine: {'line': b'-- Up-to-date: /home/mcav/cam_dev_ws/install/pylon_ros2_camera_interfaces/include/pylon_ros2_camera_interfaces/pylon_ros2_camera_interfaces/msg/detail/component_status__struct.hpp\n'}
[0.589794] (pylon_ros2_camera_interfaces) StdoutLine: {'line': b'-- Up-to-date: /home/mcav/cam_dev_ws/install/pylon_ros2_camera_interfaces/include/pylon_ros2_camera_interfaces/pylon_ros2_camera_interfaces/msg/component_status.hpp\n'}
[0.589903] (pylon_ros2_camera_interfaces) StdoutLine: {'line': b'-- Up-to-date: /home/mcav/cam_dev_ws/install/pylon_ros2_camera_interfaces/include/pylon_ros2_camera_interfaces/pylon_ros2_camera_interfaces/msg/rosidl_generator_cpp__visibility_control.hpp\n'}
[0.590012] (pylon_ros2_camera_interfaces) StdoutLine: {'line': b'-- Up-to-date: /home/mcav/cam_dev_ws/install/pylon_ros2_camera_interfaces/include/pylon_ros2_camera_interfaces/pylon_ros2_camera_interfaces/action\n'}
[0.590121] (pylon_ros2_camera_interfaces) StdoutLine: {'line': b'-- Up-to-date: /home/mcav/cam_dev_ws/install/pylon_ros2_camera_interfaces/include/pylon_ros2_camera_interfaces/pylon_ros2_camera_interfaces/action/grab_images.hpp\n'}
[0.590229] (pylon_ros2_camera_interfaces) StdoutLine: {'line': b'-- Up-to-date: /home/mcav/cam_dev_ws/install/pylon_ros2_camera_interfaces/include/pylon_ros2_camera_interfaces/pylon_ros2_camera_interfaces/action/detail\n'}
[0.590338] (pylon_ros2_camera_interfaces) StdoutLine: {'line': b'-- Up-to-date: /home/mcav/cam_dev_ws/install/pylon_ros2_camera_interfaces/include/pylon_ros2_camera_interfaces/pylon_ros2_camera_interfaces/action/detail/grab_blaze_data__type_support.hpp\n'}
[0.590487] (pylon_ros2_camera_interfaces) StdoutLine: {'line': b'-- Up-to-date: /home/mcav/cam_dev_ws/install/pylon_ros2_camera_interfaces/include/pylon_ros2_camera_interfaces/pylon_ros2_camera_interfaces/action/detail/grab_images__type_support.hpp\n'}
[0.590627] (pylon_ros2_camera_interfaces) StdoutLine: {'line': b'-- Up-to-date: /home/mcav/cam_dev_ws/install/pylon_ros2_camera_interfaces/include/pylon_ros2_camera_interfaces/pylon_ros2_camera_interfaces/action/detail/grab_blaze_data__struct.hpp\n'}
[0.590736] (pylon_ros2_camera_interfaces) StdoutLine: {'line': b'-- Up-to-date: /home/mcav/cam_dev_ws/install/pylon_ros2_camera_interfaces/include/pylon_ros2_camera_interfaces/pylon_ros2_camera_interfaces/action/detail/grab_images__traits.hpp\n'}
[0.590844] (pylon_ros2_camera_interfaces) StdoutLine: {'line': b'-- Up-to-date: /home/mcav/cam_dev_ws/install/pylon_ros2_camera_interfaces/include/pylon_ros2_camera_interfaces/pylon_ros2_camera_interfaces/action/detail/grab_blaze_data__traits.hpp\n'}
[0.590953] (pylon_ros2_camera_interfaces) StdoutLine: {'line': b'-- Up-to-date: /home/mcav/cam_dev_ws/install/pylon_ros2_camera_interfaces/include/pylon_ros2_camera_interfaces/pylon_ros2_camera_interfaces/action/detail/grab_images__builder.hpp\n'}
[0.591062] (pylon_ros2_camera_interfaces) StdoutLine: {'line': b'-- Up-to-date: /home/mcav/cam_dev_ws/install/pylon_ros2_camera_interfaces/include/pylon_ros2_camera_interfaces/pylon_ros2_camera_interfaces/action/detail/grab_blaze_data__builder.hpp\n'}
[0.591180] (pylon_ros2_camera_interfaces) StdoutLine: {'line': b'-- Up-to-date: /home/mcav/cam_dev_ws/install/pylon_ros2_camera_interfaces/include/pylon_ros2_camera_interfaces/pylon_ros2_camera_interfaces/action/detail/grab_images__struct.hpp\n'}
[0.591293] (pylon_ros2_camera_interfaces) StdoutLine: {'line': b'-- Up-to-date: /home/mcav/cam_dev_ws/install/pylon_ros2_camera_interfaces/include/pylon_ros2_camera_interfaces/pylon_ros2_camera_interfaces/action/grab_blaze_data.hpp\n'}
[0.591401] (pylon_ros2_camera_interfaces) StdoutLine: {'line': b'-- Up-to-date: /home/mcav/cam_dev_ws/install/pylon_ros2_camera_interfaces/include/pylon_ros2_camera_interfaces/pylon_ros2_camera_interfaces/srv\n'}
[0.591510] (pylon_ros2_camera_interfaces) StdoutLine: {'line': b'-- Up-to-date: /home/mcav/cam_dev_ws/install/pylon_ros2_camera_interfaces/include/pylon_ros2_camera_interfaces/pylon_ros2_camera_interfaces/srv/set_brightness.hpp\n'}
[0.591619] (pylon_ros2_camera_interfaces) StdoutLine: {'line': b'-- Up-to-date: /home/mcav/cam_dev_ws/install/pylon_ros2_camera_interfaces/include/pylon_ros2_camera_interfaces/pylon_ros2_camera_interfaces/srv/set_gamma.hpp\n'}
[0.591728] (pylon_ros2_camera_interfaces) StdoutLine: {'line': b'-- Up-to-date: /home/mcav/cam_dev_ws/install/pylon_ros2_camera_interfaces/include/pylon_ros2_camera_interfaces/pylon_ros2_camera_interfaces/srv/set_integer_value.hpp\n'}
[0.591836] (pylon_ros2_camera_interfaces) StdoutLine: {'line': b'-- Up-to-date: /home/mcav/cam_dev_ws/install/pylon_ros2_camera_interfaces/include/pylon_ros2_camera_interfaces/pylon_ros2_camera_interfaces/srv/get_string_value.hpp\n'}
[0.591945] (pylon_ros2_camera_interfaces) StdoutLine: {'line': b'-- Up-to-date: /home/mcav/cam_dev_ws/install/pylon_ros2_camera_interfaces/include/pylon_ros2_camera_interfaces/pylon_ros2_camera_interfaces/srv/get_integer_value.hpp\n'}
[0.592084] (pylon_ros2_camera_interfaces) StdoutLine: {'line': b'-- Up-to-date: /home/mcav/cam_dev_ws/install/pylon_ros2_camera_interfaces/include/pylon_ros2_camera_interfaces/pylon_ros2_camera_interfaces/srv/issue_scheduled_action_command.hpp\n'}
[0.592210] (pylon_ros2_camera_interfaces) StdoutLine: {'line': b'-- Up-to-date: /home/mcav/cam_dev_ws/install/pylon_ros2_camera_interfaces/include/pylon_ros2_camera_interfaces/pylon_ros2_camera_interfaces/srv/set_float_value.hpp\n'}
[0.592340] (pylon_ros2_camera_interfaces) StdoutLine: {'line': b'-- Up-to-date: /home/mcav/cam_dev_ws/install/pylon_ros2_camera_interfaces/include/pylon_ros2_camera_interfaces/pylon_ros2_camera_interfaces/srv/set_exposure.hpp\n'}
[0.592453] (pylon_ros2_camera_interfaces) StdoutLine: {'line': b'-- Up-to-date: /home/mcav/cam_dev_ws/install/pylon_ros2_camera_interfaces/include/pylon_ros2_camera_interfaces/pylon_ros2_camera_interfaces/srv/detail\n'}
[0.592569] (pylon_ros2_camera_interfaces) StdoutLine: {'line': b'-- Up-to-date: /home/mcav/cam_dev_ws/install/pylon_ros2_camera_interfaces/include/pylon_ros2_camera_interfaces/pylon_ros2_camera_interfaces/srv/detail/set_gamma__builder.hpp\n'}
[0.592709] (pylon_ros2_camera_interfaces) StdoutLine: {'line': b'-- Up-to-date: /home/mcav/cam_dev_ws/install/pylon_ros2_camera_interfaces/include/pylon_ros2_camera_interfaces/pylon_ros2_camera_interfaces/srv/detail/set_action_trigger_configuration__type_support.hpp\n'}
[0.592821] (pylon_ros2_camera_interfaces) StdoutLine: {'line': b'-- Up-to-date: /home/mcav/cam_dev_ws/install/pylon_ros2_camera_interfaces/include/pylon_ros2_camera_interfaces/pylon_ros2_camera_interfaces/srv/detail/set_float_value__struct.hpp\n'}
[0.592946] (pylon_ros2_camera_interfaces) StdoutLine: {'line': b'-- Up-to-date: /home/mcav/cam_dev_ws/install/pylon_ros2_camera_interfaces/include/pylon_ros2_camera_interfaces/pylon_ros2_camera_interfaces/srv/detail/set_binning__type_support.hpp\n'}
[0.593081] (pylon_ros2_camera_interfaces) StdoutLine: {'line': b'-- Up-to-date: /home/mcav/cam_dev_ws/install/pylon_ros2_camera_interfaces/include/pylon_ros2_camera_interfaces/pylon_ros2_camera_interfaces/srv/detail/set_sleeping__traits.hpp\n'}
[0.593203] (pylon_ros2_camera_interfaces) StdoutLine: {'line': b'-- Up-to-date: /home/mcav/cam_dev_ws/install/pylon_ros2_camera_interfaces/include/pylon_ros2_camera_interfaces/pylon_ros2_camera_interfaces/srv/detail/set_string_value__struct.hpp\n'}
[0.593312] (pylon_ros2_camera_interfaces) StdoutLine: {'line': b'-- Up-to-date: /home/mcav/cam_dev_ws/install/pylon_ros2_camera_interfaces/include/pylon_ros2_camera_interfaces/pylon_ros2_camera_interfaces/srv/detail/set_binning__struct.hpp\n'}
[0.593425] (pylon_ros2_camera_interfaces) StdoutLine: {'line': b'-- Up-to-date: /home/mcav/cam_dev_ws/install/pylon_ros2_camera_interfaces/include/pylon_ros2_camera_interfaces/pylon_ros2_camera_interfaces/srv/detail/set_white_balance__type_support.hpp\n'}
[0.593534] (pylon_ros2_camera_interfaces) StdoutLine: {'line': b'-- Up-to-date: /home/mcav/cam_dev_ws/install/pylon_ros2_camera_interfaces/include/pylon_ros2_camera_interfaces/pylon_ros2_camera_interfaces/srv/detail/set_sleeping__builder.hpp\n'}
[0.593643] (pylon_ros2_camera_interfaces) StdoutLine: {'line': b'-- Up-to-date: /home/mcav/cam_dev_ws/install/pylon_ros2_camera_interfaces/include/pylon_ros2_camera_interfaces/pylon_ros2_camera_interfaces/srv/detail/get_string_value__builder.hpp\n'}
[0.593752] (pylon_ros2_camera_interfaces) StdoutLine: {'line': b'-- Up-to-date: /home/mcav/cam_dev_ws/install/pylon_ros2_camera_interfaces/include/pylon_ros2_camera_interfaces/pylon_ros2_camera_interfaces/srv/detail/get_ptp_status__builder.hpp\n'}
[0.593860] (pylon_ros2_camera_interfaces) StdoutLine: {'line': b'-- Up-to-date: /home/mcav/cam_dev_ws/install/pylon_ros2_camera_interfaces/include/pylon_ros2_camera_interfaces/pylon_ros2_camera_interfaces/srv/detail/issue_action_command__builder.hpp\n'}
[0.593977] (pylon_ros2_camera_interfaces) StdoutLine: {'line': b'-- Up-to-date: /home/mcav/cam_dev_ws/install/pylon_ros2_camera_interfaces/include/pylon_ros2_camera_interfaces/pylon_ros2_camera_interfaces/srv/detail/set_white_balance__traits.hpp\n'}
[0.594114] (pylon_ros2_camera_interfaces) StdoutLine: {'line': b'-- Up-to-date: /home/mcav/cam_dev_ws/install/pylon_ros2_camera_interfaces/include/pylon_ros2_camera_interfaces/pylon_ros2_camera_interfaces/srv/detail/set_float_value__builder.hpp\n'}
[0.594222] (pylon_ros2_camera_interfaces) StdoutLine: {'line': b'-- Up-to-date: /home/mcav/cam_dev_ws/install/pylon_ros2_camera_interfaces/include/pylon_ros2_camera_interfaces/pylon_ros2_camera_interfaces/srv/detail/issue_action_command__traits.hpp\n'}
[0.594330] (pylon_ros2_camera_interfaces) StdoutLine: {'line': b'-- Up-to-date: /home/mcav/cam_dev_ws/install/pylon_ros2_camera_interfaces/include/pylon_ros2_camera_interfaces/pylon_ros2_camera_interfaces/srv/detail/set_exposure__traits.hpp\n'}
[0.594473] (pylon_ros2_camera_interfaces) StdoutLine: {'line': b'-- Up-to-date: /home/mcav/cam_dev_ws/install/pylon_ros2_camera_interfaces/include/pylon_ros2_camera_interfaces/pylon_ros2_camera_interfaces/srv/detail/get_ptp_status__type_support.hpp\n'}
[0.594556] (pylon_ros2_camera_interfaces) StdoutLine: {'line': b'-- Up-to-date: /home/mcav/cam_dev_ws/install/pylon_ros2_camera_interfaces/include/pylon_ros2_camera_interfaces/pylon_ros2_camera_interfaces/srv/detail/get_integer_value__type_support.hpp\n'}
[0.594619] (pylon_ros2_camera_interfaces) StdoutLine: {'line': b'-- Up-to-date: /home/mcav/cam_dev_ws/install/pylon_ros2_camera_interfaces/include/pylon_ros2_camera_interfaces/pylon_ros2_camera_interfaces/srv/detail/set_integer_value__builder.hpp\n'}
[0.594686] (pylon_ros2_camera_interfaces) StdoutLine: {'line': b'-- Up-to-date: /home/mcav/cam_dev_ws/install/pylon_ros2_camera_interfaces/include/pylon_ros2_camera_interfaces/pylon_ros2_camera_interfaces/srv/detail/get_ptp_status__struct.hpp\n'}
[0.594749] (pylon_ros2_camera_interfaces) StdoutLine: {'line': b'-- Up-to-date: /home/mcav/cam_dev_ws/install/pylon_ros2_camera_interfaces/include/pylon_ros2_camera_interfaces/pylon_ros2_camera_interfaces/srv/detail/get_float_value__type_support.hpp\n'}
[0.594811] (pylon_ros2_camera_interfaces) StdoutLine: {'line': b'-- Up-to-date: /home/mcav/cam_dev_ws/install/pylon_ros2_camera_interfaces/include/pylon_ros2_camera_interfaces/pylon_ros2_camera_interfaces/srv/detail/set_sleeping__struct.hpp\n'}
[0.594873] (pylon_ros2_camera_interfaces) StdoutLine: {'line': b'-- Up-to-date: /home/mcav/cam_dev_ws/install/pylon_ros2_camera_interfaces/include/pylon_ros2_camera_interfaces/pylon_ros2_camera_interfaces/srv/detail/get_string_value__struct.hpp\n'}
[0.594939] (pylon_ros2_camera_interfaces) StdoutLine: {'line': b'-- Up-to-date: /home/mcav/cam_dev_ws/install/pylon_ros2_camera_interfaces/include/pylon_ros2_camera_interfaces/pylon_ros2_camera_interfaces/srv/detail/set_brightness__traits.hpp\n'}
[0.595002] (pylon_ros2_camera_interfaces) StdoutLine: {'line': b'-- Up-to-date: /home/mcav/cam_dev_ws/install/pylon_ros2_camera_interfaces/include/pylon_ros2_camera_interfaces/pylon_ros2_camera_interfaces/srv/detail/set_gain__traits.hpp\n'}
[0.595064] (pylon_ros2_camera_interfaces) StdoutLine: {'line': b'-- Up-to-date: /home/mcav/cam_dev_ws/install/pylon_ros2_camera_interfaces/include/pylon_ros2_camera_interfaces/pylon_ros2_camera_interfaces/srv/detail/set_integer_value__type_support.hpp\n'}
[0.595126] (pylon_ros2_camera_interfaces) StdoutLine: {'line': b'-- Up-to-date: /home/mcav/cam_dev_ws/install/pylon_ros2_camera_interfaces/include/pylon_ros2_camera_interfaces/pylon_ros2_camera_interfaces/srv/detail/set_brightness__builder.hpp\n'}
[0.595189] (pylon_ros2_camera_interfaces) StdoutLine: {'line': b'-- Up-to-date: /home/mcav/cam_dev_ws/install/pylon_ros2_camera_interfaces/include/pylon_ros2_camera_interfaces/pylon_ros2_camera_interfaces/srv/detail/issue_scheduled_action_command__builder.hpp\n'}
[0.595251] (pylon_ros2_camera_interfaces) StdoutLine: {'line': b'-- Up-to-date: /home/mcav/cam_dev_ws/install/pylon_ros2_camera_interfaces/include/pylon_ros2_camera_interfaces/pylon_ros2_camera_interfaces/srv/detail/set_exposure__type_support.hpp\n'}
[0.595313] (pylon_ros2_camera_interfaces) StdoutLine: {'line': b'-- Up-to-date: /home/mcav/cam_dev_ws/install/pylon_ros2_camera_interfaces/include/pylon_ros2_camera_interfaces/pylon_ros2_camera_interfaces/srv/detail/set_string_value__type_support.hpp\n'}
[0.595374] (pylon_ros2_camera_interfaces) StdoutLine: {'line': b'-- Up-to-date: /home/mcav/cam_dev_ws/install/pylon_ros2_camera_interfaces/include/pylon_ros2_camera_interfaces/pylon_ros2_camera_interfaces/srv/detail/get_ptp_status__traits.hpp\n'}
[0.595436] (pylon_ros2_camera_interfaces) StdoutLine: {'line': b'-- Up-to-date: /home/mcav/cam_dev_ws/install/pylon_ros2_camera_interfaces/include/pylon_ros2_camera_interfaces/pylon_ros2_camera_interfaces/srv/detail/get_float_value__builder.hpp\n'}
[0.595498] (pylon_ros2_camera_interfaces) StdoutLine: {'line': b'-- Up-to-date: /home/mcav/cam_dev_ws/install/pylon_ros2_camera_interfaces/include/pylon_ros2_camera_interfaces/pylon_ros2_camera_interfaces/srv/detail/set_brightness__struct.hpp\n'}
[0.595559] (pylon_ros2_camera_interfaces) StdoutLine: {'line': b'-- Up-to-date: /home/mcav/cam_dev_ws/install/pylon_ros2_camera_interfaces/include/pylon_ros2_camera_interfaces/pylon_ros2_camera_interfaces/srv/detail/issue_action_command__type_support.hpp\n'}
[0.595621] (pylon_ros2_camera_interfaces) StdoutLine: {'line': b'-- Up-to-date: /home/mcav/cam_dev_ws/install/pylon_ros2_camera_interfaces/include/pylon_ros2_camera_interfaces/pylon_ros2_camera_interfaces/srv/detail/get_string_value__traits.hpp\n'}
[0.595688] (pylon_ros2_camera_interfaces) StdoutLine: {'line': b'-- Up-to-date: /home/mcav/cam_dev_ws/install/pylon_ros2_camera_interfaces/include/pylon_ros2_camera_interfaces/pylon_ros2_camera_interfaces/srv/detail/set_gain__struct.hpp\n'}
[0.595750] (pylon_ros2_camera_interfaces) StdoutLine: {'line': b'-- Up-to-date: /home/mcav/cam_dev_ws/install/pylon_ros2_camera_interfaces/include/pylon_ros2_camera_interfaces/pylon_ros2_camera_interfaces/srv/detail/set_binning__traits.hpp\n'}
[0.595813] (pylon_ros2_camera_interfaces) StdoutLine: {'line': b'-- Up-to-date: /home/mcav/cam_dev_ws/install/pylon_ros2_camera_interfaces/include/pylon_ros2_camera_interfaces/pylon_ros2_camera_interfaces/srv/detail/set_integer_value__struct.hpp\n'}
[0.595875] (pylon_ros2_camera_interfaces) StdoutLine: {'line': b'-- Up-to-date: /home/mcav/cam_dev_ws/install/pylon_ros2_camera_interfaces/include/pylon_ros2_camera_interfaces/pylon_ros2_camera_interfaces/srv/detail/set_roi__traits.hpp\n'}
[0.595941] (pylon_ros2_camera_interfaces) StdoutLine: {'line': b'-- Up-to-date: /home/mcav/cam_dev_ws/install/pylon_ros2_camera_interfaces/include/pylon_ros2_camera_interfaces/pylon_ros2_camera_interfaces/srv/detail/set_white_balance__struct.hpp\n'}
[0.596004] (pylon_ros2_camera_interfaces) StdoutLine: {'line': b'-- Up-to-date: /home/mcav/cam_dev_ws/install/pylon_ros2_camera_interfaces/include/pylon_ros2_camera_interfaces/pylon_ros2_camera_interfaces/srv/detail/get_integer_value__struct.hpp\n'}
[0.596070] (pylon_ros2_camera_interfaces) StdoutLine: {'line': b'-- Up-to-date: /home/mcav/cam_dev_ws/install/pylon_ros2_camera_interfaces/include/pylon_ros2_camera_interfaces/pylon_ros2_camera_interfaces/srv/detail/get_float_value__traits.hpp\n'}
[0.596132] (pylon_ros2_camera_interfaces) StdoutLine: {'line': b'-- Up-to-date: /home/mcav/cam_dev_ws/install/pylon_ros2_camera_interfaces/include/pylon_ros2_camera_interfaces/pylon_ros2_camera_interfaces/srv/detail/get_integer_value__builder.hpp\n'}
[0.596193] (pylon_ros2_camera_interfaces) StdoutLine: {'line': b'-- Up-to-date: /home/mcav/cam_dev_ws/install/pylon_ros2_camera_interfaces/include/pylon_ros2_camera_interfaces/pylon_ros2_camera_interfaces/srv/detail/get_float_value__struct.hpp\n'}
[0.596255] (pylon_ros2_camera_interfaces) StdoutLine: {'line': b'-- Up-to-date: /home/mcav/cam_dev_ws/install/pylon_ros2_camera_interfaces/include/pylon_ros2_camera_interfaces/pylon_ros2_camera_interfaces/srv/detail/issue_action_command__struct.hpp\n'}
[0.596316] (pylon_ros2_camera_interfaces) StdoutLine: {'line': b'-- Up-to-date: /home/mcav/cam_dev_ws/install/pylon_ros2_camera_interfaces/include/pylon_ros2_camera_interfaces/pylon_ros2_camera_interfaces/srv/detail/set_gamma__traits.hpp\n'}
[0.596378] (pylon_ros2_camera_interfaces) StdoutLine: {'line': b'-- Up-to-date: /home/mcav/cam_dev_ws/install/pylon_ros2_camera_interfaces/include/pylon_ros2_camera_interfaces/pylon_ros2_camera_interfaces/srv/detail/set_roi__struct.hpp\n'}
[0.596440] (pylon_ros2_camera_interfaces) StdoutLine: {'line': b'-- Up-to-date: /home/mcav/cam_dev_ws/install/pylon_ros2_camera_interfaces/include/pylon_ros2_camera_interfaces/pylon_ros2_camera_interfaces/srv/detail/set_brightness__type_support.hpp\n'}
[0.596502] (pylon_ros2_camera_interfaces) StdoutLine: {'line': b'-- Up-to-date: /home/mcav/cam_dev_ws/install/pylon_ros2_camera_interfaces/include/pylon_ros2_camera_interfaces/pylon_ros2_camera_interfaces/srv/detail/set_gamma__struct.hpp\n'}
[0.596563] (pylon_ros2_camera_interfaces) StdoutLine: {'line': b'-- Up-to-date: /home/mcav/cam_dev_ws/install/pylon_ros2_camera_interfaces/include/pylon_ros2_camera_interfaces/pylon_ros2_camera_interfaces/srv/detail/set_string_value__builder.hpp\n'}
[0.596624] (pylon_ros2_camera_interfaces) StdoutLine: {'line': b'-- Up-to-date: /home/mcav/cam_dev_ws/install/pylon_ros2_camera_interfaces/include/pylon_ros2_camera_interfaces/pylon_ros2_camera_interfaces/srv/detail/set_binning__builder.hpp\n'}
[0.596685] (pylon_ros2_camera_interfaces) StdoutLine: {'line': b'-- Up-to-date: /home/mcav/cam_dev_ws/install/pylon_ros2_camera_interfaces/include/pylon_ros2_camera_interfaces/pylon_ros2_camera_interfaces/srv/detail/set_string_value__traits.hpp\n'}
[0.596746] (pylon_ros2_camera_interfaces) StdoutLine: {'line': b'-- Up-to-date: /home/mcav/cam_dev_ws/install/pylon_ros2_camera_interfaces/include/pylon_ros2_camera_interfaces/pylon_ros2_camera_interfaces/srv/detail/set_roi__type_support.hpp\n'}
[0.596806] (pylon_ros2_camera_interfaces) StdoutLine: {'line': b'-- Up-to-date: /home/mcav/cam_dev_ws/install/pylon_ros2_camera_interfaces/include/pylon_ros2_camera_interfaces/pylon_ros2_camera_interfaces/srv/detail/set_gamma__type_support.hpp\n'}
[0.596867] (pylon_ros2_camera_interfaces) StdoutLine: {'line': b'-- Up-to-date: /home/mcav/cam_dev_ws/install/pylon_ros2_camera_interfaces/include/pylon_ros2_camera_interfaces/pylon_ros2_camera_interfaces/srv/detail/issue_scheduled_action_command__traits.hpp\n'}
[0.596928] (pylon_ros2_camera_interfaces) StdoutLine: {'line': b'-- Up-to-date: /home/mcav/cam_dev_ws/install/pylon_ros2_camera_interfaces/include/pylon_ros2_camera_interfaces/pylon_ros2_camera_interfaces/srv/detail/set_gain__type_support.hpp\n'}
[0.596994] (pylon_ros2_camera_interfaces) StdoutLine: {'line': b'-- Up-to-date: /home/mcav/cam_dev_ws/install/pylon_ros2_camera_interfaces/include/pylon_ros2_camera_interfaces/pylon_ros2_camera_interfaces/srv/detail/set_float_value__type_support.hpp\n'}
[0.597063] (pylon_ros2_camera_interfaces) StdoutLine: {'line': b'-- Up-to-date: /home/mcav/cam_dev_ws/install/pylon_ros2_camera_interfaces/include/pylon_ros2_camera_interfaces/pylon_ros2_camera_interfaces/srv/detail/issue_scheduled_action_command__struct.hpp\n'}
[0.597125] (pylon_ros2_camera_interfaces) StdoutLine: {'line': b'-- Up-to-date: /home/mcav/cam_dev_ws/install/pylon_ros2_camera_interfaces/include/pylon_ros2_camera_interfaces/pylon_ros2_camera_interfaces/srv/detail/set_gain__builder.hpp\n'}
[0.597187] (pylon_ros2_camera_interfaces) StdoutLine: {'line': b'-- Up-to-date: /home/mcav/cam_dev_ws/install/pylon_ros2_camera_interfaces/include/pylon_ros2_camera_interfaces/pylon_ros2_camera_interfaces/srv/detail/set_action_trigger_configuration__traits.hpp\n'}
[0.597249] (pylon_ros2_camera_interfaces) StdoutLine: {'line': b'-- Up-to-date: /home/mcav/cam_dev_ws/install/pylon_ros2_camera_interfaces/include/pylon_ros2_camera_interfaces/pylon_ros2_camera_interfaces/srv/detail/get_string_value__type_support.hpp\n'}
[0.597310] (pylon_ros2_camera_interfaces) StdoutLine: {'line': b'-- Up-to-date: /home/mcav/cam_dev_ws/install/pylon_ros2_camera_interfaces/include/pylon_ros2_camera_interfaces/pylon_ros2_camera_interfaces/srv/detail/set_float_value__traits.hpp\n'}
[0.597371] (pylon_ros2_camera_interfaces) StdoutLine: {'line': b'-- Up-to-date: /home/mcav/cam_dev_ws/install/pylon_ros2_camera_interfaces/include/pylon_ros2_camera_interfaces/pylon_ros2_camera_interfaces/srv/detail/issue_scheduled_action_command__type_support.hpp\n'}
[0.597437] (pylon_ros2_camera_interfaces) StdoutLine: {'line': b'-- Up-to-date: /home/mcav/cam_dev_ws/install/pylon_ros2_camera_interfaces/include/pylon_ros2_camera_interfaces/pylon_ros2_camera_interfaces/srv/detail/set_integer_value__traits.hpp\n'}
[0.597499] (pylon_ros2_camera_interfaces) StdoutLine: {'line': b'-- Up-to-date: /home/mcav/cam_dev_ws/install/pylon_ros2_camera_interfaces/include/pylon_ros2_camera_interfaces/pylon_ros2_camera_interfaces/srv/detail/set_sleeping__type_support.hpp\n'}
[0.597561] (pylon_ros2_camera_interfaces) StdoutLine: {'line': b'-- Up-to-date: /home/mcav/cam_dev_ws/install/pylon_ros2_camera_interfaces/include/pylon_ros2_camera_interfaces/pylon_ros2_camera_interfaces/srv/detail/set_exposure__struct.hpp\n'}
[0.597622] (pylon_ros2_camera_interfaces) StdoutLine: {'line': b'-- Up-to-date: /home/mcav/cam_dev_ws/install/pylon_ros2_camera_interfaces/include/pylon_ros2_camera_interfaces/pylon_ros2_camera_interfaces/srv/detail/set_exposure__builder.hpp\n'}
[0.597684] (pylon_ros2_camera_interfaces) StdoutLine: {'line': b'-- Up-to-date: /home/mcav/cam_dev_ws/install/pylon_ros2_camera_interfaces/include/pylon_ros2_camera_interfaces/pylon_ros2_camera_interfaces/srv/detail/set_roi__builder.hpp\n'}
[0.597745] (pylon_ros2_camera_interfaces) StdoutLine: {'line': b'-- Up-to-date: /home/mcav/cam_dev_ws/install/pylon_ros2_camera_interfaces/include/pylon_ros2_camera_interfaces/pylon_ros2_camera_interfaces/srv/detail/set_white_balance__builder.hpp\n'}
[0.597807] (pylon_ros2_camera_interfaces) StdoutLine: {'line': b'-- Up-to-date: /home/mcav/cam_dev_ws/install/pylon_ros2_camera_interfaces/include/pylon_ros2_camera_interfaces/pylon_ros2_camera_interfaces/srv/detail/get_integer_value__traits.hpp\n'}
[0.597868] (pylon_ros2_camera_interfaces) StdoutLine: {'line': b'-- Up-to-date: /home/mcav/cam_dev_ws/install/pylon_ros2_camera_interfaces/include/pylon_ros2_camera_interfaces/pylon_ros2_camera_interfaces/srv/detail/set_action_trigger_configuration__struct.hpp\n'}
[0.597929] (pylon_ros2_camera_interfaces) StdoutLine: {'line': b'-- Up-to-date: /home/mcav/cam_dev_ws/install/pylon_ros2_camera_interfaces/include/pylon_ros2_camera_interfaces/pylon_ros2_camera_interfaces/srv/detail/set_action_trigger_configuration__builder.hpp\n'}
[0.597995] (pylon_ros2_camera_interfaces) StdoutLine: {'line': b'-- Up-to-date: /home/mcav/cam_dev_ws/install/pylon_ros2_camera_interfaces/include/pylon_ros2_camera_interfaces/pylon_ros2_camera_interfaces/srv/set_action_trigger_configuration.hpp\n'}
[0.598056] (pylon_ros2_camera_interfaces) StdoutLine: {'line': b'-- Up-to-date: /home/mcav/cam_dev_ws/install/pylon_ros2_camera_interfaces/include/pylon_ros2_camera_interfaces/pylon_ros2_camera_interfaces/srv/get_ptp_status.hpp\n'}
[0.598117] (pylon_ros2_camera_interfaces) StdoutLine: {'line': b'-- Up-to-date: /home/mcav/cam_dev_ws/install/pylon_ros2_camera_interfaces/include/pylon_ros2_camera_interfaces/pylon_ros2_camera_interfaces/srv/set_string_value.hpp\n'}
[0.598179] (pylon_ros2_camera_interfaces) StdoutLine: {'line': b'-- Up-to-date: /home/mcav/cam_dev_ws/install/pylon_ros2_camera_interfaces/include/pylon_ros2_camera_interfaces/pylon_ros2_camera_interfaces/srv/get_float_value.hpp\n'}
[0.598240] (pylon_ros2_camera_interfaces) StdoutLine: {'line': b'-- Up-to-date: /home/mcav/cam_dev_ws/install/pylon_ros2_camera_interfaces/include/pylon_ros2_camera_interfaces/pylon_ros2_camera_interfaces/srv/set_binning.hpp\n'}
[0.598301] (pylon_ros2_camera_interfaces) StdoutLine: {'line': b'-- Up-to-date: /home/mcav/cam_dev_ws/install/pylon_ros2_camera_interfaces/include/pylon_ros2_camera_interfaces/pylon_ros2_camera_interfaces/srv/issue_action_command.hpp\n'}
[0.598363] (pylon_ros2_camera_interfaces) StdoutLine: {'line': b'-- Up-to-date: /home/mcav/cam_dev_ws/install/pylon_ros2_camera_interfaces/include/pylon_ros2_camera_interfaces/pylon_ros2_camera_interfaces/srv/set_gain.hpp\n'}
[0.598470] (pylon_ros2_camera_interfaces) StdoutLine: {'line': b'-- Up-to-date: /home/mcav/cam_dev_ws/install/pylon_ros2_camera_interfaces/include/pylon_ros2_camera_interfaces/pylon_ros2_camera_interfaces/srv/set_roi.hpp\n'}
[0.598554] (pylon_ros2_camera_interfaces) StdoutLine: {'line': b'-- Up-to-date: /home/mcav/cam_dev_ws/install/pylon_ros2_camera_interfaces/include/pylon_ros2_camera_interfaces/pylon_ros2_camera_interfaces/srv/set_sleeping.hpp\n'}
[0.598616] (pylon_ros2_camera_interfaces) StdoutLine: {'line': b'-- Up-to-date: /home/mcav/cam_dev_ws/install/pylon_ros2_camera_interfaces/include/pylon_ros2_camera_interfaces/pylon_ros2_camera_interfaces/srv/set_white_balance.hpp\n'}
[0.598678] (pylon_ros2_camera_interfaces) StdoutLine: {'line': b'-- Up-to-date: /home/mcav/cam_dev_ws/install/pylon_ros2_camera_interfaces/include/pylon_ros2_camera_interfaces/pylon_ros2_camera_interfaces\n'}
[0.598740] (pylon_ros2_camera_interfaces) StdoutLine: {'line': b'-- Up-to-date: /home/mcav/cam_dev_ws/install/pylon_ros2_camera_interfaces/include/pylon_ros2_camera_interfaces/pylon_ros2_camera_interfaces/msg\n'}
[0.598801] (pylon_ros2_camera_interfaces) StdoutLine: {'line': b'-- Up-to-date: /home/mcav/cam_dev_ws/install/pylon_ros2_camera_interfaces/include/pylon_ros2_camera_interfaces/pylon_ros2_camera_interfaces/msg/detail\n'}
[0.598868] (pylon_ros2_camera_interfaces) StdoutLine: {'line': b'-- Up-to-date: /home/mcav/cam_dev_ws/install/pylon_ros2_camera_interfaces/include/pylon_ros2_camera_interfaces/pylon_ros2_camera_interfaces/msg/detail/component_status__rosidl_typesupport_fastrtps_cpp.hpp\n'}
[0.598931] (pylon_ros2_camera_interfaces) StdoutLine: {'line': b'-- Up-to-date: /home/mcav/cam_dev_ws/install/pylon_ros2_camera_interfaces/include/pylon_ros2_camera_interfaces/pylon_ros2_camera_interfaces/msg/detail/dds_fastrtps\n'}
[0.598993] (pylon_ros2_camera_interfaces) StdoutLine: {'line': b'-- Up-to-date: /home/mcav/cam_dev_ws/install/pylon_ros2_camera_interfaces/include/pylon_ros2_camera_interfaces/pylon_ros2_camera_interfaces/msg/detail/current_params__rosidl_typesupport_fastrtps_cpp.hpp\n'}
[0.599056] (pylon_ros2_camera_interfaces) StdoutLine: {'line': b'-- Up-to-date: /home/mcav/cam_dev_ws/install/pylon_ros2_camera_interfaces/include/pylon_ros2_camera_interfaces/pylon_ros2_camera_interfaces/msg/rosidl_typesupport_fastrtps_cpp__visibility_control.h\n'}
[0.599122] (pylon_ros2_camera_interfaces) StdoutLine: {'line': b'-- Up-to-date: /home/mcav/cam_dev_ws/install/pylon_ros2_camera_interfaces/include/pylon_ros2_camera_interfaces/pylon_ros2_camera_interfaces/action\n'}
[0.599185] (pylon_ros2_camera_interfaces) StdoutLine: {'line': b'-- Up-to-date: /home/mcav/cam_dev_ws/install/pylon_ros2_camera_interfaces/include/pylon_ros2_camera_interfaces/pylon_ros2_camera_interfaces/action/detail\n'}
[0.599247] (pylon_ros2_camera_interfaces) StdoutLine: {'line': b'-- Up-to-date: /home/mcav/cam_dev_ws/install/pylon_ros2_camera_interfaces/include/pylon_ros2_camera_interfaces/pylon_ros2_camera_interfaces/action/detail/grab_images__rosidl_typesupport_fastrtps_cpp.hpp\n'}
[0.599309] (pylon_ros2_camera_interfaces) StdoutLine: {'line': b'-- Up-to-date: /home/mcav/cam_dev_ws/install/pylon_ros2_camera_interfaces/include/pylon_ros2_camera_interfaces/pylon_ros2_camera_interfaces/action/detail/grab_blaze_data__rosidl_typesupport_fastrtps_cpp.hpp\n'}
[0.599371] (pylon_ros2_camera_interfaces) StdoutLine: {'line': b'-- Up-to-date: /home/mcav/cam_dev_ws/install/pylon_ros2_camera_interfaces/include/pylon_ros2_camera_interfaces/pylon_ros2_camera_interfaces/action/detail/dds_fastrtps\n'}
[0.599434] (pylon_ros2_camera_interfaces) StdoutLine: {'line': b'-- Up-to-date: /home/mcav/cam_dev_ws/install/pylon_ros2_camera_interfaces/include/pylon_ros2_camera_interfaces/pylon_ros2_camera_interfaces/srv\n'}
[0.599495] (pylon_ros2_camera_interfaces) StdoutLine: {'line': b'-- Up-to-date: /home/mcav/cam_dev_ws/install/pylon_ros2_camera_interfaces/include/pylon_ros2_camera_interfaces/pylon_ros2_camera_interfaces/srv/detail\n'}
[0.599557] (pylon_ros2_camera_interfaces) StdoutLine: {'line': b'-- Up-to-date: /home/mcav/cam_dev_ws/install/pylon_ros2_camera_interfaces/include/pylon_ros2_camera_interfaces/pylon_ros2_camera_interfaces/srv/detail/get_integer_value__rosidl_typesupport_fastrtps_cpp.hpp\n'}
[0.599619] (pylon_ros2_camera_interfaces) StdoutLine: {'line': b'-- Up-to-date: /home/mcav/cam_dev_ws/install/pylon_ros2_camera_interfaces/include/pylon_ros2_camera_interfaces/pylon_ros2_camera_interfaces/srv/detail/set_gamma__rosidl_typesupport_fastrtps_cpp.hpp\n'}
[0.599680] (pylon_ros2_camera_interfaces) StdoutLine: {'line': b'-- Up-to-date: /home/mcav/cam_dev_ws/install/pylon_ros2_camera_interfaces/include/pylon_ros2_camera_interfaces/pylon_ros2_camera_interfaces/srv/detail/set_brightness__rosidl_typesupport_fastrtps_cpp.hpp\n'}
[0.599742] (pylon_ros2_camera_interfaces) StdoutLine: {'line': b'-- Up-to-date: /home/mcav/cam_dev_ws/install/pylon_ros2_camera_interfaces/include/pylon_ros2_camera_interfaces/pylon_ros2_camera_interfaces/srv/detail/issue_action_command__rosidl_typesupport_fastrtps_cpp.hpp\n'}
[0.599804] (pylon_ros2_camera_interfaces) StdoutLine: {'line': b'-- Up-to-date: /home/mcav/cam_dev_ws/install/pylon_ros2_camera_interfaces/include/pylon_ros2_camera_interfaces/pylon_ros2_camera_interfaces/srv/detail/get_string_value__rosidl_typesupport_fastrtps_cpp.hpp\n'}
[0.599866] (pylon_ros2_camera_interfaces) StdoutLine: {'line': b'-- Up-to-date: /home/mcav/cam_dev_ws/install/pylon_ros2_camera_interfaces/include/pylon_ros2_camera_interfaces/pylon_ros2_camera_interfaces/srv/detail/set_float_value__rosidl_typesupport_fastrtps_cpp.hpp\n'}
[0.599925] (-) TimerEvent: {}
[0.600025] (pylon_ros2_camera_interfaces) StdoutLine: {'line': b'-- Up-to-date: /home/mcav/cam_dev_ws/install/pylon_ros2_camera_interfaces/include/pylon_ros2_camera_interfaces/pylon_ros2_camera_interfaces/srv/detail/get_float_value__rosidl_typesupport_fastrtps_cpp.hpp\n'}
[0.600117] (pylon_ros2_camera_interfaces) StdoutLine: {'line': b'-- Up-to-date: /home/mcav/cam_dev_ws/install/pylon_ros2_camera_interfaces/include/pylon_ros2_camera_interfaces/pylon_ros2_camera_interfaces/srv/detail/set_integer_value__rosidl_typesupport_fastrtps_cpp.hpp\n'}
[0.600181] (pylon_ros2_camera_interfaces) StdoutLine: {'line': b'-- Up-to-date: /home/mcav/cam_dev_ws/install/pylon_ros2_camera_interfaces/include/pylon_ros2_camera_interfaces/pylon_ros2_camera_interfaces/srv/detail/dds_fastrtps\n'}
[0.600246] (pylon_ros2_camera_interfaces) StdoutLine: {'line': b'-- Up-to-date: /home/mcav/cam_dev_ws/install/pylon_ros2_camera_interfaces/include/pylon_ros2_camera_interfaces/pylon_ros2_camera_interfaces/srv/detail/set_string_value__rosidl_typesupport_fastrtps_cpp.hpp\n'}
[0.600311] (pylon_ros2_camera_interfaces) StdoutLine: {'line': b'-- Up-to-date: /home/mcav/cam_dev_ws/install/pylon_ros2_camera_interfaces/include/pylon_ros2_camera_interfaces/pylon_ros2_camera_interfaces/srv/detail/issue_scheduled_action_command__rosidl_typesupport_fastrtps_cpp.hpp\n'}
[0.600373] (pylon_ros2_camera_interfaces) StdoutLine: {'line': b'-- Up-to-date: /home/mcav/cam_dev_ws/install/pylon_ros2_camera_interfaces/include/pylon_ros2_camera_interfaces/pylon_ros2_camera_interfaces/srv/detail/get_ptp_status__rosidl_typesupport_fastrtps_cpp.hpp\n'}
[0.600434] (pylon_ros2_camera_interfaces) StdoutLine: {'line': b'-- Up-to-date: /home/mcav/cam_dev_ws/install/pylon_ros2_camera_interfaces/include/pylon_ros2_camera_interfaces/pylon_ros2_camera_interfaces/srv/detail/set_white_balance__rosidl_typesupport_fastrtps_cpp.hpp\n'}
[0.600495] (pylon_ros2_camera_interfaces) StdoutLine: {'line': b'-- Up-to-date: /home/mcav/cam_dev_ws/install/pylon_ros2_camera_interfaces/include/pylon_ros2_camera_interfaces/pylon_ros2_camera_interfaces/srv/detail/set_sleeping__rosidl_typesupport_fastrtps_cpp.hpp\n'}
[0.600555] (pylon_ros2_camera_interfaces) StdoutLine: {'line': b'-- Up-to-date: /home/mcav/cam_dev_ws/install/pylon_ros2_camera_interfaces/include/pylon_ros2_camera_interfaces/pylon_ros2_camera_interfaces/srv/detail/set_binning__rosidl_typesupport_fastrtps_cpp.hpp\n'}
[0.600616] (pylon_ros2_camera_interfaces) StdoutLine: {'line': b'-- Up-to-date: /home/mcav/cam_dev_ws/install/pylon_ros2_camera_interfaces/include/pylon_ros2_camera_interfaces/pylon_ros2_camera_interfaces/srv/detail/set_roi__rosidl_typesupport_fastrtps_cpp.hpp\n'}
[0.600676] (pylon_ros2_camera_interfaces) StdoutLine: {'line': b'-- Up-to-date: /home/mcav/cam_dev_ws/install/pylon_ros2_camera_interfaces/include/pylon_ros2_camera_interfaces/pylon_ros2_camera_interfaces/srv/detail/set_exposure__rosidl_typesupport_fastrtps_cpp.hpp\n'}
[0.600736] (pylon_ros2_camera_interfaces) StdoutLine: {'line': b'-- Up-to-date: /home/mcav/cam_dev_ws/install/pylon_ros2_camera_interfaces/include/pylon_ros2_camera_interfaces/pylon_ros2_camera_interfaces/srv/detail/set_gain__rosidl_typesupport_fastrtps_cpp.hpp\n'}
[0.600797] (pylon_ros2_camera_interfaces) StdoutLine: {'line': b'-- Up-to-date: /home/mcav/cam_dev_ws/install/pylon_ros2_camera_interfaces/include/pylon_ros2_camera_interfaces/pylon_ros2_camera_interfaces/srv/detail/set_action_trigger_configuration__rosidl_typesupport_fastrtps_cpp.hpp\n'}
[0.600858] (pylon_ros2_camera_interfaces) StdoutLine: {'line': b'-- Up-to-date: /home/mcav/cam_dev_ws/install/pylon_ros2_camera_interfaces/lib/libpylon_ros2_camera_interfaces__rosidl_typesupport_fastrtps_cpp.so\n'}
[0.600918] (pylon_ros2_camera_interfaces) StdoutLine: {'line': b'-- Up-to-date: /home/mcav/cam_dev_ws/install/pylon_ros2_camera_interfaces/include/pylon_ros2_camera_interfaces/pylon_ros2_camera_interfaces\n'}
[0.600978] (pylon_ros2_camera_interfaces) StdoutLine: {'line': b'-- Up-to-date: /home/mcav/cam_dev_ws/install/pylon_ros2_camera_interfaces/include/pylon_ros2_camera_interfaces/pylon_ros2_camera_interfaces/msg\n'}
[0.601038] (pylon_ros2_camera_interfaces) StdoutLine: {'line': b'-- Up-to-date: /home/mcav/cam_dev_ws/install/pylon_ros2_camera_interfaces/include/pylon_ros2_camera_interfaces/pylon_ros2_camera_interfaces/msg/rosidl_typesupport_introspection_c__visibility_control.h\n'}
[0.601099] (pylon_ros2_camera_interfaces) StdoutLine: {'line': b'-- Up-to-date: /home/mcav/cam_dev_ws/install/pylon_ros2_camera_interfaces/include/pylon_ros2_camera_interfaces/pylon_ros2_camera_interfaces/msg/detail\n'}
[0.601159] (pylon_ros2_camera_interfaces) StdoutLine: {'line': b'-- Up-to-date: /home/mcav/cam_dev_ws/install/pylon_ros2_camera_interfaces/include/pylon_ros2_camera_interfaces/pylon_ros2_camera_interfaces/msg/detail/current_params__rosidl_typesupport_introspection_c.h\n'}
[0.601223] (pylon_ros2_camera_interfaces) StdoutLine: {'line': b'-- Up-to-date: /home/mcav/cam_dev_ws/install/pylon_ros2_camera_interfaces/include/pylon_ros2_camera_interfaces/pylon_ros2_camera_interfaces/msg/detail/component_status__type_support.c\n'}
[0.601284] (pylon_ros2_camera_interfaces) StdoutLine: {'line': b'-- Up-to-date: /home/mcav/cam_dev_ws/install/pylon_ros2_camera_interfaces/include/pylon_ros2_camera_interfaces/pylon_ros2_camera_interfaces/msg/detail/current_params__type_support.c\n'}
[0.601343] (pylon_ros2_camera_interfaces) StdoutLine: {'line': b'-- Up-to-date: /home/mcav/cam_dev_ws/install/pylon_ros2_camera_interfaces/include/pylon_ros2_camera_interfaces/pylon_ros2_camera_interfaces/msg/detail/component_status__rosidl_typesupport_introspection_c.h\n'}
[0.601403] (pylon_ros2_camera_interfaces) StdoutLine: {'line': b'-- Up-to-date: /home/mcav/cam_dev_ws/install/pylon_ros2_camera_interfaces/include/pylon_ros2_camera_interfaces/pylon_ros2_camera_interfaces/action\n'}
[0.601472] (pylon_ros2_camera_interfaces) StdoutLine: {'line': b'-- Up-to-date: /home/mcav/cam_dev_ws/install/pylon_ros2_camera_interfaces/include/pylon_ros2_camera_interfaces/pylon_ros2_camera_interfaces/action/detail\n'}
[0.601532] (pylon_ros2_camera_interfaces) StdoutLine: {'line': b'-- Up-to-date: /home/mcav/cam_dev_ws/install/pylon_ros2_camera_interfaces/include/pylon_ros2_camera_interfaces/pylon_ros2_camera_interfaces/action/detail/grab_blaze_data__rosidl_typesupport_introspection_c.h\n'}
[0.601596] (pylon_ros2_camera_interfaces) StdoutLine: {'line': b'-- Up-to-date: /home/mcav/cam_dev_ws/install/pylon_ros2_camera_interfaces/include/pylon_ros2_camera_interfaces/pylon_ros2_camera_interfaces/action/detail/grab_blaze_data__type_support.c\n'}
[0.601657] (pylon_ros2_camera_interfaces) StdoutLine: {'line': b'-- Up-to-date: /home/mcav/cam_dev_ws/install/pylon_ros2_camera_interfaces/include/pylon_ros2_camera_interfaces/pylon_ros2_camera_interfaces/action/detail/grab_images__rosidl_typesupport_introspection_c.h\n'}
[0.601717] (pylon_ros2_camera_interfaces) StdoutLine: {'line': b'-- Up-to-date: /home/mcav/cam_dev_ws/install/pylon_ros2_camera_interfaces/include/pylon_ros2_camera_interfaces/pylon_ros2_camera_interfaces/action/detail/grab_images__type_support.c\n'}
[0.601777] (pylon_ros2_camera_interfaces) StdoutLine: {'line': b'-- Up-to-date: /home/mcav/cam_dev_ws/install/pylon_ros2_camera_interfaces/include/pylon_ros2_camera_interfaces/pylon_ros2_camera_interfaces/srv\n'}
[0.601836] (pylon_ros2_camera_interfaces) StdoutLine: {'line': b'-- Up-to-date: /home/mcav/cam_dev_ws/install/pylon_ros2_camera_interfaces/include/pylon_ros2_camera_interfaces/pylon_ros2_camera_interfaces/srv/detail\n'}
[0.601896] (pylon_ros2_camera_interfaces) StdoutLine: {'line': b'-- Up-to-date: /home/mcav/cam_dev_ws/install/pylon_ros2_camera_interfaces/include/pylon_ros2_camera_interfaces/pylon_ros2_camera_interfaces/srv/detail/set_binning__rosidl_typesupport_introspection_c.h\n'}
[0.601956] (pylon_ros2_camera_interfaces) StdoutLine: {'line': b'-- Up-to-date: /home/mcav/cam_dev_ws/install/pylon_ros2_camera_interfaces/include/pylon_ros2_camera_interfaces/pylon_ros2_camera_interfaces/srv/detail/set_exposure__rosidl_typesupport_introspection_c.h\n'}
[0.602016] (pylon_ros2_camera_interfaces) StdoutLine: {'line': b'-- Up-to-date: /home/mcav/cam_dev_ws/install/pylon_ros2_camera_interfaces/include/pylon_ros2_camera_interfaces/pylon_ros2_camera_interfaces/srv/detail/issue_action_command__rosidl_typesupport_introspection_c.h\n'}
[0.602076] (pylon_ros2_camera_interfaces) StdoutLine: {'line': b'-- Up-to-date: /home/mcav/cam_dev_ws/install/pylon_ros2_camera_interfaces/include/pylon_ros2_camera_interfaces/pylon_ros2_camera_interfaces/srv/detail/set_gain__type_support.c\n'}
[0.602136] (pylon_ros2_camera_interfaces) StdoutLine: {'line': b'-- Up-to-date: /home/mcav/cam_dev_ws/install/pylon_ros2_camera_interfaces/include/pylon_ros2_camera_interfaces/pylon_ros2_camera_interfaces/srv/detail/set_float_value__type_support.c\n'}
[0.602200] (pylon_ros2_camera_interfaces) StdoutLine: {'line': b'-- Up-to-date: /home/mcav/cam_dev_ws/install/pylon_ros2_camera_interfaces/include/pylon_ros2_camera_interfaces/pylon_ros2_camera_interfaces/srv/detail/set_float_value__rosidl_typesupport_introspection_c.h\n'}
[0.602261] (pylon_ros2_camera_interfaces) StdoutLine: {'line': b'-- Up-to-date: /home/mcav/cam_dev_ws/install/pylon_ros2_camera_interfaces/include/pylon_ros2_camera_interfaces/pylon_ros2_camera_interfaces/srv/detail/issue_action_command__type_support.c\n'}
[0.602322] (pylon_ros2_camera_interfaces) StdoutLine: {'line': b'-- Up-to-date: /home/mcav/cam_dev_ws/install/pylon_ros2_camera_interfaces/include/pylon_ros2_camera_interfaces/pylon_ros2_camera_interfaces/srv/detail/get_string_value__type_support.c\n'}
[0.602382] (pylon_ros2_camera_interfaces) StdoutLine: {'line': b'-- Up-to-date: /home/mcav/cam_dev_ws/install/pylon_ros2_camera_interfaces/include/pylon_ros2_camera_interfaces/pylon_ros2_camera_interfaces/srv/detail/get_float_value__type_support.c\n'}
[0.602502] (pylon_ros2_camera_interfaces) StdoutLine: {'line': b'-- Up-to-date: /home/mcav/cam_dev_ws/install/pylon_ros2_camera_interfaces/include/pylon_ros2_camera_interfaces/pylon_ros2_camera_interfaces/srv/detail/set_gamma__type_support.c\n'}
[0.602578] (pylon_ros2_camera_interfaces) StdoutLine: {'line': b'-- Up-to-date: /home/mcav/cam_dev_ws/install/pylon_ros2_camera_interfaces/include/pylon_ros2_camera_interfaces/pylon_ros2_camera_interfaces/srv/detail/get_integer_value__rosidl_typesupport_introspection_c.h\n'}
[0.602640] (pylon_ros2_camera_interfaces) StdoutLine: {'line': b'-- Up-to-date: /home/mcav/cam_dev_ws/install/pylon_ros2_camera_interfaces/include/pylon_ros2_camera_interfaces/pylon_ros2_camera_interfaces/srv/detail/get_ptp_status__type_support.c\n'}
[0.602701] (pylon_ros2_camera_interfaces) StdoutLine: {'line': b'-- Up-to-date: /home/mcav/cam_dev_ws/install/pylon_ros2_camera_interfaces/include/pylon_ros2_camera_interfaces/pylon_ros2_camera_interfaces/srv/detail/set_string_value__type_support.c\n'}
[0.602762] (pylon_ros2_camera_interfaces) StdoutLine: {'line': b'-- Up-to-date: /home/mcav/cam_dev_ws/install/pylon_ros2_camera_interfaces/include/pylon_ros2_camera_interfaces/pylon_ros2_camera_interfaces/srv/detail/set_action_trigger_configuration__type_support.c\n'}
[0.602824] (pylon_ros2_camera_interfaces) StdoutLine: {'line': b'-- Up-to-date: /home/mcav/cam_dev_ws/install/pylon_ros2_camera_interfaces/include/pylon_ros2_camera_interfaces/pylon_ros2_camera_interfaces/srv/detail/issue_scheduled_action_command__type_support.c\n'}
[0.602894] (pylon_ros2_camera_interfaces) StdoutLine: {'line': b'-- Up-to-date: /home/mcav/cam_dev_ws/install/pylon_ros2_camera_interfaces/include/pylon_ros2_camera_interfaces/pylon_ros2_camera_interfaces/srv/detail/set_sleeping__rosidl_typesupport_introspection_c.h\n'}
[0.602959] (pylon_ros2_camera_interfaces) StdoutLine: {'line': b'-- Up-to-date: /home/mcav/cam_dev_ws/install/pylon_ros2_camera_interfaces/include/pylon_ros2_camera_interfaces/pylon_ros2_camera_interfaces/srv/detail/get_string_value__rosidl_typesupport_introspection_c.h\n'}
[0.603020] (pylon_ros2_camera_interfaces) StdoutLine: {'line': b'-- Up-to-date: /home/mcav/cam_dev_ws/install/pylon_ros2_camera_interfaces/include/pylon_ros2_camera_interfaces/pylon_ros2_camera_interfaces/srv/detail/set_brightness__rosidl_typesupport_introspection_c.h\n'}
[0.603081] (pylon_ros2_camera_interfaces) StdoutLine: {'line': b'-- Up-to-date: /home/mcav/cam_dev_ws/install/pylon_ros2_camera_interfaces/include/pylon_ros2_camera_interfaces/pylon_ros2_camera_interfaces/srv/detail/get_ptp_status__rosidl_typesupport_introspection_c.h\n'}
[0.603142] (pylon_ros2_camera_interfaces) StdoutLine: {'line': b'-- Up-to-date: /home/mcav/cam_dev_ws/install/pylon_ros2_camera_interfaces/include/pylon_ros2_camera_interfaces/pylon_ros2_camera_interfaces/srv/detail/get_integer_value__type_support.c\n'}
[0.603203] (pylon_ros2_camera_interfaces) StdoutLine: {'line': b'-- Up-to-date: /home/mcav/cam_dev_ws/install/pylon_ros2_camera_interfaces/include/pylon_ros2_camera_interfaces/pylon_ros2_camera_interfaces/srv/detail/issue_scheduled_action_command__rosidl_typesupport_introspection_c.h\n'}
[0.603268] (pylon_ros2_camera_interfaces) StdoutLine: {'line': b'-- Up-to-date: /home/mcav/cam_dev_ws/install/pylon_ros2_camera_interfaces/include/pylon_ros2_camera_interfaces/pylon_ros2_camera_interfaces/srv/detail/set_roi__type_support.c\n'}
[0.603329] (pylon_ros2_camera_interfaces) StdoutLine: {'line': b'-- Up-to-date: /home/mcav/cam_dev_ws/install/pylon_ros2_camera_interfaces/include/pylon_ros2_camera_interfaces/pylon_ros2_camera_interfaces/srv/detail/set_exposure__type_support.c\n'}
[0.603390] (pylon_ros2_camera_interfaces) StdoutLine: {'line': b'-- Up-to-date: /home/mcav/cam_dev_ws/install/pylon_ros2_camera_interfaces/include/pylon_ros2_camera_interfaces/pylon_ros2_camera_interfaces/srv/detail/set_sleeping__type_support.c\n'}
[0.603451] (pylon_ros2_camera_interfaces) StdoutLine: {'line': b'-- Up-to-date: /home/mcav/cam_dev_ws/install/pylon_ros2_camera_interfaces/include/pylon_ros2_camera_interfaces/pylon_ros2_camera_interfaces/srv/detail/set_gamma__rosidl_typesupport_introspection_c.h\n'}
[0.603512] (pylon_ros2_camera_interfaces) StdoutLine: {'line': b'-- Up-to-date: /home/mcav/cam_dev_ws/install/pylon_ros2_camera_interfaces/include/pylon_ros2_camera_interfaces/pylon_ros2_camera_interfaces/srv/detail/set_binning__type_support.c\n'}
[0.603572] (pylon_ros2_camera_interfaces) StdoutLine: {'line': b'-- Up-to-date: /home/mcav/cam_dev_ws/install/pylon_ros2_camera_interfaces/include/pylon_ros2_camera_interfaces/pylon_ros2_camera_interfaces/srv/detail/set_gain__rosidl_typesupport_introspection_c.h\n'}
[0.603633] (pylon_ros2_camera_interfaces) StdoutLine: {'line': b'-- Up-to-date: /home/mcav/cam_dev_ws/install/pylon_ros2_camera_interfaces/include/pylon_ros2_camera_interfaces/pylon_ros2_camera_interfaces/srv/detail/set_integer_value__type_support.c\n'}
[0.603693] (pylon_ros2_camera_interfaces) StdoutLine: {'line': b'-- Up-to-date: /home/mcav/cam_dev_ws/install/pylon_ros2_camera_interfaces/include/pylon_ros2_camera_interfaces/pylon_ros2_camera_interfaces/srv/detail/set_roi__rosidl_typesupport_introspection_c.h\n'}
[0.603754] (pylon_ros2_camera_interfaces) StdoutLine: {'line': b'-- Up-to-date: /home/mcav/cam_dev_ws/install/pylon_ros2_camera_interfaces/include/pylon_ros2_camera_interfaces/pylon_ros2_camera_interfaces/srv/detail/set_brightness__type_support.c\n'}
[0.603814] (pylon_ros2_camera_interfaces) StdoutLine: {'line': b'-- Up-to-date: /home/mcav/cam_dev_ws/install/pylon_ros2_camera_interfaces/include/pylon_ros2_camera_interfaces/pylon_ros2_camera_interfaces/srv/detail/set_integer_value__rosidl_typesupport_introspection_c.h\n'}
[0.603875] (pylon_ros2_camera_interfaces) StdoutLine: {'line': b'-- Up-to-date: /home/mcav/cam_dev_ws/install/pylon_ros2_camera_interfaces/include/pylon_ros2_camera_interfaces/pylon_ros2_camera_interfaces/srv/detail/set_string_value__rosidl_typesupport_introspection_c.h\n'}
[0.603936] (pylon_ros2_camera_interfaces) StdoutLine: {'line': b'-- Up-to-date: /home/mcav/cam_dev_ws/install/pylon_ros2_camera_interfaces/include/pylon_ros2_camera_interfaces/pylon_ros2_camera_interfaces/srv/detail/set_white_balance__rosidl_typesupport_introspection_c.h\n'}
[0.603996] (pylon_ros2_camera_interfaces) StdoutLine: {'line': b'-- Up-to-date: /home/mcav/cam_dev_ws/install/pylon_ros2_camera_interfaces/include/pylon_ros2_camera_interfaces/pylon_ros2_camera_interfaces/srv/detail/set_white_balance__type_support.c\n'}
[0.604057] (pylon_ros2_camera_interfaces) StdoutLine: {'line': b'-- Up-to-date: /home/mcav/cam_dev_ws/install/pylon_ros2_camera_interfaces/include/pylon_ros2_camera_interfaces/pylon_ros2_camera_interfaces/srv/detail/set_action_trigger_configuration__rosidl_typesupport_introspection_c.h\n'}
[0.604118] (pylon_ros2_camera_interfaces) StdoutLine: {'line': b'-- Up-to-date: /home/mcav/cam_dev_ws/install/pylon_ros2_camera_interfaces/include/pylon_ros2_camera_interfaces/pylon_ros2_camera_interfaces/srv/detail/get_float_value__rosidl_typesupport_introspection_c.h\n'}
[0.604188] (pylon_ros2_camera_interfaces) StdoutLine: {'line': b'-- Up-to-date: /home/mcav/cam_dev_ws/install/pylon_ros2_camera_interfaces/lib/libpylon_ros2_camera_interfaces__rosidl_typesupport_introspection_c.so\n'}
[0.604252] (pylon_ros2_camera_interfaces) StdoutLine: {'line': b'-- Up-to-date: /home/mcav/cam_dev_ws/install/pylon_ros2_camera_interfaces/lib/libpylon_ros2_camera_interfaces__rosidl_typesupport_c.so\n'}
[0.604312] (pylon_ros2_camera_interfaces) StdoutLine: {'line': b'-- Up-to-date: /home/mcav/cam_dev_ws/install/pylon_ros2_camera_interfaces/include/pylon_ros2_camera_interfaces/pylon_ros2_camera_interfaces\n'}
[0.604373] (pylon_ros2_camera_interfaces) StdoutLine: {'line': b'-- Up-to-date: /home/mcav/cam_dev_ws/install/pylon_ros2_camera_interfaces/include/pylon_ros2_camera_interfaces/pylon_ros2_camera_interfaces/msg\n'}
[0.604433] (pylon_ros2_camera_interfaces) StdoutLine: {'line': b'-- Up-to-date: /home/mcav/cam_dev_ws/install/pylon_ros2_camera_interfaces/include/pylon_ros2_camera_interfaces/pylon_ros2_camera_interfaces/msg/detail\n'}
[0.604493] (pylon_ros2_camera_interfaces) StdoutLine: {'line': b'-- Up-to-date: /home/mcav/cam_dev_ws/install/pylon_ros2_camera_interfaces/include/pylon_ros2_camera_interfaces/pylon_ros2_camera_interfaces/msg/detail/component_status__rosidl_typesupport_introspection_cpp.hpp\n'}
[0.604554] (pylon_ros2_camera_interfaces) StdoutLine: {'line': b'-- Up-to-date: /home/mcav/cam_dev_ws/install/pylon_ros2_camera_interfaces/include/pylon_ros2_camera_interfaces/pylon_ros2_camera_interfaces/msg/detail/current_params__rosidl_typesupport_introspection_cpp.hpp\n'}
[0.604615] (pylon_ros2_camera_interfaces) StdoutLine: {'line': b'-- Up-to-date: /home/mcav/cam_dev_ws/install/pylon_ros2_camera_interfaces/include/pylon_ros2_camera_interfaces/pylon_ros2_camera_interfaces/msg/detail/component_status__type_support.cpp\n'}
[0.604675] (pylon_ros2_camera_interfaces) StdoutLine: {'line': b'-- Up-to-date: /home/mcav/cam_dev_ws/install/pylon_ros2_camera_interfaces/include/pylon_ros2_camera_interfaces/pylon_ros2_camera_interfaces/msg/detail/current_params__type_support.cpp\n'}
[0.604736] (pylon_ros2_camera_interfaces) StdoutLine: {'line': b'-- Up-to-date: /home/mcav/cam_dev_ws/install/pylon_ros2_camera_interfaces/include/pylon_ros2_camera_interfaces/pylon_ros2_camera_interfaces/action\n'}
[0.604796] (pylon_ros2_camera_interfaces) StdoutLine: {'line': b'-- Up-to-date: /home/mcav/cam_dev_ws/install/pylon_ros2_camera_interfaces/include/pylon_ros2_camera_interfaces/pylon_ros2_camera_interfaces/action/detail\n'}
[0.604856] (pylon_ros2_camera_interfaces) StdoutLine: {'line': b'-- Up-to-date: /home/mcav/cam_dev_ws/install/pylon_ros2_camera_interfaces/include/pylon_ros2_camera_interfaces/pylon_ros2_camera_interfaces/action/detail/grab_blaze_data__type_support.cpp\n'}
[0.604917] (pylon_ros2_camera_interfaces) StdoutLine: {'line': b'-- Up-to-date: /home/mcav/cam_dev_ws/install/pylon_ros2_camera_interfaces/include/pylon_ros2_camera_interfaces/pylon_ros2_camera_interfaces/action/detail/grab_blaze_data__rosidl_typesupport_introspection_cpp.hpp\n'}
[0.604978] (pylon_ros2_camera_interfaces) StdoutLine: {'line': b'-- Up-to-date: /home/mcav/cam_dev_ws/install/pylon_ros2_camera_interfaces/include/pylon_ros2_camera_interfaces/pylon_ros2_camera_interfaces/action/detail/grab_images__type_support.cpp\n'}
[0.605037] (pylon_ros2_camera_interfaces) StdoutLine: {'line': b'-- Up-to-date: /home/mcav/cam_dev_ws/install/pylon_ros2_camera_interfaces/include/pylon_ros2_camera_interfaces/pylon_ros2_camera_interfaces/action/detail/grab_images__rosidl_typesupport_introspection_cpp.hpp\n'}
[0.605098] (pylon_ros2_camera_interfaces) StdoutLine: {'line': b'-- Up-to-date: /home/mcav/cam_dev_ws/install/pylon_ros2_camera_interfaces/include/pylon_ros2_camera_interfaces/pylon_ros2_camera_interfaces/srv\n'}
[0.605158] (pylon_ros2_camera_interfaces) StdoutLine: {'line': b'-- Up-to-date: /home/mcav/cam_dev_ws/install/pylon_ros2_camera_interfaces/include/pylon_ros2_camera_interfaces/pylon_ros2_camera_interfaces/srv/detail\n'}
[0.605218] (pylon_ros2_camera_interfaces) StdoutLine: {'line': b'-- Up-to-date: /home/mcav/cam_dev_ws/install/pylon_ros2_camera_interfaces/include/pylon_ros2_camera_interfaces/pylon_ros2_camera_interfaces/srv/detail/set_integer_value__type_support.cpp\n'}
[0.605283] (pylon_ros2_camera_interfaces) StdoutLine: {'line': b'-- Up-to-date: /home/mcav/cam_dev_ws/install/pylon_ros2_camera_interfaces/include/pylon_ros2_camera_interfaces/pylon_ros2_camera_interfaces/srv/detail/get_integer_value__rosidl_typesupport_introspection_cpp.hpp\n'}
[0.605344] (pylon_ros2_camera_interfaces) StdoutLine: {'line': b'-- Up-to-date: /home/mcav/cam_dev_ws/install/pylon_ros2_camera_interfaces/include/pylon_ros2_camera_interfaces/pylon_ros2_camera_interfaces/srv/detail/set_float_value__type_support.cpp\n'}
[0.605405] (pylon_ros2_camera_interfaces) StdoutLine: {'line': b'-- Up-to-date: /home/mcav/cam_dev_ws/install/pylon_ros2_camera_interfaces/include/pylon_ros2_camera_interfaces/pylon_ros2_camera_interfaces/srv/detail/set_string_value__rosidl_typesupport_introspection_cpp.hpp\n'}
[0.605466] (pylon_ros2_camera_interfaces) StdoutLine: {'line': b'-- Up-to-date: /home/mcav/cam_dev_ws/install/pylon_ros2_camera_interfaces/include/pylon_ros2_camera_interfaces/pylon_ros2_camera_interfaces/srv/detail/set_sleeping__type_support.cpp\n'}
[0.605530] (pylon_ros2_camera_interfaces) StdoutLine: {'line': b'-- Up-to-date: /home/mcav/cam_dev_ws/install/pylon_ros2_camera_interfaces/include/pylon_ros2_camera_interfaces/pylon_ros2_camera_interfaces/srv/detail/issue_action_command__rosidl_typesupport_introspection_cpp.hpp\n'}
[0.605599] (pylon_ros2_camera_interfaces) StdoutLine: {'line': b'-- Up-to-date: /home/mcav/cam_dev_ws/install/pylon_ros2_camera_interfaces/include/pylon_ros2_camera_interfaces/pylon_ros2_camera_interfaces/srv/detail/issue_scheduled_action_command__rosidl_typesupport_introspection_cpp.hpp\n'}
[0.605660] (pylon_ros2_camera_interfaces) StdoutLine: {'line': b'-- Up-to-date: /home/mcav/cam_dev_ws/install/pylon_ros2_camera_interfaces/include/pylon_ros2_camera_interfaces/pylon_ros2_camera_interfaces/srv/detail/set_binning__rosidl_typesupport_introspection_cpp.hpp\n'}
[0.605721] (pylon_ros2_camera_interfaces) StdoutLine: {'line': b'-- Up-to-date: /home/mcav/cam_dev_ws/install/pylon_ros2_camera_interfaces/include/pylon_ros2_camera_interfaces/pylon_ros2_camera_interfaces/srv/detail/set_exposure__type_support.cpp\n'}
[0.605782] (pylon_ros2_camera_interfaces) StdoutLine: {'line': b'-- Up-to-date: /home/mcav/cam_dev_ws/install/pylon_ros2_camera_interfaces/include/pylon_ros2_camera_interfaces/pylon_ros2_camera_interfaces/srv/detail/get_float_value__type_support.cpp\n'}
[0.605843] (pylon_ros2_camera_interfaces) StdoutLine: {'line': b'-- Up-to-date: /home/mcav/cam_dev_ws/install/pylon_ros2_camera_interfaces/include/pylon_ros2_camera_interfaces/pylon_ros2_camera_interfaces/srv/detail/set_gain__rosidl_typesupport_introspection_cpp.hpp\n'}
[0.605903] (pylon_ros2_camera_interfaces) StdoutLine: {'line': b'-- Up-to-date: /home/mcav/cam_dev_ws/install/pylon_ros2_camera_interfaces/include/pylon_ros2_camera_interfaces/pylon_ros2_camera_interfaces/srv/detail/set_action_trigger_configuration__type_support.cpp\n'}
[0.605964] (pylon_ros2_camera_interfaces) StdoutLine: {'line': b'-- Up-to-date: /home/mcav/cam_dev_ws/install/pylon_ros2_camera_interfaces/include/pylon_ros2_camera_interfaces/pylon_ros2_camera_interfaces/srv/detail/get_float_value__rosidl_typesupport_introspection_cpp.hpp\n'}
[0.606025] (pylon_ros2_camera_interfaces) StdoutLine: {'line': b'-- Up-to-date: /home/mcav/cam_dev_ws/install/pylon_ros2_camera_interfaces/include/pylon_ros2_camera_interfaces/pylon_ros2_camera_interfaces/srv/detail/set_float_value__rosidl_typesupport_introspection_cpp.hpp\n'}
[0.606085] (pylon_ros2_camera_interfaces) StdoutLine: {'line': b'-- Up-to-date: /home/mcav/cam_dev_ws/install/pylon_ros2_camera_interfaces/include/pylon_ros2_camera_interfaces/pylon_ros2_camera_interfaces/srv/detail/set_exposure__rosidl_typesupport_introspection_cpp.hpp\n'}
[0.606146] (pylon_ros2_camera_interfaces) StdoutLine: {'line': b'-- Up-to-date: /home/mcav/cam_dev_ws/install/pylon_ros2_camera_interfaces/include/pylon_ros2_camera_interfaces/pylon_ros2_camera_interfaces/srv/detail/get_string_value__type_support.cpp\n'}
[0.606211] (pylon_ros2_camera_interfaces) StdoutLine: {'line': b'-- Up-to-date: /home/mcav/cam_dev_ws/install/pylon_ros2_camera_interfaces/include/pylon_ros2_camera_interfaces/pylon_ros2_camera_interfaces/srv/detail/issue_action_command__type_support.cpp\n'}
[0.606272] (pylon_ros2_camera_interfaces) StdoutLine: {'line': b'-- Up-to-date: /home/mcav/cam_dev_ws/install/pylon_ros2_camera_interfaces/include/pylon_ros2_camera_interfaces/pylon_ros2_camera_interfaces/srv/detail/get_integer_value__type_support.cpp\n'}
[0.606332] (pylon_ros2_camera_interfaces) StdoutLine: {'line': b'-- Up-to-date: /home/mcav/cam_dev_ws/install/pylon_ros2_camera_interfaces/include/pylon_ros2_camera_interfaces/pylon_ros2_camera_interfaces/srv/detail/get_string_value__rosidl_typesupport_introspection_cpp.hpp\n'}
[0.606399] (pylon_ros2_camera_interfaces) StdoutLine: {'line': b'-- Up-to-date: /home/mcav/cam_dev_ws/install/pylon_ros2_camera_interfaces/include/pylon_ros2_camera_interfaces/pylon_ros2_camera_interfaces/srv/detail/set_roi__rosidl_typesupport_introspection_cpp.hpp\n'}
[0.606513] (pylon_ros2_camera_interfaces) StdoutLine: {'line': b'-- Up-to-date: /home/mcav/cam_dev_ws/install/pylon_ros2_camera_interfaces/include/pylon_ros2_camera_interfaces/pylon_ros2_camera_interfaces/srv/detail/set_roi__type_support.cpp\n'}
[0.606574] (pylon_ros2_camera_interfaces) StdoutLine: {'line': b'-- Up-to-date: /home/mcav/cam_dev_ws/install/pylon_ros2_camera_interfaces/include/pylon_ros2_camera_interfaces/pylon_ros2_camera_interfaces/srv/detail/set_white_balance__rosidl_typesupport_introspection_cpp.hpp\n'}
[0.606635] (pylon_ros2_camera_interfaces) StdoutLine: {'line': b'-- Up-to-date: /home/mcav/cam_dev_ws/install/pylon_ros2_camera_interfaces/include/pylon_ros2_camera_interfaces/pylon_ros2_camera_interfaces/srv/detail/set_string_value__type_support.cpp\n'}
[0.606695] (pylon_ros2_camera_interfaces) StdoutLine: {'line': b'-- Up-to-date: /home/mcav/cam_dev_ws/install/pylon_ros2_camera_interfaces/include/pylon_ros2_camera_interfaces/pylon_ros2_camera_interfaces/srv/detail/set_gamma__rosidl_typesupport_introspection_cpp.hpp\n'}
[0.606755] (pylon_ros2_camera_interfaces) StdoutLine: {'line': b'-- Up-to-date: /home/mcav/cam_dev_ws/install/pylon_ros2_camera_interfaces/include/pylon_ros2_camera_interfaces/pylon_ros2_camera_interfaces/srv/detail/get_ptp_status__rosidl_typesupport_introspection_cpp.hpp\n'}
[0.606819] (pylon_ros2_camera_interfaces) StdoutLine: {'line': b'-- Up-to-date: /home/mcav/cam_dev_ws/install/pylon_ros2_camera_interfaces/include/pylon_ros2_camera_interfaces/pylon_ros2_camera_interfaces/srv/detail/set_binning__type_support.cpp\n'}
[0.606880] (pylon_ros2_camera_interfaces) StdoutLine: {'line': b'-- Up-to-date: /home/mcav/cam_dev_ws/install/pylon_ros2_camera_interfaces/include/pylon_ros2_camera_interfaces/pylon_ros2_camera_interfaces/srv/detail/set_gain__type_support.cpp\n'}
[0.606948] (pylon_ros2_camera_interfaces) StdoutLine: {'line': b'-- Up-to-date: /home/mcav/cam_dev_ws/install/pylon_ros2_camera_interfaces/include/pylon_ros2_camera_interfaces/pylon_ros2_camera_interfaces/srv/detail/set_brightness__type_support.cpp\n'}
[0.607009] (pylon_ros2_camera_interfaces) StdoutLine: {'line': b'-- Up-to-date: /home/mcav/cam_dev_ws/install/pylon_ros2_camera_interfaces/include/pylon_ros2_camera_interfaces/pylon_ros2_camera_interfaces/srv/detail/set_action_trigger_configuration__rosidl_typesupport_introspection_cpp.hpp\n'}
[0.607070] (pylon_ros2_camera_interfaces) StdoutLine: {'line': b'-- Up-to-date: /home/mcav/cam_dev_ws/install/pylon_ros2_camera_interfaces/include/pylon_ros2_camera_interfaces/pylon_ros2_camera_interfaces/srv/detail/get_ptp_status__type_support.cpp\n'}
[0.607130] (pylon_ros2_camera_interfaces) StdoutLine: {'line': b'-- Up-to-date: /home/mcav/cam_dev_ws/install/pylon_ros2_camera_interfaces/include/pylon_ros2_camera_interfaces/pylon_ros2_camera_interfaces/srv/detail/set_integer_value__rosidl_typesupport_introspection_cpp.hpp\n'}
[0.607195] (pylon_ros2_camera_interfaces) StdoutLine: {'line': b'-- Up-to-date: /home/mcav/cam_dev_ws/install/pylon_ros2_camera_interfaces/include/pylon_ros2_camera_interfaces/pylon_ros2_camera_interfaces/srv/detail/set_sleeping__rosidl_typesupport_introspection_cpp.hpp\n'}
[0.607255] (pylon_ros2_camera_interfaces) StdoutLine: {'line': b'-- Up-to-date: /home/mcav/cam_dev_ws/install/pylon_ros2_camera_interfaces/include/pylon_ros2_camera_interfaces/pylon_ros2_camera_interfaces/srv/detail/set_white_balance__type_support.cpp\n'}
[0.607315] (pylon_ros2_camera_interfaces) StdoutLine: {'line': b'-- Up-to-date: /home/mcav/cam_dev_ws/install/pylon_ros2_camera_interfaces/include/pylon_ros2_camera_interfaces/pylon_ros2_camera_interfaces/srv/detail/set_brightness__rosidl_typesupport_introspection_cpp.hpp\n'}
[0.607376] (pylon_ros2_camera_interfaces) StdoutLine: {'line': b'-- Up-to-date: /home/mcav/cam_dev_ws/install/pylon_ros2_camera_interfaces/include/pylon_ros2_camera_interfaces/pylon_ros2_camera_interfaces/srv/detail/issue_scheduled_action_command__type_support.cpp\n'}
[0.607437] (pylon_ros2_camera_interfaces) StdoutLine: {'line': b'-- Up-to-date: /home/mcav/cam_dev_ws/install/pylon_ros2_camera_interfaces/include/pylon_ros2_camera_interfaces/pylon_ros2_camera_interfaces/srv/detail/set_gamma__type_support.cpp\n'}
[0.607497] (pylon_ros2_camera_interfaces) StdoutLine: {'line': b'-- Up-to-date: /home/mcav/cam_dev_ws/install/pylon_ros2_camera_interfaces/lib/libpylon_ros2_camera_interfaces__rosidl_typesupport_introspection_cpp.so\n'}
[0.607558] (pylon_ros2_camera_interfaces) StdoutLine: {'line': b'-- Up-to-date: /home/mcav/cam_dev_ws/install/pylon_ros2_camera_interfaces/lib/libpylon_ros2_camera_interfaces__rosidl_typesupport_cpp.so\n'}
[0.607617] (pylon_ros2_camera_interfaces) StdoutLine: {'line': b'-- Up-to-date: /home/mcav/cam_dev_ws/install/pylon_ros2_camera_interfaces/share/pylon_ros2_camera_interfaces/environment/pythonpath.sh\n'}
[0.607677] (pylon_ros2_camera_interfaces) StdoutLine: {'line': b'-- Up-to-date: /home/mcav/cam_dev_ws/install/pylon_ros2_camera_interfaces/share/pylon_ros2_camera_interfaces/environment/pythonpath.dsv\n'}
[0.607737] (pylon_ros2_camera_interfaces) StdoutLine: {'line': b'-- Up-to-date: /home/mcav/cam_dev_ws/install/pylon_ros2_camera_interfaces/local/lib/python3.10/dist-packages/pylon_ros2_camera_interfaces-1.1.0-py3.10.egg-info\n'}
[0.607797] (pylon_ros2_camera_interfaces) StdoutLine: {'line': b'-- Installing: /home/mcav/cam_dev_ws/install/pylon_ros2_camera_interfaces/local/lib/python3.10/dist-packages/pylon_ros2_camera_interfaces-1.1.0-py3.10.egg-info/top_level.txt\n'}
[0.607857] (pylon_ros2_camera_interfaces) StdoutLine: {'line': b'-- Installing: /home/mcav/cam_dev_ws/install/pylon_ros2_camera_interfaces/local/lib/python3.10/dist-packages/pylon_ros2_camera_interfaces-1.1.0-py3.10.egg-info/dependency_links.txt\n'}
[0.607917] (pylon_ros2_camera_interfaces) StdoutLine: {'line': b'-- Installing: /home/mcav/cam_dev_ws/install/pylon_ros2_camera_interfaces/local/lib/python3.10/dist-packages/pylon_ros2_camera_interfaces-1.1.0-py3.10.egg-info/PKG-INFO\n'}
[0.607976] (pylon_ros2_camera_interfaces) StdoutLine: {'line': b'-- Installing: /home/mcav/cam_dev_ws/install/pylon_ros2_camera_interfaces/local/lib/python3.10/dist-packages/pylon_ros2_camera_interfaces-1.1.0-py3.10.egg-info/SOURCES.txt\n'}
[0.608036] (pylon_ros2_camera_interfaces) StdoutLine: {'line': b'-- Up-to-date: /home/mcav/cam_dev_ws/install/pylon_ros2_camera_interfaces/local/lib/python3.10/dist-packages/pylon_ros2_camera_interfaces\n'}
[0.608095] (pylon_ros2_camera_interfaces) StdoutLine: {'line': b'-- Up-to-date: /home/mcav/cam_dev_ws/install/pylon_ros2_camera_interfaces/local/lib/python3.10/dist-packages/pylon_ros2_camera_interfaces/msg\n'}
[0.608159] (pylon_ros2_camera_interfaces) StdoutLine: {'line': b'-- Up-to-date: /home/mcav/cam_dev_ws/install/pylon_ros2_camera_interfaces/local/lib/python3.10/dist-packages/pylon_ros2_camera_interfaces/msg/_current_params_s.c\n'}
[0.608220] (pylon_ros2_camera_interfaces) StdoutLine: {'line': b'-- Up-to-date: /home/mcav/cam_dev_ws/install/pylon_ros2_camera_interfaces/local/lib/python3.10/dist-packages/pylon_ros2_camera_interfaces/msg/__init__.py\n'}
[0.608284] (pylon_ros2_camera_interfaces) StdoutLine: {'line': b'-- Up-to-date: /home/mcav/cam_dev_ws/install/pylon_ros2_camera_interfaces/local/lib/python3.10/dist-packages/pylon_ros2_camera_interfaces/msg/_component_status.py\n'}
[0.608351] (pylon_ros2_camera_interfaces) StdoutLine: {'line': b'-- Up-to-date: /home/mcav/cam_dev_ws/install/pylon_ros2_camera_interfaces/local/lib/python3.10/dist-packages/pylon_ros2_camera_interfaces/msg/_current_params.py\n'}
[0.608411] (pylon_ros2_camera_interfaces) StdoutLine: {'line': b'-- Up-to-date: /home/mcav/cam_dev_ws/install/pylon_ros2_camera_interfaces/local/lib/python3.10/dist-packages/pylon_ros2_camera_interfaces/msg/_component_status_s.c\n'}
[0.608470] (pylon_ros2_camera_interfaces) StdoutLine: {'line': b'-- Up-to-date: /home/mcav/cam_dev_ws/install/pylon_ros2_camera_interfaces/local/lib/python3.10/dist-packages/pylon_ros2_camera_interfaces/action\n'}
[0.608530] (pylon_ros2_camera_interfaces) StdoutLine: {'line': b'-- Up-to-date: /home/mcav/cam_dev_ws/install/pylon_ros2_camera_interfaces/local/lib/python3.10/dist-packages/pylon_ros2_camera_interfaces/action/_grab_blaze_data.py\n'}
[0.608589] (pylon_ros2_camera_interfaces) StdoutLine: {'line': b'-- Up-to-date: /home/mcav/cam_dev_ws/install/pylon_ros2_camera_interfaces/local/lib/python3.10/dist-packages/pylon_ros2_camera_interfaces/action/_grab_images_s.c\n'}
[0.608649] (pylon_ros2_camera_interfaces) StdoutLine: {'line': b'-- Up-to-date: /home/mcav/cam_dev_ws/install/pylon_ros2_camera_interfaces/local/lib/python3.10/dist-packages/pylon_ros2_camera_interfaces/action/__init__.py\n'}
[0.608708] (pylon_ros2_camera_interfaces) StdoutLine: {'line': b'-- Up-to-date: /home/mcav/cam_dev_ws/install/pylon_ros2_camera_interfaces/local/lib/python3.10/dist-packages/pylon_ros2_camera_interfaces/action/_grab_images.py\n'}
[0.608768] (pylon_ros2_camera_interfaces) StdoutLine: {'line': b'-- Up-to-date: /home/mcav/cam_dev_ws/install/pylon_ros2_camera_interfaces/local/lib/python3.10/dist-packages/pylon_ros2_camera_interfaces/action/_grab_blaze_data_s.c\n'}
[0.608828] (pylon_ros2_camera_interfaces) StdoutLine: {'line': b'-- Up-to-date: /home/mcav/cam_dev_ws/install/pylon_ros2_camera_interfaces/local/lib/python3.10/dist-packages/pylon_ros2_camera_interfaces/_pylon_ros2_camera_interfaces_s.ep.rosidl_typesupport_introspection_c.c\n'}
[0.608888] (pylon_ros2_camera_interfaces) StdoutLine: {'line': b'-- Up-to-date: /home/mcav/cam_dev_ws/install/pylon_ros2_camera_interfaces/local/lib/python3.10/dist-packages/pylon_ros2_camera_interfaces/pylon_ros2_camera_interfaces_s__rosidl_typesupport_c.cpython-310-x86_64-linux-gnu.so\n'}
[0.608950] (pylon_ros2_camera_interfaces) StdoutLine: {'line': b'-- Up-to-date: /home/mcav/cam_dev_ws/install/pylon_ros2_camera_interfaces/local/lib/python3.10/dist-packages/pylon_ros2_camera_interfaces/_pylon_ros2_camera_interfaces_s.ep.rosidl_typesupport_fastrtps_c.c\n'}
[0.609010] (pylon_ros2_camera_interfaces) StdoutLine: {'line': b'-- Up-to-date: /home/mcav/cam_dev_ws/install/pylon_ros2_camera_interfaces/local/lib/python3.10/dist-packages/pylon_ros2_camera_interfaces/__init__.py\n'}
[0.609070] (pylon_ros2_camera_interfaces) StdoutLine: {'line': b'-- Up-to-date: /home/mcav/cam_dev_ws/install/pylon_ros2_camera_interfaces/local/lib/python3.10/dist-packages/pylon_ros2_camera_interfaces/pylon_ros2_camera_interfaces_s__rosidl_typesupport_introspection_c.cpython-310-x86_64-linux-gnu.so\n'}
[0.609131] (pylon_ros2_camera_interfaces) StdoutLine: {'line': b'-- Up-to-date: /home/mcav/cam_dev_ws/install/pylon_ros2_camera_interfaces/local/lib/python3.10/dist-packages/pylon_ros2_camera_interfaces/srv\n'}
[0.609191] (pylon_ros2_camera_interfaces) StdoutLine: {'line': b'-- Up-to-date: /home/mcav/cam_dev_ws/install/pylon_ros2_camera_interfaces/local/lib/python3.10/dist-packages/pylon_ros2_camera_interfaces/srv/_set_gain.py\n'}
[0.609250] (pylon_ros2_camera_interfaces) StdoutLine: {'line': b'-- Up-to-date: /home/mcav/cam_dev_ws/install/pylon_ros2_camera_interfaces/local/lib/python3.10/dist-packages/pylon_ros2_camera_interfaces/srv/_get_string_value.py\n'}
[0.609314] (pylon_ros2_camera_interfaces) StdoutLine: {'line': b'-- Up-to-date: /home/mcav/cam_dev_ws/install/pylon_ros2_camera_interfaces/local/lib/python3.10/dist-packages/pylon_ros2_camera_interfaces/srv/_set_roi.py\n'}
[0.609374] (pylon_ros2_camera_interfaces) StdoutLine: {'line': b'-- Up-to-date: /home/mcav/cam_dev_ws/install/pylon_ros2_camera_interfaces/local/lib/python3.10/dist-packages/pylon_ros2_camera_interfaces/srv/_set_brightness_s.c\n'}
[0.609434] (pylon_ros2_camera_interfaces) StdoutLine: {'line': b'-- Up-to-date: /home/mcav/cam_dev_ws/install/pylon_ros2_camera_interfaces/local/lib/python3.10/dist-packages/pylon_ros2_camera_interfaces/srv/_set_white_balance_s.c\n'}
[0.609494] (pylon_ros2_camera_interfaces) StdoutLine: {'line': b'-- Up-to-date: /home/mcav/cam_dev_ws/install/pylon_ros2_camera_interfaces/local/lib/python3.10/dist-packages/pylon_ros2_camera_interfaces/srv/_set_sleeping.py\n'}
[0.609557] (pylon_ros2_camera_interfaces) StdoutLine: {'line': b'-- Up-to-date: /home/mcav/cam_dev_ws/install/pylon_ros2_camera_interfaces/local/lib/python3.10/dist-packages/pylon_ros2_camera_interfaces/srv/_set_exposure.py\n'}
[0.609706] (pylon_ros2_camera_interfaces) StdoutLine: {'line': b'-- Up-to-date: /home/mcav/cam_dev_ws/install/pylon_ros2_camera_interfaces/local/lib/python3.10/dist-packages/pylon_ros2_camera_interfaces/srv/_get_integer_value.py\n'}
[0.609811] (pylon_ros2_camera_interfaces) StdoutLine: {'line': b'-- Up-to-date: /home/mcav/cam_dev_ws/install/pylon_ros2_camera_interfaces/local/lib/python3.10/dist-packages/pylon_ros2_camera_interfaces/srv/_issue_scheduled_action_command_s.c\n'}
[0.609916] (pylon_ros2_camera_interfaces) StdoutLine: {'line': b'-- Up-to-date: /home/mcav/cam_dev_ws/install/pylon_ros2_camera_interfaces/local/lib/python3.10/dist-packages/pylon_ros2_camera_interfaces/srv/_set_integer_value_s.c\n'}
[0.610020] (pylon_ros2_camera_interfaces) StdoutLine: {'line': b'-- Up-to-date: /home/mcav/cam_dev_ws/install/pylon_ros2_camera_interfaces/local/lib/python3.10/dist-packages/pylon_ros2_camera_interfaces/srv/_set_exposure_s.c\n'}
[0.610132] (pylon_ros2_camera_interfaces) StdoutLine: {'line': b'-- Up-to-date: /home/mcav/cam_dev_ws/install/pylon_ros2_camera_interfaces/local/lib/python3.10/dist-packages/pylon_ros2_camera_interfaces/srv/_set_integer_value.py\n'}
[0.610236] (pylon_ros2_camera_interfaces) StdoutLine: {'line': b'-- Up-to-date: /home/mcav/cam_dev_ws/install/pylon_ros2_camera_interfaces/local/lib/python3.10/dist-packages/pylon_ros2_camera_interfaces/srv/_get_ptp_status_s.c\n'}
[0.610340] (pylon_ros2_camera_interfaces) StdoutLine: {'line': b'-- Up-to-date: /home/mcav/cam_dev_ws/install/pylon_ros2_camera_interfaces/local/lib/python3.10/dist-packages/pylon_ros2_camera_interfaces/srv/_set_string_value_s.c\n'}
[0.610480] (pylon_ros2_camera_interfaces) StdoutLine: {'line': b'-- Up-to-date: /home/mcav/cam_dev_ws/install/pylon_ros2_camera_interfaces/local/lib/python3.10/dist-packages/pylon_ros2_camera_interfaces/srv/_set_binning_s.c\n'}
[0.610546] (pylon_ros2_camera_interfaces) StdoutLine: {'line': b'-- Up-to-date: /home/mcav/cam_dev_ws/install/pylon_ros2_camera_interfaces/local/lib/python3.10/dist-packages/pylon_ros2_camera_interfaces/srv/_set_roi_s.c\n'}
[0.610610] (pylon_ros2_camera_interfaces) StdoutLine: {'line': b'-- Up-to-date: /home/mcav/cam_dev_ws/install/pylon_ros2_camera_interfaces/local/lib/python3.10/dist-packages/pylon_ros2_camera_interfaces/srv/_set_float_value.py\n'}
[0.610672] (pylon_ros2_camera_interfaces) StdoutLine: {'line': b'-- Up-to-date: /home/mcav/cam_dev_ws/install/pylon_ros2_camera_interfaces/local/lib/python3.10/dist-packages/pylon_ros2_camera_interfaces/srv/_set_gamma_s.c\n'}
[0.610734] (pylon_ros2_camera_interfaces) StdoutLine: {'line': b'-- Up-to-date: /home/mcav/cam_dev_ws/install/pylon_ros2_camera_interfaces/local/lib/python3.10/dist-packages/pylon_ros2_camera_interfaces/srv/__init__.py\n'}
[0.610801] (pylon_ros2_camera_interfaces) StdoutLine: {'line': b'-- Up-to-date: /home/mcav/cam_dev_ws/install/pylon_ros2_camera_interfaces/local/lib/python3.10/dist-packages/pylon_ros2_camera_interfaces/srv/_issue_action_command.py\n'}
[0.610863] (pylon_ros2_camera_interfaces) StdoutLine: {'line': b'-- Up-to-date: /home/mcav/cam_dev_ws/install/pylon_ros2_camera_interfaces/local/lib/python3.10/dist-packages/pylon_ros2_camera_interfaces/srv/_get_string_value_s.c\n'}
[0.610925] (pylon_ros2_camera_interfaces) StdoutLine: {'line': b'-- Up-to-date: /home/mcav/cam_dev_ws/install/pylon_ros2_camera_interfaces/local/lib/python3.10/dist-packages/pylon_ros2_camera_interfaces/srv/_issue_action_command_s.c\n'}
[0.610986] (pylon_ros2_camera_interfaces) StdoutLine: {'line': b'-- Up-to-date: /home/mcav/cam_dev_ws/install/pylon_ros2_camera_interfaces/local/lib/python3.10/dist-packages/pylon_ros2_camera_interfaces/srv/_set_gain_s.c\n'}
[0.611049] (pylon_ros2_camera_interfaces) StdoutLine: {'line': b'-- Up-to-date: /home/mcav/cam_dev_ws/install/pylon_ros2_camera_interfaces/local/lib/python3.10/dist-packages/pylon_ros2_camera_interfaces/srv/_get_float_value.py\n'}
[0.611110] (pylon_ros2_camera_interfaces) StdoutLine: {'line': b'-- Up-to-date: /home/mcav/cam_dev_ws/install/pylon_ros2_camera_interfaces/local/lib/python3.10/dist-packages/pylon_ros2_camera_interfaces/srv/_set_brightness.py\n'}
[0.611172] (pylon_ros2_camera_interfaces) StdoutLine: {'line': b'-- Up-to-date: /home/mcav/cam_dev_ws/install/pylon_ros2_camera_interfaces/local/lib/python3.10/dist-packages/pylon_ros2_camera_interfaces/srv/_set_sleeping_s.c\n'}
[0.611233] (pylon_ros2_camera_interfaces) StdoutLine: {'line': b'-- Up-to-date: /home/mcav/cam_dev_ws/install/pylon_ros2_camera_interfaces/local/lib/python3.10/dist-packages/pylon_ros2_camera_interfaces/srv/_get_integer_value_s.c\n'}
[0.611294] (pylon_ros2_camera_interfaces) StdoutLine: {'line': b'-- Up-to-date: /home/mcav/cam_dev_ws/install/pylon_ros2_camera_interfaces/local/lib/python3.10/dist-packages/pylon_ros2_camera_interfaces/srv/_set_binning.py\n'}
[0.611356] (pylon_ros2_camera_interfaces) StdoutLine: {'line': b'-- Up-to-date: /home/mcav/cam_dev_ws/install/pylon_ros2_camera_interfaces/local/lib/python3.10/dist-packages/pylon_ros2_camera_interfaces/srv/_get_float_value_s.c\n'}
[0.611417] (pylon_ros2_camera_interfaces) StdoutLine: {'line': b'-- Up-to-date: /home/mcav/cam_dev_ws/install/pylon_ros2_camera_interfaces/local/lib/python3.10/dist-packages/pylon_ros2_camera_interfaces/srv/_get_ptp_status.py\n'}
[0.611482] (pylon_ros2_camera_interfaces) StdoutLine: {'line': b'-- Up-to-date: /home/mcav/cam_dev_ws/install/pylon_ros2_camera_interfaces/local/lib/python3.10/dist-packages/pylon_ros2_camera_interfaces/srv/_set_action_trigger_configuration_s.c\n'}
[0.611544] (pylon_ros2_camera_interfaces) StdoutLine: {'line': b'-- Up-to-date: /home/mcav/cam_dev_ws/install/pylon_ros2_camera_interfaces/local/lib/python3.10/dist-packages/pylon_ros2_camera_interfaces/srv/_set_gamma.py\n'}
[0.611605] (pylon_ros2_camera_interfaces) StdoutLine: {'line': b'-- Up-to-date: /home/mcav/cam_dev_ws/install/pylon_ros2_camera_interfaces/local/lib/python3.10/dist-packages/pylon_ros2_camera_interfaces/srv/_set_float_value_s.c\n'}
[0.611667] (pylon_ros2_camera_interfaces) StdoutLine: {'line': b'-- Up-to-date: /home/mcav/cam_dev_ws/install/pylon_ros2_camera_interfaces/local/lib/python3.10/dist-packages/pylon_ros2_camera_interfaces/srv/_set_string_value.py\n'}
[0.611727] (pylon_ros2_camera_interfaces) StdoutLine: {'line': b'-- Up-to-date: /home/mcav/cam_dev_ws/install/pylon_ros2_camera_interfaces/local/lib/python3.10/dist-packages/pylon_ros2_camera_interfaces/srv/_set_white_balance.py\n'}
[0.611789] (pylon_ros2_camera_interfaces) StdoutLine: {'line': b'-- Up-to-date: /home/mcav/cam_dev_ws/install/pylon_ros2_camera_interfaces/local/lib/python3.10/dist-packages/pylon_ros2_camera_interfaces/srv/_set_action_trigger_configuration.py\n'}
[0.611860] (pylon_ros2_camera_interfaces) StdoutLine: {'line': b'-- Up-to-date: /home/mcav/cam_dev_ws/install/pylon_ros2_camera_interfaces/local/lib/python3.10/dist-packages/pylon_ros2_camera_interfaces/srv/_issue_scheduled_action_command.py\n'}
[0.611926] (pylon_ros2_camera_interfaces) StdoutLine: {'line': b'-- Up-to-date: /home/mcav/cam_dev_ws/install/pylon_ros2_camera_interfaces/local/lib/python3.10/dist-packages/pylon_ros2_camera_interfaces/libpylon_ros2_camera_interfaces__rosidl_generator_py.so\n'}
[0.611988] (pylon_ros2_camera_interfaces) StdoutLine: {'line': b'-- Up-to-date: /home/mcav/cam_dev_ws/install/pylon_ros2_camera_interfaces/local/lib/python3.10/dist-packages/pylon_ros2_camera_interfaces/pylon_ros2_camera_interfaces_s__rosidl_typesupport_fastrtps_c.cpython-310-x86_64-linux-gnu.so\n'}
[0.612050] (pylon_ros2_camera_interfaces) StdoutLine: {'line': b'-- Up-to-date: /home/mcav/cam_dev_ws/install/pylon_ros2_camera_interfaces/local/lib/python3.10/dist-packages/pylon_ros2_camera_interfaces/_pylon_ros2_camera_interfaces_s.ep.rosidl_typesupport_c.c\n'}
[0.625130] (pylon_ros2_camera_interfaces) StdoutLine: {'line': b"Listing '/home/mcav/cam_dev_ws/install/pylon_ros2_camera_interfaces/local/lib/python3.10/dist-packages/pylon_ros2_camera_interfaces'...\n"}
[0.625239] (pylon_ros2_camera_interfaces) StdoutLine: {'line': b"Listing '/home/mcav/cam_dev_ws/install/pylon_ros2_camera_interfaces/local/lib/python3.10/dist-packages/pylon_ros2_camera_interfaces/action'...\n"}
[0.625304] (pylon_ros2_camera_interfaces) StdoutLine: {'line': b"Listing '/home/mcav/cam_dev_ws/install/pylon_ros2_camera_interfaces/local/lib/python3.10/dist-packages/pylon_ros2_camera_interfaces/msg'...\n"}
[0.625366] (pylon_ros2_camera_interfaces) StdoutLine: {'line': b"Listing '/home/mcav/cam_dev_ws/install/pylon_ros2_camera_interfaces/local/lib/python3.10/dist-packages/pylon_ros2_camera_interfaces/srv'...\n"}
[0.630733] (pylon_ros2_camera_interfaces) StdoutLine: {'line': b'-- Up-to-date: /home/mcav/cam_dev_ws/install/pylon_ros2_camera_interfaces/local/lib/python3.10/dist-packages/pylon_ros2_camera_interfaces/pylon_ros2_camera_interfaces_s__rosidl_typesupport_fastrtps_c.cpython-310-x86_64-linux-gnu.so\n'}
[0.631841] (pylon_ros2_camera_interfaces) StdoutLine: {'line': b'-- Up-to-date: /home/mcav/cam_dev_ws/install/pylon_ros2_camera_interfaces/local/lib/python3.10/dist-packages/pylon_ros2_camera_interfaces/pylon_ros2_camera_interfaces_s__rosidl_typesupport_introspection_c.cpython-310-x86_64-linux-gnu.so\n'}
[0.632867] (pylon_ros2_camera_interfaces) StdoutLine: {'line': b'-- Up-to-date: /home/mcav/cam_dev_ws/install/pylon_ros2_camera_interfaces/local/lib/python3.10/dist-packages/pylon_ros2_camera_interfaces/pylon_ros2_camera_interfaces_s__rosidl_typesupport_c.cpython-310-x86_64-linux-gnu.so\n'}
[0.633922] (pylon_ros2_camera_interfaces) StdoutLine: {'line': b'-- Up-to-date: /home/mcav/cam_dev_ws/install/pylon_ros2_camera_interfaces/lib/libpylon_ros2_camera_interfaces__rosidl_generator_py.so\n'}
[0.634472] (pylon_ros2_camera_interfaces) StdoutLine: {'line': b'-- Up-to-date: /home/mcav/cam_dev_ws/install/pylon_ros2_camera_interfaces/share/ament_index/resource_index/rust_packages/pylon_ros2_camera_interfaces\n'}
[0.634651] (pylon_ros2_camera_interfaces) StdoutLine: {'line': b'-- Up-to-date: /home/mcav/cam_dev_ws/install/pylon_ros2_camera_interfaces/share/pylon_ros2_camera_interfaces/rust\n'}
[0.634867] (pylon_ros2_camera_interfaces) StdoutLine: {'line': b'-- Up-to-date: /home/mcav/cam_dev_ws/install/pylon_ros2_camera_interfaces/share/pylon_ros2_camera_interfaces/rust/Cargo.toml\n'}
[0.634993] (pylon_ros2_camera_interfaces) StdoutLine: {'line': b'-- Up-to-date: /home/mcav/cam_dev_ws/install/pylon_ros2_camera_interfaces/share/pylon_ros2_camera_interfaces/rust/src\n'}
[0.635146] (pylon_ros2_camera_interfaces) StdoutLine: {'line': b'-- Up-to-date: /home/mcav/cam_dev_ws/install/pylon_ros2_camera_interfaces/share/pylon_ros2_camera_interfaces/rust/src/msg\n'}
[0.635398] (pylon_ros2_camera_interfaces) StdoutLine: {'line': b'-- Up-to-date: /home/mcav/cam_dev_ws/install/pylon_ros2_camera_interfaces/share/pylon_ros2_camera_interfaces/rust/src/msg/rmw.rs\n'}
[0.635611] (pylon_ros2_camera_interfaces) StdoutLine: {'line': b'-- Up-to-date: /home/mcav/cam_dev_ws/install/pylon_ros2_camera_interfaces/share/pylon_ros2_camera_interfaces/rust/src/action\n'}
[0.635771] (pylon_ros2_camera_interfaces) StdoutLine: {'line': b'-- Up-to-date: /home/mcav/cam_dev_ws/install/pylon_ros2_camera_interfaces/share/pylon_ros2_camera_interfaces/rust/src/action/rmw.rs\n'}
[0.635862] (pylon_ros2_camera_interfaces) StdoutLine: {'line': b'-- Up-to-date: /home/mcav/cam_dev_ws/install/pylon_ros2_camera_interfaces/share/pylon_ros2_camera_interfaces/rust/src/action.rs\n'}
[0.635974] (pylon_ros2_camera_interfaces) StdoutLine: {'line': b'-- Up-to-date: /home/mcav/cam_dev_ws/install/pylon_ros2_camera_interfaces/share/pylon_ros2_camera_interfaces/rust/src/srv\n'}
[0.636161] (pylon_ros2_camera_interfaces) StdoutLine: {'line': b'-- Up-to-date: /home/mcav/cam_dev_ws/install/pylon_ros2_camera_interfaces/share/pylon_ros2_camera_interfaces/rust/src/srv/rmw.rs\n'}
[0.636306] (pylon_ros2_camera_interfaces) StdoutLine: {'line': b'-- Up-to-date: /home/mcav/cam_dev_ws/install/pylon_ros2_camera_interfaces/share/pylon_ros2_camera_interfaces/rust/src/msg.rs\n'}
[0.636446] (pylon_ros2_camera_interfaces) StdoutLine: {'line': b'-- Up-to-date: /home/mcav/cam_dev_ws/install/pylon_ros2_camera_interfaces/share/pylon_ros2_camera_interfaces/rust/src/srv.rs\n'}
[0.636637] (pylon_ros2_camera_interfaces) StdoutLine: {'line': b'-- Up-to-date: /home/mcav/cam_dev_ws/install/pylon_ros2_camera_interfaces/share/pylon_ros2_camera_interfaces/rust/src/lib.rs\n'}
[0.636727] (pylon_ros2_camera_interfaces) StdoutLine: {'line': b'-- Up-to-date: /home/mcav/cam_dev_ws/install/pylon_ros2_camera_interfaces/share/pylon_ros2_camera_interfaces/rust/build.rs\n'}
[0.636904] (pylon_ros2_camera_interfaces) StdoutLine: {'line': b'-- Up-to-date: /home/mcav/cam_dev_ws/install/pylon_ros2_camera_interfaces/share/pylon_ros2_camera_interfaces/msg/CurrentParams.idl\n'}
[0.637067] (pylon_ros2_camera_interfaces) StdoutLine: {'line': b'-- Up-to-date: /home/mcav/cam_dev_ws/install/pylon_ros2_camera_interfaces/share/pylon_ros2_camera_interfaces/msg/ComponentStatus.idl\n'}
[0.637212] (pylon_ros2_camera_interfaces) StdoutLine: {'line': b'-- Up-to-date: /home/mcav/cam_dev_ws/install/pylon_ros2_camera_interfaces/share/pylon_ros2_camera_interfaces/srv/GetIntegerValue.idl\n'}
[0.637382] (pylon_ros2_camera_interfaces) StdoutLine: {'line': b'-- Up-to-date: /home/mcav/cam_dev_ws/install/pylon_ros2_camera_interfaces/share/pylon_ros2_camera_interfaces/srv/GetFloatValue.idl\n'}
[0.637531] (pylon_ros2_camera_interfaces) StdoutLine: {'line': b'-- Up-to-date: /home/mcav/cam_dev_ws/install/pylon_ros2_camera_interfaces/share/pylon_ros2_camera_interfaces/srv/GetStringValue.idl\n'}
[0.637720] (pylon_ros2_camera_interfaces) StdoutLine: {'line': b'-- Up-to-date: /home/mcav/cam_dev_ws/install/pylon_ros2_camera_interfaces/share/pylon_ros2_camera_interfaces/srv/GetPtpStatus.idl\n'}
[0.637919] (pylon_ros2_camera_interfaces) StdoutLine: {'line': b'-- Up-to-date: /home/mcav/cam_dev_ws/install/pylon_ros2_camera_interfaces/share/pylon_ros2_camera_interfaces/srv/SetBinning.idl\n'}
[0.638065] (pylon_ros2_camera_interfaces) StdoutLine: {'line': b'-- Up-to-date: /home/mcav/cam_dev_ws/install/pylon_ros2_camera_interfaces/share/pylon_ros2_camera_interfaces/srv/SetBrightness.idl\n'}
[0.638259] (pylon_ros2_camera_interfaces) StdoutLine: {'line': b'-- Up-to-date: /home/mcav/cam_dev_ws/install/pylon_ros2_camera_interfaces/share/pylon_ros2_camera_interfaces/srv/SetExposure.idl\n'}
[0.638373] (pylon_ros2_camera_interfaces) StdoutLine: {'line': b'-- Up-to-date: /home/mcav/cam_dev_ws/install/pylon_ros2_camera_interfaces/share/pylon_ros2_camera_interfaces/srv/SetGain.idl\n'}
[0.638617] (pylon_ros2_camera_interfaces) StdoutLine: {'line': b'-- Up-to-date: /home/mcav/cam_dev_ws/install/pylon_ros2_camera_interfaces/share/pylon_ros2_camera_interfaces/srv/SetGamma.idl\n'}
[0.638808] (pylon_ros2_camera_interfaces) StdoutLine: {'line': b'-- Up-to-date: /home/mcav/cam_dev_ws/install/pylon_ros2_camera_interfaces/share/pylon_ros2_camera_interfaces/srv/SetROI.idl\n'}
[0.638995] (pylon_ros2_camera_interfaces) StdoutLine: {'line': b'-- Up-to-date: /home/mcav/cam_dev_ws/install/pylon_ros2_camera_interfaces/share/pylon_ros2_camera_interfaces/srv/SetSleeping.idl\n'}
[0.639164] (pylon_ros2_camera_interfaces) StdoutLine: {'line': b'-- Up-to-date: /home/mcav/cam_dev_ws/install/pylon_ros2_camera_interfaces/share/pylon_ros2_camera_interfaces/srv/SetWhiteBalance.idl\n'}
[0.639334] (pylon_ros2_camera_interfaces) StdoutLine: {'line': b'-- Up-to-date: /home/mcav/cam_dev_ws/install/pylon_ros2_camera_interfaces/share/pylon_ros2_camera_interfaces/srv/SetIntegerValue.idl\n'}
[0.639481] (pylon_ros2_camera_interfaces) StdoutLine: {'line': b'-- Up-to-date: /home/mcav/cam_dev_ws/install/pylon_ros2_camera_interfaces/share/pylon_ros2_camera_interfaces/srv/SetFloatValue.idl\n'}
[0.639650] (pylon_ros2_camera_interfaces) StdoutLine: {'line': b'-- Up-to-date: /home/mcav/cam_dev_ws/install/pylon_ros2_camera_interfaces/share/pylon_ros2_camera_interfaces/srv/SetStringValue.idl\n'}
[0.639816] (pylon_ros2_camera_interfaces) StdoutLine: {'line': b'-- Up-to-date: /home/mcav/cam_dev_ws/install/pylon_ros2_camera_interfaces/share/pylon_ros2_camera_interfaces/srv/SetActionTriggerConfiguration.idl\n'}
[0.639961] (pylon_ros2_camera_interfaces) StdoutLine: {'line': b'-- Up-to-date: /home/mcav/cam_dev_ws/install/pylon_ros2_camera_interfaces/share/pylon_ros2_camera_interfaces/srv/IssueActionCommand.idl\n'}
[0.640126] (pylon_ros2_camera_interfaces) StdoutLine: {'line': b'-- Up-to-date: /home/mcav/cam_dev_ws/install/pylon_ros2_camera_interfaces/share/pylon_ros2_camera_interfaces/srv/IssueScheduledActionCommand.idl\n'}
[0.640294] (pylon_ros2_camera_interfaces) StdoutLine: {'line': b'-- Up-to-date: /home/mcav/cam_dev_ws/install/pylon_ros2_camera_interfaces/share/pylon_ros2_camera_interfaces/action/GrabImages.idl\n'}
[0.640440] (pylon_ros2_camera_interfaces) StdoutLine: {'line': b'-- Up-to-date: /home/mcav/cam_dev_ws/install/pylon_ros2_camera_interfaces/share/pylon_ros2_camera_interfaces/action/GrabBlazeData.idl\n'}
[0.640608] (pylon_ros2_camera_interfaces) StdoutLine: {'line': b'-- Up-to-date: /home/mcav/cam_dev_ws/install/pylon_ros2_camera_interfaces/share/pylon_ros2_camera_interfaces/msg/CurrentParams.msg\n'}
[0.640771] (pylon_ros2_camera_interfaces) StdoutLine: {'line': b'-- Up-to-date: /home/mcav/cam_dev_ws/install/pylon_ros2_camera_interfaces/share/pylon_ros2_camera_interfaces/msg/ComponentStatus.msg\n'}
[0.640915] (pylon_ros2_camera_interfaces) StdoutLine: {'line': b'-- Up-to-date: /home/mcav/cam_dev_ws/install/pylon_ros2_camera_interfaces/share/pylon_ros2_camera_interfaces/srv/GetIntegerValue.srv\n'}
[0.641105] (pylon_ros2_camera_interfaces) StdoutLine: {'line': b'-- Up-to-date: /home/mcav/cam_dev_ws/install/pylon_ros2_camera_interfaces/share/pylon_ros2_camera_interfaces/srv/GetIntegerValue_Request.msg\n'}
[0.641251] (pylon_ros2_camera_interfaces) StdoutLine: {'line': b'-- Up-to-date: /home/mcav/cam_dev_ws/install/pylon_ros2_camera_interfaces/share/pylon_ros2_camera_interfaces/srv/GetIntegerValue_Response.msg\n'}
[0.641415] (pylon_ros2_camera_interfaces) StdoutLine: {'line': b'-- Up-to-date: /home/mcav/cam_dev_ws/install/pylon_ros2_camera_interfaces/share/pylon_ros2_camera_interfaces/srv/GetFloatValue.srv\n'}
[0.641585] (pylon_ros2_camera_interfaces) StdoutLine: {'line': b'-- Up-to-date: /home/mcav/cam_dev_ws/install/pylon_ros2_camera_interfaces/share/pylon_ros2_camera_interfaces/srv/GetFloatValue_Request.msg\n'}
[0.641729] (pylon_ros2_camera_interfaces) StdoutLine: {'line': b'-- Up-to-date: /home/mcav/cam_dev_ws/install/pylon_ros2_camera_interfaces/share/pylon_ros2_camera_interfaces/srv/GetFloatValue_Response.msg\n'}
[0.641897] (pylon_ros2_camera_interfaces) StdoutLine: {'line': b'-- Up-to-date: /home/mcav/cam_dev_ws/install/pylon_ros2_camera_interfaces/share/pylon_ros2_camera_interfaces/srv/GetStringValue.srv\n'}
[0.642034] (pylon_ros2_camera_interfaces) StdoutLine: {'line': b'-- Up-to-date: /home/mcav/cam_dev_ws/install/pylon_ros2_camera_interfaces/share/pylon_ros2_camera_interfaces/srv/GetStringValue_Request.msg\n'}
[0.642203] (pylon_ros2_camera_interfaces) StdoutLine: {'line': b'-- Up-to-date: /home/mcav/cam_dev_ws/install/pylon_ros2_camera_interfaces/share/pylon_ros2_camera_interfaces/srv/GetStringValue_Response.msg\n'}
[0.642348] (pylon_ros2_camera_interfaces) StdoutLine: {'line': b'-- Up-to-date: /home/mcav/cam_dev_ws/install/pylon_ros2_camera_interfaces/share/pylon_ros2_camera_interfaces/srv/GetPtpStatus.srv\n'}
[0.642595] (pylon_ros2_camera_interfaces) StdoutLine: {'line': b'-- Up-to-date: /home/mcav/cam_dev_ws/install/pylon_ros2_camera_interfaces/share/pylon_ros2_camera_interfaces/srv/GetPtpStatus_Request.msg\n'}
[0.642785] (pylon_ros2_camera_interfaces) StdoutLine: {'line': b'-- Up-to-date: /home/mcav/cam_dev_ws/install/pylon_ros2_camera_interfaces/share/pylon_ros2_camera_interfaces/srv/GetPtpStatus_Response.msg\n'}
[0.642985] (pylon_ros2_camera_interfaces) StdoutLine: {'line': b'-- Up-to-date: /home/mcav/cam_dev_ws/install/pylon_ros2_camera_interfaces/share/pylon_ros2_camera_interfaces/srv/SetBinning.srv\n'}
[0.643247] (pylon_ros2_camera_interfaces) StdoutLine: {'line': b'-- Up-to-date: /home/mcav/cam_dev_ws/install/pylon_ros2_camera_interfaces/share/pylon_ros2_camera_interfaces/srv/SetBinning_Request.msg\n'}
[0.643452] (pylon_ros2_camera_interfaces) StdoutLine: {'line': b'-- Up-to-date: /home/mcav/cam_dev_ws/install/pylon_ros2_camera_interfaces/share/pylon_ros2_camera_interfaces/srv/SetBinning_Response.msg\n'}
[0.643668] (pylon_ros2_camera_interfaces) StdoutLine: {'line': b'-- Up-to-date: /home/mcav/cam_dev_ws/install/pylon_ros2_camera_interfaces/share/pylon_ros2_camera_interfaces/srv/SetBrightness.srv\n'}
[0.643842] (pylon_ros2_camera_interfaces) StdoutLine: {'line': b'-- Up-to-date: /home/mcav/cam_dev_ws/install/pylon_ros2_camera_interfaces/share/pylon_ros2_camera_interfaces/srv/SetBrightness_Request.msg\n'}
[0.644061] (pylon_ros2_camera_interfaces) StdoutLine: {'line': b'-- Up-to-date: /home/mcav/cam_dev_ws/install/pylon_ros2_camera_interfaces/share/pylon_ros2_camera_interfaces/srv/SetBrightness_Response.msg\n'}
[0.644225] (pylon_ros2_camera_interfaces) StdoutLine: {'line': b'-- Up-to-date: /home/mcav/cam_dev_ws/install/pylon_ros2_camera_interfaces/share/pylon_ros2_camera_interfaces/srv/SetExposure.srv\n'}
[0.644374] (pylon_ros2_camera_interfaces) StdoutLine: {'line': b'-- Up-to-date: /home/mcav/cam_dev_ws/install/pylon_ros2_camera_interfaces/share/pylon_ros2_camera_interfaces/srv/SetExposure_Request.msg\n'}
[0.644549] (pylon_ros2_camera_interfaces) StdoutLine: {'line': b'-- Up-to-date: /home/mcav/cam_dev_ws/install/pylon_ros2_camera_interfaces/share/pylon_ros2_camera_interfaces/srv/SetExposure_Response.msg\n'}
[0.644709] (pylon_ros2_camera_interfaces) StdoutLine: {'line': b'-- Up-to-date: /home/mcav/cam_dev_ws/install/pylon_ros2_camera_interfaces/share/pylon_ros2_camera_interfaces/srv/SetGain.srv\n'}
[0.644925] (pylon_ros2_camera_interfaces) StdoutLine: {'line': b'-- Up-to-date: /home/mcav/cam_dev_ws/install/pylon_ros2_camera_interfaces/share/pylon_ros2_camera_interfaces/srv/SetGain_Request.msg\n'}
[0.645063] (pylon_ros2_camera_interfaces) StdoutLine: {'line': b'-- Up-to-date: /home/mcav/cam_dev_ws/install/pylon_ros2_camera_interfaces/share/pylon_ros2_camera_interfaces/srv/SetGain_Response.msg\n'}
[0.645238] (pylon_ros2_camera_interfaces) StdoutLine: {'line': b'-- Up-to-date: /home/mcav/cam_dev_ws/install/pylon_ros2_camera_interfaces/share/pylon_ros2_camera_interfaces/srv/SetGamma.srv\n'}
[0.645448] (pylon_ros2_camera_interfaces) StdoutLine: {'line': b'-- Up-to-date: /home/mcav/cam_dev_ws/install/pylon_ros2_camera_interfaces/share/pylon_ros2_camera_interfaces/srv/SetGamma_Request.msg\n'}
[0.645601] (pylon_ros2_camera_interfaces) StdoutLine: {'line': b'-- Up-to-date: /home/mcav/cam_dev_ws/install/pylon_ros2_camera_interfaces/share/pylon_ros2_camera_interfaces/srv/SetGamma_Response.msg\n'}
[0.645771] (pylon_ros2_camera_interfaces) StdoutLine: {'line': b'-- Up-to-date: /home/mcav/cam_dev_ws/install/pylon_ros2_camera_interfaces/share/pylon_ros2_camera_interfaces/srv/SetROI.srv\n'}
[0.645977] (pylon_ros2_camera_interfaces) StdoutLine: {'line': b'-- Up-to-date: /home/mcav/cam_dev_ws/install/pylon_ros2_camera_interfaces/share/pylon_ros2_camera_interfaces/srv/SetROI_Request.msg\n'}
[0.646128] (pylon_ros2_camera_interfaces) StdoutLine: {'line': b'-- Up-to-date: /home/mcav/cam_dev_ws/install/pylon_ros2_camera_interfaces/share/pylon_ros2_camera_interfaces/srv/SetROI_Response.msg\n'}
[0.646301] (pylon_ros2_camera_interfaces) StdoutLine: {'line': b'-- Up-to-date: /home/mcav/cam_dev_ws/install/pylon_ros2_camera_interfaces/share/pylon_ros2_camera_interfaces/srv/SetSleeping.srv\n'}
[0.646442] (pylon_ros2_camera_interfaces) StdoutLine: {'line': b'-- Up-to-date: /home/mcav/cam_dev_ws/install/pylon_ros2_camera_interfaces/share/pylon_ros2_camera_interfaces/srv/SetSleeping_Request.msg\n'}
[0.646541] (pylon_ros2_camera_interfaces) StdoutLine: {'line': b'-- Up-to-date: /home/mcav/cam_dev_ws/install/pylon_ros2_camera_interfaces/share/pylon_ros2_camera_interfaces/srv/SetSleeping_Response.msg\n'}
[0.646605] (pylon_ros2_camera_interfaces) StdoutLine: {'line': b'-- Up-to-date: /home/mcav/cam_dev_ws/install/pylon_ros2_camera_interfaces/share/pylon_ros2_camera_interfaces/srv/SetWhiteBalance.srv\n'}
[0.646697] (pylon_ros2_camera_interfaces) StdoutLine: {'line': b'-- Up-to-date: /home/mcav/cam_dev_ws/install/pylon_ros2_camera_interfaces/share/pylon_ros2_camera_interfaces/srv/SetWhiteBalance_Request.msg\n'}
[0.646856] (pylon_ros2_camera_interfaces) StdoutLine: {'line': b'-- Up-to-date: /home/mcav/cam_dev_ws/install/pylon_ros2_camera_interfaces/share/pylon_ros2_camera_interfaces/srv/SetWhiteBalance_Response.msg\n'}
[0.646991] (pylon_ros2_camera_interfaces) StdoutLine: {'line': b'-- Up-to-date: /home/mcav/cam_dev_ws/install/pylon_ros2_camera_interfaces/share/pylon_ros2_camera_interfaces/srv/SetIntegerValue.srv\n'}
[0.647149] (pylon_ros2_camera_interfaces) StdoutLine: {'line': b'-- Up-to-date: /home/mcav/cam_dev_ws/install/pylon_ros2_camera_interfaces/share/pylon_ros2_camera_interfaces/srv/SetIntegerValue_Request.msg\n'}
[0.647286] (pylon_ros2_camera_interfaces) StdoutLine: {'line': b'-- Up-to-date: /home/mcav/cam_dev_ws/install/pylon_ros2_camera_interfaces/share/pylon_ros2_camera_interfaces/srv/SetIntegerValue_Response.msg\n'}
[0.647393] (pylon_ros2_camera_interfaces) StdoutLine: {'line': b'-- Up-to-date: /home/mcav/cam_dev_ws/install/pylon_ros2_camera_interfaces/share/pylon_ros2_camera_interfaces/srv/SetFloatValue.srv\n'}
[0.647529] (pylon_ros2_camera_interfaces) StdoutLine: {'line': b'-- Up-to-date: /home/mcav/cam_dev_ws/install/pylon_ros2_camera_interfaces/share/pylon_ros2_camera_interfaces/srv/SetFloatValue_Request.msg\n'}
[0.647652] (pylon_ros2_camera_interfaces) StdoutLine: {'line': b'-- Up-to-date: /home/mcav/cam_dev_ws/install/pylon_ros2_camera_interfaces/share/pylon_ros2_camera_interfaces/srv/SetFloatValue_Response.msg\n'}
[0.647785] (pylon_ros2_camera_interfaces) StdoutLine: {'line': b'-- Up-to-date: /home/mcav/cam_dev_ws/install/pylon_ros2_camera_interfaces/share/pylon_ros2_camera_interfaces/srv/SetStringValue.srv\n'}
[0.647973] (pylon_ros2_camera_interfaces) StdoutLine: {'line': b'-- Up-to-date: /home/mcav/cam_dev_ws/install/pylon_ros2_camera_interfaces/share/pylon_ros2_camera_interfaces/srv/SetStringValue_Request.msg\n'}
[0.648082] (pylon_ros2_camera_interfaces) StdoutLine: {'line': b'-- Up-to-date: /home/mcav/cam_dev_ws/install/pylon_ros2_camera_interfaces/share/pylon_ros2_camera_interfaces/srv/SetStringValue_Response.msg\n'}
[0.648190] (pylon_ros2_camera_interfaces) StdoutLine: {'line': b'-- Up-to-date: /home/mcav/cam_dev_ws/install/pylon_ros2_camera_interfaces/share/pylon_ros2_camera_interfaces/srv/SetActionTriggerConfiguration.srv\n'}
[0.648297] (pylon_ros2_camera_interfaces) StdoutLine: {'line': b'-- Up-to-date: /home/mcav/cam_dev_ws/install/pylon_ros2_camera_interfaces/share/pylon_ros2_camera_interfaces/srv/SetActionTriggerConfiguration_Request.msg\n'}
[0.648447] (pylon_ros2_camera_interfaces) StdoutLine: {'line': b'-- Up-to-date: /home/mcav/cam_dev_ws/install/pylon_ros2_camera_interfaces/share/pylon_ros2_camera_interfaces/srv/SetActionTriggerConfiguration_Response.msg\n'}
[0.648643] (pylon_ros2_camera_interfaces) StdoutLine: {'line': b'-- Up-to-date: /home/mcav/cam_dev_ws/install/pylon_ros2_camera_interfaces/share/pylon_ros2_camera_interfaces/srv/IssueActionCommand.srv\n'}
[0.648749] (pylon_ros2_camera_interfaces) StdoutLine: {'line': b'-- Up-to-date: /home/mcav/cam_dev_ws/install/pylon_ros2_camera_interfaces/share/pylon_ros2_camera_interfaces/srv/IssueActionCommand_Request.msg\n'}
[0.648869] (pylon_ros2_camera_interfaces) StdoutLine: {'line': b'-- Up-to-date: /home/mcav/cam_dev_ws/install/pylon_ros2_camera_interfaces/share/pylon_ros2_camera_interfaces/srv/IssueActionCommand_Response.msg\n'}
[0.648987] (pylon_ros2_camera_interfaces) StdoutLine: {'line': b'-- Up-to-date: /home/mcav/cam_dev_ws/install/pylon_ros2_camera_interfaces/share/pylon_ros2_camera_interfaces/srv/IssueScheduledActionCommand.srv\n'}
[0.649177] (pylon_ros2_camera_interfaces) StdoutLine: {'line': b'-- Up-to-date: /home/mcav/cam_dev_ws/install/pylon_ros2_camera_interfaces/share/pylon_ros2_camera_interfaces/srv/IssueScheduledActionCommand_Request.msg\n'}
[0.649285] (pylon_ros2_camera_interfaces) StdoutLine: {'line': b'-- Up-to-date: /home/mcav/cam_dev_ws/install/pylon_ros2_camera_interfaces/share/pylon_ros2_camera_interfaces/srv/IssueScheduledActionCommand_Response.msg\n'}
[0.649404] (pylon_ros2_camera_interfaces) StdoutLine: {'line': b'-- Up-to-date: /home/mcav/cam_dev_ws/install/pylon_ros2_camera_interfaces/share/pylon_ros2_camera_interfaces/action/GrabImages.action\n'}
[0.649522] (pylon_ros2_camera_interfaces) StdoutLine: {'line': b'-- Up-to-date: /home/mcav/cam_dev_ws/install/pylon_ros2_camera_interfaces/share/pylon_ros2_camera_interfaces/action/GrabBlazeData.action\n'}
[0.649711] (pylon_ros2_camera_interfaces) StdoutLine: {'line': b'-- Up-to-date: /home/mcav/cam_dev_ws/install/pylon_ros2_camera_interfaces/share/ament_index/resource_index/package_run_dependencies/pylon_ros2_camera_interfaces\n'}
[0.649856] (pylon_ros2_camera_interfaces) StdoutLine: {'line': b'-- Up-to-date: /home/mcav/cam_dev_ws/install/pylon_ros2_camera_interfaces/share/ament_index/resource_index/parent_prefix_path/pylon_ros2_camera_interfaces\n'}
[0.649993] (pylon_ros2_camera_interfaces) StdoutLine: {'line': b'-- Up-to-date: /home/mcav/cam_dev_ws/install/pylon_ros2_camera_interfaces/share/pylon_ros2_camera_interfaces/environment/ament_prefix_path.sh\n'}
[0.650115] (pylon_ros2_camera_interfaces) StdoutLine: {'line': b'-- Up-to-date: /home/mcav/cam_dev_ws/install/pylon_ros2_camera_interfaces/share/pylon_ros2_camera_interfaces/environment/ament_prefix_path.dsv\n'}
[0.650221] (pylon_ros2_camera_interfaces) StdoutLine: {'line': b'-- Up-to-date: /home/mcav/cam_dev_ws/install/pylon_ros2_camera_interfaces/share/pylon_ros2_camera_interfaces/environment/path.sh\n'}
[0.650468] (pylon_ros2_camera_interfaces) StdoutLine: {'line': b'-- Up-to-date: /home/mcav/cam_dev_ws/install/pylon_ros2_camera_interfaces/share/pylon_ros2_camera_interfaces/environment/path.dsv\n'}
[0.650580] (pylon_ros2_camera_interfaces) StdoutLine: {'line': b'-- Up-to-date: /home/mcav/cam_dev_ws/install/pylon_ros2_camera_interfaces/share/pylon_ros2_camera_interfaces/local_setup.bash\n'}
[0.650715] (pylon_ros2_camera_interfaces) StdoutLine: {'line': b'-- Up-to-date: /home/mcav/cam_dev_ws/install/pylon_ros2_camera_interfaces/share/pylon_ros2_camera_interfaces/local_setup.sh\n'}
[0.650868] (pylon_ros2_camera_interfaces) StdoutLine: {'line': b'-- Up-to-date: /home/mcav/cam_dev_ws/install/pylon_ros2_camera_interfaces/share/pylon_ros2_camera_interfaces/local_setup.zsh\n'}
[0.651048] (pylon_ros2_camera_interfaces) StdoutLine: {'line': b'-- Up-to-date: /home/mcav/cam_dev_ws/install/pylon_ros2_camera_interfaces/share/pylon_ros2_camera_interfaces/local_setup.dsv\n'}
[0.651207] (pylon_ros2_camera_interfaces) StdoutLine: {'line': b'-- Installing: /home/mcav/cam_dev_ws/install/pylon_ros2_camera_interfaces/share/pylon_ros2_camera_interfaces/package.dsv\n'}
[0.651341] (pylon_ros2_camera_interfaces) StdoutLine: {'line': b'-- Up-to-date: /home/mcav/cam_dev_ws/install/pylon_ros2_camera_interfaces/share/ament_index/resource_index/packages/pylon_ros2_camera_interfaces\n'}
[0.651495] (pylon_ros2_camera_interfaces) StdoutLine: {'line': b'-- Up-to-date: /home/mcav/cam_dev_ws/install/pylon_ros2_camera_interfaces/share/pylon_ros2_camera_interfaces/cmake/export_pylon_ros2_camera_interfaces__rosidl_generator_cExport.cmake\n'}
[0.651667] (pylon_ros2_camera_interfaces) StdoutLine: {'line': b'-- Up-to-date: /home/mcav/cam_dev_ws/install/pylon_ros2_camera_interfaces/share/pylon_ros2_camera_interfaces/cmake/export_pylon_ros2_camera_interfaces__rosidl_generator_cExport-noconfig.cmake\n'}
[0.651818] (pylon_ros2_camera_interfaces) StdoutLine: {'line': b'-- Up-to-date: /home/mcav/cam_dev_ws/install/pylon_ros2_camera_interfaces/share/pylon_ros2_camera_interfaces/cmake/export_pylon_ros2_camera_interfaces__rosidl_typesupport_fastrtps_cExport.cmake\n'}
[0.651953] (pylon_ros2_camera_interfaces) StdoutLine: {'line': b'-- Up-to-date: /home/mcav/cam_dev_ws/install/pylon_ros2_camera_interfaces/share/pylon_ros2_camera_interfaces/cmake/export_pylon_ros2_camera_interfaces__rosidl_typesupport_fastrtps_cExport-noconfig.cmake\n'}
[0.652089] (pylon_ros2_camera_interfaces) StdoutLine: {'line': b'-- Up-to-date: /home/mcav/cam_dev_ws/install/pylon_ros2_camera_interfaces/share/pylon_ros2_camera_interfaces/cmake/export_pylon_ros2_camera_interfaces__rosidl_generator_cppExport.cmake\n'}
[0.652310] (pylon_ros2_camera_interfaces) StdoutLine: {'line': b'-- Up-to-date: /home/mcav/cam_dev_ws/install/pylon_ros2_camera_interfaces/share/pylon_ros2_camera_interfaces/cmake/export_pylon_ros2_camera_interfaces__rosidl_typesupport_fastrtps_cppExport.cmake\n'}
[0.652419] (pylon_ros2_camera_interfaces) StdoutLine: {'line': b'-- Up-to-date: /home/mcav/cam_dev_ws/install/pylon_ros2_camera_interfaces/share/pylon_ros2_camera_interfaces/cmake/export_pylon_ros2_camera_interfaces__rosidl_typesupport_fastrtps_cppExport-noconfig.cmake\n'}
[0.652567] (pylon_ros2_camera_interfaces) StdoutLine: {'line': b'-- Up-to-date: /home/mcav/cam_dev_ws/install/pylon_ros2_camera_interfaces/share/pylon_ros2_camera_interfaces/cmake/pylon_ros2_camera_interfaces__rosidl_typesupport_introspection_cExport.cmake\n'}
[0.652714] (pylon_ros2_camera_interfaces) StdoutLine: {'line': b'-- Up-to-date: /home/mcav/cam_dev_ws/install/pylon_ros2_camera_interfaces/share/pylon_ros2_camera_interfaces/cmake/pylon_ros2_camera_interfaces__rosidl_typesupport_introspection_cExport-noconfig.cmake\n'}
[0.652892] (pylon_ros2_camera_interfaces) StdoutLine: {'line': b'-- Up-to-date: /home/mcav/cam_dev_ws/install/pylon_ros2_camera_interfaces/share/pylon_ros2_camera_interfaces/cmake/pylon_ros2_camera_interfaces__rosidl_typesupport_cExport.cmake\n'}
[0.653098] (pylon_ros2_camera_interfaces) StdoutLine: {'line': b'-- Up-to-date: /home/mcav/cam_dev_ws/install/pylon_ros2_camera_interfaces/share/pylon_ros2_camera_interfaces/cmake/pylon_ros2_camera_interfaces__rosidl_typesupport_cExport-noconfig.cmake\n'}
[0.653335] (pylon_ros2_camera_interfaces) StdoutLine: {'line': b'-- Up-to-date: /home/mcav/cam_dev_ws/install/pylon_ros2_camera_interfaces/share/pylon_ros2_camera_interfaces/cmake/pylon_ros2_camera_interfaces__rosidl_typesupport_introspection_cppExport.cmake\n'}
[0.653487] (pylon_ros2_camera_interfaces) StdoutLine: {'line': b'-- Up-to-date: /home/mcav/cam_dev_ws/install/pylon_ros2_camera_interfaces/share/pylon_ros2_camera_interfaces/cmake/pylon_ros2_camera_interfaces__rosidl_typesupport_introspection_cppExport-noconfig.cmake\n'}
[0.653645] (pylon_ros2_camera_interfaces) StdoutLine: {'line': b'-- Up-to-date: /home/mcav/cam_dev_ws/install/pylon_ros2_camera_interfaces/share/pylon_ros2_camera_interfaces/cmake/pylon_ros2_camera_interfaces__rosidl_typesupport_cppExport.cmake\n'}
[0.653812] (pylon_ros2_camera_interfaces) StdoutLine: {'line': b'-- Up-to-date: /home/mcav/cam_dev_ws/install/pylon_ros2_camera_interfaces/share/pylon_ros2_camera_interfaces/cmake/pylon_ros2_camera_interfaces__rosidl_typesupport_cppExport-noconfig.cmake\n'}
[0.653973] (pylon_ros2_camera_interfaces) StdoutLine: {'line': b'-- Up-to-date: /home/mcav/cam_dev_ws/install/pylon_ros2_camera_interfaces/share/pylon_ros2_camera_interfaces/cmake/export_pylon_ros2_camera_interfaces__rosidl_generator_pyExport.cmake\n'}
[0.654144] (pylon_ros2_camera_interfaces) StdoutLine: {'line': b'-- Up-to-date: /home/mcav/cam_dev_ws/install/pylon_ros2_camera_interfaces/share/pylon_ros2_camera_interfaces/cmake/export_pylon_ros2_camera_interfaces__rosidl_generator_pyExport-noconfig.cmake\n'}
[0.654281] (pylon_ros2_camera_interfaces) StdoutLine: {'line': b'-- Up-to-date: /home/mcav/cam_dev_ws/install/pylon_ros2_camera_interfaces/share/pylon_ros2_camera_interfaces/cmake/rosidl_cmake-extras.cmake\n'}
[0.654487] (pylon_ros2_camera_interfaces) StdoutLine: {'line': b'-- Up-to-date: /home/mcav/cam_dev_ws/install/pylon_ros2_camera_interfaces/share/pylon_ros2_camera_interfaces/cmake/ament_cmake_export_dependencies-extras.cmake\n'}
[0.654595] (pylon_ros2_camera_interfaces) StdoutLine: {'line': b'-- Up-to-date: /home/mcav/cam_dev_ws/install/pylon_ros2_camera_interfaces/share/pylon_ros2_camera_interfaces/cmake/ament_cmake_export_include_directories-extras.cmake\n'}
[0.654731] (pylon_ros2_camera_interfaces) StdoutLine: {'line': b'-- Up-to-date: /home/mcav/cam_dev_ws/install/pylon_ros2_camera_interfaces/share/pylon_ros2_camera_interfaces/cmake/ament_cmake_export_libraries-extras.cmake\n'}
[0.654846] (pylon_ros2_camera_interfaces) StdoutLine: {'line': b'-- Up-to-date: /home/mcav/cam_dev_ws/install/pylon_ros2_camera_interfaces/share/pylon_ros2_camera_interfaces/cmake/ament_cmake_export_targets-extras.cmake\n'}
[0.654954] (pylon_ros2_camera_interfaces) StdoutLine: {'line': b'-- Up-to-date: /home/mcav/cam_dev_ws/install/pylon_ros2_camera_interfaces/share/pylon_ros2_camera_interfaces/cmake/rosidl_cmake_export_typesupport_targets-extras.cmake\n'}
[0.655061] (pylon_ros2_camera_interfaces) StdoutLine: {'line': b'-- Up-to-date: /home/mcav/cam_dev_ws/install/pylon_ros2_camera_interfaces/share/pylon_ros2_camera_interfaces/cmake/rosidl_cmake_export_typesupport_libraries-extras.cmake\n'}
[0.655184] (pylon_ros2_camera_interfaces) StdoutLine: {'line': b'-- Up-to-date: /home/mcav/cam_dev_ws/install/pylon_ros2_camera_interfaces/share/pylon_ros2_camera_interfaces/cmake/rosidl_cmake_aggregate_target-extras.cmake\n'}
[0.655305] (pylon_ros2_camera_interfaces) StdoutLine: {'line': b'-- Up-to-date: /home/mcav/cam_dev_ws/install/pylon_ros2_camera_interfaces/share/pylon_ros2_camera_interfaces/cmake/pylon_ros2_camera_interfacesConfig.cmake\n'}
[0.655413] (pylon_ros2_camera_interfaces) StdoutLine: {'line': b'-- Up-to-date: /home/mcav/cam_dev_ws/install/pylon_ros2_camera_interfaces/share/pylon_ros2_camera_interfaces/cmake/pylon_ros2_camera_interfacesConfig-version.cmake\n'}
[0.655520] (pylon_ros2_camera_interfaces) StdoutLine: {'line': b'-- Up-to-date: /home/mcav/cam_dev_ws/install/pylon_ros2_camera_interfaces/share/pylon_ros2_camera_interfaces/package.xml\n'}
[0.656635] (pylon_ros2_camera_interfaces) CommandEnded: {'returncode': 0}
[0.685404] (pylon_ros2_camera_interfaces) JobEnded: {'identifier': 'pylon_ros2_camera_interfaces', 'rc': 0}
[0.686183] (pylon_ros2_camera_component) JobStarted: {'identifier': 'pylon_ros2_camera_component'}
[0.694233] (pylon_ros2_camera_component) JobProgress: {'identifier': 'pylon_ros2_camera_component', 'progress': 'cmake'}
[0.695860] (pylon_ros2_camera_component) JobProgress: {'identifier': 'pylon_ros2_camera_component', 'progress': 'build'}
[0.697517] (pylon_ros2_camera_component) Command: {'cmd': ['/usr/local/bin/cmake', '--build', '/home/mcav/cam_dev_ws/build/pylon_ros2_camera_component', '--', '-j8', '-l8'], 'cwd': '/home/mcav/cam_dev_ws/build/pylon_ros2_camera_component', 'env': OrderedDict([('LESSOPEN', '| /usr/bin/lesspipe %s'), ('USER', 'mcav'), ('CCACHE_DIR', '/var/tmp/ccache'), ('XDG_SESSION_TYPE', 'x11'), ('SHLVL', '1'), ('LD_LIBRARY_PATH', '/home/mcav/cam_dev_ws/install/pylon_ros2_camera_interfaces/lib:/usr/local/cuda/lib64:/usr/local/cuda/lib64:/opt/ros/humble/opt/rviz_ogre_vendor/lib:/opt/ros/humble/lib/x86_64-linux-gnu:/opt/ros/humble/lib'), ('HOME', '/home/mcav'), ('OLDPWD', '/home/mcav'), ('DESKTOP_SESSION', 'ubuntu'), ('ROS_PYTHON_VERSION', '3'), ('GNOME_SHELL_SESSION_MODE', 'ubuntu'), ('GTK_MODULES', 'gail:atk-bridge'), ('SYSTEMD_EXEC_PID', '1798'), ('DBUS_SESSION_BUS_ADDRESS', 'unix:path=/run/user/1000/bus'), ('COLORTERM', 'truecolor'), ('IM_CONFIG_PHASE', '1'), ('ROS_DISTRO', 'humble'), ('GTK_IM_MODULE', 'ibus'), ('LOGNAME', 'mcav'), ('_', '/usr/bin/colcon'), ('ROS_VERSION', '2'), ('XDG_SESSION_CLASS', 'user'), ('USERNAME', 'mcav'), ('TERM', 'xterm-256color'), ('GNOME_DESKTOP_SESSION_ID', 'this-is-deprecated'), ('ROS_LOCALHOST_ONLY', '0'), ('WINDOWPATH', '2'), ('PATH', '/usr/local/cuda/bin:/usr/local/cuda/bin:/opt/ros/humble/bin:/home/mcav/.local/bin:/home/mcav/bin:/usr/local/sbin:/usr/local/bin:/usr/sbin:/usr/bin:/sbin:/bin:/usr/games:/usr/local/games:/snap/bin:/snap/bin:/home/mcav/.local/bin:/home/mcav/.local/bin'), ('SESSION_MANAGER', 'local/mcav:@/tmp/.ICE-unix/1769,unix/mcav:/tmp/.ICE-unix/1769'), ('XDG_MENU_PREFIX', 'gnome-'), ('GNOME_TERMINAL_SCREEN', '/org/gnome/Terminal/screen/c0efffe5_2ee4_476d_bfbf_7a3f010cb6bb'), ('XDG_RUNTIME_DIR', '/run/user/1000'), ('DISPLAY', ':0'), ('LANG', 'en_US.UTF-8'), ('XDG_CURRENT_DESKTOP', 'ubuntu:GNOME'), ('RMW_IMPLEMENTATION', 'rmw_cyclonedds_cpp'), ('XMODIFIERS', '@im=ibus'), ('XDG_SESSION_DESKTOP', 'ubuntu'), ('XAUTHORITY', '/run/user/1000/gdm/Xauthority'), ('LS_COLORS', 'rs=0:di=01;34:ln=01;36:mh=00:pi=40;33:so=01;35:do=01;35:bd=40;33;01:cd=40;33;01:or=40;31;01:mi=00:su=37;41:sg=30;43:ca=30;41:tw=30;42:ow=34;42:st=37;44:ex=01;32:*.tar=01;31:*.tgz=01;31:*.arc=01;31:*.arj=01;31:*.taz=01;31:*.lha=01;31:*.lz4=01;31:*.lzh=01;31:*.lzma=01;31:*.tlz=01;31:*.txz=01;31:*.tzo=01;31:*.t7z=01;31:*.zip=01;31:*.z=01;31:*.dz=01;31:*.gz=01;31:*.lrz=01;31:*.lz=01;31:*.lzo=01;31:*.xz=01;31:*.zst=01;31:*.tzst=01;31:*.bz2=01;31:*.bz=01;31:*.tbz=01;31:*.tbz2=01;31:*.tz=01;31:*.deb=01;31:*.rpm=01;31:*.jar=01;31:*.war=01;31:*.ear=01;31:*.sar=01;31:*.rar=01;31:*.alz=01;31:*.ace=01;31:*.zoo=01;31:*.cpio=01;31:*.7z=01;31:*.rz=01;31:*.cab=01;31:*.wim=01;31:*.swm=01;31:*.dwm=01;31:*.esd=01;31:*.jpg=01;35:*.jpeg=01;35:*.mjpg=01;35:*.mjpeg=01;35:*.gif=01;35:*.bmp=01;35:*.pbm=01;35:*.pgm=01;35:*.ppm=01;35:*.tga=01;35:*.xbm=01;35:*.xpm=01;35:*.tif=01;35:*.tiff=01;35:*.png=01;35:*.svg=01;35:*.svgz=01;35:*.mng=01;35:*.pcx=01;35:*.mov=01;35:*.mpg=01;35:*.mpeg=01;35:*.m2v=01;35:*.mkv=01;35:*.webm=01;35:*.webp=01;35:*.ogm=01;35:*.mp4=01;35:*.m4v=01;35:*.mp4v=01;35:*.vob=01;35:*.qt=01;35:*.nuv=01;35:*.wmv=01;35:*.asf=01;35:*.rm=01;35:*.rmvb=01;35:*.flc=01;35:*.avi=01;35:*.fli=01;35:*.flv=01;35:*.gl=01;35:*.dl=01;35:*.xcf=01;35:*.xwd=01;35:*.yuv=01;35:*.cgm=01;35:*.emf=01;35:*.ogv=01;35:*.ogx=01;35:*.aac=00;36:*.au=00;36:*.flac=00;36:*.m4a=00;36:*.mid=00;36:*.midi=00;36:*.mka=00;36:*.mp3=00;36:*.mpc=00;36:*.ogg=00;36:*.ra=00;36:*.wav=00;36:*.oga=00;36:*.opus=00;36:*.spx=00;36:*.xspf=00;36:'), ('GNOME_TERMINAL_SERVICE', ':1.97'), ('SSH_AGENT_LAUNCHER', 'gnome-keyring'), ('SSH_AUTH_SOCK', '/run/user/1000/keyring/ssh'), ('AMENT_PREFIX_PATH', '/home/mcav/cam_dev_ws/install/pylon_ros2_camera_interfaces:/opt/ros/humble'), ('SHELL', '/bin/bash'), ('QT_ACCESSIBILITY', '1'), ('CXX', '/usr/lib/ccache/g++'), ('GDMSESSION', 'ubuntu'), ('LESSCLOSE', '/usr/bin/lesspipe %s %s'), ('GPG_AGENT_INFO', '/run/user/1000/gnupg/S.gpg-agent:0:1'), ('QT_IM_MODULE', 'ibus'), ('PWD', '/home/mcav/cam_dev_ws/build/pylon_ros2_camera_component'), ('LC_ALL', 'en_US.UTF-8'), ('XDG_CONFIG_DIRS', '/etc/xdg/xdg-ubuntu:/etc/xdg'), ('PYLON_ROOT', '/opt/pylon'), ('XDG_DATA_DIRS', '/usr/share/ubuntu:/usr/share/gnome:/usr/local/share/:/usr/share/:/var/lib/snapd/desktop'), ('PYTHONPATH', '/home/mcav/cam_dev_ws/install/pylon_ros2_camera_interfaces/local/lib/python3.10/dist-packages:/opt/ros/humble/lib/python3.10/site-packages:/opt/ros/humble/local/lib/python3.10/dist-packages'), ('CC', '/usr/lib/ccache/gcc'), ('COLCON', '1'), ('GENICAM_GENTL64_PATH', ':/opt/pylon/lib/gentlproducer/gtl:/opt/pylon/lib/pylonCXP/bin/'), ('VTE_VERSION', '6800'), ('CMAKE_PREFIX_PATH', '/home/mcav/cam_dev_ws/install/pylon_ros2_camera_interfaces:/opt/ros/humble')]), 'shell': False}
[0.700019] (-) TimerEvent: {}
[0.759990] (pylon_ros2_camera_component) StdoutLine: {'line': b'[ 20%] Built target set_device_user_id\n'}
[0.760902] (pylon_ros2_camera_component) StdoutLine: {'line': b'[ 40%] Built target ip_auto_config\n'}
[0.787069] (pylon_ros2_camera_component) StdoutLine: {'line': b'[100%] Built target pylon_ros2_camera_component\n'}
[0.792056] (pylon_ros2_camera_component) CommandEnded: {'returncode': 0}
[0.793272] (pylon_ros2_camera_component) JobProgress: {'identifier': 'pylon_ros2_camera_component', 'progress': 'install'}
[0.794572] (pylon_ros2_camera_component) Command: {'cmd': ['/usr/local/bin/cmake', '--install', '/home/mcav/cam_dev_ws/build/pylon_ros2_camera_component'], 'cwd': '/home/mcav/cam_dev_ws/build/pylon_ros2_camera_component', 'env': OrderedDict([('LESSOPEN', '| /usr/bin/lesspipe %s'), ('USER', 'mcav'), ('CCACHE_DIR', '/var/tmp/ccache'), ('XDG_SESSION_TYPE', 'x11'), ('SHLVL', '1'), ('LD_LIBRARY_PATH', '/home/mcav/cam_dev_ws/install/pylon_ros2_camera_interfaces/lib:/usr/local/cuda/lib64:/usr/local/cuda/lib64:/opt/ros/humble/opt/rviz_ogre_vendor/lib:/opt/ros/humble/lib/x86_64-linux-gnu:/opt/ros/humble/lib'), ('HOME', '/home/mcav'), ('OLDPWD', '/home/mcav'), ('DESKTOP_SESSION', 'ubuntu'), ('ROS_PYTHON_VERSION', '3'), ('GNOME_SHELL_SESSION_MODE', 'ubuntu'), ('GTK_MODULES', 'gail:atk-bridge'), ('SYSTEMD_EXEC_PID', '1798'), ('DBUS_SESSION_BUS_ADDRESS', 'unix:path=/run/user/1000/bus'), ('COLORTERM', 'truecolor'), ('IM_CONFIG_PHASE', '1'), ('ROS_DISTRO', 'humble'), ('GTK_IM_MODULE', 'ibus'), ('LOGNAME', 'mcav'), ('_', '/usr/bin/colcon'), ('ROS_VERSION', '2'), ('XDG_SESSION_CLASS', 'user'), ('USERNAME', 'mcav'), ('TERM', 'xterm-256color'), ('GNOME_DESKTOP_SESSION_ID', 'this-is-deprecated'), ('ROS_LOCALHOST_ONLY', '0'), ('WINDOWPATH', '2'), ('PATH', '/usr/local/cuda/bin:/usr/local/cuda/bin:/opt/ros/humble/bin:/home/mcav/.local/bin:/home/mcav/bin:/usr/local/sbin:/usr/local/bin:/usr/sbin:/usr/bin:/sbin:/bin:/usr/games:/usr/local/games:/snap/bin:/snap/bin:/home/mcav/.local/bin:/home/mcav/.local/bin'), ('SESSION_MANAGER', 'local/mcav:@/tmp/.ICE-unix/1769,unix/mcav:/tmp/.ICE-unix/1769'), ('XDG_MENU_PREFIX', 'gnome-'), ('GNOME_TERMINAL_SCREEN', '/org/gnome/Terminal/screen/c0efffe5_2ee4_476d_bfbf_7a3f010cb6bb'), ('XDG_RUNTIME_DIR', '/run/user/1000'), ('DISPLAY', ':0'), ('LANG', 'en_US.UTF-8'), ('XDG_CURRENT_DESKTOP', 'ubuntu:GNOME'), ('RMW_IMPLEMENTATION', 'rmw_cyclonedds_cpp'), ('XMODIFIERS', '@im=ibus'), ('XDG_SESSION_DESKTOP', 'ubuntu'), ('XAUTHORITY', '/run/user/1000/gdm/Xauthority'), ('LS_COLORS', 'rs=0:di=01;34:ln=01;36:mh=00:pi=40;33:so=01;35:do=01;35:bd=40;33;01:cd=40;33;01:or=40;31;01:mi=00:su=37;41:sg=30;43:ca=30;41:tw=30;42:ow=34;42:st=37;44:ex=01;32:*.tar=01;31:*.tgz=01;31:*.arc=01;31:*.arj=01;31:*.taz=01;31:*.lha=01;31:*.lz4=01;31:*.lzh=01;31:*.lzma=01;31:*.tlz=01;31:*.txz=01;31:*.tzo=01;31:*.t7z=01;31:*.zip=01;31:*.z=01;31:*.dz=01;31:*.gz=01;31:*.lrz=01;31:*.lz=01;31:*.lzo=01;31:*.xz=01;31:*.zst=01;31:*.tzst=01;31:*.bz2=01;31:*.bz=01;31:*.tbz=01;31:*.tbz2=01;31:*.tz=01;31:*.deb=01;31:*.rpm=01;31:*.jar=01;31:*.war=01;31:*.ear=01;31:*.sar=01;31:*.rar=01;31:*.alz=01;31:*.ace=01;31:*.zoo=01;31:*.cpio=01;31:*.7z=01;31:*.rz=01;31:*.cab=01;31:*.wim=01;31:*.swm=01;31:*.dwm=01;31:*.esd=01;31:*.jpg=01;35:*.jpeg=01;35:*.mjpg=01;35:*.mjpeg=01;35:*.gif=01;35:*.bmp=01;35:*.pbm=01;35:*.pgm=01;35:*.ppm=01;35:*.tga=01;35:*.xbm=01;35:*.xpm=01;35:*.tif=01;35:*.tiff=01;35:*.png=01;35:*.svg=01;35:*.svgz=01;35:*.mng=01;35:*.pcx=01;35:*.mov=01;35:*.mpg=01;35:*.mpeg=01;35:*.m2v=01;35:*.mkv=01;35:*.webm=01;35:*.webp=01;35:*.ogm=01;35:*.mp4=01;35:*.m4v=01;35:*.mp4v=01;35:*.vob=01;35:*.qt=01;35:*.nuv=01;35:*.wmv=01;35:*.asf=01;35:*.rm=01;35:*.rmvb=01;35:*.flc=01;35:*.avi=01;35:*.fli=01;35:*.flv=01;35:*.gl=01;35:*.dl=01;35:*.xcf=01;35:*.xwd=01;35:*.yuv=01;35:*.cgm=01;35:*.emf=01;35:*.ogv=01;35:*.ogx=01;35:*.aac=00;36:*.au=00;36:*.flac=00;36:*.m4a=00;36:*.mid=00;36:*.midi=00;36:*.mka=00;36:*.mp3=00;36:*.mpc=00;36:*.ogg=00;36:*.ra=00;36:*.wav=00;36:*.oga=00;36:*.opus=00;36:*.spx=00;36:*.xspf=00;36:'), ('GNOME_TERMINAL_SERVICE', ':1.97'), ('SSH_AGENT_LAUNCHER', 'gnome-keyring'), ('SSH_AUTH_SOCK', '/run/user/1000/keyring/ssh'), ('AMENT_PREFIX_PATH', '/home/mcav/cam_dev_ws/install/pylon_ros2_camera_interfaces:/opt/ros/humble'), ('SHELL', '/bin/bash'), ('QT_ACCESSIBILITY', '1'), ('CXX', '/usr/lib/ccache/g++'), ('GDMSESSION', 'ubuntu'), ('LESSCLOSE', '/usr/bin/lesspipe %s %s'), ('GPG_AGENT_INFO', '/run/user/1000/gnupg/S.gpg-agent:0:1'), ('QT_IM_MODULE', 'ibus'), ('PWD', '/home/mcav/cam_dev_ws/build/pylon_ros2_camera_component'), ('LC_ALL', 'en_US.UTF-8'), ('XDG_CONFIG_DIRS', '/etc/xdg/xdg-ubuntu:/etc/xdg'), ('PYLON_ROOT', '/opt/pylon'), ('XDG_DATA_DIRS', '/usr/share/ubuntu:/usr/share/gnome:/usr/local/share/:/usr/share/:/var/lib/snapd/desktop'), ('PYTHONPATH', '/home/mcav/cam_dev_ws/install/pylon_ros2_camera_interfaces/local/lib/python3.10/dist-packages:/opt/ros/humble/lib/python3.10/site-packages:/opt/ros/humble/local/lib/python3.10/dist-packages'), ('CC', '/usr/lib/ccache/gcc'), ('COLCON', '1'), ('GENICAM_GENTL64_PATH', ':/opt/pylon/lib/gentlproducer/gtl:/opt/pylon/lib/pylonCXP/bin/'), ('VTE_VERSION', '6800'), ('CMAKE_PREFIX_PATH', '/home/mcav/cam_dev_ws/install/pylon_ros2_camera_interfaces:/opt/ros/humble')]), 'shell': False}
[0.797162] (pylon_ros2_camera_component) StdoutLine: {'line': b'-- Install configuration: "Release"\n'}
[0.798533] (pylon_ros2_camera_component) StdoutLine: {'line': b'-- Up-to-date: /home/mcav/cam_dev_ws/install/pylon_ros2_camera_component/lib/libpylon_ros2_camera_component.so\n'}
[0.800117] (-) TimerEvent: {}
[0.800412] (pylon_ros2_camera_component) StdoutLine: {'line': b'-- Up-to-date: /home/mcav/cam_dev_ws/install/pylon_ros2_camera_component/lib/pylon_ros2_camera_component/ip_auto_config\n'}
[0.801576] (pylon_ros2_camera_component) StdoutLine: {'line': b'-- Up-to-date: /home/mcav/cam_dev_ws/install/pylon_ros2_camera_component/lib/pylon_ros2_camera_component/set_device_user_id\n'}
[0.802112] (pylon_ros2_camera_component) StdoutLine: {'line': b'-- Up-to-date: /home/mcav/cam_dev_ws/install/pylon_ros2_camera_component/include/pylon_ros2_camera_component/\n'}
[0.802327] (pylon_ros2_camera_component) StdoutLine: {'line': b'-- Up-to-date: /home/mcav/cam_dev_ws/install/pylon_ros2_camera_component/include/pylon_ros2_camera_component//pylon_ros2_camera_node.hpp\n'}
[0.802503] (pylon_ros2_camera_component) StdoutLine: {'line': b'-- Up-to-date: /home/mcav/cam_dev_ws/install/pylon_ros2_camera_component/include/pylon_ros2_camera_component//pylon_ros2_camera_parameter.hpp\n'}
[0.802686] (pylon_ros2_camera_component) StdoutLine: {'line': b'-- Up-to-date: /home/mcav/cam_dev_ws/install/pylon_ros2_camera_component/include/pylon_ros2_camera_component//visibility_control.hpp\n'}
[0.802905] (pylon_ros2_camera_component) StdoutLine: {'line': b'-- Up-to-date: /home/mcav/cam_dev_ws/install/pylon_ros2_camera_component/include/pylon_ros2_camera_component//binary_exposure_search.hpp\n'}
[0.803043] (pylon_ros2_camera_component) StdoutLine: {'line': b'-- Up-to-date: /home/mcav/cam_dev_ws/install/pylon_ros2_camera_component/include/pylon_ros2_camera_component//pylon_ros2_camera.hpp\n'}
[0.803180] (pylon_ros2_camera_component) StdoutLine: {'line': b'-- Up-to-date: /home/mcav/cam_dev_ws/install/pylon_ros2_camera_component/include/pylon_ros2_camera_component//encoding_conversions.hpp\n'}
[0.803363] (pylon_ros2_camera_component) StdoutLine: {'line': b'-- Up-to-date: /home/mcav/cam_dev_ws/install/pylon_ros2_camera_component/share/pylon_ros2_camera_component/environment/library_path.sh\n'}
[0.803498] (pylon_ros2_camera_component) StdoutLine: {'line': b'-- Up-to-date: /home/mcav/cam_dev_ws/install/pylon_ros2_camera_component/share/pylon_ros2_camera_component/environment/library_path.dsv\n'}
[0.803783] (pylon_ros2_camera_component) StdoutLine: {'line': b'-- Up-to-date: /home/mcav/cam_dev_ws/install/pylon_ros2_camera_component/share/ament_index/resource_index/package_run_dependencies/pylon_ros2_camera_component\n'}
[0.804034] (pylon_ros2_camera_component) StdoutLine: {'line': b'-- Up-to-date: /home/mcav/cam_dev_ws/install/pylon_ros2_camera_component/share/ament_index/resource_index/parent_prefix_path/pylon_ros2_camera_component\n'}
[0.804194] (pylon_ros2_camera_component) StdoutLine: {'line': b'-- Up-to-date: /home/mcav/cam_dev_ws/install/pylon_ros2_camera_component/share/pylon_ros2_camera_component/environment/ament_prefix_path.sh\n'}
[0.804369] (pylon_ros2_camera_component) StdoutLine: {'line': b'-- Up-to-date: /home/mcav/cam_dev_ws/install/pylon_ros2_camera_component/share/pylon_ros2_camera_component/environment/ament_prefix_path.dsv\n'}
[0.804494] (pylon_ros2_camera_component) StdoutLine: {'line': b'-- Up-to-date: /home/mcav/cam_dev_ws/install/pylon_ros2_camera_component/share/pylon_ros2_camera_component/environment/path.sh\n'}
[0.804656] (pylon_ros2_camera_component) StdoutLine: {'line': b'-- Up-to-date: /home/mcav/cam_dev_ws/install/pylon_ros2_camera_component/share/pylon_ros2_camera_component/environment/path.dsv\n'}
[0.804789] (pylon_ros2_camera_component) StdoutLine: {'line': b'-- Up-to-date: /home/mcav/cam_dev_ws/install/pylon_ros2_camera_component/share/pylon_ros2_camera_component/local_setup.bash\n'}
[0.804935] (pylon_ros2_camera_component) StdoutLine: {'line': b'-- Up-to-date: /home/mcav/cam_dev_ws/install/pylon_ros2_camera_component/share/pylon_ros2_camera_component/local_setup.sh\n'}
[0.805080] (pylon_ros2_camera_component) StdoutLine: {'line': b'-- Up-to-date: /home/mcav/cam_dev_ws/install/pylon_ros2_camera_component/share/pylon_ros2_camera_component/local_setup.zsh\n'}
[0.805285] (pylon_ros2_camera_component) StdoutLine: {'line': b'-- Up-to-date: /home/mcav/cam_dev_ws/install/pylon_ros2_camera_component/share/pylon_ros2_camera_component/local_setup.dsv\n'}
[0.805417] (pylon_ros2_camera_component) StdoutLine: {'line': b'-- Installing: /home/mcav/cam_dev_ws/install/pylon_ros2_camera_component/share/pylon_ros2_camera_component/package.dsv\n'}
[0.805529] (pylon_ros2_camera_component) StdoutLine: {'line': b'-- Up-to-date: /home/mcav/cam_dev_ws/install/pylon_ros2_camera_component/share/ament_index/resource_index/packages/pylon_ros2_camera_component\n'}
[0.805639] (pylon_ros2_camera_component) StdoutLine: {'line': b'-- Up-to-date: /home/mcav/cam_dev_ws/install/pylon_ros2_camera_component/share/ament_index/resource_index/rclcpp_components/pylon_ros2_camera_component\n'}
[0.805749] (pylon_ros2_camera_component) StdoutLine: {'line': b'-- Up-to-date: /home/mcav/cam_dev_ws/install/pylon_ros2_camera_component/share/pylon_ros2_camera_component/cmake/ament_cmake_export_include_directories-extras.cmake\n'}
[0.805860] (pylon_ros2_camera_component) StdoutLine: {'line': b'-- Up-to-date: /home/mcav/cam_dev_ws/install/pylon_ros2_camera_component/share/pylon_ros2_camera_component/cmake/ament_cmake_export_libraries-extras.cmake\n'}
[0.805983] (pylon_ros2_camera_component) StdoutLine: {'line': b'-- Up-to-date: /home/mcav/cam_dev_ws/install/pylon_ros2_camera_component/share/pylon_ros2_camera_component/cmake/ament_cmake_export_dependencies-extras.cmake\n'}
[0.806343] (pylon_ros2_camera_component) StdoutLine: {'line': b'-- Up-to-date: /home/mcav/cam_dev_ws/install/pylon_ros2_camera_component/share/pylon_ros2_camera_component/cmake/pylon_ros2_camera_componentConfig.cmake\n'}
[0.806750] (pylon_ros2_camera_component) StdoutLine: {'line': b'-- Up-to-date: /home/mcav/cam_dev_ws/install/pylon_ros2_camera_component/share/pylon_ros2_camera_component/cmake/pylon_ros2_camera_componentConfig-version.cmake\n'}
[0.807133] (pylon_ros2_camera_component) StdoutLine: {'line': b'-- Up-to-date: /home/mcav/cam_dev_ws/install/pylon_ros2_camera_component/share/pylon_ros2_camera_component/package.xml\n'}
[0.807610] (pylon_ros2_camera_component) CommandEnded: {'returncode': 0}
[0.824486] (pylon_ros2_camera_component) JobEnded: {'identifier': 'pylon_ros2_camera_component', 'rc': 0}
[0.825197] (pylon_ros2_camera_wrapper) JobStarted: {'identifier': 'pylon_ros2_camera_wrapper'}
[0.836117] (pylon_ros2_camera_wrapper) JobProgress: {'identifier': 'pylon_ros2_camera_wrapper', 'progress': 'cmake'}
[0.838049] (pylon_ros2_camera_wrapper) JobProgress: {'identifier': 'pylon_ros2_camera_wrapper', 'progress': 'build'}
[0.839692] (pylon_ros2_camera_wrapper) Command: {'cmd': ['/usr/local/bin/cmake', '--build', '/home/mcav/cam_dev_ws/build/pylon_ros2_camera_wrapper', '--', '-j8', '-l8'], 'cwd': '/home/mcav/cam_dev_ws/build/pylon_ros2_camera_wrapper', 'env': OrderedDict([('LESSOPEN', '| /usr/bin/lesspipe %s'), ('USER', 'mcav'), ('CCACHE_DIR', '/var/tmp/ccache'), ('XDG_SESSION_TYPE', 'x11'), ('SHLVL', '1'), ('LD_LIBRARY_PATH', '/home/mcav/cam_dev_ws/install/pylon_ros2_camera_component/lib:/home/mcav/cam_dev_ws/install/pylon_ros2_camera_interfaces/lib:/usr/local/cuda/lib64:/usr/local/cuda/lib64:/opt/ros/humble/opt/rviz_ogre_vendor/lib:/opt/ros/humble/lib/x86_64-linux-gnu:/opt/ros/humble/lib'), ('HOME', '/home/mcav'), ('OLDPWD', '/home/mcav'), ('DESKTOP_SESSION', 'ubuntu'), ('ROS_PYTHON_VERSION', '3'), ('GNOME_SHELL_SESSION_MODE', 'ubuntu'), ('GTK_MODULES', 'gail:atk-bridge'), ('SYSTEMD_EXEC_PID', '1798'), ('DBUS_SESSION_BUS_ADDRESS', 'unix:path=/run/user/1000/bus'), ('COLORTERM', 'truecolor'), ('IM_CONFIG_PHASE', '1'), ('ROS_DISTRO', 'humble'), ('GTK_IM_MODULE', 'ibus'), ('LOGNAME', 'mcav'), ('_', '/usr/bin/colcon'), ('ROS_VERSION', '2'), ('XDG_SESSION_CLASS', 'user'), ('USERNAME', 'mcav'), ('TERM', 'xterm-256color'), ('GNOME_DESKTOP_SESSION_ID', 'this-is-deprecated'), ('ROS_LOCALHOST_ONLY', '0'), ('WINDOWPATH', '2'), ('PATH', '/usr/local/cuda/bin:/usr/local/cuda/bin:/opt/ros/humble/bin:/home/mcav/.local/bin:/home/mcav/bin:/usr/local/sbin:/usr/local/bin:/usr/sbin:/usr/bin:/sbin:/bin:/usr/games:/usr/local/games:/snap/bin:/snap/bin:/home/mcav/.local/bin:/home/mcav/.local/bin'), ('SESSION_MANAGER', 'local/mcav:@/tmp/.ICE-unix/1769,unix/mcav:/tmp/.ICE-unix/1769'), ('XDG_MENU_PREFIX', 'gnome-'), ('GNOME_TERMINAL_SCREEN', '/org/gnome/Terminal/screen/c0efffe5_2ee4_476d_bfbf_7a3f010cb6bb'), ('XDG_RUNTIME_DIR', '/run/user/1000'), ('DISPLAY', ':0'), ('LANG', 'en_US.UTF-8'), ('XDG_CURRENT_DESKTOP', 'ubuntu:GNOME'), ('RMW_IMPLEMENTATION', 'rmw_cyclonedds_cpp'), ('XMODIFIERS', '@im=ibus'), ('XDG_SESSION_DESKTOP', 'ubuntu'), ('XAUTHORITY', '/run/user/1000/gdm/Xauthority'), ('LS_COLORS', 'rs=0:di=01;34:ln=01;36:mh=00:pi=40;33:so=01;35:do=01;35:bd=40;33;01:cd=40;33;01:or=40;31;01:mi=00:su=37;41:sg=30;43:ca=30;41:tw=30;42:ow=34;42:st=37;44:ex=01;32:*.tar=01;31:*.tgz=01;31:*.arc=01;31:*.arj=01;31:*.taz=01;31:*.lha=01;31:*.lz4=01;31:*.lzh=01;31:*.lzma=01;31:*.tlz=01;31:*.txz=01;31:*.tzo=01;31:*.t7z=01;31:*.zip=01;31:*.z=01;31:*.dz=01;31:*.gz=01;31:*.lrz=01;31:*.lz=01;31:*.lzo=01;31:*.xz=01;31:*.zst=01;31:*.tzst=01;31:*.bz2=01;31:*.bz=01;31:*.tbz=01;31:*.tbz2=01;31:*.tz=01;31:*.deb=01;31:*.rpm=01;31:*.jar=01;31:*.war=01;31:*.ear=01;31:*.sar=01;31:*.rar=01;31:*.alz=01;31:*.ace=01;31:*.zoo=01;31:*.cpio=01;31:*.7z=01;31:*.rz=01;31:*.cab=01;31:*.wim=01;31:*.swm=01;31:*.dwm=01;31:*.esd=01;31:*.jpg=01;35:*.jpeg=01;35:*.mjpg=01;35:*.mjpeg=01;35:*.gif=01;35:*.bmp=01;35:*.pbm=01;35:*.pgm=01;35:*.ppm=01;35:*.tga=01;35:*.xbm=01;35:*.xpm=01;35:*.tif=01;35:*.tiff=01;35:*.png=01;35:*.svg=01;35:*.svgz=01;35:*.mng=01;35:*.pcx=01;35:*.mov=01;35:*.mpg=01;35:*.mpeg=01;35:*.m2v=01;35:*.mkv=01;35:*.webm=01;35:*.webp=01;35:*.ogm=01;35:*.mp4=01;35:*.m4v=01;35:*.mp4v=01;35:*.vob=01;35:*.qt=01;35:*.nuv=01;35:*.wmv=01;35:*.asf=01;35:*.rm=01;35:*.rmvb=01;35:*.flc=01;35:*.avi=01;35:*.fli=01;35:*.flv=01;35:*.gl=01;35:*.dl=01;35:*.xcf=01;35:*.xwd=01;35:*.yuv=01;35:*.cgm=01;35:*.emf=01;35:*.ogv=01;35:*.ogx=01;35:*.aac=00;36:*.au=00;36:*.flac=00;36:*.m4a=00;36:*.mid=00;36:*.midi=00;36:*.mka=00;36:*.mp3=00;36:*.mpc=00;36:*.ogg=00;36:*.ra=00;36:*.wav=00;36:*.oga=00;36:*.opus=00;36:*.spx=00;36:*.xspf=00;36:'), ('GNOME_TERMINAL_SERVICE', ':1.97'), ('SSH_AGENT_LAUNCHER', 'gnome-keyring'), ('SSH_AUTH_SOCK', '/run/user/1000/keyring/ssh'), ('AMENT_PREFIX_PATH', '/home/mcav/cam_dev_ws/install/pylon_ros2_camera_component:/home/mcav/cam_dev_ws/install/pylon_ros2_camera_interfaces:/opt/ros/humble'), ('SHELL', '/bin/bash'), ('QT_ACCESSIBILITY', '1'), ('CXX', '/usr/lib/ccache/g++'), ('GDMSESSION', 'ubuntu'), ('LESSCLOSE', '/usr/bin/lesspipe %s %s'), ('GPG_AGENT_INFO', '/run/user/1000/gnupg/S.gpg-agent:0:1'), ('QT_IM_MODULE', 'ibus'), ('PWD', '/home/mcav/cam_dev_ws/build/pylon_ros2_camera_wrapper'), ('LC_ALL', 'en_US.UTF-8'), ('XDG_CONFIG_DIRS', '/etc/xdg/xdg-ubuntu:/etc/xdg'), ('PYLON_ROOT', '/opt/pylon'), ('XDG_DATA_DIRS', '/usr/share/ubuntu:/usr/share/gnome:/usr/local/share/:/usr/share/:/var/lib/snapd/desktop'), ('PYTHONPATH', '/home/mcav/cam_dev_ws/install/pylon_ros2_camera_interfaces/local/lib/python3.10/dist-packages:/opt/ros/humble/lib/python3.10/site-packages:/opt/ros/humble/local/lib/python3.10/dist-packages'), ('CC', '/usr/lib/ccache/gcc'), ('COLCON', '1'), ('GENICAM_GENTL64_PATH', ':/opt/pylon/lib/gentlproducer/gtl:/opt/pylon/lib/pylonCXP/bin/'), ('VTE_VERSION', '6800'), ('CMAKE_PREFIX_PATH', '/home/mcav/cam_dev_ws/install/pylon_ros2_camera_component:/home/mcav/cam_dev_ws/install/pylon_ros2_camera_interfaces:/opt/ros/humble')]), 'shell': False}
[0.880804] (pylon_ros2_camera_wrapper) StdoutLine: {'line': b'[ 20%] Built target test_grab_image_action_client\n'}
[0.882551] (pylon_ros2_camera_wrapper) StdoutLine: {'line': b'[ 40%] Built target test_grab_blaze_data_action_client\n'}
[0.887535] (pylon_ros2_camera_wrapper) StdoutLine: {'line': b'[ 60%] Built target action_client_test_grab_images\n'}
[0.889905] (pylon_ros2_camera_wrapper) StdoutLine: {'line': b'[ 80%] Built target pylon_ros2_camera_wrapper\n'}
[0.891306] (pylon_ros2_camera_wrapper) StdoutLine: {'line': b'[100%] Built target action_client_test_grab_blaze_data\n'}
[0.896145] (pylon_ros2_camera_wrapper) CommandEnded: {'returncode': 0}
[0.897358] (pylon_ros2_camera_wrapper) JobProgress: {'identifier': 'pylon_ros2_camera_wrapper', 'progress': 'install'}
[0.898683] (pylon_ros2_camera_wrapper) Command: {'cmd': ['/usr/local/bin/cmake', '--install', '/home/mcav/cam_dev_ws/build/pylon_ros2_camera_wrapper'], 'cwd': '/home/mcav/cam_dev_ws/build/pylon_ros2_camera_wrapper', 'env': OrderedDict([('LESSOPEN', '| /usr/bin/lesspipe %s'), ('USER', 'mcav'), ('CCACHE_DIR', '/var/tmp/ccache'), ('XDG_SESSION_TYPE', 'x11'), ('SHLVL', '1'), ('LD_LIBRARY_PATH', '/home/mcav/cam_dev_ws/install/pylon_ros2_camera_component/lib:/home/mcav/cam_dev_ws/install/pylon_ros2_camera_interfaces/lib:/usr/local/cuda/lib64:/usr/local/cuda/lib64:/opt/ros/humble/opt/rviz_ogre_vendor/lib:/opt/ros/humble/lib/x86_64-linux-gnu:/opt/ros/humble/lib'), ('HOME', '/home/mcav'), ('OLDPWD', '/home/mcav'), ('DESKTOP_SESSION', 'ubuntu'), ('ROS_PYTHON_VERSION', '3'), ('GNOME_SHELL_SESSION_MODE', 'ubuntu'), ('GTK_MODULES', 'gail:atk-bridge'), ('SYSTEMD_EXEC_PID', '1798'), ('DBUS_SESSION_BUS_ADDRESS', 'unix:path=/run/user/1000/bus'), ('COLORTERM', 'truecolor'), ('IM_CONFIG_PHASE', '1'), ('ROS_DISTRO', 'humble'), ('GTK_IM_MODULE', 'ibus'), ('LOGNAME', 'mcav'), ('_', '/usr/bin/colcon'), ('ROS_VERSION', '2'), ('XDG_SESSION_CLASS', 'user'), ('USERNAME', 'mcav'), ('TERM', 'xterm-256color'), ('GNOME_DESKTOP_SESSION_ID', 'this-is-deprecated'), ('ROS_LOCALHOST_ONLY', '0'), ('WINDOWPATH', '2'), ('PATH', '/usr/local/cuda/bin:/usr/local/cuda/bin:/opt/ros/humble/bin:/home/mcav/.local/bin:/home/mcav/bin:/usr/local/sbin:/usr/local/bin:/usr/sbin:/usr/bin:/sbin:/bin:/usr/games:/usr/local/games:/snap/bin:/snap/bin:/home/mcav/.local/bin:/home/mcav/.local/bin'), ('SESSION_MANAGER', 'local/mcav:@/tmp/.ICE-unix/1769,unix/mcav:/tmp/.ICE-unix/1769'), ('XDG_MENU_PREFIX', 'gnome-'), ('GNOME_TERMINAL_SCREEN', '/org/gnome/Terminal/screen/c0efffe5_2ee4_476d_bfbf_7a3f010cb6bb'), ('XDG_RUNTIME_DIR', '/run/user/1000'), ('DISPLAY', ':0'), ('LANG', 'en_US.UTF-8'), ('XDG_CURRENT_DESKTOP', 'ubuntu:GNOME'), ('RMW_IMPLEMENTATION', 'rmw_cyclonedds_cpp'), ('XMODIFIERS', '@im=ibus'), ('XDG_SESSION_DESKTOP', 'ubuntu'), ('XAUTHORITY', '/run/user/1000/gdm/Xauthority'), ('LS_COLORS', 'rs=0:di=01;34:ln=01;36:mh=00:pi=40;33:so=01;35:do=01;35:bd=40;33;01:cd=40;33;01:or=40;31;01:mi=00:su=37;41:sg=30;43:ca=30;41:tw=30;42:ow=34;42:st=37;44:ex=01;32:*.tar=01;31:*.tgz=01;31:*.arc=01;31:*.arj=01;31:*.taz=01;31:*.lha=01;31:*.lz4=01;31:*.lzh=01;31:*.lzma=01;31:*.tlz=01;31:*.txz=01;31:*.tzo=01;31:*.t7z=01;31:*.zip=01;31:*.z=01;31:*.dz=01;31:*.gz=01;31:*.lrz=01;31:*.lz=01;31:*.lzo=01;31:*.xz=01;31:*.zst=01;31:*.tzst=01;31:*.bz2=01;31:*.bz=01;31:*.tbz=01;31:*.tbz2=01;31:*.tz=01;31:*.deb=01;31:*.rpm=01;31:*.jar=01;31:*.war=01;31:*.ear=01;31:*.sar=01;31:*.rar=01;31:*.alz=01;31:*.ace=01;31:*.zoo=01;31:*.cpio=01;31:*.7z=01;31:*.rz=01;31:*.cab=01;31:*.wim=01;31:*.swm=01;31:*.dwm=01;31:*.esd=01;31:*.jpg=01;35:*.jpeg=01;35:*.mjpg=01;35:*.mjpeg=01;35:*.gif=01;35:*.bmp=01;35:*.pbm=01;35:*.pgm=01;35:*.ppm=01;35:*.tga=01;35:*.xbm=01;35:*.xpm=01;35:*.tif=01;35:*.tiff=01;35:*.png=01;35:*.svg=01;35:*.svgz=01;35:*.mng=01;35:*.pcx=01;35:*.mov=01;35:*.mpg=01;35:*.mpeg=01;35:*.m2v=01;35:*.mkv=01;35:*.webm=01;35:*.webp=01;35:*.ogm=01;35:*.mp4=01;35:*.m4v=01;35:*.mp4v=01;35:*.vob=01;35:*.qt=01;35:*.nuv=01;35:*.wmv=01;35:*.asf=01;35:*.rm=01;35:*.rmvb=01;35:*.flc=01;35:*.avi=01;35:*.fli=01;35:*.flv=01;35:*.gl=01;35:*.dl=01;35:*.xcf=01;35:*.xwd=01;35:*.yuv=01;35:*.cgm=01;35:*.emf=01;35:*.ogv=01;35:*.ogx=01;35:*.aac=00;36:*.au=00;36:*.flac=00;36:*.m4a=00;36:*.mid=00;36:*.midi=00;36:*.mka=00;36:*.mp3=00;36:*.mpc=00;36:*.ogg=00;36:*.ra=00;36:*.wav=00;36:*.oga=00;36:*.opus=00;36:*.spx=00;36:*.xspf=00;36:'), ('GNOME_TERMINAL_SERVICE', ':1.97'), ('SSH_AGENT_LAUNCHER', 'gnome-keyring'), ('SSH_AUTH_SOCK', '/run/user/1000/keyring/ssh'), ('AMENT_PREFIX_PATH', '/home/mcav/cam_dev_ws/install/pylon_ros2_camera_component:/home/mcav/cam_dev_ws/install/pylon_ros2_camera_interfaces:/opt/ros/humble'), ('SHELL', '/bin/bash'), ('QT_ACCESSIBILITY', '1'), ('CXX', '/usr/lib/ccache/g++'), ('GDMSESSION', 'ubuntu'), ('LESSCLOSE', '/usr/bin/lesspipe %s %s'), ('GPG_AGENT_INFO', '/run/user/1000/gnupg/S.gpg-agent:0:1'), ('QT_IM_MODULE', 'ibus'), ('PWD', '/home/mcav/cam_dev_ws/build/pylon_ros2_camera_wrapper'), ('LC_ALL', 'en_US.UTF-8'), ('XDG_CONFIG_DIRS', '/etc/xdg/xdg-ubuntu:/etc/xdg'), ('PYLON_ROOT', '/opt/pylon'), ('XDG_DATA_DIRS', '/usr/share/ubuntu:/usr/share/gnome:/usr/local/share/:/usr/share/:/var/lib/snapd/desktop'), ('PYTHONPATH', '/home/mcav/cam_dev_ws/install/pylon_ros2_camera_interfaces/local/lib/python3.10/dist-packages:/opt/ros/humble/lib/python3.10/site-packages:/opt/ros/humble/local/lib/python3.10/dist-packages'), ('CC', '/usr/lib/ccache/gcc'), ('COLCON', '1'), ('GENICAM_GENTL64_PATH', ':/opt/pylon/lib/gentlproducer/gtl:/opt/pylon/lib/pylonCXP/bin/'), ('VTE_VERSION', '6800'), ('CMAKE_PREFIX_PATH', '/home/mcav/cam_dev_ws/install/pylon_ros2_camera_component:/home/mcav/cam_dev_ws/install/pylon_ros2_camera_interfaces:/opt/ros/humble')]), 'shell': False}
[0.900233] (-) TimerEvent: {}
[0.901663] (pylon_ros2_camera_wrapper) StdoutLine: {'line': b'-- Install configuration: "Release"\n'}
[0.903103] (pylon_ros2_camera_wrapper) StdoutLine: {'line': b'-- Up-to-date: /home/mcav/cam_dev_ws/install/pylon_ros2_camera_wrapper/lib/pylon_ros2_camera_wrapper/test_grab_image_action_client\n'}
[0.904071] (pylon_ros2_camera_wrapper) StdoutLine: {'line': b'-- Up-to-date: /home/mcav/cam_dev_ws/install/pylon_ros2_camera_wrapper/lib/pylon_ros2_camera_wrapper/test_grab_blaze_data_action_client\n'}
[0.905073] (pylon_ros2_camera_wrapper) StdoutLine: {'line': b'-- Up-to-date: /home/mcav/cam_dev_ws/install/pylon_ros2_camera_wrapper/lib/pylon_ros2_camera_wrapper/pylon_ros2_camera_wrapper\n'}
[0.906058] (pylon_ros2_camera_wrapper) StdoutLine: {'line': b'-- Up-to-date: /home/mcav/cam_dev_ws/install/pylon_ros2_camera_wrapper/lib/libaction_client_test_grab_images.so\n'}
[0.907156] (pylon_ros2_camera_wrapper) StdoutLine: {'line': b'-- Up-to-date: /home/mcav/cam_dev_ws/install/pylon_ros2_camera_wrapper/lib/libaction_client_test_grab_blaze_data.so\n'}
[0.907760] (pylon_ros2_camera_wrapper) StdoutLine: {'line': b'-- Up-to-date: /home/mcav/cam_dev_ws/install/pylon_ros2_camera_wrapper/share/pylon_ros2_camera_wrapper/config\n'}
[0.908125] (pylon_ros2_camera_wrapper) StdoutLine: {'line': b'-- Up-to-date: /home/mcav/cam_dev_ws/install/pylon_ros2_camera_wrapper/share/pylon_ros2_camera_wrapper/config/CAM6.yaml\n'}
[0.908288] (pylon_ros2_camera_wrapper) StdoutLine: {'line': b'-- Up-to-date: /home/mcav/cam_dev_ws/install/pylon_ros2_camera_wrapper/share/pylon_ros2_camera_wrapper/config/CAM4.yaml\n'}
[0.908613] (pylon_ros2_camera_wrapper) StdoutLine: {'line': b'-- Up-to-date: /home/mcav/cam_dev_ws/install/pylon_ros2_camera_wrapper/share/pylon_ros2_camera_wrapper/config/CAM2.yaml\n'}
[0.908728] (pylon_ros2_camera_wrapper) StdoutLine: {'line': b'-- Up-to-date: /home/mcav/cam_dev_ws/install/pylon_ros2_camera_wrapper/share/pylon_ros2_camera_wrapper/config/CAM5.yaml\n'}
[0.908828] (pylon_ros2_camera_wrapper) StdoutLine: {'line': b'-- Up-to-date: /home/mcav/cam_dev_ws/install/pylon_ros2_camera_wrapper/share/pylon_ros2_camera_wrapper/config/CAM1.yaml\n'}
[0.909001] (pylon_ros2_camera_wrapper) StdoutLine: {'line': b'-- Up-to-date: /home/mcav/cam_dev_ws/install/pylon_ros2_camera_wrapper/share/pylon_ros2_camera_wrapper/config/my_blaze.yaml\n'}
[0.909111] (pylon_ros2_camera_wrapper) StdoutLine: {'line': b'-- Up-to-date: /home/mcav/cam_dev_ws/install/pylon_ros2_camera_wrapper/share/pylon_ros2_camera_wrapper/config/default.yaml\n'}
[0.909211] (pylon_ros2_camera_wrapper) StdoutLine: {'line': b'-- Up-to-date: /home/mcav/cam_dev_ws/install/pylon_ros2_camera_wrapper/share/pylon_ros2_camera_wrapper/config/CAM3.yaml\n'}
[0.909276] (pylon_ros2_camera_wrapper) StdoutLine: {'line': b'-- Up-to-date: /home/mcav/cam_dev_ws/install/pylon_ros2_camera_wrapper/share/pylon_ros2_camera_wrapper/launch\n'}
[0.909356] (pylon_ros2_camera_wrapper) StdoutLine: {'line': b'-- Up-to-date: /home/mcav/cam_dev_ws/install/pylon_ros2_camera_wrapper/share/pylon_ros2_camera_wrapper/launch/pylon_ros2_camera.launch.py\n'}
[0.909541] (pylon_ros2_camera_wrapper) StdoutLine: {'line': b'-- Up-to-date: /home/mcav/cam_dev_ws/install/pylon_ros2_camera_wrapper/share/pylon_ros2_camera_wrapper/launch/my_blaze.launch.py\n'}
[0.909831] (pylon_ros2_camera_wrapper) StdoutLine: {'line': b'-- Up-to-date: /home/mcav/cam_dev_ws/install/pylon_ros2_camera_wrapper/share/pylon_ros2_camera_wrapper/launch/ip_configuration.launch.py\n'}
[0.910080] (pylon_ros2_camera_wrapper) StdoutLine: {'line': b'-- Up-to-date: /home/mcav/cam_dev_ws/install/pylon_ros2_camera_wrapper/share/ament_index/resource_index/package_run_dependencies/pylon_ros2_camera_wrapper\n'}
[0.910259] (pylon_ros2_camera_wrapper) StdoutLine: {'line': b'-- Up-to-date: /home/mcav/cam_dev_ws/install/pylon_ros2_camera_wrapper/share/ament_index/resource_index/parent_prefix_path/pylon_ros2_camera_wrapper\n'}
[0.910387] (pylon_ros2_camera_wrapper) StdoutLine: {'line': b'-- Up-to-date: /home/mcav/cam_dev_ws/install/pylon_ros2_camera_wrapper/share/pylon_ros2_camera_wrapper/environment/ament_prefix_path.sh\n'}
[0.910496] (pylon_ros2_camera_wrapper) StdoutLine: {'line': b'-- Up-to-date: /home/mcav/cam_dev_ws/install/pylon_ros2_camera_wrapper/share/pylon_ros2_camera_wrapper/environment/ament_prefix_path.dsv\n'}
[0.910576] (pylon_ros2_camera_wrapper) StdoutLine: {'line': b'-- Up-to-date: /home/mcav/cam_dev_ws/install/pylon_ros2_camera_wrapper/share/pylon_ros2_camera_wrapper/environment/path.sh\n'}
[0.910683] (pylon_ros2_camera_wrapper) StdoutLine: {'line': b'-- Up-to-date: /home/mcav/cam_dev_ws/install/pylon_ros2_camera_wrapper/share/pylon_ros2_camera_wrapper/environment/path.dsv\n'}
[0.910747] (pylon_ros2_camera_wrapper) StdoutLine: {'line': b'-- Up-to-date: /home/mcav/cam_dev_ws/install/pylon_ros2_camera_wrapper/share/pylon_ros2_camera_wrapper/local_setup.bash\n'}
[0.910938] (pylon_ros2_camera_wrapper) StdoutLine: {'line': b'-- Up-to-date: /home/mcav/cam_dev_ws/install/pylon_ros2_camera_wrapper/share/pylon_ros2_camera_wrapper/local_setup.sh\n'}
[0.911131] (pylon_ros2_camera_wrapper) StdoutLine: {'line': b'-- Up-to-date: /home/mcav/cam_dev_ws/install/pylon_ros2_camera_wrapper/share/pylon_ros2_camera_wrapper/local_setup.zsh\n'}
[0.911328] (pylon_ros2_camera_wrapper) StdoutLine: {'line': b'-- Up-to-date: /home/mcav/cam_dev_ws/install/pylon_ros2_camera_wrapper/share/pylon_ros2_camera_wrapper/local_setup.dsv\n'}
[0.911400] (pylon_ros2_camera_wrapper) StdoutLine: {'line': b'-- Installing: /home/mcav/cam_dev_ws/install/pylon_ros2_camera_wrapper/share/pylon_ros2_camera_wrapper/package.dsv\n'}
[0.911474] (pylon_ros2_camera_wrapper) StdoutLine: {'line': b'-- Up-to-date: /home/mcav/cam_dev_ws/install/pylon_ros2_camera_wrapper/share/ament_index/resource_index/packages/pylon_ros2_camera_wrapper\n'}
[0.911542] (pylon_ros2_camera_wrapper) StdoutLine: {'line': b'-- Up-to-date: /home/mcav/cam_dev_ws/install/pylon_ros2_camera_wrapper/share/ament_index/resource_index/rclcpp_components/pylon_ros2_camera_wrapper\n'}
[0.911618] (pylon_ros2_camera_wrapper) StdoutLine: {'line': b'-- Up-to-date: /home/mcav/cam_dev_ws/install/pylon_ros2_camera_wrapper/share/pylon_ros2_camera_wrapper/cmake/pylon_ros2_camera_wrapperConfig.cmake\n'}
[0.911684] (pylon_ros2_camera_wrapper) StdoutLine: {'line': b'-- Up-to-date: /home/mcav/cam_dev_ws/install/pylon_ros2_camera_wrapper/share/pylon_ros2_camera_wrapper/cmake/pylon_ros2_camera_wrapperConfig-version.cmake\n'}
[0.911750] (pylon_ros2_camera_wrapper) StdoutLine: {'line': b'-- Up-to-date: /home/mcav/cam_dev_ws/install/pylon_ros2_camera_wrapper/share/pylon_ros2_camera_wrapper/package.xml\n'}
[0.913147] (pylon_ros2_camera_wrapper) CommandEnded: {'returncode': 0}
[0.930168] (pylon_ros2_camera_wrapper) JobEnded: {'identifier': 'pylon_ros2_camera_wrapper', 'rc': 0}
[0.931214] (-) EventReactorShutdown: {}
