[0.000000] (-) TimerEvent: {}
[0.000299] (pylon_ros2_camera_interfaces) JobQueued: {'identifier': 'pylon_ros2_camera_interfaces', 'dependencies': OrderedDict()}
[0.000360] (pylon_ros2_camera_component) JobQueued: {'identifier': 'pylon_ros2_camera_component', 'dependencies': OrderedDict([('pylon_ros2_camera_interfaces', '/home/mcav/cam_dev_ws/install/pylon_ros2_camera_interfaces')])}
[0.000403] (pylon_ros2_camera_wrapper) JobQueued: {'identifier': 'pylon_ros2_camera_wrapper', 'dependencies': OrderedDict([('pylon_ros2_camera_interfaces', '/home/mcav/cam_dev_ws/install/pylon_ros2_camera_interfaces'), ('pylon_ros2_camera_component', '/home/mcav/cam_dev_ws/install/pylon_ros2_camera_component')])}
[0.000453] (pylon_ros2_camera_interfaces) JobStarted: {'identifier': 'pylon_ros2_camera_interfaces'}
[0.010764] (pylon_ros2_camera_interfaces) JobProgress: {'identifier': 'pylon_ros2_camera_interfaces', 'progress': 'cmake'}
[0.011529] (pylon_ros2_camera_interfaces) JobProgress: {'identifier': 'pylon_ros2_camera_interfaces', 'progress': 'build'}
[0.012371] (pylon_ros2_camera_interfaces) Command: {'cmd': ['/usr/local/bin/cmake', '--build', '/home/mcav/cam_dev_ws/build/pylon_ros2_camera_interfaces', '--', '-j8', '-l8'], 'cwd': '/home/mcav/cam_dev_ws/build/pylon_ros2_camera_interfaces', 'env': OrderedDict([('LESSOPEN', '| /usr/bin/lesspipe %s'), ('USER', 'mcav'), ('CCACHE_DIR', '/var/tmp/ccache'), ('XDG_SESSION_TYPE', 'x11'), ('SHLVL', '1'), ('LD_LIBRARY_PATH', '/home/mcav/cam_dev_ws/install/pylon_ros2_camera_wrapper/lib:/home/mcav/cam_dev_ws/install/pylon_ros2_camera_component/lib:/home/mcav/cam_dev_ws/install/pylon_ros2_camera_interfaces/lib:/usr/local/cuda/lib64:/usr/local/cuda/lib64:/opt/ros/humble/opt/rviz_ogre_vendor/lib:/opt/ros/humble/lib/x86_64-linux-gnu:/opt/ros/humble/lib'), ('HOME', '/home/mcav'), ('OLDPWD', '/home/mcav'), ('DESKTOP_SESSION', 'ubuntu'), ('ROS_PYTHON_VERSION', '3'), ('GNOME_SHELL_SESSION_MODE', 'ubuntu'), ('GTK_MODULES', 'gail:atk-bridge'), ('SYSTEMD_EXEC_PID', '1883'), ('DBUS_SESSION_BUS_ADDRESS', 'unix:path=/run/user/1000/bus'), ('COLORTERM', 'truecolor'), ('IM_CONFIG_PHASE', '1'), ('COLCON_PREFIX_PATH', '/home/mcav/cam_dev_ws/install'), ('ROS_DISTRO', 'humble'), ('GTK_IM_MODULE', 'ibus'), ('LOGNAME', 'mcav'), ('_', '/usr/bin/colcon'), ('ROS_VERSION', '2'), ('XDG_SESSION_CLASS', 'user'), ('USERNAME', 'mcav'), ('TERM', 'xterm-256color'), ('GNOME_DESKTOP_SESSION_ID', 'this-is-deprecated'), ('ROS_LOCALHOST_ONLY', '0'), ('WINDOWPATH', '2'), ('PATH', '/usr/local/cuda/bin:/usr/local/cuda/bin:/opt/ros/humble/bin:/home/mcav/.local/bin:/home/mcav/bin:/usr/local/sbin:/usr/local/bin:/usr/sbin:/usr/bin:/sbin:/bin:/usr/games:/usr/local/games:/snap/bin:/snap/bin:/home/mcav/.local/bin:/home/mcav/.local/bin'), ('SESSION_MANAGER', 'local/mcav:@/tmp/.ICE-unix/1860,unix/mcav:/tmp/.ICE-unix/1860'), ('XDG_MENU_PREFIX', 'gnome-'), ('GNOME_TERMINAL_SCREEN', '/org/gnome/Terminal/screen/6ea3e941_e1f6_400a_b286_e3289f5fe578'), ('XDG_RUNTIME_DIR', '/run/user/1000'), ('DISPLAY', ':0'), ('LANG', 'en_US.UTF-8'), ('XDG_CURRENT_DESKTOP', 'ubuntu:GNOME'), ('RMW_IMPLEMENTATION', 'rmw_cyclonedds_cpp'), ('XMODIFIERS', '@im=ibus'), ('XDG_SESSION_DESKTOP', 'ubuntu'), ('XAUTHORITY', '/run/user/1000/gdm/Xauthority'), ('LS_COLORS', 'rs=0:di=01;34:ln=01;36:mh=00:pi=40;33:so=01;35:do=01;35:bd=40;33;01:cd=40;33;01:or=40;31;01:mi=00:su=37;41:sg=30;43:ca=30;41:tw=30;42:ow=34;42:st=37;44:ex=01;32:*.tar=01;31:*.tgz=01;31:*.arc=01;31:*.arj=01;31:*.taz=01;31:*.lha=01;31:*.lz4=01;31:*.lzh=01;31:*.lzma=01;31:*.tlz=01;31:*.txz=01;31:*.tzo=01;31:*.t7z=01;31:*.zip=01;31:*.z=01;31:*.dz=01;31:*.gz=01;31:*.lrz=01;31:*.lz=01;31:*.lzo=01;31:*.xz=01;31:*.zst=01;31:*.tzst=01;31:*.bz2=01;31:*.bz=01;31:*.tbz=01;31:*.tbz2=01;31:*.tz=01;31:*.deb=01;31:*.rpm=01;31:*.jar=01;31:*.war=01;31:*.ear=01;31:*.sar=01;31:*.rar=01;31:*.alz=01;31:*.ace=01;31:*.zoo=01;31:*.cpio=01;31:*.7z=01;31:*.rz=01;31:*.cab=01;31:*.wim=01;31:*.swm=01;31:*.dwm=01;31:*.esd=01;31:*.jpg=01;35:*.jpeg=01;35:*.mjpg=01;35:*.mjpeg=01;35:*.gif=01;35:*.bmp=01;35:*.pbm=01;35:*.pgm=01;35:*.ppm=01;35:*.tga=01;35:*.xbm=01;35:*.xpm=01;35:*.tif=01;35:*.tiff=01;35:*.png=01;35:*.svg=01;35:*.svgz=01;35:*.mng=01;35:*.pcx=01;35:*.mov=01;35:*.mpg=01;35:*.mpeg=01;35:*.m2v=01;35:*.mkv=01;35:*.webm=01;35:*.webp=01;35:*.ogm=01;35:*.mp4=01;35:*.m4v=01;35:*.mp4v=01;35:*.vob=01;35:*.qt=01;35:*.nuv=01;35:*.wmv=01;35:*.asf=01;35:*.rm=01;35:*.rmvb=01;35:*.flc=01;35:*.avi=01;35:*.fli=01;35:*.flv=01;35:*.gl=01;35:*.dl=01;35:*.xcf=01;35:*.xwd=01;35:*.yuv=01;35:*.cgm=01;35:*.emf=01;35:*.ogv=01;35:*.ogx=01;35:*.aac=00;36:*.au=00;36:*.flac=00;36:*.m4a=00;36:*.mid=00;36:*.midi=00;36:*.mka=00;36:*.mp3=00;36:*.mpc=00;36:*.ogg=00;36:*.ra=00;36:*.wav=00;36:*.oga=00;36:*.opus=00;36:*.spx=00;36:*.xspf=00;36:'), ('GNOME_TERMINAL_SERVICE', ':1.92'), ('SSH_AGENT_LAUNCHER', 'gnome-keyring'), ('SSH_AUTH_SOCK', '/run/user/1000/keyring/ssh'), ('AMENT_PREFIX_PATH', '/home/mcav/cam_dev_ws/install/pylon_ros2_camera_wrapper:/home/mcav/cam_dev_ws/install/pylon_ros2_camera_component:/home/mcav/cam_dev_ws/install/pylon_ros2_camera_interfaces:/opt/ros/humble'), ('SHELL', '/bin/bash'), ('QT_ACCESSIBILITY', '1'), ('CXX', '/usr/lib/ccache/g++'), ('GDMSESSION', 'ubuntu'), ('LESSCLOSE', '/usr/bin/lesspipe %s %s'), ('GPG_AGENT_INFO', '/run/user/1000/gnupg/S.gpg-agent:0:1'), ('QT_IM_MODULE', 'ibus'), ('PWD', '/home/mcav/cam_dev_ws/build/pylon_ros2_camera_interfaces'), ('LC_ALL', 'en_US.UTF-8'), ('XDG_CONFIG_DIRS', '/etc/xdg/xdg-ubuntu:/etc/xdg'), ('PYLON_ROOT', '/opt/pylon'), ('XDG_DATA_DIRS', '/usr/share/ubuntu:/usr/share/gnome:/usr/local/share/:/usr/share/:/var/lib/snapd/desktop'), ('PYTHONPATH', '/home/mcav/cam_dev_ws/install/pylon_ros2_camera_interfaces/local/lib/python3.10/dist-packages:/opt/ros/humble/lib/python3.10/site-packages:/opt/ros/humble/local/lib/python3.10/dist-packages'), ('CC', '/usr/lib/ccache/gcc'), ('COLCON', '1'), ('GENICAM_GENTL64_PATH', ':/opt/pylon/lib/gentlproducer/gtl:/opt/pylon/lib/pylonCXP/bin/'), ('VTE_VERSION', '6800'), ('CMAKE_PREFIX_PATH', '/home/mcav/cam_dev_ws/install/pylon_ros2_camera_wrapper:/home/mcav/cam_dev_ws/install/pylon_ros2_camera_component:/home/mcav/cam_dev_ws/install/pylon_ros2_camera_interfaces:/opt/ros/humble')]), 'shell': False}
[0.058065] (pylon_ros2_camera_interfaces) StdoutLine: {'line': b'[  1%] Built target pylon_ros2_camera_interfaces__rs\n'}
[0.066312] (pylon_ros2_camera_interfaces) StdoutLine: {'line': b'[  1%] Built target pylon_ros2_camera_interfaces__cpp\n'}
[0.070466] (pylon_ros2_camera_interfaces) StdoutLine: {'line': b'[  1%] Built target ament_cmake_python_copy_pylon_ros2_camera_interfaces\n'}
[0.072259] (pylon_ros2_camera_interfaces) StdoutLine: {'line': b'[ 13%] Built target pylon_ros2_camera_interfaces__rosidl_generator_c\n'}
[0.098986] (-) TimerEvent: {}
[0.102371] (pylon_ros2_camera_interfaces) StdoutLine: {'line': b'[ 25%] Built target pylon_ros2_camera_interfaces__rosidl_typesupport_c\n'}
[0.105955] (pylon_ros2_camera_interfaces) StdoutLine: {'line': b'[ 37%] Built target pylon_ros2_camera_interfaces__rosidl_typesupport_cpp\n'}
[0.107815] (pylon_ros2_camera_interfaces) StdoutLine: {'line': b'[ 49%] Built target pylon_ros2_camera_interfaces__rosidl_typesupport_introspection_c\n'}
[0.109323] (pylon_ros2_camera_interfaces) StdoutLine: {'line': b'[ 61%] Built target pylon_ros2_camera_interfaces__rosidl_typesupport_introspection_cpp\n'}
[0.118900] (pylon_ros2_camera_interfaces) StdoutLine: {'line': b'[ 83%] Built target pylon_ros2_camera_interfaces__rosidl_typesupport_fastrtps_cpp\n'}
[0.119153] (pylon_ros2_camera_interfaces) StdoutLine: {'line': b'[ 85%] Built target pylon_ros2_camera_interfaces__rosidl_typesupport_fastrtps_c\n'}
[0.131831] (pylon_ros2_camera_interfaces) StdoutLine: {'line': b'[ 85%] Built target pylon_ros2_camera_interfaces\n'}
[0.146150] (pylon_ros2_camera_interfaces) StdoutLine: {'line': b'[ 86%] Built target pylon_ros2_camera_interfaces__py\n'}
[0.175946] (pylon_ros2_camera_interfaces) StdoutLine: {'line': b'[ 97%] Built target pylon_ros2_camera_interfaces__rosidl_generator_py\n'}
[0.190607] (pylon_ros2_camera_interfaces) StdoutLine: {'line': b'[ 98%] Built target pylon_ros2_camera_interfaces__rosidl_typesupport_introspection_c__pyext\n'}
[0.191870] (pylon_ros2_camera_interfaces) StdoutLine: {'line': b'[ 99%] Built target pylon_ros2_camera_interfaces__rosidl_typesupport_fastrtps_c__pyext\n'}
[0.192932] (pylon_ros2_camera_interfaces) StdoutLine: {'line': b'[100%] Built target pylon_ros2_camera_interfaces__rosidl_typesupport_c__pyext\n'}
[0.199060] (-) TimerEvent: {}
[0.299397] (-) TimerEvent: {}
[0.399722] (-) TimerEvent: {}
[0.500034] (-) TimerEvent: {}
[0.597075] (pylon_ros2_camera_interfaces) StdoutLine: {'line': b'running egg_info\n'}
[0.598049] (pylon_ros2_camera_interfaces) StdoutLine: {'line': b'writing pylon_ros2_camera_interfaces.egg-info/PKG-INFO\n'}
[0.598301] (pylon_ros2_camera_interfaces) StdoutLine: {'line': b'writing dependency_links to pylon_ros2_camera_interfaces.egg-info/dependency_links.txt\n'}
[0.598584] (pylon_ros2_camera_interfaces) StdoutLine: {'line': b'writing top-level names to pylon_ros2_camera_interfaces.egg-info/top_level.txt\n'}
[0.600102] (-) TimerEvent: {}
[0.602997] (pylon_ros2_camera_interfaces) StdoutLine: {'line': b"reading manifest file 'pylon_ros2_camera_interfaces.egg-info/SOURCES.txt'\n"}
[0.605053] (pylon_ros2_camera_interfaces) StdoutLine: {'line': b"writing manifest file 'pylon_ros2_camera_interfaces.egg-info/SOURCES.txt'\n"}
[0.631564] (pylon_ros2_camera_interfaces) StdoutLine: {'line': b'[100%] Built target ament_cmake_python_build_pylon_ros2_camera_interfaces_egg\n'}
[0.639989] (pylon_ros2_camera_interfaces) CommandEnded: {'returncode': 0}
[0.641239] (pylon_ros2_camera_interfaces) JobProgress: {'identifier': 'pylon_ros2_camera_interfaces', 'progress': 'install'}
[0.646697] (pylon_ros2_camera_interfaces) Command: {'cmd': ['/usr/local/bin/cmake', '--install', '/home/mcav/cam_dev_ws/build/pylon_ros2_camera_interfaces'], 'cwd': '/home/mcav/cam_dev_ws/build/pylon_ros2_camera_interfaces', 'env': OrderedDict([('LESSOPEN', '| /usr/bin/lesspipe %s'), ('USER', 'mcav'), ('CCACHE_DIR', '/var/tmp/ccache'), ('XDG_SESSION_TYPE', 'x11'), ('SHLVL', '1'), ('LD_LIBRARY_PATH', '/home/mcav/cam_dev_ws/install/pylon_ros2_camera_wrapper/lib:/home/mcav/cam_dev_ws/install/pylon_ros2_camera_component/lib:/home/mcav/cam_dev_ws/install/pylon_ros2_camera_interfaces/lib:/usr/local/cuda/lib64:/usr/local/cuda/lib64:/opt/ros/humble/opt/rviz_ogre_vendor/lib:/opt/ros/humble/lib/x86_64-linux-gnu:/opt/ros/humble/lib'), ('HOME', '/home/mcav'), ('OLDPWD', '/home/mcav'), ('DESKTOP_SESSION', 'ubuntu'), ('ROS_PYTHON_VERSION', '3'), ('GNOME_SHELL_SESSION_MODE', 'ubuntu'), ('GTK_MODULES', 'gail:atk-bridge'), ('SYSTEMD_EXEC_PID', '1883'), ('DBUS_SESSION_BUS_ADDRESS', 'unix:path=/run/user/1000/bus'), ('COLORTERM', 'truecolor'), ('IM_CONFIG_PHASE', '1'), ('COLCON_PREFIX_PATH', '/home/mcav/cam_dev_ws/install'), ('ROS_DISTRO', 'humble'), ('GTK_IM_MODULE', 'ibus'), ('LOGNAME', 'mcav'), ('_', '/usr/bin/colcon'), ('ROS_VERSION', '2'), ('XDG_SESSION_CLASS', 'user'), ('USERNAME', 'mcav'), ('TERM', 'xterm-256color'), ('GNOME_DESKTOP_SESSION_ID', 'this-is-deprecated'), ('ROS_LOCALHOST_ONLY', '0'), ('WINDOWPATH', '2'), ('PATH', '/usr/local/cuda/bin:/usr/local/cuda/bin:/opt/ros/humble/bin:/home/mcav/.local/bin:/home/mcav/bin:/usr/local/sbin:/usr/local/bin:/usr/sbin:/usr/bin:/sbin:/bin:/usr/games:/usr/local/games:/snap/bin:/snap/bin:/home/mcav/.local/bin:/home/mcav/.local/bin'), ('SESSION_MANAGER', 'local/mcav:@/tmp/.ICE-unix/1860,unix/mcav:/tmp/.ICE-unix/1860'), ('XDG_MENU_PREFIX', 'gnome-'), ('GNOME_TERMINAL_SCREEN', '/org/gnome/Terminal/screen/6ea3e941_e1f6_400a_b286_e3289f5fe578'), ('XDG_RUNTIME_DIR', '/run/user/1000'), ('DISPLAY', ':0'), ('LANG', 'en_US.UTF-8'), ('XDG_CURRENT_DESKTOP', 'ubuntu:GNOME'), ('RMW_IMPLEMENTATION', 'rmw_cyclonedds_cpp'), ('XMODIFIERS', '@im=ibus'), ('XDG_SESSION_DESKTOP', 'ubuntu'), ('XAUTHORITY', '/run/user/1000/gdm/Xauthority'), ('LS_COLORS', 'rs=0:di=01;34:ln=01;36:mh=00:pi=40;33:so=01;35:do=01;35:bd=40;33;01:cd=40;33;01:or=40;31;01:mi=00:su=37;41:sg=30;43:ca=30;41:tw=30;42:ow=34;42:st=37;44:ex=01;32:*.tar=01;31:*.tgz=01;31:*.arc=01;31:*.arj=01;31:*.taz=01;31:*.lha=01;31:*.lz4=01;31:*.lzh=01;31:*.lzma=01;31:*.tlz=01;31:*.txz=01;31:*.tzo=01;31:*.t7z=01;31:*.zip=01;31:*.z=01;31:*.dz=01;31:*.gz=01;31:*.lrz=01;31:*.lz=01;31:*.lzo=01;31:*.xz=01;31:*.zst=01;31:*.tzst=01;31:*.bz2=01;31:*.bz=01;31:*.tbz=01;31:*.tbz2=01;31:*.tz=01;31:*.deb=01;31:*.rpm=01;31:*.jar=01;31:*.war=01;31:*.ear=01;31:*.sar=01;31:*.rar=01;31:*.alz=01;31:*.ace=01;31:*.zoo=01;31:*.cpio=01;31:*.7z=01;31:*.rz=01;31:*.cab=01;31:*.wim=01;31:*.swm=01;31:*.dwm=01;31:*.esd=01;31:*.jpg=01;35:*.jpeg=01;35:*.mjpg=01;35:*.mjpeg=01;35:*.gif=01;35:*.bmp=01;35:*.pbm=01;35:*.pgm=01;35:*.ppm=01;35:*.tga=01;35:*.xbm=01;35:*.xpm=01;35:*.tif=01;35:*.tiff=01;35:*.png=01;35:*.svg=01;35:*.svgz=01;35:*.mng=01;35:*.pcx=01;35:*.mov=01;35:*.mpg=01;35:*.mpeg=01;35:*.m2v=01;35:*.mkv=01;35:*.webm=01;35:*.webp=01;35:*.ogm=01;35:*.mp4=01;35:*.m4v=01;35:*.mp4v=01;35:*.vob=01;35:*.qt=01;35:*.nuv=01;35:*.wmv=01;35:*.asf=01;35:*.rm=01;35:*.rmvb=01;35:*.flc=01;35:*.avi=01;35:*.fli=01;35:*.flv=01;35:*.gl=01;35:*.dl=01;35:*.xcf=01;35:*.xwd=01;35:*.yuv=01;35:*.cgm=01;35:*.emf=01;35:*.ogv=01;35:*.ogx=01;35:*.aac=00;36:*.au=00;36:*.flac=00;36:*.m4a=00;36:*.mid=00;36:*.midi=00;36:*.mka=00;36:*.mp3=00;36:*.mpc=00;36:*.ogg=00;36:*.ra=00;36:*.wav=00;36:*.oga=00;36:*.opus=00;36:*.spx=00;36:*.xspf=00;36:'), ('GNOME_TERMINAL_SERVICE', ':1.92'), ('SSH_AGENT_LAUNCHER', 'gnome-keyring'), ('SSH_AUTH_SOCK', '/run/user/1000/keyring/ssh'), ('AMENT_PREFIX_PATH', '/home/mcav/cam_dev_ws/install/pylon_ros2_camera_wrapper:/home/mcav/cam_dev_ws/install/pylon_ros2_camera_component:/home/mcav/cam_dev_ws/install/pylon_ros2_camera_interfaces:/opt/ros/humble'), ('SHELL', '/bin/bash'), ('QT_ACCESSIBILITY', '1'), ('CXX', '/usr/lib/ccache/g++'), ('GDMSESSION', 'ubuntu'), ('LESSCLOSE', '/usr/bin/lesspipe %s %s'), ('GPG_AGENT_INFO', '/run/user/1000/gnupg/S.gpg-agent:0:1'), ('QT_IM_MODULE', 'ibus'), ('PWD', '/home/mcav/cam_dev_ws/build/pylon_ros2_camera_interfaces'), ('LC_ALL', 'en_US.UTF-8'), ('XDG_CONFIG_DIRS', '/etc/xdg/xdg-ubuntu:/etc/xdg'), ('PYLON_ROOT', '/opt/pylon'), ('XDG_DATA_DIRS', '/usr/share/ubuntu:/usr/share/gnome:/usr/local/share/:/usr/share/:/var/lib/snapd/desktop'), ('PYTHONPATH', '/home/mcav/cam_dev_ws/install/pylon_ros2_camera_interfaces/local/lib/python3.10/dist-packages:/opt/ros/humble/lib/python3.10/site-packages:/opt/ros/humble/local/lib/python3.10/dist-packages'), ('CC', '/usr/lib/ccache/gcc'), ('COLCON', '1'), ('GENICAM_GENTL64_PATH', ':/opt/pylon/lib/gentlproducer/gtl:/opt/pylon/lib/pylonCXP/bin/'), ('VTE_VERSION', '6800'), ('CMAKE_PREFIX_PATH', '/home/mcav/cam_dev_ws/install/pylon_ros2_camera_wrapper:/home/mcav/cam_dev_ws/install/pylon_ros2_camera_component:/home/mcav/cam_dev_ws/install/pylon_ros2_camera_interfaces:/opt/ros/humble')]), 'shell': False}
[0.650798] (pylon_ros2_camera_interfaces) StdoutLine: {'line': b'-- Install configuration: ""\n'}
[0.651032] (pylon_ros2_camera_interfaces) StdoutLine: {'line': b'-- Up-to-date: /home/mcav/cam_dev_ws/install/pylon_ros2_camera_interfaces/share/ament_index/resource_index/rosidl_interfaces/pylon_ros2_camera_interfaces\n'}
[0.651241] (pylon_ros2_camera_interfaces) StdoutLine: {'line': b'-- Up-to-date: /home/mcav/cam_dev_ws/install/pylon_ros2_camera_interfaces/include/pylon_ros2_camera_interfaces/pylon_ros2_camera_interfaces\n'}
[0.651462] (pylon_ros2_camera_interfaces) StdoutLine: {'line': b'-- Up-to-date: /home/mcav/cam_dev_ws/install/pylon_ros2_camera_interfaces/include/pylon_ros2_camera_interfaces/pylon_ros2_camera_interfaces/msg\n'}
[0.651660] (pylon_ros2_camera_interfaces) StdoutLine: {'line': b'-- Up-to-date: /home/mcav/cam_dev_ws/install/pylon_ros2_camera_interfaces/include/pylon_ros2_camera_interfaces/pylon_ros2_camera_interfaces/msg/rosidl_generator_c__visibility_control.h\n'}
[0.651768] (pylon_ros2_camera_interfaces) StdoutLine: {'line': b'-- Up-to-date: /home/mcav/cam_dev_ws/install/pylon_ros2_camera_interfaces/include/pylon_ros2_camera_interfaces/pylon_ros2_camera_interfaces/msg/detail\n'}
[0.651888] (pylon_ros2_camera_interfaces) StdoutLine: {'line': b'-- Up-to-date: /home/mcav/cam_dev_ws/install/pylon_ros2_camera_interfaces/include/pylon_ros2_camera_interfaces/pylon_ros2_camera_interfaces/msg/detail/component_status__functions.h\n'}
[0.652043] (pylon_ros2_camera_interfaces) StdoutLine: {'line': b'-- Up-to-date: /home/mcav/cam_dev_ws/install/pylon_ros2_camera_interfaces/include/pylon_ros2_camera_interfaces/pylon_ros2_camera_interfaces/msg/detail/current_params__functions.h\n'}
[0.652195] (pylon_ros2_camera_interfaces) StdoutLine: {'line': b'-- Up-to-date: /home/mcav/cam_dev_ws/install/pylon_ros2_camera_interfaces/include/pylon_ros2_camera_interfaces/pylon_ros2_camera_interfaces/msg/detail/component_status__functions.c\n'}
[0.652347] (pylon_ros2_camera_interfaces) StdoutLine: {'line': b'-- Up-to-date: /home/mcav/cam_dev_ws/install/pylon_ros2_camera_interfaces/include/pylon_ros2_camera_interfaces/pylon_ros2_camera_interfaces/msg/detail/current_params__type_support.h\n'}
[0.652501] (pylon_ros2_camera_interfaces) StdoutLine: {'line': b'-- Up-to-date: /home/mcav/cam_dev_ws/install/pylon_ros2_camera_interfaces/include/pylon_ros2_camera_interfaces/pylon_ros2_camera_interfaces/msg/detail/component_status__struct.h\n'}
[0.652660] (pylon_ros2_camera_interfaces) StdoutLine: {'line': b'-- Up-to-date: /home/mcav/cam_dev_ws/install/pylon_ros2_camera_interfaces/include/pylon_ros2_camera_interfaces/pylon_ros2_camera_interfaces/msg/detail/current_params__struct.h\n'}
[0.652791] (pylon_ros2_camera_interfaces) StdoutLine: {'line': b'-- Up-to-date: /home/mcav/cam_dev_ws/install/pylon_ros2_camera_interfaces/include/pylon_ros2_camera_interfaces/pylon_ros2_camera_interfaces/msg/detail/component_status__type_support.h\n'}
[0.652934] (pylon_ros2_camera_interfaces) StdoutLine: {'line': b'-- Up-to-date: /home/mcav/cam_dev_ws/install/pylon_ros2_camera_interfaces/include/pylon_ros2_camera_interfaces/pylon_ros2_camera_interfaces/msg/detail/current_params__functions.c\n'}
[0.653049] (pylon_ros2_camera_interfaces) StdoutLine: {'line': b'-- Up-to-date: /home/mcav/cam_dev_ws/install/pylon_ros2_camera_interfaces/include/pylon_ros2_camera_interfaces/pylon_ros2_camera_interfaces/msg/current_params.h\n'}
[0.653198] (pylon_ros2_camera_interfaces) StdoutLine: {'line': b'-- Up-to-date: /home/mcav/cam_dev_ws/install/pylon_ros2_camera_interfaces/include/pylon_ros2_camera_interfaces/pylon_ros2_camera_interfaces/msg/component_status.h\n'}
[0.653341] (pylon_ros2_camera_interfaces) StdoutLine: {'line': b'-- Up-to-date: /home/mcav/cam_dev_ws/install/pylon_ros2_camera_interfaces/include/pylon_ros2_camera_interfaces/pylon_ros2_camera_interfaces/action\n'}
[0.653473] (pylon_ros2_camera_interfaces) StdoutLine: {'line': b'-- Up-to-date: /home/mcav/cam_dev_ws/install/pylon_ros2_camera_interfaces/include/pylon_ros2_camera_interfaces/pylon_ros2_camera_interfaces/action/grab_images.h\n'}
[0.653727] (pylon_ros2_camera_interfaces) StdoutLine: {'line': b'-- Up-to-date: /home/mcav/cam_dev_ws/install/pylon_ros2_camera_interfaces/include/pylon_ros2_camera_interfaces/pylon_ros2_camera_interfaces/action/detail\n'}
[0.653918] (pylon_ros2_camera_interfaces) StdoutLine: {'line': b'-- Up-to-date: /home/mcav/cam_dev_ws/install/pylon_ros2_camera_interfaces/include/pylon_ros2_camera_interfaces/pylon_ros2_camera_interfaces/action/detail/grab_images__type_support.h\n'}
[0.654127] (pylon_ros2_camera_interfaces) StdoutLine: {'line': b'-- Up-to-date: /home/mcav/cam_dev_ws/install/pylon_ros2_camera_interfaces/include/pylon_ros2_camera_interfaces/pylon_ros2_camera_interfaces/action/detail/grab_images__struct.h\n'}
[0.654337] (pylon_ros2_camera_interfaces) StdoutLine: {'line': b'-- Up-to-date: /home/mcav/cam_dev_ws/install/pylon_ros2_camera_interfaces/include/pylon_ros2_camera_interfaces/pylon_ros2_camera_interfaces/action/detail/grab_images__functions.h\n'}
[0.654524] (pylon_ros2_camera_interfaces) StdoutLine: {'line': b'-- Up-to-date: /home/mcav/cam_dev_ws/install/pylon_ros2_camera_interfaces/include/pylon_ros2_camera_interfaces/pylon_ros2_camera_interfaces/action/detail/grab_blaze_data__type_support.h\n'}
[0.654734] (pylon_ros2_camera_interfaces) StdoutLine: {'line': b'-- Up-to-date: /home/mcav/cam_dev_ws/install/pylon_ros2_camera_interfaces/include/pylon_ros2_camera_interfaces/pylon_ros2_camera_interfaces/action/detail/grab_blaze_data__functions.c\n'}
[0.654883] (pylon_ros2_camera_interfaces) StdoutLine: {'line': b'-- Up-to-date: /home/mcav/cam_dev_ws/install/pylon_ros2_camera_interfaces/include/pylon_ros2_camera_interfaces/pylon_ros2_camera_interfaces/action/detail/grab_blaze_data__struct.h\n'}
[0.655028] (pylon_ros2_camera_interfaces) StdoutLine: {'line': b'-- Up-to-date: /home/mcav/cam_dev_ws/install/pylon_ros2_camera_interfaces/include/pylon_ros2_camera_interfaces/pylon_ros2_camera_interfaces/action/detail/grab_images__functions.c\n'}
[0.655149] (pylon_ros2_camera_interfaces) StdoutLine: {'line': b'-- Up-to-date: /home/mcav/cam_dev_ws/install/pylon_ros2_camera_interfaces/include/pylon_ros2_camera_interfaces/pylon_ros2_camera_interfaces/action/detail/grab_blaze_data__functions.h\n'}
[0.655261] (pylon_ros2_camera_interfaces) StdoutLine: {'line': b'-- Up-to-date: /home/mcav/cam_dev_ws/install/pylon_ros2_camera_interfaces/include/pylon_ros2_camera_interfaces/pylon_ros2_camera_interfaces/action/grab_blaze_data.h\n'}
[0.655417] (pylon_ros2_camera_interfaces) StdoutLine: {'line': b'-- Up-to-date: /home/mcav/cam_dev_ws/install/pylon_ros2_camera_interfaces/include/pylon_ros2_camera_interfaces/pylon_ros2_camera_interfaces/srv\n'}
[0.655530] (pylon_ros2_camera_interfaces) StdoutLine: {'line': b'-- Up-to-date: /home/mcav/cam_dev_ws/install/pylon_ros2_camera_interfaces/include/pylon_ros2_camera_interfaces/pylon_ros2_camera_interfaces/srv/issue_scheduled_action_command.h\n'}
[0.655689] (pylon_ros2_camera_interfaces) StdoutLine: {'line': b'-- Up-to-date: /home/mcav/cam_dev_ws/install/pylon_ros2_camera_interfaces/include/pylon_ros2_camera_interfaces/pylon_ros2_camera_interfaces/srv/set_exposure.h\n'}
[0.655890] (pylon_ros2_camera_interfaces) StdoutLine: {'line': b'-- Up-to-date: /home/mcav/cam_dev_ws/install/pylon_ros2_camera_interfaces/include/pylon_ros2_camera_interfaces/pylon_ros2_camera_interfaces/srv/get_integer_value.h\n'}
[0.656052] (pylon_ros2_camera_interfaces) StdoutLine: {'line': b'-- Up-to-date: /home/mcav/cam_dev_ws/install/pylon_ros2_camera_interfaces/include/pylon_ros2_camera_interfaces/pylon_ros2_camera_interfaces/srv/detail\n'}
[0.656205] (pylon_ros2_camera_interfaces) StdoutLine: {'line': b'-- Up-to-date: /home/mcav/cam_dev_ws/install/pylon_ros2_camera_interfaces/include/pylon_ros2_camera_interfaces/pylon_ros2_camera_interfaces/srv/detail/get_ptp_status__functions.c\n'}
[0.656382] (pylon_ros2_camera_interfaces) StdoutLine: {'line': b'-- Up-to-date: /home/mcav/cam_dev_ws/install/pylon_ros2_camera_interfaces/include/pylon_ros2_camera_interfaces/pylon_ros2_camera_interfaces/srv/detail/set_exposure__functions.c\n'}
[0.656736] (pylon_ros2_camera_interfaces) StdoutLine: {'line': b'-- Up-to-date: /home/mcav/cam_dev_ws/install/pylon_ros2_camera_interfaces/include/pylon_ros2_camera_interfaces/pylon_ros2_camera_interfaces/srv/detail/set_exposure__struct.h\n'}
[0.656923] (pylon_ros2_camera_interfaces) StdoutLine: {'line': b'-- Up-to-date: /home/mcav/cam_dev_ws/install/pylon_ros2_camera_interfaces/include/pylon_ros2_camera_interfaces/pylon_ros2_camera_interfaces/srv/detail/get_ptp_status__struct.h\n'}
[0.657038] (pylon_ros2_camera_interfaces) StdoutLine: {'line': b'-- Up-to-date: /home/mcav/cam_dev_ws/install/pylon_ros2_camera_interfaces/include/pylon_ros2_camera_interfaces/pylon_ros2_camera_interfaces/srv/detail/issue_scheduled_action_command__functions.h\n'}
[0.657177] (pylon_ros2_camera_interfaces) StdoutLine: {'line': b'-- Up-to-date: /home/mcav/cam_dev_ws/install/pylon_ros2_camera_interfaces/include/pylon_ros2_camera_interfaces/pylon_ros2_camera_interfaces/srv/detail/get_float_value__functions.c\n'}
[0.657392] (pylon_ros2_camera_interfaces) StdoutLine: {'line': b'-- Up-to-date: /home/mcav/cam_dev_ws/install/pylon_ros2_camera_interfaces/include/pylon_ros2_camera_interfaces/pylon_ros2_camera_interfaces/srv/detail/issue_scheduled_action_command__functions.c\n'}
[0.657549] (pylon_ros2_camera_interfaces) StdoutLine: {'line': b'-- Up-to-date: /home/mcav/cam_dev_ws/install/pylon_ros2_camera_interfaces/include/pylon_ros2_camera_interfaces/pylon_ros2_camera_interfaces/srv/detail/set_string_value__functions.c\n'}
[0.657715] (pylon_ros2_camera_interfaces) StdoutLine: {'line': b'-- Up-to-date: /home/mcav/cam_dev_ws/install/pylon_ros2_camera_interfaces/include/pylon_ros2_camera_interfaces/pylon_ros2_camera_interfaces/srv/detail/get_string_value__functions.h\n'}
[0.657886] (pylon_ros2_camera_interfaces) StdoutLine: {'line': b'-- Up-to-date: /home/mcav/cam_dev_ws/install/pylon_ros2_camera_interfaces/include/pylon_ros2_camera_interfaces/pylon_ros2_camera_interfaces/srv/detail/set_integer_value__functions.c\n'}
[0.658068] (pylon_ros2_camera_interfaces) StdoutLine: {'line': b'-- Up-to-date: /home/mcav/cam_dev_ws/install/pylon_ros2_camera_interfaces/include/pylon_ros2_camera_interfaces/pylon_ros2_camera_interfaces/srv/detail/set_sleeping__functions.c\n'}
[0.658257] (pylon_ros2_camera_interfaces) StdoutLine: {'line': b'-- Up-to-date: /home/mcav/cam_dev_ws/install/pylon_ros2_camera_interfaces/include/pylon_ros2_camera_interfaces/pylon_ros2_camera_interfaces/srv/detail/set_gamma__functions.c\n'}
[0.658446] (pylon_ros2_camera_interfaces) StdoutLine: {'line': b'-- Up-to-date: /home/mcav/cam_dev_ws/install/pylon_ros2_camera_interfaces/include/pylon_ros2_camera_interfaces/pylon_ros2_camera_interfaces/srv/detail/set_exposure__type_support.h\n'}
[0.658626] (pylon_ros2_camera_interfaces) StdoutLine: {'line': b'-- Up-to-date: /home/mcav/cam_dev_ws/install/pylon_ros2_camera_interfaces/include/pylon_ros2_camera_interfaces/pylon_ros2_camera_interfaces/srv/detail/set_float_value__type_support.h\n'}
[0.658792] (pylon_ros2_camera_interfaces) StdoutLine: {'line': b'-- Up-to-date: /home/mcav/cam_dev_ws/install/pylon_ros2_camera_interfaces/include/pylon_ros2_camera_interfaces/pylon_ros2_camera_interfaces/srv/detail/set_white_balance__functions.c\n'}
[0.658960] (pylon_ros2_camera_interfaces) StdoutLine: {'line': b'-- Up-to-date: /home/mcav/cam_dev_ws/install/pylon_ros2_camera_interfaces/include/pylon_ros2_camera_interfaces/pylon_ros2_camera_interfaces/srv/detail/set_roi__struct.h\n'}
[0.659110] (pylon_ros2_camera_interfaces) StdoutLine: {'line': b'-- Up-to-date: /home/mcav/cam_dev_ws/install/pylon_ros2_camera_interfaces/include/pylon_ros2_camera_interfaces/pylon_ros2_camera_interfaces/srv/detail/set_brightness__struct.h\n'}
[0.659274] (pylon_ros2_camera_interfaces) StdoutLine: {'line': b'-- Up-to-date: /home/mcav/cam_dev_ws/install/pylon_ros2_camera_interfaces/include/pylon_ros2_camera_interfaces/pylon_ros2_camera_interfaces/srv/detail/issue_scheduled_action_command__struct.h\n'}
[0.659447] (pylon_ros2_camera_interfaces) StdoutLine: {'line': b'-- Up-to-date: /home/mcav/cam_dev_ws/install/pylon_ros2_camera_interfaces/include/pylon_ros2_camera_interfaces/pylon_ros2_camera_interfaces/srv/detail/get_float_value__functions.h\n'}
[0.659687] (pylon_ros2_camera_interfaces) StdoutLine: {'line': b'-- Up-to-date: /home/mcav/cam_dev_ws/install/pylon_ros2_camera_interfaces/include/pylon_ros2_camera_interfaces/pylon_ros2_camera_interfaces/srv/detail/set_roi__type_support.h\n'}
[0.659890] (pylon_ros2_camera_interfaces) StdoutLine: {'line': b'-- Up-to-date: /home/mcav/cam_dev_ws/install/pylon_ros2_camera_interfaces/include/pylon_ros2_camera_interfaces/pylon_ros2_camera_interfaces/srv/detail/set_gain__functions.c\n'}
[0.660089] (pylon_ros2_camera_interfaces) StdoutLine: {'line': b'-- Up-to-date: /home/mcav/cam_dev_ws/install/pylon_ros2_camera_interfaces/include/pylon_ros2_camera_interfaces/pylon_ros2_camera_interfaces/srv/detail/issue_action_command__struct.h\n'}
[0.660295] (pylon_ros2_camera_interfaces) StdoutLine: {'line': b'-- Up-to-date: /home/mcav/cam_dev_ws/install/pylon_ros2_camera_interfaces/include/pylon_ros2_camera_interfaces/pylon_ros2_camera_interfaces/srv/detail/get_string_value__type_support.h\n'}
[0.660487] (pylon_ros2_camera_interfaces) StdoutLine: {'line': b'-- Up-to-date: /home/mcav/cam_dev_ws/install/pylon_ros2_camera_interfaces/include/pylon_ros2_camera_interfaces/pylon_ros2_camera_interfaces/srv/detail/get_float_value__struct.h\n'}
[0.660684] (pylon_ros2_camera_interfaces) StdoutLine: {'line': b'-- Up-to-date: /home/mcav/cam_dev_ws/install/pylon_ros2_camera_interfaces/include/pylon_ros2_camera_interfaces/pylon_ros2_camera_interfaces/srv/detail/set_exposure__functions.h\n'}
[0.660924] (pylon_ros2_camera_interfaces) StdoutLine: {'line': b'-- Up-to-date: /home/mcav/cam_dev_ws/install/pylon_ros2_camera_interfaces/include/pylon_ros2_camera_interfaces/pylon_ros2_camera_interfaces/srv/detail/get_string_value__struct.h\n'}
[0.661129] (pylon_ros2_camera_interfaces) StdoutLine: {'line': b'-- Up-to-date: /home/mcav/cam_dev_ws/install/pylon_ros2_camera_interfaces/include/pylon_ros2_camera_interfaces/pylon_ros2_camera_interfaces/srv/detail/set_binning__functions.h\n'}
[0.661317] (pylon_ros2_camera_interfaces) StdoutLine: {'line': b'-- Up-to-date: /home/mcav/cam_dev_ws/install/pylon_ros2_camera_interfaces/include/pylon_ros2_camera_interfaces/pylon_ros2_camera_interfaces/srv/detail/get_integer_value__type_support.h\n'}
[0.661520] (pylon_ros2_camera_interfaces) StdoutLine: {'line': b'-- Up-to-date: /home/mcav/cam_dev_ws/install/pylon_ros2_camera_interfaces/include/pylon_ros2_camera_interfaces/pylon_ros2_camera_interfaces/srv/detail/get_ptp_status__type_support.h\n'}
[0.661662] (pylon_ros2_camera_interfaces) StdoutLine: {'line': b'-- Up-to-date: /home/mcav/cam_dev_ws/install/pylon_ros2_camera_interfaces/include/pylon_ros2_camera_interfaces/pylon_ros2_camera_interfaces/srv/detail/set_brightness__functions.h\n'}
[0.661819] (pylon_ros2_camera_interfaces) StdoutLine: {'line': b'-- Up-to-date: /home/mcav/cam_dev_ws/install/pylon_ros2_camera_interfaces/include/pylon_ros2_camera_interfaces/pylon_ros2_camera_interfaces/srv/detail/set_white_balance__type_support.h\n'}
[0.662011] (pylon_ros2_camera_interfaces) StdoutLine: {'line': b'-- Up-to-date: /home/mcav/cam_dev_ws/install/pylon_ros2_camera_interfaces/include/pylon_ros2_camera_interfaces/pylon_ros2_camera_interfaces/srv/detail/set_float_value__struct.h\n'}
[0.662210] (pylon_ros2_camera_interfaces) StdoutLine: {'line': b'-- Up-to-date: /home/mcav/cam_dev_ws/install/pylon_ros2_camera_interfaces/include/pylon_ros2_camera_interfaces/pylon_ros2_camera_interfaces/srv/detail/set_string_value__functions.h\n'}
[0.662355] (pylon_ros2_camera_interfaces) StdoutLine: {'line': b'-- Up-to-date: /home/mcav/cam_dev_ws/install/pylon_ros2_camera_interfaces/include/pylon_ros2_camera_interfaces/pylon_ros2_camera_interfaces/srv/detail/set_roi__functions.c\n'}
[0.662502] (pylon_ros2_camera_interfaces) StdoutLine: {'line': b'-- Up-to-date: /home/mcav/cam_dev_ws/install/pylon_ros2_camera_interfaces/include/pylon_ros2_camera_interfaces/pylon_ros2_camera_interfaces/srv/detail/set_float_value__functions.c\n'}
[0.662651] (pylon_ros2_camera_interfaces) StdoutLine: {'line': b'-- Up-to-date: /home/mcav/cam_dev_ws/install/pylon_ros2_camera_interfaces/include/pylon_ros2_camera_interfaces/pylon_ros2_camera_interfaces/srv/detail/set_gain__struct.h\n'}
[0.662965] (pylon_ros2_camera_interfaces) StdoutLine: {'line': b'-- Up-to-date: /home/mcav/cam_dev_ws/install/pylon_ros2_camera_interfaces/include/pylon_ros2_camera_interfaces/pylon_ros2_camera_interfaces/srv/detail/set_float_value__functions.h\n'}
[0.663147] (pylon_ros2_camera_interfaces) StdoutLine: {'line': b'-- Up-to-date: /home/mcav/cam_dev_ws/install/pylon_ros2_camera_interfaces/include/pylon_ros2_camera_interfaces/pylon_ros2_camera_interfaces/srv/detail/issue_action_command__functions.h\n'}
[0.663313] (pylon_ros2_camera_interfaces) StdoutLine: {'line': b'-- Up-to-date: /home/mcav/cam_dev_ws/install/pylon_ros2_camera_interfaces/include/pylon_ros2_camera_interfaces/pylon_ros2_camera_interfaces/srv/detail/get_integer_value__functions.c\n'}
[0.663582] (pylon_ros2_camera_interfaces) StdoutLine: {'line': b'-- Up-to-date: /home/mcav/cam_dev_ws/install/pylon_ros2_camera_interfaces/include/pylon_ros2_camera_interfaces/pylon_ros2_camera_interfaces/srv/detail/set_brightness__type_support.h\n'}
[0.663733] (pylon_ros2_camera_interfaces) StdoutLine: {'line': b'-- Up-to-date: /home/mcav/cam_dev_ws/install/pylon_ros2_camera_interfaces/include/pylon_ros2_camera_interfaces/pylon_ros2_camera_interfaces/srv/detail/set_string_value__type_support.h\n'}
[0.663976] (pylon_ros2_camera_interfaces) StdoutLine: {'line': b'-- Up-to-date: /home/mcav/cam_dev_ws/install/pylon_ros2_camera_interfaces/include/pylon_ros2_camera_interfaces/pylon_ros2_camera_interfaces/srv/detail/set_binning__functions.c\n'}
[0.664109] (pylon_ros2_camera_interfaces) StdoutLine: {'line': b'-- Up-to-date: /home/mcav/cam_dev_ws/install/pylon_ros2_camera_interfaces/include/pylon_ros2_camera_interfaces/pylon_ros2_camera_interfaces/srv/detail/set_action_trigger_configuration__functions.h\n'}
[0.664240] (pylon_ros2_camera_interfaces) StdoutLine: {'line': b'-- Up-to-date: /home/mcav/cam_dev_ws/install/pylon_ros2_camera_interfaces/include/pylon_ros2_camera_interfaces/pylon_ros2_camera_interfaces/srv/detail/set_roi__functions.h\n'}
[0.664379] (pylon_ros2_camera_interfaces) StdoutLine: {'line': b'-- Up-to-date: /home/mcav/cam_dev_ws/install/pylon_ros2_camera_interfaces/include/pylon_ros2_camera_interfaces/pylon_ros2_camera_interfaces/srv/detail/set_sleeping__struct.h\n'}
[0.664501] (pylon_ros2_camera_interfaces) StdoutLine: {'line': b'-- Up-to-date: /home/mcav/cam_dev_ws/install/pylon_ros2_camera_interfaces/include/pylon_ros2_camera_interfaces/pylon_ros2_camera_interfaces/srv/detail/issue_scheduled_action_command__type_support.h\n'}
[0.664613] (pylon_ros2_camera_interfaces) StdoutLine: {'line': b'-- Up-to-date: /home/mcav/cam_dev_ws/install/pylon_ros2_camera_interfaces/include/pylon_ros2_camera_interfaces/pylon_ros2_camera_interfaces/srv/detail/set_action_trigger_configuration__type_support.h\n'}
[0.664740] (pylon_ros2_camera_interfaces) StdoutLine: {'line': b'-- Up-to-date: /home/mcav/cam_dev_ws/install/pylon_ros2_camera_interfaces/include/pylon_ros2_camera_interfaces/pylon_ros2_camera_interfaces/srv/detail/set_white_balance__functions.h\n'}
[0.664942] (pylon_ros2_camera_interfaces) StdoutLine: {'line': b'-- Up-to-date: /home/mcav/cam_dev_ws/install/pylon_ros2_camera_interfaces/include/pylon_ros2_camera_interfaces/pylon_ros2_camera_interfaces/srv/detail/get_integer_value__functions.h\n'}
[0.665199] (pylon_ros2_camera_interfaces) StdoutLine: {'line': b'-- Up-to-date: /home/mcav/cam_dev_ws/install/pylon_ros2_camera_interfaces/include/pylon_ros2_camera_interfaces/pylon_ros2_camera_interfaces/srv/detail/set_sleeping__type_support.h\n'}
[0.665436] (pylon_ros2_camera_interfaces) StdoutLine: {'line': b'-- Up-to-date: /home/mcav/cam_dev_ws/install/pylon_ros2_camera_interfaces/include/pylon_ros2_camera_interfaces/pylon_ros2_camera_interfaces/srv/detail/set_integer_value__functions.h\n'}
[0.665680] (pylon_ros2_camera_interfaces) StdoutLine: {'line': b'-- Up-to-date: /home/mcav/cam_dev_ws/install/pylon_ros2_camera_interfaces/include/pylon_ros2_camera_interfaces/pylon_ros2_camera_interfaces/srv/detail/set_white_balance__struct.h\n'}
[0.665925] (pylon_ros2_camera_interfaces) StdoutLine: {'line': b'-- Up-to-date: /home/mcav/cam_dev_ws/install/pylon_ros2_camera_interfaces/include/pylon_ros2_camera_interfaces/pylon_ros2_camera_interfaces/srv/detail/set_sleeping__functions.h\n'}
[0.666185] (pylon_ros2_camera_interfaces) StdoutLine: {'line': b'-- Up-to-date: /home/mcav/cam_dev_ws/install/pylon_ros2_camera_interfaces/include/pylon_ros2_camera_interfaces/pylon_ros2_camera_interfaces/srv/detail/set_action_trigger_configuration__struct.h\n'}
[0.666445] (pylon_ros2_camera_interfaces) StdoutLine: {'line': b'-- Up-to-date: /home/mcav/cam_dev_ws/install/pylon_ros2_camera_interfaces/include/pylon_ros2_camera_interfaces/pylon_ros2_camera_interfaces/srv/detail/set_gamma__functions.h\n'}
[0.666676] (pylon_ros2_camera_interfaces) StdoutLine: {'line': b'-- Up-to-date: /home/mcav/cam_dev_ws/install/pylon_ros2_camera_interfaces/include/pylon_ros2_camera_interfaces/pylon_ros2_camera_interfaces/srv/detail/issue_action_command__functions.c\n'}
[0.666809] (pylon_ros2_camera_interfaces) StdoutLine: {'line': b'-- Up-to-date: /home/mcav/cam_dev_ws/install/pylon_ros2_camera_interfaces/include/pylon_ros2_camera_interfaces/pylon_ros2_camera_interfaces/srv/detail/get_ptp_status__functions.h\n'}
[0.666978] (pylon_ros2_camera_interfaces) StdoutLine: {'line': b'-- Up-to-date: /home/mcav/cam_dev_ws/install/pylon_ros2_camera_interfaces/include/pylon_ros2_camera_interfaces/pylon_ros2_camera_interfaces/srv/detail/set_gamma__struct.h\n'}
[0.667101] (pylon_ros2_camera_interfaces) StdoutLine: {'line': b'-- Up-to-date: /home/mcav/cam_dev_ws/install/pylon_ros2_camera_interfaces/include/pylon_ros2_camera_interfaces/pylon_ros2_camera_interfaces/srv/detail/set_gain__type_support.h\n'}
[0.667214] (pylon_ros2_camera_interfaces) StdoutLine: {'line': b'-- Up-to-date: /home/mcav/cam_dev_ws/install/pylon_ros2_camera_interfaces/include/pylon_ros2_camera_interfaces/pylon_ros2_camera_interfaces/srv/detail/set_action_trigger_configuration__functions.c\n'}
[0.667334] (pylon_ros2_camera_interfaces) StdoutLine: {'line': b'-- Up-to-date: /home/mcav/cam_dev_ws/install/pylon_ros2_camera_interfaces/include/pylon_ros2_camera_interfaces/pylon_ros2_camera_interfaces/srv/detail/get_string_value__functions.c\n'}
[0.667502] (pylon_ros2_camera_interfaces) StdoutLine: {'line': b'-- Up-to-date: /home/mcav/cam_dev_ws/install/pylon_ros2_camera_interfaces/include/pylon_ros2_camera_interfaces/pylon_ros2_camera_interfaces/srv/detail/set_brightness__functions.c\n'}
[0.667616] (pylon_ros2_camera_interfaces) StdoutLine: {'line': b'-- Up-to-date: /home/mcav/cam_dev_ws/install/pylon_ros2_camera_interfaces/include/pylon_ros2_camera_interfaces/pylon_ros2_camera_interfaces/srv/detail/get_integer_value__struct.h\n'}
[0.667728] (pylon_ros2_camera_interfaces) StdoutLine: {'line': b'-- Up-to-date: /home/mcav/cam_dev_ws/install/pylon_ros2_camera_interfaces/include/pylon_ros2_camera_interfaces/pylon_ros2_camera_interfaces/srv/detail/get_float_value__type_support.h\n'}
[0.667934] (pylon_ros2_camera_interfaces) StdoutLine: {'line': b'-- Up-to-date: /home/mcav/cam_dev_ws/install/pylon_ros2_camera_interfaces/include/pylon_ros2_camera_interfaces/pylon_ros2_camera_interfaces/srv/detail/set_integer_value__type_support.h\n'}
[0.668112] (pylon_ros2_camera_interfaces) StdoutLine: {'line': b'-- Up-to-date: /home/mcav/cam_dev_ws/install/pylon_ros2_camera_interfaces/include/pylon_ros2_camera_interfaces/pylon_ros2_camera_interfaces/srv/detail/set_binning__type_support.h\n'}
[0.668312] (pylon_ros2_camera_interfaces) StdoutLine: {'line': b'-- Up-to-date: /home/mcav/cam_dev_ws/install/pylon_ros2_camera_interfaces/include/pylon_ros2_camera_interfaces/pylon_ros2_camera_interfaces/srv/detail/set_string_value__struct.h\n'}
[0.668496] (pylon_ros2_camera_interfaces) StdoutLine: {'line': b'-- Up-to-date: /home/mcav/cam_dev_ws/install/pylon_ros2_camera_interfaces/include/pylon_ros2_camera_interfaces/pylon_ros2_camera_interfaces/srv/detail/set_binning__struct.h\n'}
[0.668677] (pylon_ros2_camera_interfaces) StdoutLine: {'line': b'-- Up-to-date: /home/mcav/cam_dev_ws/install/pylon_ros2_camera_interfaces/include/pylon_ros2_camera_interfaces/pylon_ros2_camera_interfaces/srv/detail/set_gain__functions.h\n'}
[0.668813] (pylon_ros2_camera_interfaces) StdoutLine: {'line': b'-- Up-to-date: /home/mcav/cam_dev_ws/install/pylon_ros2_camera_interfaces/include/pylon_ros2_camera_interfaces/pylon_ros2_camera_interfaces/srv/detail/set_integer_value__struct.h\n'}
[0.668935] (pylon_ros2_camera_interfaces) StdoutLine: {'line': b'-- Up-to-date: /home/mcav/cam_dev_ws/install/pylon_ros2_camera_interfaces/include/pylon_ros2_camera_interfaces/pylon_ros2_camera_interfaces/srv/detail/issue_action_command__type_support.h\n'}
[0.669259] (pylon_ros2_camera_interfaces) StdoutLine: {'line': b'-- Up-to-date: /home/mcav/cam_dev_ws/install/pylon_ros2_camera_interfaces/include/pylon_ros2_camera_interfaces/pylon_ros2_camera_interfaces/srv/detail/set_gamma__type_support.h\n'}
[0.669636] (pylon_ros2_camera_interfaces) StdoutLine: {'line': b'-- Up-to-date: /home/mcav/cam_dev_ws/install/pylon_ros2_camera_interfaces/include/pylon_ros2_camera_interfaces/pylon_ros2_camera_interfaces/srv/set_brightness.h\n'}
[0.669991] (pylon_ros2_camera_interfaces) StdoutLine: {'line': b'-- Up-to-date: /home/mcav/cam_dev_ws/install/pylon_ros2_camera_interfaces/include/pylon_ros2_camera_interfaces/pylon_ros2_camera_interfaces/srv/set_gain.h\n'}
[0.670241] (pylon_ros2_camera_interfaces) StdoutLine: {'line': b'-- Up-to-date: /home/mcav/cam_dev_ws/install/pylon_ros2_camera_interfaces/include/pylon_ros2_camera_interfaces/pylon_ros2_camera_interfaces/srv/set_gamma.h\n'}
[0.670383] (pylon_ros2_camera_interfaces) StdoutLine: {'line': b'-- Up-to-date: /home/mcav/cam_dev_ws/install/pylon_ros2_camera_interfaces/include/pylon_ros2_camera_interfaces/pylon_ros2_camera_interfaces/srv/issue_action_command.h\n'}
[0.670497] (pylon_ros2_camera_interfaces) StdoutLine: {'line': b'-- Up-to-date: /home/mcav/cam_dev_ws/install/pylon_ros2_camera_interfaces/include/pylon_ros2_camera_interfaces/pylon_ros2_camera_interfaces/srv/get_ptp_status.h\n'}
[0.670663] (pylon_ros2_camera_interfaces) StdoutLine: {'line': b'-- Up-to-date: /home/mcav/cam_dev_ws/install/pylon_ros2_camera_interfaces/include/pylon_ros2_camera_interfaces/pylon_ros2_camera_interfaces/srv/set_integer_value.h\n'}
[0.670776] (pylon_ros2_camera_interfaces) StdoutLine: {'line': b'-- Up-to-date: /home/mcav/cam_dev_ws/install/pylon_ros2_camera_interfaces/include/pylon_ros2_camera_interfaces/pylon_ros2_camera_interfaces/srv/set_sleeping.h\n'}
[0.670897] (pylon_ros2_camera_interfaces) StdoutLine: {'line': b'-- Up-to-date: /home/mcav/cam_dev_ws/install/pylon_ros2_camera_interfaces/include/pylon_ros2_camera_interfaces/pylon_ros2_camera_interfaces/srv/set_binning.h\n'}
[0.671014] (pylon_ros2_camera_interfaces) StdoutLine: {'line': b'-- Up-to-date: /home/mcav/cam_dev_ws/install/pylon_ros2_camera_interfaces/include/pylon_ros2_camera_interfaces/pylon_ros2_camera_interfaces/srv/get_float_value.h\n'}
[0.671162] (pylon_ros2_camera_interfaces) StdoutLine: {'line': b'-- Up-to-date: /home/mcav/cam_dev_ws/install/pylon_ros2_camera_interfaces/include/pylon_ros2_camera_interfaces/pylon_ros2_camera_interfaces/srv/set_action_trigger_configuration.h\n'}
[0.671275] (pylon_ros2_camera_interfaces) StdoutLine: {'line': b'-- Up-to-date: /home/mcav/cam_dev_ws/install/pylon_ros2_camera_interfaces/include/pylon_ros2_camera_interfaces/pylon_ros2_camera_interfaces/srv/set_white_balance.h\n'}
[0.671410] (pylon_ros2_camera_interfaces) StdoutLine: {'line': b'-- Up-to-date: /home/mcav/cam_dev_ws/install/pylon_ros2_camera_interfaces/include/pylon_ros2_camera_interfaces/pylon_ros2_camera_interfaces/srv/set_string_value.h\n'}
[0.671619] (pylon_ros2_camera_interfaces) StdoutLine: {'line': b'-- Up-to-date: /home/mcav/cam_dev_ws/install/pylon_ros2_camera_interfaces/include/pylon_ros2_camera_interfaces/pylon_ros2_camera_interfaces/srv/set_float_value.h\n'}
[0.671778] (pylon_ros2_camera_interfaces) StdoutLine: {'line': b'-- Up-to-date: /home/mcav/cam_dev_ws/install/pylon_ros2_camera_interfaces/include/pylon_ros2_camera_interfaces/pylon_ros2_camera_interfaces/srv/get_string_value.h\n'}
[0.671932] (pylon_ros2_camera_interfaces) StdoutLine: {'line': b'-- Up-to-date: /home/mcav/cam_dev_ws/install/pylon_ros2_camera_interfaces/include/pylon_ros2_camera_interfaces/pylon_ros2_camera_interfaces/srv/set_roi.h\n'}
[0.672086] (pylon_ros2_camera_interfaces) StdoutLine: {'line': b'-- Up-to-date: /home/mcav/cam_dev_ws/install/pylon_ros2_camera_interfaces/share/pylon_ros2_camera_interfaces/environment/library_path.sh\n'}
[0.672239] (pylon_ros2_camera_interfaces) StdoutLine: {'line': b'-- Up-to-date: /home/mcav/cam_dev_ws/install/pylon_ros2_camera_interfaces/share/pylon_ros2_camera_interfaces/environment/library_path.dsv\n'}
[0.672369] (pylon_ros2_camera_interfaces) StdoutLine: {'line': b'-- Up-to-date: /home/mcav/cam_dev_ws/install/pylon_ros2_camera_interfaces/lib/libpylon_ros2_camera_interfaces__rosidl_generator_c.so\n'}
[0.672739] (pylon_ros2_camera_interfaces) StdoutLine: {'line': b'-- Up-to-date: /home/mcav/cam_dev_ws/install/pylon_ros2_camera_interfaces/include/pylon_ros2_camera_interfaces/pylon_ros2_camera_interfaces\n'}
[0.673042] (pylon_ros2_camera_interfaces) StdoutLine: {'line': b'-- Up-to-date: /home/mcav/cam_dev_ws/install/pylon_ros2_camera_interfaces/include/pylon_ros2_camera_interfaces/pylon_ros2_camera_interfaces/msg\n'}
[0.673365] (pylon_ros2_camera_interfaces) StdoutLine: {'line': b'-- Up-to-date: /home/mcav/cam_dev_ws/install/pylon_ros2_camera_interfaces/include/pylon_ros2_camera_interfaces/pylon_ros2_camera_interfaces/msg/detail\n'}
[0.673759] (pylon_ros2_camera_interfaces) StdoutLine: {'line': b'-- Up-to-date: /home/mcav/cam_dev_ws/install/pylon_ros2_camera_interfaces/include/pylon_ros2_camera_interfaces/pylon_ros2_camera_interfaces/msg/detail/component_status__rosidl_typesupport_fastrtps_c.h\n'}
[0.674215] (pylon_ros2_camera_interfaces) StdoutLine: {'line': b'-- Up-to-date: /home/mcav/cam_dev_ws/install/pylon_ros2_camera_interfaces/include/pylon_ros2_camera_interfaces/pylon_ros2_camera_interfaces/msg/detail/current_params__rosidl_typesupport_fastrtps_c.h\n'}
[0.674537] (pylon_ros2_camera_interfaces) StdoutLine: {'line': b'-- Up-to-date: /home/mcav/cam_dev_ws/install/pylon_ros2_camera_interfaces/include/pylon_ros2_camera_interfaces/pylon_ros2_camera_interfaces/msg/rosidl_typesupport_fastrtps_c__visibility_control.h\n'}
[0.674784] (pylon_ros2_camera_interfaces) StdoutLine: {'line': b'-- Up-to-date: /home/mcav/cam_dev_ws/install/pylon_ros2_camera_interfaces/include/pylon_ros2_camera_interfaces/pylon_ros2_camera_interfaces/action\n'}
[0.674908] (pylon_ros2_camera_interfaces) StdoutLine: {'line': b'-- Up-to-date: /home/mcav/cam_dev_ws/install/pylon_ros2_camera_interfaces/include/pylon_ros2_camera_interfaces/pylon_ros2_camera_interfaces/action/detail\n'}
[0.675022] (pylon_ros2_camera_interfaces) StdoutLine: {'line': b'-- Up-to-date: /home/mcav/cam_dev_ws/install/pylon_ros2_camera_interfaces/include/pylon_ros2_camera_interfaces/pylon_ros2_camera_interfaces/action/detail/grab_blaze_data__rosidl_typesupport_fastrtps_c.h\n'}
[0.675158] (pylon_ros2_camera_interfaces) StdoutLine: {'line': b'-- Up-to-date: /home/mcav/cam_dev_ws/install/pylon_ros2_camera_interfaces/include/pylon_ros2_camera_interfaces/pylon_ros2_camera_interfaces/action/detail/grab_images__rosidl_typesupport_fastrtps_c.h\n'}
[0.675280] (pylon_ros2_camera_interfaces) StdoutLine: {'line': b'-- Up-to-date: /home/mcav/cam_dev_ws/install/pylon_ros2_camera_interfaces/include/pylon_ros2_camera_interfaces/pylon_ros2_camera_interfaces/srv\n'}
[0.675400] (pylon_ros2_camera_interfaces) StdoutLine: {'line': b'-- Up-to-date: /home/mcav/cam_dev_ws/install/pylon_ros2_camera_interfaces/include/pylon_ros2_camera_interfaces/pylon_ros2_camera_interfaces/srv/detail\n'}
[0.675545] (pylon_ros2_camera_interfaces) StdoutLine: {'line': b'-- Up-to-date: /home/mcav/cam_dev_ws/install/pylon_ros2_camera_interfaces/include/pylon_ros2_camera_interfaces/pylon_ros2_camera_interfaces/srv/detail/set_white_balance__rosidl_typesupport_fastrtps_c.h\n'}
[0.675666] (pylon_ros2_camera_interfaces) StdoutLine: {'line': b'-- Up-to-date: /home/mcav/cam_dev_ws/install/pylon_ros2_camera_interfaces/include/pylon_ros2_camera_interfaces/pylon_ros2_camera_interfaces/srv/detail/issue_action_command__rosidl_typesupport_fastrtps_c.h\n'}
[0.675778] (pylon_ros2_camera_interfaces) StdoutLine: {'line': b'-- Up-to-date: /home/mcav/cam_dev_ws/install/pylon_ros2_camera_interfaces/include/pylon_ros2_camera_interfaces/pylon_ros2_camera_interfaces/srv/detail/issue_scheduled_action_command__rosidl_typesupport_fastrtps_c.h\n'}
[0.675897] (pylon_ros2_camera_interfaces) StdoutLine: {'line': b'-- Up-to-date: /home/mcav/cam_dev_ws/install/pylon_ros2_camera_interfaces/include/pylon_ros2_camera_interfaces/pylon_ros2_camera_interfaces/srv/detail/get_ptp_status__rosidl_typesupport_fastrtps_c.h\n'}
[0.676010] (pylon_ros2_camera_interfaces) StdoutLine: {'line': b'-- Up-to-date: /home/mcav/cam_dev_ws/install/pylon_ros2_camera_interfaces/include/pylon_ros2_camera_interfaces/pylon_ros2_camera_interfaces/srv/detail/set_sleeping__rosidl_typesupport_fastrtps_c.h\n'}
[0.676129] (pylon_ros2_camera_interfaces) StdoutLine: {'line': b'-- Up-to-date: /home/mcav/cam_dev_ws/install/pylon_ros2_camera_interfaces/include/pylon_ros2_camera_interfaces/pylon_ros2_camera_interfaces/srv/detail/set_gain__rosidl_typesupport_fastrtps_c.h\n'}
[0.676247] (pylon_ros2_camera_interfaces) StdoutLine: {'line': b'-- Up-to-date: /home/mcav/cam_dev_ws/install/pylon_ros2_camera_interfaces/include/pylon_ros2_camera_interfaces/pylon_ros2_camera_interfaces/srv/detail/set_gamma__rosidl_typesupport_fastrtps_c.h\n'}
[0.676358] (pylon_ros2_camera_interfaces) StdoutLine: {'line': b'-- Up-to-date: /home/mcav/cam_dev_ws/install/pylon_ros2_camera_interfaces/include/pylon_ros2_camera_interfaces/pylon_ros2_camera_interfaces/srv/detail/set_float_value__rosidl_typesupport_fastrtps_c.h\n'}
[0.676482] (pylon_ros2_camera_interfaces) StdoutLine: {'line': b'-- Up-to-date: /home/mcav/cam_dev_ws/install/pylon_ros2_camera_interfaces/include/pylon_ros2_camera_interfaces/pylon_ros2_camera_interfaces/srv/detail/set_binning__rosidl_typesupport_fastrtps_c.h\n'}
[0.676656] (pylon_ros2_camera_interfaces) StdoutLine: {'line': b'-- Up-to-date: /home/mcav/cam_dev_ws/install/pylon_ros2_camera_interfaces/include/pylon_ros2_camera_interfaces/pylon_ros2_camera_interfaces/srv/detail/set_integer_value__rosidl_typesupport_fastrtps_c.h\n'}
[0.676814] (pylon_ros2_camera_interfaces) StdoutLine: {'line': b'-- Up-to-date: /home/mcav/cam_dev_ws/install/pylon_ros2_camera_interfaces/include/pylon_ros2_camera_interfaces/pylon_ros2_camera_interfaces/srv/detail/set_action_trigger_configuration__rosidl_typesupport_fastrtps_c.h\n'}
[0.676946] (pylon_ros2_camera_interfaces) StdoutLine: {'line': b'-- Up-to-date: /home/mcav/cam_dev_ws/install/pylon_ros2_camera_interfaces/include/pylon_ros2_camera_interfaces/pylon_ros2_camera_interfaces/srv/detail/set_exposure__rosidl_typesupport_fastrtps_c.h\n'}
[0.677069] (pylon_ros2_camera_interfaces) StdoutLine: {'line': b'-- Up-to-date: /home/mcav/cam_dev_ws/install/pylon_ros2_camera_interfaces/include/pylon_ros2_camera_interfaces/pylon_ros2_camera_interfaces/srv/detail/set_brightness__rosidl_typesupport_fastrtps_c.h\n'}
[0.677200] (pylon_ros2_camera_interfaces) StdoutLine: {'line': b'-- Up-to-date: /home/mcav/cam_dev_ws/install/pylon_ros2_camera_interfaces/include/pylon_ros2_camera_interfaces/pylon_ros2_camera_interfaces/srv/detail/get_float_value__rosidl_typesupport_fastrtps_c.h\n'}
[0.677323] (pylon_ros2_camera_interfaces) StdoutLine: {'line': b'-- Up-to-date: /home/mcav/cam_dev_ws/install/pylon_ros2_camera_interfaces/include/pylon_ros2_camera_interfaces/pylon_ros2_camera_interfaces/srv/detail/get_integer_value__rosidl_typesupport_fastrtps_c.h\n'}
[0.677454] (pylon_ros2_camera_interfaces) StdoutLine: {'line': b'-- Up-to-date: /home/mcav/cam_dev_ws/install/pylon_ros2_camera_interfaces/include/pylon_ros2_camera_interfaces/pylon_ros2_camera_interfaces/srv/detail/set_roi__rosidl_typesupport_fastrtps_c.h\n'}
[0.677560] (pylon_ros2_camera_interfaces) StdoutLine: {'line': b'-- Up-to-date: /home/mcav/cam_dev_ws/install/pylon_ros2_camera_interfaces/include/pylon_ros2_camera_interfaces/pylon_ros2_camera_interfaces/srv/detail/get_string_value__rosidl_typesupport_fastrtps_c.h\n'}
[0.677638] (pylon_ros2_camera_interfaces) StdoutLine: {'line': b'-- Up-to-date: /home/mcav/cam_dev_ws/install/pylon_ros2_camera_interfaces/include/pylon_ros2_camera_interfaces/pylon_ros2_camera_interfaces/srv/detail/set_string_value__rosidl_typesupport_fastrtps_c.h\n'}
[0.677720] (pylon_ros2_camera_interfaces) StdoutLine: {'line': b'-- Up-to-date: /home/mcav/cam_dev_ws/install/pylon_ros2_camera_interfaces/lib/libpylon_ros2_camera_interfaces__rosidl_typesupport_fastrtps_c.so\n'}
[0.677796] (pylon_ros2_camera_interfaces) StdoutLine: {'line': b'-- Up-to-date: /home/mcav/cam_dev_ws/install/pylon_ros2_camera_interfaces/include/pylon_ros2_camera_interfaces/pylon_ros2_camera_interfaces\n'}
[0.677860] (pylon_ros2_camera_interfaces) StdoutLine: {'line': b'-- Up-to-date: /home/mcav/cam_dev_ws/install/pylon_ros2_camera_interfaces/include/pylon_ros2_camera_interfaces/pylon_ros2_camera_interfaces/msg\n'}
[0.677940] (pylon_ros2_camera_interfaces) StdoutLine: {'line': b'-- Up-to-date: /home/mcav/cam_dev_ws/install/pylon_ros2_camera_interfaces/include/pylon_ros2_camera_interfaces/pylon_ros2_camera_interfaces/msg/current_params.hpp\n'}
[0.678012] (pylon_ros2_camera_interfaces) StdoutLine: {'line': b'-- Up-to-date: /home/mcav/cam_dev_ws/install/pylon_ros2_camera_interfaces/include/pylon_ros2_camera_interfaces/pylon_ros2_camera_interfaces/msg/detail\n'}
[0.678079] (pylon_ros2_camera_interfaces) StdoutLine: {'line': b'-- Up-to-date: /home/mcav/cam_dev_ws/install/pylon_ros2_camera_interfaces/include/pylon_ros2_camera_interfaces/pylon_ros2_camera_interfaces/msg/detail/current_params__builder.hpp\n'}
[0.678167] (pylon_ros2_camera_interfaces) StdoutLine: {'line': b'-- Up-to-date: /home/mcav/cam_dev_ws/install/pylon_ros2_camera_interfaces/include/pylon_ros2_camera_interfaces/pylon_ros2_camera_interfaces/msg/detail/component_status__traits.hpp\n'}
[0.678251] (pylon_ros2_camera_interfaces) StdoutLine: {'line': b'-- Up-to-date: /home/mcav/cam_dev_ws/install/pylon_ros2_camera_interfaces/include/pylon_ros2_camera_interfaces/pylon_ros2_camera_interfaces/msg/detail/current_params__struct.hpp\n'}
[0.678318] (pylon_ros2_camera_interfaces) StdoutLine: {'line': b'-- Up-to-date: /home/mcav/cam_dev_ws/install/pylon_ros2_camera_interfaces/include/pylon_ros2_camera_interfaces/pylon_ros2_camera_interfaces/msg/detail/component_status__type_support.hpp\n'}
[0.678435] (pylon_ros2_camera_interfaces) StdoutLine: {'line': b'-- Up-to-date: /home/mcav/cam_dev_ws/install/pylon_ros2_camera_interfaces/include/pylon_ros2_camera_interfaces/pylon_ros2_camera_interfaces/msg/detail/current_params__traits.hpp\n'}
[0.678505] (pylon_ros2_camera_interfaces) StdoutLine: {'line': b'-- Up-to-date: /home/mcav/cam_dev_ws/install/pylon_ros2_camera_interfaces/include/pylon_ros2_camera_interfaces/pylon_ros2_camera_interfaces/msg/detail/component_status__builder.hpp\n'}
[0.678575] (pylon_ros2_camera_interfaces) StdoutLine: {'line': b'-- Up-to-date: /home/mcav/cam_dev_ws/install/pylon_ros2_camera_interfaces/include/pylon_ros2_camera_interfaces/pylon_ros2_camera_interfaces/msg/detail/current_params__type_support.hpp\n'}
[0.678662] (pylon_ros2_camera_interfaces) StdoutLine: {'line': b'-- Up-to-date: /home/mcav/cam_dev_ws/install/pylon_ros2_camera_interfaces/include/pylon_ros2_camera_interfaces/pylon_ros2_camera_interfaces/msg/detail/component_status__struct.hpp\n'}
[0.678727] (pylon_ros2_camera_interfaces) StdoutLine: {'line': b'-- Up-to-date: /home/mcav/cam_dev_ws/install/pylon_ros2_camera_interfaces/include/pylon_ros2_camera_interfaces/pylon_ros2_camera_interfaces/msg/component_status.hpp\n'}
[0.678791] (pylon_ros2_camera_interfaces) StdoutLine: {'line': b'-- Up-to-date: /home/mcav/cam_dev_ws/install/pylon_ros2_camera_interfaces/include/pylon_ros2_camera_interfaces/pylon_ros2_camera_interfaces/msg/rosidl_generator_cpp__visibility_control.hpp\n'}
[0.678860] (pylon_ros2_camera_interfaces) StdoutLine: {'line': b'-- Up-to-date: /home/mcav/cam_dev_ws/install/pylon_ros2_camera_interfaces/include/pylon_ros2_camera_interfaces/pylon_ros2_camera_interfaces/action\n'}
[0.678962] (pylon_ros2_camera_interfaces) StdoutLine: {'line': b'-- Up-to-date: /home/mcav/cam_dev_ws/install/pylon_ros2_camera_interfaces/include/pylon_ros2_camera_interfaces/pylon_ros2_camera_interfaces/action/grab_images.hpp\n'}
[0.679028] (pylon_ros2_camera_interfaces) StdoutLine: {'line': b'-- Up-to-date: /home/mcav/cam_dev_ws/install/pylon_ros2_camera_interfaces/include/pylon_ros2_camera_interfaces/pylon_ros2_camera_interfaces/action/detail\n'}
[0.679093] (pylon_ros2_camera_interfaces) StdoutLine: {'line': b'-- Up-to-date: /home/mcav/cam_dev_ws/install/pylon_ros2_camera_interfaces/include/pylon_ros2_camera_interfaces/pylon_ros2_camera_interfaces/action/detail/grab_blaze_data__type_support.hpp\n'}
[0.679174] (pylon_ros2_camera_interfaces) StdoutLine: {'line': b'-- Up-to-date: /home/mcav/cam_dev_ws/install/pylon_ros2_camera_interfaces/include/pylon_ros2_camera_interfaces/pylon_ros2_camera_interfaces/action/detail/grab_images__type_support.hpp\n'}
[0.679241] (pylon_ros2_camera_interfaces) StdoutLine: {'line': b'-- Up-to-date: /home/mcav/cam_dev_ws/install/pylon_ros2_camera_interfaces/include/pylon_ros2_camera_interfaces/pylon_ros2_camera_interfaces/action/detail/grab_blaze_data__struct.hpp\n'}
[0.679310] (pylon_ros2_camera_interfaces) StdoutLine: {'line': b'-- Up-to-date: /home/mcav/cam_dev_ws/install/pylon_ros2_camera_interfaces/include/pylon_ros2_camera_interfaces/pylon_ros2_camera_interfaces/action/detail/grab_images__traits.hpp\n'}
[0.679377] (pylon_ros2_camera_interfaces) StdoutLine: {'line': b'-- Up-to-date: /home/mcav/cam_dev_ws/install/pylon_ros2_camera_interfaces/include/pylon_ros2_camera_interfaces/pylon_ros2_camera_interfaces/action/detail/grab_blaze_data__traits.hpp\n'}
[0.679448] (pylon_ros2_camera_interfaces) StdoutLine: {'line': b'-- Up-to-date: /home/mcav/cam_dev_ws/install/pylon_ros2_camera_interfaces/include/pylon_ros2_camera_interfaces/pylon_ros2_camera_interfaces/action/detail/grab_images__builder.hpp\n'}
[0.679513] (pylon_ros2_camera_interfaces) StdoutLine: {'line': b'-- Up-to-date: /home/mcav/cam_dev_ws/install/pylon_ros2_camera_interfaces/include/pylon_ros2_camera_interfaces/pylon_ros2_camera_interfaces/action/detail/grab_blaze_data__builder.hpp\n'}
[0.679617] (pylon_ros2_camera_interfaces) StdoutLine: {'line': b'-- Up-to-date: /home/mcav/cam_dev_ws/install/pylon_ros2_camera_interfaces/include/pylon_ros2_camera_interfaces/pylon_ros2_camera_interfaces/action/detail/grab_images__struct.hpp\n'}
[0.679704] (pylon_ros2_camera_interfaces) StdoutLine: {'line': b'-- Up-to-date: /home/mcav/cam_dev_ws/install/pylon_ros2_camera_interfaces/include/pylon_ros2_camera_interfaces/pylon_ros2_camera_interfaces/action/grab_blaze_data.hpp\n'}
[0.679769] (pylon_ros2_camera_interfaces) StdoutLine: {'line': b'-- Up-to-date: /home/mcav/cam_dev_ws/install/pylon_ros2_camera_interfaces/include/pylon_ros2_camera_interfaces/pylon_ros2_camera_interfaces/srv\n'}
[0.679832] (pylon_ros2_camera_interfaces) StdoutLine: {'line': b'-- Up-to-date: /home/mcav/cam_dev_ws/install/pylon_ros2_camera_interfaces/include/pylon_ros2_camera_interfaces/pylon_ros2_camera_interfaces/srv/set_brightness.hpp\n'}
[0.679899] (pylon_ros2_camera_interfaces) StdoutLine: {'line': b'-- Up-to-date: /home/mcav/cam_dev_ws/install/pylon_ros2_camera_interfaces/include/pylon_ros2_camera_interfaces/pylon_ros2_camera_interfaces/srv/set_gamma.hpp\n'}
[0.680006] (pylon_ros2_camera_interfaces) StdoutLine: {'line': b'-- Up-to-date: /home/mcav/cam_dev_ws/install/pylon_ros2_camera_interfaces/include/pylon_ros2_camera_interfaces/pylon_ros2_camera_interfaces/srv/set_integer_value.hpp\n'}
[0.680174] (pylon_ros2_camera_interfaces) StdoutLine: {'line': b'-- Up-to-date: /home/mcav/cam_dev_ws/install/pylon_ros2_camera_interfaces/include/pylon_ros2_camera_interfaces/pylon_ros2_camera_interfaces/srv/get_string_value.hpp\n'}
[0.680319] (pylon_ros2_camera_interfaces) StdoutLine: {'line': b'-- Up-to-date: /home/mcav/cam_dev_ws/install/pylon_ros2_camera_interfaces/include/pylon_ros2_camera_interfaces/pylon_ros2_camera_interfaces/srv/get_integer_value.hpp\n'}
[0.680434] (pylon_ros2_camera_interfaces) StdoutLine: {'line': b'-- Up-to-date: /home/mcav/cam_dev_ws/install/pylon_ros2_camera_interfaces/include/pylon_ros2_camera_interfaces/pylon_ros2_camera_interfaces/srv/issue_scheduled_action_command.hpp\n'}
[0.680549] (pylon_ros2_camera_interfaces) StdoutLine: {'line': b'-- Up-to-date: /home/mcav/cam_dev_ws/install/pylon_ros2_camera_interfaces/include/pylon_ros2_camera_interfaces/pylon_ros2_camera_interfaces/srv/set_float_value.hpp\n'}
[0.680659] (pylon_ros2_camera_interfaces) StdoutLine: {'line': b'-- Up-to-date: /home/mcav/cam_dev_ws/install/pylon_ros2_camera_interfaces/include/pylon_ros2_camera_interfaces/pylon_ros2_camera_interfaces/srv/set_exposure.hpp\n'}
[0.680775] (pylon_ros2_camera_interfaces) StdoutLine: {'line': b'-- Up-to-date: /home/mcav/cam_dev_ws/install/pylon_ros2_camera_interfaces/include/pylon_ros2_camera_interfaces/pylon_ros2_camera_interfaces/srv/detail\n'}
[0.680950] (pylon_ros2_camera_interfaces) StdoutLine: {'line': b'-- Up-to-date: /home/mcav/cam_dev_ws/install/pylon_ros2_camera_interfaces/include/pylon_ros2_camera_interfaces/pylon_ros2_camera_interfaces/srv/detail/set_gamma__builder.hpp\n'}
[0.681078] (pylon_ros2_camera_interfaces) StdoutLine: {'line': b'-- Up-to-date: /home/mcav/cam_dev_ws/install/pylon_ros2_camera_interfaces/include/pylon_ros2_camera_interfaces/pylon_ros2_camera_interfaces/srv/detail/set_action_trigger_configuration__type_support.hpp\n'}
[0.681192] (pylon_ros2_camera_interfaces) StdoutLine: {'line': b'-- Up-to-date: /home/mcav/cam_dev_ws/install/pylon_ros2_camera_interfaces/include/pylon_ros2_camera_interfaces/pylon_ros2_camera_interfaces/srv/detail/set_float_value__struct.hpp\n'}
[0.681301] (pylon_ros2_camera_interfaces) StdoutLine: {'line': b'-- Up-to-date: /home/mcav/cam_dev_ws/install/pylon_ros2_camera_interfaces/include/pylon_ros2_camera_interfaces/pylon_ros2_camera_interfaces/srv/detail/set_binning__type_support.hpp\n'}
[0.681437] (pylon_ros2_camera_interfaces) StdoutLine: {'line': b'-- Up-to-date: /home/mcav/cam_dev_ws/install/pylon_ros2_camera_interfaces/include/pylon_ros2_camera_interfaces/pylon_ros2_camera_interfaces/srv/detail/set_sleeping__traits.hpp\n'}
[0.681574] (pylon_ros2_camera_interfaces) StdoutLine: {'line': b'-- Up-to-date: /home/mcav/cam_dev_ws/install/pylon_ros2_camera_interfaces/include/pylon_ros2_camera_interfaces/pylon_ros2_camera_interfaces/srv/detail/set_string_value__struct.hpp\n'}
[0.681656] (pylon_ros2_camera_interfaces) StdoutLine: {'line': b'-- Up-to-date: /home/mcav/cam_dev_ws/install/pylon_ros2_camera_interfaces/include/pylon_ros2_camera_interfaces/pylon_ros2_camera_interfaces/srv/detail/set_binning__struct.hpp\n'}
[0.681748] (pylon_ros2_camera_interfaces) StdoutLine: {'line': b'-- Up-to-date: /home/mcav/cam_dev_ws/install/pylon_ros2_camera_interfaces/include/pylon_ros2_camera_interfaces/pylon_ros2_camera_interfaces/srv/detail/set_white_balance__type_support.hpp\n'}
[0.681815] (pylon_ros2_camera_interfaces) StdoutLine: {'line': b'-- Up-to-date: /home/mcav/cam_dev_ws/install/pylon_ros2_camera_interfaces/include/pylon_ros2_camera_interfaces/pylon_ros2_camera_interfaces/srv/detail/set_sleeping__builder.hpp\n'}
[0.681880] (pylon_ros2_camera_interfaces) StdoutLine: {'line': b'-- Up-to-date: /home/mcav/cam_dev_ws/install/pylon_ros2_camera_interfaces/include/pylon_ros2_camera_interfaces/pylon_ros2_camera_interfaces/srv/detail/get_string_value__builder.hpp\n'}
[0.681989] (pylon_ros2_camera_interfaces) StdoutLine: {'line': b'-- Up-to-date: /home/mcav/cam_dev_ws/install/pylon_ros2_camera_interfaces/include/pylon_ros2_camera_interfaces/pylon_ros2_camera_interfaces/srv/detail/get_ptp_status__builder.hpp\n'}
[0.682073] (pylon_ros2_camera_interfaces) StdoutLine: {'line': b'-- Up-to-date: /home/mcav/cam_dev_ws/install/pylon_ros2_camera_interfaces/include/pylon_ros2_camera_interfaces/pylon_ros2_camera_interfaces/srv/detail/issue_action_command__builder.hpp\n'}
[0.682146] (pylon_ros2_camera_interfaces) StdoutLine: {'line': b'-- Up-to-date: /home/mcav/cam_dev_ws/install/pylon_ros2_camera_interfaces/include/pylon_ros2_camera_interfaces/pylon_ros2_camera_interfaces/srv/detail/set_white_balance__traits.hpp\n'}
[0.682232] (pylon_ros2_camera_interfaces) StdoutLine: {'line': b'-- Up-to-date: /home/mcav/cam_dev_ws/install/pylon_ros2_camera_interfaces/include/pylon_ros2_camera_interfaces/pylon_ros2_camera_interfaces/srv/detail/set_float_value__builder.hpp\n'}
[0.682324] (pylon_ros2_camera_interfaces) StdoutLine: {'line': b'-- Up-to-date: /home/mcav/cam_dev_ws/install/pylon_ros2_camera_interfaces/include/pylon_ros2_camera_interfaces/pylon_ros2_camera_interfaces/srv/detail/issue_action_command__traits.hpp\n'}
[0.682389] (pylon_ros2_camera_interfaces) StdoutLine: {'line': b'-- Up-to-date: /home/mcav/cam_dev_ws/install/pylon_ros2_camera_interfaces/include/pylon_ros2_camera_interfaces/pylon_ros2_camera_interfaces/srv/detail/set_exposure__traits.hpp\n'}
[0.682459] (pylon_ros2_camera_interfaces) StdoutLine: {'line': b'-- Up-to-date: /home/mcav/cam_dev_ws/install/pylon_ros2_camera_interfaces/include/pylon_ros2_camera_interfaces/pylon_ros2_camera_interfaces/srv/detail/get_ptp_status__type_support.hpp\n'}
[0.682536] (pylon_ros2_camera_interfaces) StdoutLine: {'line': b'-- Up-to-date: /home/mcav/cam_dev_ws/install/pylon_ros2_camera_interfaces/include/pylon_ros2_camera_interfaces/pylon_ros2_camera_interfaces/srv/detail/get_integer_value__type_support.hpp\n'}
[0.682637] (pylon_ros2_camera_interfaces) StdoutLine: {'line': b'-- Up-to-date: /home/mcav/cam_dev_ws/install/pylon_ros2_camera_interfaces/include/pylon_ros2_camera_interfaces/pylon_ros2_camera_interfaces/srv/detail/set_integer_value__builder.hpp\n'}
[0.682733] (pylon_ros2_camera_interfaces) StdoutLine: {'line': b'-- Up-to-date: /home/mcav/cam_dev_ws/install/pylon_ros2_camera_interfaces/include/pylon_ros2_camera_interfaces/pylon_ros2_camera_interfaces/srv/detail/get_ptp_status__struct.hpp\n'}
[0.682815] (pylon_ros2_camera_interfaces) StdoutLine: {'line': b'-- Up-to-date: /home/mcav/cam_dev_ws/install/pylon_ros2_camera_interfaces/include/pylon_ros2_camera_interfaces/pylon_ros2_camera_interfaces/srv/detail/get_float_value__type_support.hpp\n'}
[0.682886] (pylon_ros2_camera_interfaces) StdoutLine: {'line': b'-- Up-to-date: /home/mcav/cam_dev_ws/install/pylon_ros2_camera_interfaces/include/pylon_ros2_camera_interfaces/pylon_ros2_camera_interfaces/srv/detail/set_sleeping__struct.hpp\n'}
[0.682969] (pylon_ros2_camera_interfaces) StdoutLine: {'line': b'-- Up-to-date: /home/mcav/cam_dev_ws/install/pylon_ros2_camera_interfaces/include/pylon_ros2_camera_interfaces/pylon_ros2_camera_interfaces/srv/detail/get_string_value__struct.hpp\n'}
[0.683037] (pylon_ros2_camera_interfaces) StdoutLine: {'line': b'-- Up-to-date: /home/mcav/cam_dev_ws/install/pylon_ros2_camera_interfaces/include/pylon_ros2_camera_interfaces/pylon_ros2_camera_interfaces/srv/detail/set_brightness__traits.hpp\n'}
[0.683134] (pylon_ros2_camera_interfaces) StdoutLine: {'line': b'-- Up-to-date: /home/mcav/cam_dev_ws/install/pylon_ros2_camera_interfaces/include/pylon_ros2_camera_interfaces/pylon_ros2_camera_interfaces/srv/detail/set_gain__traits.hpp\n'}
[0.683234] (pylon_ros2_camera_interfaces) StdoutLine: {'line': b'-- Up-to-date: /home/mcav/cam_dev_ws/install/pylon_ros2_camera_interfaces/include/pylon_ros2_camera_interfaces/pylon_ros2_camera_interfaces/srv/detail/set_integer_value__type_support.hpp\n'}
[0.683330] (pylon_ros2_camera_interfaces) StdoutLine: {'line': b'-- Up-to-date: /home/mcav/cam_dev_ws/install/pylon_ros2_camera_interfaces/include/pylon_ros2_camera_interfaces/pylon_ros2_camera_interfaces/srv/detail/set_brightness__builder.hpp\n'}
[0.683395] (pylon_ros2_camera_interfaces) StdoutLine: {'line': b'-- Up-to-date: /home/mcav/cam_dev_ws/install/pylon_ros2_camera_interfaces/include/pylon_ros2_camera_interfaces/pylon_ros2_camera_interfaces/srv/detail/issue_scheduled_action_command__builder.hpp\n'}
[0.683473] (pylon_ros2_camera_interfaces) StdoutLine: {'line': b'-- Up-to-date: /home/mcav/cam_dev_ws/install/pylon_ros2_camera_interfaces/include/pylon_ros2_camera_interfaces/pylon_ros2_camera_interfaces/srv/detail/set_exposure__type_support.hpp\n'}
[0.683539] (pylon_ros2_camera_interfaces) StdoutLine: {'line': b'-- Up-to-date: /home/mcav/cam_dev_ws/install/pylon_ros2_camera_interfaces/include/pylon_ros2_camera_interfaces/pylon_ros2_camera_interfaces/srv/detail/set_string_value__type_support.hpp\n'}
[0.683625] (pylon_ros2_camera_interfaces) StdoutLine: {'line': b'-- Up-to-date: /home/mcav/cam_dev_ws/install/pylon_ros2_camera_interfaces/include/pylon_ros2_camera_interfaces/pylon_ros2_camera_interfaces/srv/detail/get_ptp_status__traits.hpp\n'}
[0.683737] (pylon_ros2_camera_interfaces) StdoutLine: {'line': b'-- Up-to-date: /home/mcav/cam_dev_ws/install/pylon_ros2_camera_interfaces/include/pylon_ros2_camera_interfaces/pylon_ros2_camera_interfaces/srv/detail/get_float_value__builder.hpp\n'}
[0.683818] (pylon_ros2_camera_interfaces) StdoutLine: {'line': b'-- Up-to-date: /home/mcav/cam_dev_ws/install/pylon_ros2_camera_interfaces/include/pylon_ros2_camera_interfaces/pylon_ros2_camera_interfaces/srv/detail/set_brightness__struct.hpp\n'}
[0.683936] (pylon_ros2_camera_interfaces) StdoutLine: {'line': b'-- Up-to-date: /home/mcav/cam_dev_ws/install/pylon_ros2_camera_interfaces/include/pylon_ros2_camera_interfaces/pylon_ros2_camera_interfaces/srv/detail/issue_action_command__type_support.hpp\n'}
[0.684065] (pylon_ros2_camera_interfaces) StdoutLine: {'line': b'-- Up-to-date: /home/mcav/cam_dev_ws/install/pylon_ros2_camera_interfaces/include/pylon_ros2_camera_interfaces/pylon_ros2_camera_interfaces/srv/detail/get_string_value__traits.hpp\n'}
[0.684186] (pylon_ros2_camera_interfaces) StdoutLine: {'line': b'-- Up-to-date: /home/mcav/cam_dev_ws/install/pylon_ros2_camera_interfaces/include/pylon_ros2_camera_interfaces/pylon_ros2_camera_interfaces/srv/detail/set_gain__struct.hpp\n'}
[0.684317] (pylon_ros2_camera_interfaces) StdoutLine: {'line': b'-- Up-to-date: /home/mcav/cam_dev_ws/install/pylon_ros2_camera_interfaces/include/pylon_ros2_camera_interfaces/pylon_ros2_camera_interfaces/srv/detail/set_binning__traits.hpp\n'}
[0.684429] (pylon_ros2_camera_interfaces) StdoutLine: {'line': b'-- Up-to-date: /home/mcav/cam_dev_ws/install/pylon_ros2_camera_interfaces/include/pylon_ros2_camera_interfaces/pylon_ros2_camera_interfaces/srv/detail/set_integer_value__struct.hpp\n'}
[0.684552] (pylon_ros2_camera_interfaces) StdoutLine: {'line': b'-- Up-to-date: /home/mcav/cam_dev_ws/install/pylon_ros2_camera_interfaces/include/pylon_ros2_camera_interfaces/pylon_ros2_camera_interfaces/srv/detail/set_roi__traits.hpp\n'}
[0.684667] (pylon_ros2_camera_interfaces) StdoutLine: {'line': b'-- Up-to-date: /home/mcav/cam_dev_ws/install/pylon_ros2_camera_interfaces/include/pylon_ros2_camera_interfaces/pylon_ros2_camera_interfaces/srv/detail/set_white_balance__struct.hpp\n'}
[0.684788] (pylon_ros2_camera_interfaces) StdoutLine: {'line': b'-- Up-to-date: /home/mcav/cam_dev_ws/install/pylon_ros2_camera_interfaces/include/pylon_ros2_camera_interfaces/pylon_ros2_camera_interfaces/srv/detail/get_integer_value__struct.hpp\n'}
[0.684912] (pylon_ros2_camera_interfaces) StdoutLine: {'line': b'-- Up-to-date: /home/mcav/cam_dev_ws/install/pylon_ros2_camera_interfaces/include/pylon_ros2_camera_interfaces/pylon_ros2_camera_interfaces/srv/detail/get_float_value__traits.hpp\n'}
[0.685039] (pylon_ros2_camera_interfaces) StdoutLine: {'line': b'-- Up-to-date: /home/mcav/cam_dev_ws/install/pylon_ros2_camera_interfaces/include/pylon_ros2_camera_interfaces/pylon_ros2_camera_interfaces/srv/detail/get_integer_value__builder.hpp\n'}
[0.685169] (pylon_ros2_camera_interfaces) StdoutLine: {'line': b'-- Up-to-date: /home/mcav/cam_dev_ws/install/pylon_ros2_camera_interfaces/include/pylon_ros2_camera_interfaces/pylon_ros2_camera_interfaces/srv/detail/get_float_value__struct.hpp\n'}
[0.685313] (pylon_ros2_camera_interfaces) StdoutLine: {'line': b'-- Up-to-date: /home/mcav/cam_dev_ws/install/pylon_ros2_camera_interfaces/include/pylon_ros2_camera_interfaces/pylon_ros2_camera_interfaces/srv/detail/issue_action_command__struct.hpp\n'}
[0.685428] (pylon_ros2_camera_interfaces) StdoutLine: {'line': b'-- Up-to-date: /home/mcav/cam_dev_ws/install/pylon_ros2_camera_interfaces/include/pylon_ros2_camera_interfaces/pylon_ros2_camera_interfaces/srv/detail/set_gamma__traits.hpp\n'}
[0.685563] (pylon_ros2_camera_interfaces) StdoutLine: {'line': b'-- Up-to-date: /home/mcav/cam_dev_ws/install/pylon_ros2_camera_interfaces/include/pylon_ros2_camera_interfaces/pylon_ros2_camera_interfaces/srv/detail/set_roi__struct.hpp\n'}
[0.685665] (pylon_ros2_camera_interfaces) StdoutLine: {'line': b'-- Up-to-date: /home/mcav/cam_dev_ws/install/pylon_ros2_camera_interfaces/include/pylon_ros2_camera_interfaces/pylon_ros2_camera_interfaces/srv/detail/set_brightness__type_support.hpp\n'}
[0.685768] (pylon_ros2_camera_interfaces) StdoutLine: {'line': b'-- Up-to-date: /home/mcav/cam_dev_ws/install/pylon_ros2_camera_interfaces/include/pylon_ros2_camera_interfaces/pylon_ros2_camera_interfaces/srv/detail/set_gamma__struct.hpp\n'}
[0.685855] (pylon_ros2_camera_interfaces) StdoutLine: {'line': b'-- Up-to-date: /home/mcav/cam_dev_ws/install/pylon_ros2_camera_interfaces/include/pylon_ros2_camera_interfaces/pylon_ros2_camera_interfaces/srv/detail/set_string_value__builder.hpp\n'}
[0.686002] (pylon_ros2_camera_interfaces) StdoutLine: {'line': b'-- Up-to-date: /home/mcav/cam_dev_ws/install/pylon_ros2_camera_interfaces/include/pylon_ros2_camera_interfaces/pylon_ros2_camera_interfaces/srv/detail/set_binning__builder.hpp\n'}
[0.686120] (pylon_ros2_camera_interfaces) StdoutLine: {'line': b'-- Up-to-date: /home/mcav/cam_dev_ws/install/pylon_ros2_camera_interfaces/include/pylon_ros2_camera_interfaces/pylon_ros2_camera_interfaces/srv/detail/set_string_value__traits.hpp\n'}
[0.686252] (pylon_ros2_camera_interfaces) StdoutLine: {'line': b'-- Up-to-date: /home/mcav/cam_dev_ws/install/pylon_ros2_camera_interfaces/include/pylon_ros2_camera_interfaces/pylon_ros2_camera_interfaces/srv/detail/set_roi__type_support.hpp\n'}
[0.686375] (pylon_ros2_camera_interfaces) StdoutLine: {'line': b'-- Up-to-date: /home/mcav/cam_dev_ws/install/pylon_ros2_camera_interfaces/include/pylon_ros2_camera_interfaces/pylon_ros2_camera_interfaces/srv/detail/set_gamma__type_support.hpp\n'}
[0.686483] (pylon_ros2_camera_interfaces) StdoutLine: {'line': b'-- Up-to-date: /home/mcav/cam_dev_ws/install/pylon_ros2_camera_interfaces/include/pylon_ros2_camera_interfaces/pylon_ros2_camera_interfaces/srv/detail/issue_scheduled_action_command__traits.hpp\n'}
[0.686599] (pylon_ros2_camera_interfaces) StdoutLine: {'line': b'-- Up-to-date: /home/mcav/cam_dev_ws/install/pylon_ros2_camera_interfaces/include/pylon_ros2_camera_interfaces/pylon_ros2_camera_interfaces/srv/detail/set_gain__type_support.hpp\n'}
[0.686708] (pylon_ros2_camera_interfaces) StdoutLine: {'line': b'-- Up-to-date: /home/mcav/cam_dev_ws/install/pylon_ros2_camera_interfaces/include/pylon_ros2_camera_interfaces/pylon_ros2_camera_interfaces/srv/detail/set_float_value__type_support.hpp\n'}
[0.686831] (pylon_ros2_camera_interfaces) StdoutLine: {'line': b'-- Up-to-date: /home/mcav/cam_dev_ws/install/pylon_ros2_camera_interfaces/include/pylon_ros2_camera_interfaces/pylon_ros2_camera_interfaces/srv/detail/issue_scheduled_action_command__struct.hpp\n'}
[0.686939] (pylon_ros2_camera_interfaces) StdoutLine: {'line': b'-- Up-to-date: /home/mcav/cam_dev_ws/install/pylon_ros2_camera_interfaces/include/pylon_ros2_camera_interfaces/pylon_ros2_camera_interfaces/srv/detail/set_gain__builder.hpp\n'}
[0.687055] (pylon_ros2_camera_interfaces) StdoutLine: {'line': b'-- Up-to-date: /home/mcav/cam_dev_ws/install/pylon_ros2_camera_interfaces/include/pylon_ros2_camera_interfaces/pylon_ros2_camera_interfaces/srv/detail/set_action_trigger_configuration__traits.hpp\n'}
[0.687163] (pylon_ros2_camera_interfaces) StdoutLine: {'line': b'-- Up-to-date: /home/mcav/cam_dev_ws/install/pylon_ros2_camera_interfaces/include/pylon_ros2_camera_interfaces/pylon_ros2_camera_interfaces/srv/detail/get_string_value__type_support.hpp\n'}
[0.687276] (pylon_ros2_camera_interfaces) StdoutLine: {'line': b'-- Up-to-date: /home/mcav/cam_dev_ws/install/pylon_ros2_camera_interfaces/include/pylon_ros2_camera_interfaces/pylon_ros2_camera_interfaces/srv/detail/set_float_value__traits.hpp\n'}
[0.687388] (pylon_ros2_camera_interfaces) StdoutLine: {'line': b'-- Up-to-date: /home/mcav/cam_dev_ws/install/pylon_ros2_camera_interfaces/include/pylon_ros2_camera_interfaces/pylon_ros2_camera_interfaces/srv/detail/issue_scheduled_action_command__type_support.hpp\n'}
[0.687497] (pylon_ros2_camera_interfaces) StdoutLine: {'line': b'-- Up-to-date: /home/mcav/cam_dev_ws/install/pylon_ros2_camera_interfaces/include/pylon_ros2_camera_interfaces/pylon_ros2_camera_interfaces/srv/detail/set_integer_value__traits.hpp\n'}
[0.687611] (pylon_ros2_camera_interfaces) StdoutLine: {'line': b'-- Up-to-date: /home/mcav/cam_dev_ws/install/pylon_ros2_camera_interfaces/include/pylon_ros2_camera_interfaces/pylon_ros2_camera_interfaces/srv/detail/set_sleeping__type_support.hpp\n'}
[0.687719] (pylon_ros2_camera_interfaces) StdoutLine: {'line': b'-- Up-to-date: /home/mcav/cam_dev_ws/install/pylon_ros2_camera_interfaces/include/pylon_ros2_camera_interfaces/pylon_ros2_camera_interfaces/srv/detail/set_exposure__struct.hpp\n'}
[0.687835] (pylon_ros2_camera_interfaces) StdoutLine: {'line': b'-- Up-to-date: /home/mcav/cam_dev_ws/install/pylon_ros2_camera_interfaces/include/pylon_ros2_camera_interfaces/pylon_ros2_camera_interfaces/srv/detail/set_exposure__builder.hpp\n'}
[0.687947] (pylon_ros2_camera_interfaces) StdoutLine: {'line': b'-- Up-to-date: /home/mcav/cam_dev_ws/install/pylon_ros2_camera_interfaces/include/pylon_ros2_camera_interfaces/pylon_ros2_camera_interfaces/srv/detail/set_roi__builder.hpp\n'}
[0.688062] (pylon_ros2_camera_interfaces) StdoutLine: {'line': b'-- Up-to-date: /home/mcav/cam_dev_ws/install/pylon_ros2_camera_interfaces/include/pylon_ros2_camera_interfaces/pylon_ros2_camera_interfaces/srv/detail/set_white_balance__builder.hpp\n'}
[0.688170] (pylon_ros2_camera_interfaces) StdoutLine: {'line': b'-- Up-to-date: /home/mcav/cam_dev_ws/install/pylon_ros2_camera_interfaces/include/pylon_ros2_camera_interfaces/pylon_ros2_camera_interfaces/srv/detail/get_integer_value__traits.hpp\n'}
[0.688312] (pylon_ros2_camera_interfaces) StdoutLine: {'line': b'-- Up-to-date: /home/mcav/cam_dev_ws/install/pylon_ros2_camera_interfaces/include/pylon_ros2_camera_interfaces/pylon_ros2_camera_interfaces/srv/detail/set_action_trigger_configuration__struct.hpp\n'}
[0.688420] (pylon_ros2_camera_interfaces) StdoutLine: {'line': b'-- Up-to-date: /home/mcav/cam_dev_ws/install/pylon_ros2_camera_interfaces/include/pylon_ros2_camera_interfaces/pylon_ros2_camera_interfaces/srv/detail/set_action_trigger_configuration__builder.hpp\n'}
[0.688535] (pylon_ros2_camera_interfaces) StdoutLine: {'line': b'-- Up-to-date: /home/mcav/cam_dev_ws/install/pylon_ros2_camera_interfaces/include/pylon_ros2_camera_interfaces/pylon_ros2_camera_interfaces/srv/set_action_trigger_configuration.hpp\n'}
[0.688643] (pylon_ros2_camera_interfaces) StdoutLine: {'line': b'-- Up-to-date: /home/mcav/cam_dev_ws/install/pylon_ros2_camera_interfaces/include/pylon_ros2_camera_interfaces/pylon_ros2_camera_interfaces/srv/get_ptp_status.hpp\n'}
[0.688751] (pylon_ros2_camera_interfaces) StdoutLine: {'line': b'-- Up-to-date: /home/mcav/cam_dev_ws/install/pylon_ros2_camera_interfaces/include/pylon_ros2_camera_interfaces/pylon_ros2_camera_interfaces/srv/set_string_value.hpp\n'}
[0.688866] (pylon_ros2_camera_interfaces) StdoutLine: {'line': b'-- Up-to-date: /home/mcav/cam_dev_ws/install/pylon_ros2_camera_interfaces/include/pylon_ros2_camera_interfaces/pylon_ros2_camera_interfaces/srv/get_float_value.hpp\n'}
[0.688974] (pylon_ros2_camera_interfaces) StdoutLine: {'line': b'-- Up-to-date: /home/mcav/cam_dev_ws/install/pylon_ros2_camera_interfaces/include/pylon_ros2_camera_interfaces/pylon_ros2_camera_interfaces/srv/set_binning.hpp\n'}
[0.689089] (pylon_ros2_camera_interfaces) StdoutLine: {'line': b'-- Up-to-date: /home/mcav/cam_dev_ws/install/pylon_ros2_camera_interfaces/include/pylon_ros2_camera_interfaces/pylon_ros2_camera_interfaces/srv/issue_action_command.hpp\n'}
[0.689196] (pylon_ros2_camera_interfaces) StdoutLine: {'line': b'-- Up-to-date: /home/mcav/cam_dev_ws/install/pylon_ros2_camera_interfaces/include/pylon_ros2_camera_interfaces/pylon_ros2_camera_interfaces/srv/set_gain.hpp\n'}
[0.689311] (pylon_ros2_camera_interfaces) StdoutLine: {'line': b'-- Up-to-date: /home/mcav/cam_dev_ws/install/pylon_ros2_camera_interfaces/include/pylon_ros2_camera_interfaces/pylon_ros2_camera_interfaces/srv/set_roi.hpp\n'}
[0.689427] (pylon_ros2_camera_interfaces) StdoutLine: {'line': b'-- Up-to-date: /home/mcav/cam_dev_ws/install/pylon_ros2_camera_interfaces/include/pylon_ros2_camera_interfaces/pylon_ros2_camera_interfaces/srv/set_sleeping.hpp\n'}
[0.689583] (pylon_ros2_camera_interfaces) StdoutLine: {'line': b'-- Up-to-date: /home/mcav/cam_dev_ws/install/pylon_ros2_camera_interfaces/include/pylon_ros2_camera_interfaces/pylon_ros2_camera_interfaces/srv/set_white_balance.hpp\n'}
[0.689693] (pylon_ros2_camera_interfaces) StdoutLine: {'line': b'-- Up-to-date: /home/mcav/cam_dev_ws/install/pylon_ros2_camera_interfaces/include/pylon_ros2_camera_interfaces/pylon_ros2_camera_interfaces\n'}
[0.689808] (pylon_ros2_camera_interfaces) StdoutLine: {'line': b'-- Up-to-date: /home/mcav/cam_dev_ws/install/pylon_ros2_camera_interfaces/include/pylon_ros2_camera_interfaces/pylon_ros2_camera_interfaces/msg\n'}
[0.689920] (pylon_ros2_camera_interfaces) StdoutLine: {'line': b'-- Up-to-date: /home/mcav/cam_dev_ws/install/pylon_ros2_camera_interfaces/include/pylon_ros2_camera_interfaces/pylon_ros2_camera_interfaces/msg/detail\n'}
[0.690039] (pylon_ros2_camera_interfaces) StdoutLine: {'line': b'-- Up-to-date: /home/mcav/cam_dev_ws/install/pylon_ros2_camera_interfaces/include/pylon_ros2_camera_interfaces/pylon_ros2_camera_interfaces/msg/detail/component_status__rosidl_typesupport_fastrtps_cpp.hpp\n'}
[0.690148] (pylon_ros2_camera_interfaces) StdoutLine: {'line': b'-- Up-to-date: /home/mcav/cam_dev_ws/install/pylon_ros2_camera_interfaces/include/pylon_ros2_camera_interfaces/pylon_ros2_camera_interfaces/msg/detail/dds_fastrtps\n'}
[0.690256] (pylon_ros2_camera_interfaces) StdoutLine: {'line': b'-- Up-to-date: /home/mcav/cam_dev_ws/install/pylon_ros2_camera_interfaces/include/pylon_ros2_camera_interfaces/pylon_ros2_camera_interfaces/msg/detail/current_params__rosidl_typesupport_fastrtps_cpp.hpp\n'}
[0.690372] (pylon_ros2_camera_interfaces) StdoutLine: {'line': b'-- Up-to-date: /home/mcav/cam_dev_ws/install/pylon_ros2_camera_interfaces/include/pylon_ros2_camera_interfaces/pylon_ros2_camera_interfaces/msg/rosidl_typesupport_fastrtps_cpp__visibility_control.h\n'}
[0.690480] (pylon_ros2_camera_interfaces) StdoutLine: {'line': b'-- Up-to-date: /home/mcav/cam_dev_ws/install/pylon_ros2_camera_interfaces/include/pylon_ros2_camera_interfaces/pylon_ros2_camera_interfaces/action\n'}
[0.690593] (pylon_ros2_camera_interfaces) StdoutLine: {'line': b'-- Up-to-date: /home/mcav/cam_dev_ws/install/pylon_ros2_camera_interfaces/include/pylon_ros2_camera_interfaces/pylon_ros2_camera_interfaces/action/detail\n'}
[0.690702] (pylon_ros2_camera_interfaces) StdoutLine: {'line': b'-- Up-to-date: /home/mcav/cam_dev_ws/install/pylon_ros2_camera_interfaces/include/pylon_ros2_camera_interfaces/pylon_ros2_camera_interfaces/action/detail/grab_images__rosidl_typesupport_fastrtps_cpp.hpp\n'}
[0.690817] (pylon_ros2_camera_interfaces) StdoutLine: {'line': b'-- Up-to-date: /home/mcav/cam_dev_ws/install/pylon_ros2_camera_interfaces/include/pylon_ros2_camera_interfaces/pylon_ros2_camera_interfaces/action/detail/grab_blaze_data__rosidl_typesupport_fastrtps_cpp.hpp\n'}
[0.690926] (pylon_ros2_camera_interfaces) StdoutLine: {'line': b'-- Up-to-date: /home/mcav/cam_dev_ws/install/pylon_ros2_camera_interfaces/include/pylon_ros2_camera_interfaces/pylon_ros2_camera_interfaces/action/detail/dds_fastrtps\n'}
[0.691041] (pylon_ros2_camera_interfaces) StdoutLine: {'line': b'-- Up-to-date: /home/mcav/cam_dev_ws/install/pylon_ros2_camera_interfaces/include/pylon_ros2_camera_interfaces/pylon_ros2_camera_interfaces/srv\n'}
[0.691214] (pylon_ros2_camera_interfaces) StdoutLine: {'line': b'-- Up-to-date: /home/mcav/cam_dev_ws/install/pylon_ros2_camera_interfaces/include/pylon_ros2_camera_interfaces/pylon_ros2_camera_interfaces/srv/detail\n'}
[0.691375] (pylon_ros2_camera_interfaces) StdoutLine: {'line': b'-- Up-to-date: /home/mcav/cam_dev_ws/install/pylon_ros2_camera_interfaces/include/pylon_ros2_camera_interfaces/pylon_ros2_camera_interfaces/srv/detail/get_integer_value__rosidl_typesupport_fastrtps_cpp.hpp\n'}
[0.691484] (pylon_ros2_camera_interfaces) StdoutLine: {'line': b'-- Up-to-date: /home/mcav/cam_dev_ws/install/pylon_ros2_camera_interfaces/include/pylon_ros2_camera_interfaces/pylon_ros2_camera_interfaces/srv/detail/set_gamma__rosidl_typesupport_fastrtps_cpp.hpp\n'}
[0.691599] (pylon_ros2_camera_interfaces) StdoutLine: {'line': b'-- Up-to-date: /home/mcav/cam_dev_ws/install/pylon_ros2_camera_interfaces/include/pylon_ros2_camera_interfaces/pylon_ros2_camera_interfaces/srv/detail/set_brightness__rosidl_typesupport_fastrtps_cpp.hpp\n'}
[0.691707] (pylon_ros2_camera_interfaces) StdoutLine: {'line': b'-- Up-to-date: /home/mcav/cam_dev_ws/install/pylon_ros2_camera_interfaces/include/pylon_ros2_camera_interfaces/pylon_ros2_camera_interfaces/srv/detail/issue_action_command__rosidl_typesupport_fastrtps_cpp.hpp\n'}
[0.691828] (pylon_ros2_camera_interfaces) StdoutLine: {'line': b'-- Up-to-date: /home/mcav/cam_dev_ws/install/pylon_ros2_camera_interfaces/include/pylon_ros2_camera_interfaces/pylon_ros2_camera_interfaces/srv/detail/get_string_value__rosidl_typesupport_fastrtps_cpp.hpp\n'}
[0.691936] (pylon_ros2_camera_interfaces) StdoutLine: {'line': b'-- Up-to-date: /home/mcav/cam_dev_ws/install/pylon_ros2_camera_interfaces/include/pylon_ros2_camera_interfaces/pylon_ros2_camera_interfaces/srv/detail/set_float_value__rosidl_typesupport_fastrtps_cpp.hpp\n'}
[0.692051] (pylon_ros2_camera_interfaces) StdoutLine: {'line': b'-- Up-to-date: /home/mcav/cam_dev_ws/install/pylon_ros2_camera_interfaces/include/pylon_ros2_camera_interfaces/pylon_ros2_camera_interfaces/srv/detail/get_float_value__rosidl_typesupport_fastrtps_cpp.hpp\n'}
[0.692168] (pylon_ros2_camera_interfaces) StdoutLine: {'line': b'-- Up-to-date: /home/mcav/cam_dev_ws/install/pylon_ros2_camera_interfaces/include/pylon_ros2_camera_interfaces/pylon_ros2_camera_interfaces/srv/detail/set_integer_value__rosidl_typesupport_fastrtps_cpp.hpp\n'}
[0.692277] (pylon_ros2_camera_interfaces) StdoutLine: {'line': b'-- Up-to-date: /home/mcav/cam_dev_ws/install/pylon_ros2_camera_interfaces/include/pylon_ros2_camera_interfaces/pylon_ros2_camera_interfaces/srv/detail/dds_fastrtps\n'}
[0.692392] (pylon_ros2_camera_interfaces) StdoutLine: {'line': b'-- Up-to-date: /home/mcav/cam_dev_ws/install/pylon_ros2_camera_interfaces/include/pylon_ros2_camera_interfaces/pylon_ros2_camera_interfaces/srv/detail/set_string_value__rosidl_typesupport_fastrtps_cpp.hpp\n'}
[0.692504] (pylon_ros2_camera_interfaces) StdoutLine: {'line': b'-- Up-to-date: /home/mcav/cam_dev_ws/install/pylon_ros2_camera_interfaces/include/pylon_ros2_camera_interfaces/pylon_ros2_camera_interfaces/srv/detail/issue_scheduled_action_command__rosidl_typesupport_fastrtps_cpp.hpp\n'}
[0.692621] (pylon_ros2_camera_interfaces) StdoutLine: {'line': b'-- Up-to-date: /home/mcav/cam_dev_ws/install/pylon_ros2_camera_interfaces/include/pylon_ros2_camera_interfaces/pylon_ros2_camera_interfaces/srv/detail/get_ptp_status__rosidl_typesupport_fastrtps_cpp.hpp\n'}
[0.692730] (pylon_ros2_camera_interfaces) StdoutLine: {'line': b'-- Up-to-date: /home/mcav/cam_dev_ws/install/pylon_ros2_camera_interfaces/include/pylon_ros2_camera_interfaces/pylon_ros2_camera_interfaces/srv/detail/set_white_balance__rosidl_typesupport_fastrtps_cpp.hpp\n'}
[0.692846] (pylon_ros2_camera_interfaces) StdoutLine: {'line': b'-- Up-to-date: /home/mcav/cam_dev_ws/install/pylon_ros2_camera_interfaces/include/pylon_ros2_camera_interfaces/pylon_ros2_camera_interfaces/srv/detail/set_sleeping__rosidl_typesupport_fastrtps_cpp.hpp\n'}
[0.692954] (pylon_ros2_camera_interfaces) StdoutLine: {'line': b'-- Up-to-date: /home/mcav/cam_dev_ws/install/pylon_ros2_camera_interfaces/include/pylon_ros2_camera_interfaces/pylon_ros2_camera_interfaces/srv/detail/set_binning__rosidl_typesupport_fastrtps_cpp.hpp\n'}
[0.693069] (pylon_ros2_camera_interfaces) StdoutLine: {'line': b'-- Up-to-date: /home/mcav/cam_dev_ws/install/pylon_ros2_camera_interfaces/include/pylon_ros2_camera_interfaces/pylon_ros2_camera_interfaces/srv/detail/set_roi__rosidl_typesupport_fastrtps_cpp.hpp\n'}
[0.693178] (pylon_ros2_camera_interfaces) StdoutLine: {'line': b'-- Up-to-date: /home/mcav/cam_dev_ws/install/pylon_ros2_camera_interfaces/include/pylon_ros2_camera_interfaces/pylon_ros2_camera_interfaces/srv/detail/set_exposure__rosidl_typesupport_fastrtps_cpp.hpp\n'}
[0.693286] (pylon_ros2_camera_interfaces) StdoutLine: {'line': b'-- Up-to-date: /home/mcav/cam_dev_ws/install/pylon_ros2_camera_interfaces/include/pylon_ros2_camera_interfaces/pylon_ros2_camera_interfaces/srv/detail/set_gain__rosidl_typesupport_fastrtps_cpp.hpp\n'}
[0.693401] (pylon_ros2_camera_interfaces) StdoutLine: {'line': b'-- Up-to-date: /home/mcav/cam_dev_ws/install/pylon_ros2_camera_interfaces/include/pylon_ros2_camera_interfaces/pylon_ros2_camera_interfaces/srv/detail/set_action_trigger_configuration__rosidl_typesupport_fastrtps_cpp.hpp\n'}
[0.693532] (pylon_ros2_camera_interfaces) StdoutLine: {'line': b'-- Up-to-date: /home/mcav/cam_dev_ws/install/pylon_ros2_camera_interfaces/lib/libpylon_ros2_camera_interfaces__rosidl_typesupport_fastrtps_cpp.so\n'}
[0.693639] (pylon_ros2_camera_interfaces) StdoutLine: {'line': b'-- Up-to-date: /home/mcav/cam_dev_ws/install/pylon_ros2_camera_interfaces/include/pylon_ros2_camera_interfaces/pylon_ros2_camera_interfaces\n'}
[0.693703] (pylon_ros2_camera_interfaces) StdoutLine: {'line': b'-- Up-to-date: /home/mcav/cam_dev_ws/install/pylon_ros2_camera_interfaces/include/pylon_ros2_camera_interfaces/pylon_ros2_camera_interfaces/msg\n'}
[0.693765] (pylon_ros2_camera_interfaces) StdoutLine: {'line': b'-- Up-to-date: /home/mcav/cam_dev_ws/install/pylon_ros2_camera_interfaces/include/pylon_ros2_camera_interfaces/pylon_ros2_camera_interfaces/msg/rosidl_typesupport_introspection_c__visibility_control.h\n'}
[0.693835] (pylon_ros2_camera_interfaces) StdoutLine: {'line': b'-- Up-to-date: /home/mcav/cam_dev_ws/install/pylon_ros2_camera_interfaces/include/pylon_ros2_camera_interfaces/pylon_ros2_camera_interfaces/msg/detail\n'}
[0.693898] (pylon_ros2_camera_interfaces) StdoutLine: {'line': b'-- Up-to-date: /home/mcav/cam_dev_ws/install/pylon_ros2_camera_interfaces/include/pylon_ros2_camera_interfaces/pylon_ros2_camera_interfaces/msg/detail/current_params__rosidl_typesupport_introspection_c.h\n'}
[0.693960] (pylon_ros2_camera_interfaces) StdoutLine: {'line': b'-- Up-to-date: /home/mcav/cam_dev_ws/install/pylon_ros2_camera_interfaces/include/pylon_ros2_camera_interfaces/pylon_ros2_camera_interfaces/msg/detail/component_status__type_support.c\n'}
[0.694022] (pylon_ros2_camera_interfaces) StdoutLine: {'line': b'-- Up-to-date: /home/mcav/cam_dev_ws/install/pylon_ros2_camera_interfaces/include/pylon_ros2_camera_interfaces/pylon_ros2_camera_interfaces/msg/detail/current_params__type_support.c\n'}
[0.694091] (pylon_ros2_camera_interfaces) StdoutLine: {'line': b'-- Up-to-date: /home/mcav/cam_dev_ws/install/pylon_ros2_camera_interfaces/include/pylon_ros2_camera_interfaces/pylon_ros2_camera_interfaces/msg/detail/component_status__rosidl_typesupport_introspection_c.h\n'}
[0.694153] (pylon_ros2_camera_interfaces) StdoutLine: {'line': b'-- Up-to-date: /home/mcav/cam_dev_ws/install/pylon_ros2_camera_interfaces/include/pylon_ros2_camera_interfaces/pylon_ros2_camera_interfaces/action\n'}
[0.694253] (pylon_ros2_camera_interfaces) StdoutLine: {'line': b'-- Up-to-date: /home/mcav/cam_dev_ws/install/pylon_ros2_camera_interfaces/include/pylon_ros2_camera_interfaces/pylon_ros2_camera_interfaces/action/detail\n'}
[0.694322] (pylon_ros2_camera_interfaces) StdoutLine: {'line': b'-- Up-to-date: /home/mcav/cam_dev_ws/install/pylon_ros2_camera_interfaces/include/pylon_ros2_camera_interfaces/pylon_ros2_camera_interfaces/action/detail/grab_blaze_data__rosidl_typesupport_introspection_c.h\n'}
[0.694389] (pylon_ros2_camera_interfaces) StdoutLine: {'line': b'-- Up-to-date: /home/mcav/cam_dev_ws/install/pylon_ros2_camera_interfaces/include/pylon_ros2_camera_interfaces/pylon_ros2_camera_interfaces/action/detail/grab_blaze_data__type_support.c\n'}
[0.694452] (pylon_ros2_camera_interfaces) StdoutLine: {'line': b'-- Up-to-date: /home/mcav/cam_dev_ws/install/pylon_ros2_camera_interfaces/include/pylon_ros2_camera_interfaces/pylon_ros2_camera_interfaces/action/detail/grab_images__rosidl_typesupport_introspection_c.h\n'}
[0.694514] (pylon_ros2_camera_interfaces) StdoutLine: {'line': b'-- Up-to-date: /home/mcav/cam_dev_ws/install/pylon_ros2_camera_interfaces/include/pylon_ros2_camera_interfaces/pylon_ros2_camera_interfaces/action/detail/grab_images__type_support.c\n'}
[0.694582] (pylon_ros2_camera_interfaces) StdoutLine: {'line': b'-- Up-to-date: /home/mcav/cam_dev_ws/install/pylon_ros2_camera_interfaces/include/pylon_ros2_camera_interfaces/pylon_ros2_camera_interfaces/srv\n'}
[0.694644] (pylon_ros2_camera_interfaces) StdoutLine: {'line': b'-- Up-to-date: /home/mcav/cam_dev_ws/install/pylon_ros2_camera_interfaces/include/pylon_ros2_camera_interfaces/pylon_ros2_camera_interfaces/srv/detail\n'}
[0.694709] (pylon_ros2_camera_interfaces) StdoutLine: {'line': b'-- Up-to-date: /home/mcav/cam_dev_ws/install/pylon_ros2_camera_interfaces/include/pylon_ros2_camera_interfaces/pylon_ros2_camera_interfaces/srv/detail/set_binning__rosidl_typesupport_introspection_c.h\n'}
[0.694771] (pylon_ros2_camera_interfaces) StdoutLine: {'line': b'-- Up-to-date: /home/mcav/cam_dev_ws/install/pylon_ros2_camera_interfaces/include/pylon_ros2_camera_interfaces/pylon_ros2_camera_interfaces/srv/detail/set_exposure__rosidl_typesupport_introspection_c.h\n'}
[0.694871] (pylon_ros2_camera_interfaces) StdoutLine: {'line': b'-- Up-to-date: /home/mcav/cam_dev_ws/install/pylon_ros2_camera_interfaces/include/pylon_ros2_camera_interfaces/pylon_ros2_camera_interfaces/srv/detail/issue_action_command__rosidl_typesupport_introspection_c.h\n'}
[0.694970] (pylon_ros2_camera_interfaces) StdoutLine: {'line': b'-- Up-to-date: /home/mcav/cam_dev_ws/install/pylon_ros2_camera_interfaces/include/pylon_ros2_camera_interfaces/pylon_ros2_camera_interfaces/srv/detail/set_gain__type_support.c\n'}
[0.695032] (pylon_ros2_camera_interfaces) StdoutLine: {'line': b'-- Up-to-date: /home/mcav/cam_dev_ws/install/pylon_ros2_camera_interfaces/include/pylon_ros2_camera_interfaces/pylon_ros2_camera_interfaces/srv/detail/set_float_value__type_support.c\n'}
[0.695140] (pylon_ros2_camera_interfaces) StdoutLine: {'line': b'-- Up-to-date: /home/mcav/cam_dev_ws/install/pylon_ros2_camera_interfaces/include/pylon_ros2_camera_interfaces/pylon_ros2_camera_interfaces/srv/detail/set_float_value__rosidl_typesupport_introspection_c.h\n'}
[0.695219] (pylon_ros2_camera_interfaces) StdoutLine: {'line': b'-- Up-to-date: /home/mcav/cam_dev_ws/install/pylon_ros2_camera_interfaces/include/pylon_ros2_camera_interfaces/pylon_ros2_camera_interfaces/srv/detail/issue_action_command__type_support.c\n'}
[0.695280] (pylon_ros2_camera_interfaces) StdoutLine: {'line': b'-- Up-to-date: /home/mcav/cam_dev_ws/install/pylon_ros2_camera_interfaces/include/pylon_ros2_camera_interfaces/pylon_ros2_camera_interfaces/srv/detail/get_string_value__type_support.c\n'}
[0.695348] (pylon_ros2_camera_interfaces) StdoutLine: {'line': b'-- Up-to-date: /home/mcav/cam_dev_ws/install/pylon_ros2_camera_interfaces/include/pylon_ros2_camera_interfaces/pylon_ros2_camera_interfaces/srv/detail/get_float_value__type_support.c\n'}
[0.695410] (pylon_ros2_camera_interfaces) StdoutLine: {'line': b'-- Up-to-date: /home/mcav/cam_dev_ws/install/pylon_ros2_camera_interfaces/include/pylon_ros2_camera_interfaces/pylon_ros2_camera_interfaces/srv/detail/set_gamma__type_support.c\n'}
[0.695471] (pylon_ros2_camera_interfaces) StdoutLine: {'line': b'-- Up-to-date: /home/mcav/cam_dev_ws/install/pylon_ros2_camera_interfaces/include/pylon_ros2_camera_interfaces/pylon_ros2_camera_interfaces/srv/detail/get_integer_value__rosidl_typesupport_introspection_c.h\n'}
[0.695562] (pylon_ros2_camera_interfaces) StdoutLine: {'line': b'-- Up-to-date: /home/mcav/cam_dev_ws/install/pylon_ros2_camera_interfaces/include/pylon_ros2_camera_interfaces/pylon_ros2_camera_interfaces/srv/detail/get_ptp_status__type_support.c\n'}
[0.695631] (pylon_ros2_camera_interfaces) StdoutLine: {'line': b'-- Up-to-date: /home/mcav/cam_dev_ws/install/pylon_ros2_camera_interfaces/include/pylon_ros2_camera_interfaces/pylon_ros2_camera_interfaces/srv/detail/set_string_value__type_support.c\n'}
[0.695694] (pylon_ros2_camera_interfaces) StdoutLine: {'line': b'-- Up-to-date: /home/mcav/cam_dev_ws/install/pylon_ros2_camera_interfaces/include/pylon_ros2_camera_interfaces/pylon_ros2_camera_interfaces/srv/detail/set_action_trigger_configuration__type_support.c\n'}
[0.695755] (pylon_ros2_camera_interfaces) StdoutLine: {'line': b'-- Up-to-date: /home/mcav/cam_dev_ws/install/pylon_ros2_camera_interfaces/include/pylon_ros2_camera_interfaces/pylon_ros2_camera_interfaces/srv/detail/issue_scheduled_action_command__type_support.c\n'}
[0.695824] (pylon_ros2_camera_interfaces) StdoutLine: {'line': b'-- Up-to-date: /home/mcav/cam_dev_ws/install/pylon_ros2_camera_interfaces/include/pylon_ros2_camera_interfaces/pylon_ros2_camera_interfaces/srv/detail/set_sleeping__rosidl_typesupport_introspection_c.h\n'}
[0.695901] (pylon_ros2_camera_interfaces) StdoutLine: {'line': b'-- Up-to-date: /home/mcav/cam_dev_ws/install/pylon_ros2_camera_interfaces/include/pylon_ros2_camera_interfaces/pylon_ros2_camera_interfaces/srv/detail/get_string_value__rosidl_typesupport_introspection_c.h\n'}
[0.695963] (pylon_ros2_camera_interfaces) StdoutLine: {'line': b'-- Up-to-date: /home/mcav/cam_dev_ws/install/pylon_ros2_camera_interfaces/include/pylon_ros2_camera_interfaces/pylon_ros2_camera_interfaces/srv/detail/set_brightness__rosidl_typesupport_introspection_c.h\n'}
[0.696025] (pylon_ros2_camera_interfaces) StdoutLine: {'line': b'-- Up-to-date: /home/mcav/cam_dev_ws/install/pylon_ros2_camera_interfaces/include/pylon_ros2_camera_interfaces/pylon_ros2_camera_interfaces/srv/detail/get_ptp_status__rosidl_typesupport_introspection_c.h\n'}
[0.696094] (pylon_ros2_camera_interfaces) StdoutLine: {'line': b'-- Up-to-date: /home/mcav/cam_dev_ws/install/pylon_ros2_camera_interfaces/include/pylon_ros2_camera_interfaces/pylon_ros2_camera_interfaces/srv/detail/get_integer_value__type_support.c\n'}
[0.696172] (pylon_ros2_camera_interfaces) StdoutLine: {'line': b'-- Up-to-date: /home/mcav/cam_dev_ws/install/pylon_ros2_camera_interfaces/include/pylon_ros2_camera_interfaces/pylon_ros2_camera_interfaces/srv/detail/issue_scheduled_action_command__rosidl_typesupport_introspection_c.h\n'}
[0.696249] (pylon_ros2_camera_interfaces) StdoutLine: {'line': b'-- Up-to-date: /home/mcav/cam_dev_ws/install/pylon_ros2_camera_interfaces/include/pylon_ros2_camera_interfaces/pylon_ros2_camera_interfaces/srv/detail/set_roi__type_support.c\n'}
[0.696310] (pylon_ros2_camera_interfaces) StdoutLine: {'line': b'-- Up-to-date: /home/mcav/cam_dev_ws/install/pylon_ros2_camera_interfaces/include/pylon_ros2_camera_interfaces/pylon_ros2_camera_interfaces/srv/detail/set_exposure__type_support.c\n'}
[0.696380] (pylon_ros2_camera_interfaces) StdoutLine: {'line': b'-- Up-to-date: /home/mcav/cam_dev_ws/install/pylon_ros2_camera_interfaces/include/pylon_ros2_camera_interfaces/pylon_ros2_camera_interfaces/srv/detail/set_sleeping__type_support.c\n'}
[0.696441] (pylon_ros2_camera_interfaces) StdoutLine: {'line': b'-- Up-to-date: /home/mcav/cam_dev_ws/install/pylon_ros2_camera_interfaces/include/pylon_ros2_camera_interfaces/pylon_ros2_camera_interfaces/srv/detail/set_gamma__rosidl_typesupport_introspection_c.h\n'}
[0.696503] (pylon_ros2_camera_interfaces) StdoutLine: {'line': b'-- Up-to-date: /home/mcav/cam_dev_ws/install/pylon_ros2_camera_interfaces/include/pylon_ros2_camera_interfaces/pylon_ros2_camera_interfaces/srv/detail/set_binning__type_support.c\n'}
[0.696565] (pylon_ros2_camera_interfaces) StdoutLine: {'line': b'-- Up-to-date: /home/mcav/cam_dev_ws/install/pylon_ros2_camera_interfaces/include/pylon_ros2_camera_interfaces/pylon_ros2_camera_interfaces/srv/detail/set_gain__rosidl_typesupport_introspection_c.h\n'}
[0.696662] (pylon_ros2_camera_interfaces) StdoutLine: {'line': b'-- Up-to-date: /home/mcav/cam_dev_ws/install/pylon_ros2_camera_interfaces/include/pylon_ros2_camera_interfaces/pylon_ros2_camera_interfaces/srv/detail/set_integer_value__type_support.c\n'}
[0.696723] (pylon_ros2_camera_interfaces) StdoutLine: {'line': b'-- Up-to-date: /home/mcav/cam_dev_ws/install/pylon_ros2_camera_interfaces/include/pylon_ros2_camera_interfaces/pylon_ros2_camera_interfaces/srv/detail/set_roi__rosidl_typesupport_introspection_c.h\n'}
[0.696784] (pylon_ros2_camera_interfaces) StdoutLine: {'line': b'-- Up-to-date: /home/mcav/cam_dev_ws/install/pylon_ros2_camera_interfaces/include/pylon_ros2_camera_interfaces/pylon_ros2_camera_interfaces/srv/detail/set_brightness__type_support.c\n'}
[0.696869] (pylon_ros2_camera_interfaces) StdoutLine: {'line': b'-- Up-to-date: /home/mcav/cam_dev_ws/install/pylon_ros2_camera_interfaces/include/pylon_ros2_camera_interfaces/pylon_ros2_camera_interfaces/srv/detail/set_integer_value__rosidl_typesupport_introspection_c.h\n'}
[0.697015] (pylon_ros2_camera_interfaces) StdoutLine: {'line': b'-- Up-to-date: /home/mcav/cam_dev_ws/install/pylon_ros2_camera_interfaces/include/pylon_ros2_camera_interfaces/pylon_ros2_camera_interfaces/srv/detail/set_string_value__rosidl_typesupport_introspection_c.h\n'}
[0.697164] (pylon_ros2_camera_interfaces) StdoutLine: {'line': b'-- Up-to-date: /home/mcav/cam_dev_ws/install/pylon_ros2_camera_interfaces/include/pylon_ros2_camera_interfaces/pylon_ros2_camera_interfaces/srv/detail/set_white_balance__rosidl_typesupport_introspection_c.h\n'}
[0.697277] (pylon_ros2_camera_interfaces) StdoutLine: {'line': b'-- Up-to-date: /home/mcav/cam_dev_ws/install/pylon_ros2_camera_interfaces/include/pylon_ros2_camera_interfaces/pylon_ros2_camera_interfaces/srv/detail/set_white_balance__type_support.c\n'}
[0.697396] (pylon_ros2_camera_interfaces) StdoutLine: {'line': b'-- Up-to-date: /home/mcav/cam_dev_ws/install/pylon_ros2_camera_interfaces/include/pylon_ros2_camera_interfaces/pylon_ros2_camera_interfaces/srv/detail/set_action_trigger_configuration__rosidl_typesupport_introspection_c.h\n'}
[0.697528] (pylon_ros2_camera_interfaces) StdoutLine: {'line': b'-- Up-to-date: /home/mcav/cam_dev_ws/install/pylon_ros2_camera_interfaces/include/pylon_ros2_camera_interfaces/pylon_ros2_camera_interfaces/srv/detail/get_float_value__rosidl_typesupport_introspection_c.h\n'}
[0.697675] (pylon_ros2_camera_interfaces) StdoutLine: {'line': b'-- Up-to-date: /home/mcav/cam_dev_ws/install/pylon_ros2_camera_interfaces/lib/libpylon_ros2_camera_interfaces__rosidl_typesupport_introspection_c.so\n'}
[0.697776] (pylon_ros2_camera_interfaces) StdoutLine: {'line': b'-- Up-to-date: /home/mcav/cam_dev_ws/install/pylon_ros2_camera_interfaces/lib/libpylon_ros2_camera_interfaces__rosidl_typesupport_c.so\n'}
[0.697912] (pylon_ros2_camera_interfaces) StdoutLine: {'line': b'-- Up-to-date: /home/mcav/cam_dev_ws/install/pylon_ros2_camera_interfaces/include/pylon_ros2_camera_interfaces/pylon_ros2_camera_interfaces\n'}
[0.698047] (pylon_ros2_camera_interfaces) StdoutLine: {'line': b'-- Up-to-date: /home/mcav/cam_dev_ws/install/pylon_ros2_camera_interfaces/include/pylon_ros2_camera_interfaces/pylon_ros2_camera_interfaces/msg\n'}
[0.698165] (pylon_ros2_camera_interfaces) StdoutLine: {'line': b'-- Up-to-date: /home/mcav/cam_dev_ws/install/pylon_ros2_camera_interfaces/include/pylon_ros2_camera_interfaces/pylon_ros2_camera_interfaces/msg/detail\n'}
[0.698303] (pylon_ros2_camera_interfaces) StdoutLine: {'line': b'-- Up-to-date: /home/mcav/cam_dev_ws/install/pylon_ros2_camera_interfaces/include/pylon_ros2_camera_interfaces/pylon_ros2_camera_interfaces/msg/detail/component_status__rosidl_typesupport_introspection_cpp.hpp\n'}
[0.698423] (pylon_ros2_camera_interfaces) StdoutLine: {'line': b'-- Up-to-date: /home/mcav/cam_dev_ws/install/pylon_ros2_camera_interfaces/include/pylon_ros2_camera_interfaces/pylon_ros2_camera_interfaces/msg/detail/current_params__rosidl_typesupport_introspection_cpp.hpp\n'}
[0.698531] (pylon_ros2_camera_interfaces) StdoutLine: {'line': b'-- Up-to-date: /home/mcav/cam_dev_ws/install/pylon_ros2_camera_interfaces/include/pylon_ros2_camera_interfaces/pylon_ros2_camera_interfaces/msg/detail/component_status__type_support.cpp\n'}
[0.698695] (pylon_ros2_camera_interfaces) StdoutLine: {'line': b'-- Up-to-date: /home/mcav/cam_dev_ws/install/pylon_ros2_camera_interfaces/include/pylon_ros2_camera_interfaces/pylon_ros2_camera_interfaces/msg/detail/current_params__type_support.cpp\n'}
[0.698813] (pylon_ros2_camera_interfaces) StdoutLine: {'line': b'-- Up-to-date: /home/mcav/cam_dev_ws/install/pylon_ros2_camera_interfaces/include/pylon_ros2_camera_interfaces/pylon_ros2_camera_interfaces/action\n'}
[0.698968] (pylon_ros2_camera_interfaces) StdoutLine: {'line': b'-- Up-to-date: /home/mcav/cam_dev_ws/install/pylon_ros2_camera_interfaces/include/pylon_ros2_camera_interfaces/pylon_ros2_camera_interfaces/action/detail\n'}
[0.699105] (pylon_ros2_camera_interfaces) StdoutLine: {'line': b'-- Up-to-date: /home/mcav/cam_dev_ws/install/pylon_ros2_camera_interfaces/include/pylon_ros2_camera_interfaces/pylon_ros2_camera_interfaces/action/detail/grab_blaze_data__type_support.cpp\n'}
[0.699258] (pylon_ros2_camera_interfaces) StdoutLine: {'line': b'-- Up-to-date: /home/mcav/cam_dev_ws/install/pylon_ros2_camera_interfaces/include/pylon_ros2_camera_interfaces/pylon_ros2_camera_interfaces/action/detail/grab_blaze_data__rosidl_typesupport_introspection_cpp.hpp\n'}
[0.699349] (pylon_ros2_camera_interfaces) StdoutLine: {'line': b'-- Up-to-date: /home/mcav/cam_dev_ws/install/pylon_ros2_camera_interfaces/include/pylon_ros2_camera_interfaces/pylon_ros2_camera_interfaces/action/detail/grab_images__type_support.cpp\n'}
[0.699440] (pylon_ros2_camera_interfaces) StdoutLine: {'line': b'-- Up-to-date: /home/mcav/cam_dev_ws/install/pylon_ros2_camera_interfaces/include/pylon_ros2_camera_interfaces/pylon_ros2_camera_interfaces/action/detail/grab_images__rosidl_typesupport_introspection_cpp.hpp\n'}
[0.699507] (pylon_ros2_camera_interfaces) StdoutLine: {'line': b'-- Up-to-date: /home/mcav/cam_dev_ws/install/pylon_ros2_camera_interfaces/include/pylon_ros2_camera_interfaces/pylon_ros2_camera_interfaces/srv\n'}
[0.699573] (pylon_ros2_camera_interfaces) StdoutLine: {'line': b'-- Up-to-date: /home/mcav/cam_dev_ws/install/pylon_ros2_camera_interfaces/include/pylon_ros2_camera_interfaces/pylon_ros2_camera_interfaces/srv/detail\n'}
[0.699644] (pylon_ros2_camera_interfaces) StdoutLine: {'line': b'-- Up-to-date: /home/mcav/cam_dev_ws/install/pylon_ros2_camera_interfaces/include/pylon_ros2_camera_interfaces/pylon_ros2_camera_interfaces/srv/detail/set_integer_value__type_support.cpp\n'}
[0.699709] (pylon_ros2_camera_interfaces) StdoutLine: {'line': b'-- Up-to-date: /home/mcav/cam_dev_ws/install/pylon_ros2_camera_interfaces/include/pylon_ros2_camera_interfaces/pylon_ros2_camera_interfaces/srv/detail/get_integer_value__rosidl_typesupport_introspection_cpp.hpp\n'}
[0.699774] (pylon_ros2_camera_interfaces) StdoutLine: {'line': b'-- Up-to-date: /home/mcav/cam_dev_ws/install/pylon_ros2_camera_interfaces/include/pylon_ros2_camera_interfaces/pylon_ros2_camera_interfaces/srv/detail/set_float_value__type_support.cpp\n'}
[0.699880] (pylon_ros2_camera_interfaces) StdoutLine: {'line': b'-- Up-to-date: /home/mcav/cam_dev_ws/install/pylon_ros2_camera_interfaces/include/pylon_ros2_camera_interfaces/pylon_ros2_camera_interfaces/srv/detail/set_string_value__rosidl_typesupport_introspection_cpp.hpp\n'}
[0.699954] (pylon_ros2_camera_interfaces) StdoutLine: {'line': b'-- Up-to-date: /home/mcav/cam_dev_ws/install/pylon_ros2_camera_interfaces/include/pylon_ros2_camera_interfaces/pylon_ros2_camera_interfaces/srv/detail/set_sleeping__type_support.cpp\n'}
[0.700024] (pylon_ros2_camera_interfaces) StdoutLine: {'line': b'-- Up-to-date: /home/mcav/cam_dev_ws/install/pylon_ros2_camera_interfaces/include/pylon_ros2_camera_interfaces/pylon_ros2_camera_interfaces/srv/detail/issue_action_command__rosidl_typesupport_introspection_cpp.hpp\n'}
[0.700097] (pylon_ros2_camera_interfaces) StdoutLine: {'line': b'-- Up-to-date: /home/mcav/cam_dev_ws/install/pylon_ros2_camera_interfaces/include/pylon_ros2_camera_interfaces/pylon_ros2_camera_interfaces/srv/detail/issue_scheduled_action_command__rosidl_typesupport_introspection_cpp.hpp\n'}
[0.700253] (-) TimerEvent: {}
[0.700410] (pylon_ros2_camera_interfaces) StdoutLine: {'line': b'-- Up-to-date: /home/mcav/cam_dev_ws/install/pylon_ros2_camera_interfaces/include/pylon_ros2_camera_interfaces/pylon_ros2_camera_interfaces/srv/detail/set_binning__rosidl_typesupport_introspection_cpp.hpp\n'}
[0.700532] (pylon_ros2_camera_interfaces) StdoutLine: {'line': b'-- Up-to-date: /home/mcav/cam_dev_ws/install/pylon_ros2_camera_interfaces/include/pylon_ros2_camera_interfaces/pylon_ros2_camera_interfaces/srv/detail/set_exposure__type_support.cpp\n'}
[0.700601] (pylon_ros2_camera_interfaces) StdoutLine: {'line': b'-- Up-to-date: /home/mcav/cam_dev_ws/install/pylon_ros2_camera_interfaces/include/pylon_ros2_camera_interfaces/pylon_ros2_camera_interfaces/srv/detail/get_float_value__type_support.cpp\n'}
[0.700676] (pylon_ros2_camera_interfaces) StdoutLine: {'line': b'-- Up-to-date: /home/mcav/cam_dev_ws/install/pylon_ros2_camera_interfaces/include/pylon_ros2_camera_interfaces/pylon_ros2_camera_interfaces/srv/detail/set_gain__rosidl_typesupport_introspection_cpp.hpp\n'}
[0.700764] (pylon_ros2_camera_interfaces) StdoutLine: {'line': b'-- Up-to-date: /home/mcav/cam_dev_ws/install/pylon_ros2_camera_interfaces/include/pylon_ros2_camera_interfaces/pylon_ros2_camera_interfaces/srv/detail/set_action_trigger_configuration__type_support.cpp\n'}
[0.700911] (pylon_ros2_camera_interfaces) StdoutLine: {'line': b'-- Up-to-date: /home/mcav/cam_dev_ws/install/pylon_ros2_camera_interfaces/include/pylon_ros2_camera_interfaces/pylon_ros2_camera_interfaces/srv/detail/get_float_value__rosidl_typesupport_introspection_cpp.hpp\n'}
[0.700978] (pylon_ros2_camera_interfaces) StdoutLine: {'line': b'-- Up-to-date: /home/mcav/cam_dev_ws/install/pylon_ros2_camera_interfaces/include/pylon_ros2_camera_interfaces/pylon_ros2_camera_interfaces/srv/detail/set_float_value__rosidl_typesupport_introspection_cpp.hpp\n'}
[0.701043] (pylon_ros2_camera_interfaces) StdoutLine: {'line': b'-- Up-to-date: /home/mcav/cam_dev_ws/install/pylon_ros2_camera_interfaces/include/pylon_ros2_camera_interfaces/pylon_ros2_camera_interfaces/srv/detail/set_exposure__rosidl_typesupport_introspection_cpp.hpp\n'}
[0.701106] (pylon_ros2_camera_interfaces) StdoutLine: {'line': b'-- Up-to-date: /home/mcav/cam_dev_ws/install/pylon_ros2_camera_interfaces/include/pylon_ros2_camera_interfaces/pylon_ros2_camera_interfaces/srv/detail/get_string_value__type_support.cpp\n'}
[0.701178] (pylon_ros2_camera_interfaces) StdoutLine: {'line': b'-- Up-to-date: /home/mcav/cam_dev_ws/install/pylon_ros2_camera_interfaces/include/pylon_ros2_camera_interfaces/pylon_ros2_camera_interfaces/srv/detail/issue_action_command__type_support.cpp\n'}
[0.701243] (pylon_ros2_camera_interfaces) StdoutLine: {'line': b'-- Up-to-date: /home/mcav/cam_dev_ws/install/pylon_ros2_camera_interfaces/include/pylon_ros2_camera_interfaces/pylon_ros2_camera_interfaces/srv/detail/get_integer_value__type_support.cpp\n'}
[0.701306] (pylon_ros2_camera_interfaces) StdoutLine: {'line': b'-- Up-to-date: /home/mcav/cam_dev_ws/install/pylon_ros2_camera_interfaces/include/pylon_ros2_camera_interfaces/pylon_ros2_camera_interfaces/srv/detail/get_string_value__rosidl_typesupport_introspection_cpp.hpp\n'}
[0.701370] (pylon_ros2_camera_interfaces) StdoutLine: {'line': b'-- Up-to-date: /home/mcav/cam_dev_ws/install/pylon_ros2_camera_interfaces/include/pylon_ros2_camera_interfaces/pylon_ros2_camera_interfaces/srv/detail/set_roi__rosidl_typesupport_introspection_cpp.hpp\n'}
[0.701443] (pylon_ros2_camera_interfaces) StdoutLine: {'line': b'-- Up-to-date: /home/mcav/cam_dev_ws/install/pylon_ros2_camera_interfaces/include/pylon_ros2_camera_interfaces/pylon_ros2_camera_interfaces/srv/detail/set_roi__type_support.cpp\n'}
[0.701606] (pylon_ros2_camera_interfaces) StdoutLine: {'line': b'-- Up-to-date: /home/mcav/cam_dev_ws/install/pylon_ros2_camera_interfaces/include/pylon_ros2_camera_interfaces/pylon_ros2_camera_interfaces/srv/detail/set_white_balance__rosidl_typesupport_introspection_cpp.hpp\n'}
[0.701683] (pylon_ros2_camera_interfaces) StdoutLine: {'line': b'-- Up-to-date: /home/mcav/cam_dev_ws/install/pylon_ros2_camera_interfaces/include/pylon_ros2_camera_interfaces/pylon_ros2_camera_interfaces/srv/detail/set_string_value__type_support.cpp\n'}
[0.701749] (pylon_ros2_camera_interfaces) StdoutLine: {'line': b'-- Up-to-date: /home/mcav/cam_dev_ws/install/pylon_ros2_camera_interfaces/include/pylon_ros2_camera_interfaces/pylon_ros2_camera_interfaces/srv/detail/set_gamma__rosidl_typesupport_introspection_cpp.hpp\n'}
[0.701820] (pylon_ros2_camera_interfaces) StdoutLine: {'line': b'-- Up-to-date: /home/mcav/cam_dev_ws/install/pylon_ros2_camera_interfaces/include/pylon_ros2_camera_interfaces/pylon_ros2_camera_interfaces/srv/detail/get_ptp_status__rosidl_typesupport_introspection_cpp.hpp\n'}
[0.701884] (pylon_ros2_camera_interfaces) StdoutLine: {'line': b'-- Up-to-date: /home/mcav/cam_dev_ws/install/pylon_ros2_camera_interfaces/include/pylon_ros2_camera_interfaces/pylon_ros2_camera_interfaces/srv/detail/set_binning__type_support.cpp\n'}
[0.701960] (pylon_ros2_camera_interfaces) StdoutLine: {'line': b'-- Up-to-date: /home/mcav/cam_dev_ws/install/pylon_ros2_camera_interfaces/include/pylon_ros2_camera_interfaces/pylon_ros2_camera_interfaces/srv/detail/set_gain__type_support.cpp\n'}
[0.702035] (pylon_ros2_camera_interfaces) StdoutLine: {'line': b'-- Up-to-date: /home/mcav/cam_dev_ws/install/pylon_ros2_camera_interfaces/include/pylon_ros2_camera_interfaces/pylon_ros2_camera_interfaces/srv/detail/set_brightness__type_support.cpp\n'}
[0.702099] (pylon_ros2_camera_interfaces) StdoutLine: {'line': b'-- Up-to-date: /home/mcav/cam_dev_ws/install/pylon_ros2_camera_interfaces/include/pylon_ros2_camera_interfaces/pylon_ros2_camera_interfaces/srv/detail/set_action_trigger_configuration__rosidl_typesupport_introspection_cpp.hpp\n'}
[0.702187] (pylon_ros2_camera_interfaces) StdoutLine: {'line': b'-- Up-to-date: /home/mcav/cam_dev_ws/install/pylon_ros2_camera_interfaces/include/pylon_ros2_camera_interfaces/pylon_ros2_camera_interfaces/srv/detail/get_ptp_status__type_support.cpp\n'}
[0.702253] (pylon_ros2_camera_interfaces) StdoutLine: {'line': b'-- Up-to-date: /home/mcav/cam_dev_ws/install/pylon_ros2_camera_interfaces/include/pylon_ros2_camera_interfaces/pylon_ros2_camera_interfaces/srv/detail/set_integer_value__rosidl_typesupport_introspection_cpp.hpp\n'}
[0.702318] (pylon_ros2_camera_interfaces) StdoutLine: {'line': b'-- Up-to-date: /home/mcav/cam_dev_ws/install/pylon_ros2_camera_interfaces/include/pylon_ros2_camera_interfaces/pylon_ros2_camera_interfaces/srv/detail/set_sleeping__rosidl_typesupport_introspection_cpp.hpp\n'}
[0.702382] (pylon_ros2_camera_interfaces) StdoutLine: {'line': b'-- Up-to-date: /home/mcav/cam_dev_ws/install/pylon_ros2_camera_interfaces/include/pylon_ros2_camera_interfaces/pylon_ros2_camera_interfaces/srv/detail/set_white_balance__type_support.cpp\n'}
[0.702484] (pylon_ros2_camera_interfaces) StdoutLine: {'line': b'-- Up-to-date: /home/mcav/cam_dev_ws/install/pylon_ros2_camera_interfaces/include/pylon_ros2_camera_interfaces/pylon_ros2_camera_interfaces/srv/detail/set_brightness__rosidl_typesupport_introspection_cpp.hpp\n'}
[0.702580] (pylon_ros2_camera_interfaces) StdoutLine: {'line': b'-- Up-to-date: /home/mcav/cam_dev_ws/install/pylon_ros2_camera_interfaces/include/pylon_ros2_camera_interfaces/pylon_ros2_camera_interfaces/srv/detail/issue_scheduled_action_command__type_support.cpp\n'}
[0.702688] (pylon_ros2_camera_interfaces) StdoutLine: {'line': b'-- Up-to-date: /home/mcav/cam_dev_ws/install/pylon_ros2_camera_interfaces/include/pylon_ros2_camera_interfaces/pylon_ros2_camera_interfaces/srv/detail/set_gamma__type_support.cpp\n'}
[0.702770] (pylon_ros2_camera_interfaces) StdoutLine: {'line': b'-- Up-to-date: /home/mcav/cam_dev_ws/install/pylon_ros2_camera_interfaces/lib/libpylon_ros2_camera_interfaces__rosidl_typesupport_introspection_cpp.so\n'}
[0.702848] (pylon_ros2_camera_interfaces) StdoutLine: {'line': b'-- Up-to-date: /home/mcav/cam_dev_ws/install/pylon_ros2_camera_interfaces/lib/libpylon_ros2_camera_interfaces__rosidl_typesupport_cpp.so\n'}
[0.702913] (pylon_ros2_camera_interfaces) StdoutLine: {'line': b'-- Up-to-date: /home/mcav/cam_dev_ws/install/pylon_ros2_camera_interfaces/share/pylon_ros2_camera_interfaces/environment/pythonpath.sh\n'}
[0.702986] (pylon_ros2_camera_interfaces) StdoutLine: {'line': b'-- Up-to-date: /home/mcav/cam_dev_ws/install/pylon_ros2_camera_interfaces/share/pylon_ros2_camera_interfaces/environment/pythonpath.dsv\n'}
[0.703051] (pylon_ros2_camera_interfaces) StdoutLine: {'line': b'-- Up-to-date: /home/mcav/cam_dev_ws/install/pylon_ros2_camera_interfaces/local/lib/python3.10/dist-packages/pylon_ros2_camera_interfaces-1.1.0-py3.10.egg-info\n'}
[0.703116] (pylon_ros2_camera_interfaces) StdoutLine: {'line': b'-- Installing: /home/mcav/cam_dev_ws/install/pylon_ros2_camera_interfaces/local/lib/python3.10/dist-packages/pylon_ros2_camera_interfaces-1.1.0-py3.10.egg-info/top_level.txt\n'}
[0.703187] (pylon_ros2_camera_interfaces) StdoutLine: {'line': b'-- Installing: /home/mcav/cam_dev_ws/install/pylon_ros2_camera_interfaces/local/lib/python3.10/dist-packages/pylon_ros2_camera_interfaces-1.1.0-py3.10.egg-info/dependency_links.txt\n'}
[0.703259] (pylon_ros2_camera_interfaces) StdoutLine: {'line': b'-- Installing: /home/mcav/cam_dev_ws/install/pylon_ros2_camera_interfaces/local/lib/python3.10/dist-packages/pylon_ros2_camera_interfaces-1.1.0-py3.10.egg-info/PKG-INFO\n'}
[0.703323] (pylon_ros2_camera_interfaces) StdoutLine: {'line': b'-- Installing: /home/mcav/cam_dev_ws/install/pylon_ros2_camera_interfaces/local/lib/python3.10/dist-packages/pylon_ros2_camera_interfaces-1.1.0-py3.10.egg-info/SOURCES.txt\n'}
[0.703387] (pylon_ros2_camera_interfaces) StdoutLine: {'line': b'-- Up-to-date: /home/mcav/cam_dev_ws/install/pylon_ros2_camera_interfaces/local/lib/python3.10/dist-packages/pylon_ros2_camera_interfaces\n'}
[0.703474] (pylon_ros2_camera_interfaces) StdoutLine: {'line': b'-- Up-to-date: /home/mcav/cam_dev_ws/install/pylon_ros2_camera_interfaces/local/lib/python3.10/dist-packages/pylon_ros2_camera_interfaces/msg\n'}
[0.703541] (pylon_ros2_camera_interfaces) StdoutLine: {'line': b'-- Up-to-date: /home/mcav/cam_dev_ws/install/pylon_ros2_camera_interfaces/local/lib/python3.10/dist-packages/pylon_ros2_camera_interfaces/msg/_current_params_s.c\n'}
[0.703605] (pylon_ros2_camera_interfaces) StdoutLine: {'line': b'-- Up-to-date: /home/mcav/cam_dev_ws/install/pylon_ros2_camera_interfaces/local/lib/python3.10/dist-packages/pylon_ros2_camera_interfaces/msg/__init__.py\n'}
[0.703668] (pylon_ros2_camera_interfaces) StdoutLine: {'line': b'-- Up-to-date: /home/mcav/cam_dev_ws/install/pylon_ros2_camera_interfaces/local/lib/python3.10/dist-packages/pylon_ros2_camera_interfaces/msg/_component_status.py\n'}
[0.703748] (pylon_ros2_camera_interfaces) StdoutLine: {'line': b'-- Up-to-date: /home/mcav/cam_dev_ws/install/pylon_ros2_camera_interfaces/local/lib/python3.10/dist-packages/pylon_ros2_camera_interfaces/msg/_current_params.py\n'}
[0.703813] (pylon_ros2_camera_interfaces) StdoutLine: {'line': b'-- Up-to-date: /home/mcav/cam_dev_ws/install/pylon_ros2_camera_interfaces/local/lib/python3.10/dist-packages/pylon_ros2_camera_interfaces/msg/_component_status_s.c\n'}
[0.703877] (pylon_ros2_camera_interfaces) StdoutLine: {'line': b'-- Up-to-date: /home/mcav/cam_dev_ws/install/pylon_ros2_camera_interfaces/local/lib/python3.10/dist-packages/pylon_ros2_camera_interfaces/action\n'}
[0.703947] (pylon_ros2_camera_interfaces) StdoutLine: {'line': b'-- Up-to-date: /home/mcav/cam_dev_ws/install/pylon_ros2_camera_interfaces/local/lib/python3.10/dist-packages/pylon_ros2_camera_interfaces/action/_grab_blaze_data.py\n'}
[0.704011] (pylon_ros2_camera_interfaces) StdoutLine: {'line': b'-- Up-to-date: /home/mcav/cam_dev_ws/install/pylon_ros2_camera_interfaces/local/lib/python3.10/dist-packages/pylon_ros2_camera_interfaces/action/_grab_images_s.c\n'}
[0.704074] (pylon_ros2_camera_interfaces) StdoutLine: {'line': b'-- Up-to-date: /home/mcav/cam_dev_ws/install/pylon_ros2_camera_interfaces/local/lib/python3.10/dist-packages/pylon_ros2_camera_interfaces/action/__init__.py\n'}
[0.704150] (pylon_ros2_camera_interfaces) StdoutLine: {'line': b'-- Up-to-date: /home/mcav/cam_dev_ws/install/pylon_ros2_camera_interfaces/local/lib/python3.10/dist-packages/pylon_ros2_camera_interfaces/action/_grab_images.py\n'}
[0.704223] (pylon_ros2_camera_interfaces) StdoutLine: {'line': b'-- Up-to-date: /home/mcav/cam_dev_ws/install/pylon_ros2_camera_interfaces/local/lib/python3.10/dist-packages/pylon_ros2_camera_interfaces/action/_grab_blaze_data_s.c\n'}
[0.704287] (pylon_ros2_camera_interfaces) StdoutLine: {'line': b'-- Up-to-date: /home/mcav/cam_dev_ws/install/pylon_ros2_camera_interfaces/local/lib/python3.10/dist-packages/pylon_ros2_camera_interfaces/_pylon_ros2_camera_interfaces_s.ep.rosidl_typesupport_introspection_c.c\n'}
[0.704351] (pylon_ros2_camera_interfaces) StdoutLine: {'line': b'-- Up-to-date: /home/mcav/cam_dev_ws/install/pylon_ros2_camera_interfaces/local/lib/python3.10/dist-packages/pylon_ros2_camera_interfaces/pylon_ros2_camera_interfaces_s__rosidl_typesupport_c.cpython-310-x86_64-linux-gnu.so\n'}
[0.704421] (pylon_ros2_camera_interfaces) StdoutLine: {'line': b'-- Up-to-date: /home/mcav/cam_dev_ws/install/pylon_ros2_camera_interfaces/local/lib/python3.10/dist-packages/pylon_ros2_camera_interfaces/_pylon_ros2_camera_interfaces_s.ep.rosidl_typesupport_fastrtps_c.c\n'}
[0.704494] (pylon_ros2_camera_interfaces) StdoutLine: {'line': b'-- Up-to-date: /home/mcav/cam_dev_ws/install/pylon_ros2_camera_interfaces/local/lib/python3.10/dist-packages/pylon_ros2_camera_interfaces/__init__.py\n'}
[0.704558] (pylon_ros2_camera_interfaces) StdoutLine: {'line': b'-- Up-to-date: /home/mcav/cam_dev_ws/install/pylon_ros2_camera_interfaces/local/lib/python3.10/dist-packages/pylon_ros2_camera_interfaces/pylon_ros2_camera_interfaces_s__rosidl_typesupport_introspection_c.cpython-310-x86_64-linux-gnu.so\n'}
[0.704623] (pylon_ros2_camera_interfaces) StdoutLine: {'line': b'-- Up-to-date: /home/mcav/cam_dev_ws/install/pylon_ros2_camera_interfaces/local/lib/python3.10/dist-packages/pylon_ros2_camera_interfaces/srv\n'}
[0.704694] (pylon_ros2_camera_interfaces) StdoutLine: {'line': b'-- Up-to-date: /home/mcav/cam_dev_ws/install/pylon_ros2_camera_interfaces/local/lib/python3.10/dist-packages/pylon_ros2_camera_interfaces/srv/_set_gain.py\n'}
[0.704758] (pylon_ros2_camera_interfaces) StdoutLine: {'line': b'-- Up-to-date: /home/mcav/cam_dev_ws/install/pylon_ros2_camera_interfaces/local/lib/python3.10/dist-packages/pylon_ros2_camera_interfaces/srv/_get_string_value.py\n'}
[0.704837] (pylon_ros2_camera_interfaces) StdoutLine: {'line': b'-- Up-to-date: /home/mcav/cam_dev_ws/install/pylon_ros2_camera_interfaces/local/lib/python3.10/dist-packages/pylon_ros2_camera_interfaces/srv/_set_roi.py\n'}
[0.704902] (pylon_ros2_camera_interfaces) StdoutLine: {'line': b'-- Up-to-date: /home/mcav/cam_dev_ws/install/pylon_ros2_camera_interfaces/local/lib/python3.10/dist-packages/pylon_ros2_camera_interfaces/srv/_set_brightness_s.c\n'}
[0.704975] (pylon_ros2_camera_interfaces) StdoutLine: {'line': b'-- Up-to-date: /home/mcav/cam_dev_ws/install/pylon_ros2_camera_interfaces/local/lib/python3.10/dist-packages/pylon_ros2_camera_interfaces/srv/_set_white_balance_s.c\n'}
[0.705043] (pylon_ros2_camera_interfaces) StdoutLine: {'line': b'-- Up-to-date: /home/mcav/cam_dev_ws/install/pylon_ros2_camera_interfaces/local/lib/python3.10/dist-packages/pylon_ros2_camera_interfaces/srv/_set_sleeping.py\n'}
[0.705108] (pylon_ros2_camera_interfaces) StdoutLine: {'line': b'-- Up-to-date: /home/mcav/cam_dev_ws/install/pylon_ros2_camera_interfaces/local/lib/python3.10/dist-packages/pylon_ros2_camera_interfaces/srv/_set_exposure.py\n'}
[0.705171] (pylon_ros2_camera_interfaces) StdoutLine: {'line': b'-- Up-to-date: /home/mcav/cam_dev_ws/install/pylon_ros2_camera_interfaces/local/lib/python3.10/dist-packages/pylon_ros2_camera_interfaces/srv/_get_integer_value.py\n'}
[0.705242] (pylon_ros2_camera_interfaces) StdoutLine: {'line': b'-- Up-to-date: /home/mcav/cam_dev_ws/install/pylon_ros2_camera_interfaces/local/lib/python3.10/dist-packages/pylon_ros2_camera_interfaces/srv/_issue_scheduled_action_command_s.c\n'}
[0.705305] (pylon_ros2_camera_interfaces) StdoutLine: {'line': b'-- Up-to-date: /home/mcav/cam_dev_ws/install/pylon_ros2_camera_interfaces/local/lib/python3.10/dist-packages/pylon_ros2_camera_interfaces/srv/_set_integer_value_s.c\n'}
[0.705368] (pylon_ros2_camera_interfaces) StdoutLine: {'line': b'-- Up-to-date: /home/mcav/cam_dev_ws/install/pylon_ros2_camera_interfaces/local/lib/python3.10/dist-packages/pylon_ros2_camera_interfaces/srv/_set_exposure_s.c\n'}
[0.705448] (pylon_ros2_camera_interfaces) StdoutLine: {'line': b'-- Up-to-date: /home/mcav/cam_dev_ws/install/pylon_ros2_camera_interfaces/local/lib/python3.10/dist-packages/pylon_ros2_camera_interfaces/srv/_set_integer_value.py\n'}
[0.705593] (pylon_ros2_camera_interfaces) StdoutLine: {'line': b'-- Up-to-date: /home/mcav/cam_dev_ws/install/pylon_ros2_camera_interfaces/local/lib/python3.10/dist-packages/pylon_ros2_camera_interfaces/srv/_get_ptp_status_s.c\n'}
[0.705664] (pylon_ros2_camera_interfaces) StdoutLine: {'line': b'-- Up-to-date: /home/mcav/cam_dev_ws/install/pylon_ros2_camera_interfaces/local/lib/python3.10/dist-packages/pylon_ros2_camera_interfaces/srv/_set_string_value_s.c\n'}
[0.705734] (pylon_ros2_camera_interfaces) StdoutLine: {'line': b'-- Up-to-date: /home/mcav/cam_dev_ws/install/pylon_ros2_camera_interfaces/local/lib/python3.10/dist-packages/pylon_ros2_camera_interfaces/srv/_set_binning_s.c\n'}
[0.705796] (pylon_ros2_camera_interfaces) StdoutLine: {'line': b'-- Up-to-date: /home/mcav/cam_dev_ws/install/pylon_ros2_camera_interfaces/local/lib/python3.10/dist-packages/pylon_ros2_camera_interfaces/srv/_set_roi_s.c\n'}
[0.705858] (pylon_ros2_camera_interfaces) StdoutLine: {'line': b'-- Up-to-date: /home/mcav/cam_dev_ws/install/pylon_ros2_camera_interfaces/local/lib/python3.10/dist-packages/pylon_ros2_camera_interfaces/srv/_set_float_value.py\n'}
[0.705921] (pylon_ros2_camera_interfaces) StdoutLine: {'line': b'-- Up-to-date: /home/mcav/cam_dev_ws/install/pylon_ros2_camera_interfaces/local/lib/python3.10/dist-packages/pylon_ros2_camera_interfaces/srv/_set_gamma_s.c\n'}
[0.705991] (pylon_ros2_camera_interfaces) StdoutLine: {'line': b'-- Up-to-date: /home/mcav/cam_dev_ws/install/pylon_ros2_camera_interfaces/local/lib/python3.10/dist-packages/pylon_ros2_camera_interfaces/srv/__init__.py\n'}
[0.706054] (pylon_ros2_camera_interfaces) StdoutLine: {'line': b'-- Up-to-date: /home/mcav/cam_dev_ws/install/pylon_ros2_camera_interfaces/local/lib/python3.10/dist-packages/pylon_ros2_camera_interfaces/srv/_issue_action_command.py\n'}
[0.706150] (pylon_ros2_camera_interfaces) StdoutLine: {'line': b'-- Up-to-date: /home/mcav/cam_dev_ws/install/pylon_ros2_camera_interfaces/local/lib/python3.10/dist-packages/pylon_ros2_camera_interfaces/srv/_get_string_value_s.c\n'}
[0.706226] (pylon_ros2_camera_interfaces) StdoutLine: {'line': b'-- Up-to-date: /home/mcav/cam_dev_ws/install/pylon_ros2_camera_interfaces/local/lib/python3.10/dist-packages/pylon_ros2_camera_interfaces/srv/_issue_action_command_s.c\n'}
[0.706287] (pylon_ros2_camera_interfaces) StdoutLine: {'line': b'-- Up-to-date: /home/mcav/cam_dev_ws/install/pylon_ros2_camera_interfaces/local/lib/python3.10/dist-packages/pylon_ros2_camera_interfaces/srv/_set_gain_s.c\n'}
[0.706349] (pylon_ros2_camera_interfaces) StdoutLine: {'line': b'-- Up-to-date: /home/mcav/cam_dev_ws/install/pylon_ros2_camera_interfaces/local/lib/python3.10/dist-packages/pylon_ros2_camera_interfaces/srv/_get_float_value.py\n'}
[0.706411] (pylon_ros2_camera_interfaces) StdoutLine: {'line': b'-- Up-to-date: /home/mcav/cam_dev_ws/install/pylon_ros2_camera_interfaces/local/lib/python3.10/dist-packages/pylon_ros2_camera_interfaces/srv/_set_brightness.py\n'}
[0.706480] (pylon_ros2_camera_interfaces) StdoutLine: {'line': b'-- Up-to-date: /home/mcav/cam_dev_ws/install/pylon_ros2_camera_interfaces/local/lib/python3.10/dist-packages/pylon_ros2_camera_interfaces/srv/_set_sleeping_s.c\n'}
[0.706542] (pylon_ros2_camera_interfaces) StdoutLine: {'line': b'-- Up-to-date: /home/mcav/cam_dev_ws/install/pylon_ros2_camera_interfaces/local/lib/python3.10/dist-packages/pylon_ros2_camera_interfaces/srv/_get_integer_value_s.c\n'}
[0.706604] (pylon_ros2_camera_interfaces) StdoutLine: {'line': b'-- Up-to-date: /home/mcav/cam_dev_ws/install/pylon_ros2_camera_interfaces/local/lib/python3.10/dist-packages/pylon_ros2_camera_interfaces/srv/_set_binning.py\n'}
[0.706666] (pylon_ros2_camera_interfaces) StdoutLine: {'line': b'-- Up-to-date: /home/mcav/cam_dev_ws/install/pylon_ros2_camera_interfaces/local/lib/python3.10/dist-packages/pylon_ros2_camera_interfaces/srv/_get_float_value_s.c\n'}
[0.706738] (pylon_ros2_camera_interfaces) StdoutLine: {'line': b'-- Up-to-date: /home/mcav/cam_dev_ws/install/pylon_ros2_camera_interfaces/local/lib/python3.10/dist-packages/pylon_ros2_camera_interfaces/srv/_get_ptp_status.py\n'}
[0.706840] (pylon_ros2_camera_interfaces) StdoutLine: {'line': b'-- Up-to-date: /home/mcav/cam_dev_ws/install/pylon_ros2_camera_interfaces/local/lib/python3.10/dist-packages/pylon_ros2_camera_interfaces/srv/_set_action_trigger_configuration_s.c\n'}
[0.706909] (pylon_ros2_camera_interfaces) StdoutLine: {'line': b'-- Up-to-date: /home/mcav/cam_dev_ws/install/pylon_ros2_camera_interfaces/local/lib/python3.10/dist-packages/pylon_ros2_camera_interfaces/srv/_set_gamma.py\n'}
[0.706978] (pylon_ros2_camera_interfaces) StdoutLine: {'line': b'-- Up-to-date: /home/mcav/cam_dev_ws/install/pylon_ros2_camera_interfaces/local/lib/python3.10/dist-packages/pylon_ros2_camera_interfaces/srv/_set_float_value_s.c\n'}
[0.707040] (pylon_ros2_camera_interfaces) StdoutLine: {'line': b'-- Up-to-date: /home/mcav/cam_dev_ws/install/pylon_ros2_camera_interfaces/local/lib/python3.10/dist-packages/pylon_ros2_camera_interfaces/srv/_set_string_value.py\n'}
[0.707102] (pylon_ros2_camera_interfaces) StdoutLine: {'line': b'-- Up-to-date: /home/mcav/cam_dev_ws/install/pylon_ros2_camera_interfaces/local/lib/python3.10/dist-packages/pylon_ros2_camera_interfaces/srv/_set_white_balance.py\n'}
[0.707163] (pylon_ros2_camera_interfaces) StdoutLine: {'line': b'-- Up-to-date: /home/mcav/cam_dev_ws/install/pylon_ros2_camera_interfaces/local/lib/python3.10/dist-packages/pylon_ros2_camera_interfaces/srv/_set_action_trigger_configuration.py\n'}
[0.707239] (pylon_ros2_camera_interfaces) StdoutLine: {'line': b'-- Up-to-date: /home/mcav/cam_dev_ws/install/pylon_ros2_camera_interfaces/local/lib/python3.10/dist-packages/pylon_ros2_camera_interfaces/srv/_issue_scheduled_action_command.py\n'}
[0.707316] (pylon_ros2_camera_interfaces) StdoutLine: {'line': b'-- Up-to-date: /home/mcav/cam_dev_ws/install/pylon_ros2_camera_interfaces/local/lib/python3.10/dist-packages/pylon_ros2_camera_interfaces/libpylon_ros2_camera_interfaces__rosidl_generator_py.so\n'}
[0.707392] (pylon_ros2_camera_interfaces) StdoutLine: {'line': b'-- Up-to-date: /home/mcav/cam_dev_ws/install/pylon_ros2_camera_interfaces/local/lib/python3.10/dist-packages/pylon_ros2_camera_interfaces/pylon_ros2_camera_interfaces_s__rosidl_typesupport_fastrtps_c.cpython-310-x86_64-linux-gnu.so\n'}
[0.707454] (pylon_ros2_camera_interfaces) StdoutLine: {'line': b'-- Up-to-date: /home/mcav/cam_dev_ws/install/pylon_ros2_camera_interfaces/local/lib/python3.10/dist-packages/pylon_ros2_camera_interfaces/_pylon_ros2_camera_interfaces_s.ep.rosidl_typesupport_c.c\n'}
[0.713795] (pylon_ros2_camera_interfaces) StdoutLine: {'line': b"Listing '/home/mcav/cam_dev_ws/install/pylon_ros2_camera_interfaces/local/lib/python3.10/dist-packages/pylon_ros2_camera_interfaces'...\n"}
[0.713994] (pylon_ros2_camera_interfaces) StdoutLine: {'line': b"Listing '/home/mcav/cam_dev_ws/install/pylon_ros2_camera_interfaces/local/lib/python3.10/dist-packages/pylon_ros2_camera_interfaces/action'...\n"}
[0.714080] (pylon_ros2_camera_interfaces) StdoutLine: {'line': b"Listing '/home/mcav/cam_dev_ws/install/pylon_ros2_camera_interfaces/local/lib/python3.10/dist-packages/pylon_ros2_camera_interfaces/msg'...\n"}
[0.714151] (pylon_ros2_camera_interfaces) StdoutLine: {'line': b"Listing '/home/mcav/cam_dev_ws/install/pylon_ros2_camera_interfaces/local/lib/python3.10/dist-packages/pylon_ros2_camera_interfaces/srv'...\n"}
[0.719837] (pylon_ros2_camera_interfaces) StdoutLine: {'line': b'-- Up-to-date: /home/mcav/cam_dev_ws/install/pylon_ros2_camera_interfaces/local/lib/python3.10/dist-packages/pylon_ros2_camera_interfaces/pylon_ros2_camera_interfaces_s__rosidl_typesupport_fastrtps_c.cpython-310-x86_64-linux-gnu.so\n'}
[0.720351] (pylon_ros2_camera_interfaces) StdoutLine: {'line': b'-- Up-to-date: /home/mcav/cam_dev_ws/install/pylon_ros2_camera_interfaces/local/lib/python3.10/dist-packages/pylon_ros2_camera_interfaces/pylon_ros2_camera_interfaces_s__rosidl_typesupport_introspection_c.cpython-310-x86_64-linux-gnu.so\n'}
[0.721023] (pylon_ros2_camera_interfaces) StdoutLine: {'line': b'-- Up-to-date: /home/mcav/cam_dev_ws/install/pylon_ros2_camera_interfaces/local/lib/python3.10/dist-packages/pylon_ros2_camera_interfaces/pylon_ros2_camera_interfaces_s__rosidl_typesupport_c.cpython-310-x86_64-linux-gnu.so\n'}
[0.721668] (pylon_ros2_camera_interfaces) StdoutLine: {'line': b'-- Up-to-date: /home/mcav/cam_dev_ws/install/pylon_ros2_camera_interfaces/lib/libpylon_ros2_camera_interfaces__rosidl_generator_py.so\n'}
[0.721977] (pylon_ros2_camera_interfaces) StdoutLine: {'line': b'-- Up-to-date: /home/mcav/cam_dev_ws/install/pylon_ros2_camera_interfaces/share/ament_index/resource_index/rust_packages/pylon_ros2_camera_interfaces\n'}
[0.722204] (pylon_ros2_camera_interfaces) StdoutLine: {'line': b'-- Up-to-date: /home/mcav/cam_dev_ws/install/pylon_ros2_camera_interfaces/share/pylon_ros2_camera_interfaces/rust\n'}
[0.722549] (pylon_ros2_camera_interfaces) StdoutLine: {'line': b'-- Up-to-date: /home/mcav/cam_dev_ws/install/pylon_ros2_camera_interfaces/share/pylon_ros2_camera_interfaces/rust/Cargo.toml\n'}
[0.722739] (pylon_ros2_camera_interfaces) StdoutLine: {'line': b'-- Up-to-date: /home/mcav/cam_dev_ws/install/pylon_ros2_camera_interfaces/share/pylon_ros2_camera_interfaces/rust/src\n'}
[0.722919] (pylon_ros2_camera_interfaces) StdoutLine: {'line': b'-- Up-to-date: /home/mcav/cam_dev_ws/install/pylon_ros2_camera_interfaces/share/pylon_ros2_camera_interfaces/rust/src/msg\n'}
[0.723114] (pylon_ros2_camera_interfaces) StdoutLine: {'line': b'-- Up-to-date: /home/mcav/cam_dev_ws/install/pylon_ros2_camera_interfaces/share/pylon_ros2_camera_interfaces/rust/src/msg/rmw.rs\n'}
[0.723284] (pylon_ros2_camera_interfaces) StdoutLine: {'line': b'-- Up-to-date: /home/mcav/cam_dev_ws/install/pylon_ros2_camera_interfaces/share/pylon_ros2_camera_interfaces/rust/src/action\n'}
[0.723461] (pylon_ros2_camera_interfaces) StdoutLine: {'line': b'-- Up-to-date: /home/mcav/cam_dev_ws/install/pylon_ros2_camera_interfaces/share/pylon_ros2_camera_interfaces/rust/src/action/rmw.rs\n'}
[0.723600] (pylon_ros2_camera_interfaces) StdoutLine: {'line': b'-- Up-to-date: /home/mcav/cam_dev_ws/install/pylon_ros2_camera_interfaces/share/pylon_ros2_camera_interfaces/rust/src/action.rs\n'}
[0.723766] (pylon_ros2_camera_interfaces) StdoutLine: {'line': b'-- Up-to-date: /home/mcav/cam_dev_ws/install/pylon_ros2_camera_interfaces/share/pylon_ros2_camera_interfaces/rust/src/srv\n'}
[0.723925] (pylon_ros2_camera_interfaces) StdoutLine: {'line': b'-- Up-to-date: /home/mcav/cam_dev_ws/install/pylon_ros2_camera_interfaces/share/pylon_ros2_camera_interfaces/rust/src/srv/rmw.rs\n'}
[0.724100] (pylon_ros2_camera_interfaces) StdoutLine: {'line': b'-- Up-to-date: /home/mcav/cam_dev_ws/install/pylon_ros2_camera_interfaces/share/pylon_ros2_camera_interfaces/rust/src/msg.rs\n'}
[0.724263] (pylon_ros2_camera_interfaces) StdoutLine: {'line': b'-- Up-to-date: /home/mcav/cam_dev_ws/install/pylon_ros2_camera_interfaces/share/pylon_ros2_camera_interfaces/rust/src/srv.rs\n'}
[0.724426] (pylon_ros2_camera_interfaces) StdoutLine: {'line': b'-- Up-to-date: /home/mcav/cam_dev_ws/install/pylon_ros2_camera_interfaces/share/pylon_ros2_camera_interfaces/rust/src/lib.rs\n'}
[0.724576] (pylon_ros2_camera_interfaces) StdoutLine: {'line': b'-- Up-to-date: /home/mcav/cam_dev_ws/install/pylon_ros2_camera_interfaces/share/pylon_ros2_camera_interfaces/rust/build.rs\n'}
[0.724787] (pylon_ros2_camera_interfaces) StdoutLine: {'line': b'-- Up-to-date: /home/mcav/cam_dev_ws/install/pylon_ros2_camera_interfaces/share/pylon_ros2_camera_interfaces/msg/CurrentParams.idl\n'}
[0.724938] (pylon_ros2_camera_interfaces) StdoutLine: {'line': b'-- Up-to-date: /home/mcav/cam_dev_ws/install/pylon_ros2_camera_interfaces/share/pylon_ros2_camera_interfaces/msg/ComponentStatus.idl\n'}
[0.725109] (pylon_ros2_camera_interfaces) StdoutLine: {'line': b'-- Up-to-date: /home/mcav/cam_dev_ws/install/pylon_ros2_camera_interfaces/share/pylon_ros2_camera_interfaces/srv/GetIntegerValue.idl\n'}
[0.725276] (pylon_ros2_camera_interfaces) StdoutLine: {'line': b'-- Up-to-date: /home/mcav/cam_dev_ws/install/pylon_ros2_camera_interfaces/share/pylon_ros2_camera_interfaces/srv/GetFloatValue.idl\n'}
[0.725461] (pylon_ros2_camera_interfaces) StdoutLine: {'line': b'-- Up-to-date: /home/mcav/cam_dev_ws/install/pylon_ros2_camera_interfaces/share/pylon_ros2_camera_interfaces/srv/GetStringValue.idl\n'}
[0.725681] (pylon_ros2_camera_interfaces) StdoutLine: {'line': b'-- Up-to-date: /home/mcav/cam_dev_ws/install/pylon_ros2_camera_interfaces/share/pylon_ros2_camera_interfaces/srv/GetPtpStatus.idl\n'}
[0.725914] (pylon_ros2_camera_interfaces) StdoutLine: {'line': b'-- Up-to-date: /home/mcav/cam_dev_ws/install/pylon_ros2_camera_interfaces/share/pylon_ros2_camera_interfaces/srv/SetBinning.idl\n'}
[0.726196] (pylon_ros2_camera_interfaces) StdoutLine: {'line': b'-- Up-to-date: /home/mcav/cam_dev_ws/install/pylon_ros2_camera_interfaces/share/pylon_ros2_camera_interfaces/srv/SetBrightness.idl\n'}
[0.726341] (pylon_ros2_camera_interfaces) StdoutLine: {'line': b'-- Up-to-date: /home/mcav/cam_dev_ws/install/pylon_ros2_camera_interfaces/share/pylon_ros2_camera_interfaces/srv/SetExposure.idl\n'}
[0.726583] (pylon_ros2_camera_interfaces) StdoutLine: {'line': b'-- Up-to-date: /home/mcav/cam_dev_ws/install/pylon_ros2_camera_interfaces/share/pylon_ros2_camera_interfaces/srv/SetGain.idl\n'}
[0.726817] (pylon_ros2_camera_interfaces) StdoutLine: {'line': b'-- Up-to-date: /home/mcav/cam_dev_ws/install/pylon_ros2_camera_interfaces/share/pylon_ros2_camera_interfaces/srv/SetGamma.idl\n'}
[0.727051] (pylon_ros2_camera_interfaces) StdoutLine: {'line': b'-- Up-to-date: /home/mcav/cam_dev_ws/install/pylon_ros2_camera_interfaces/share/pylon_ros2_camera_interfaces/srv/SetROI.idl\n'}
[0.727221] (pylon_ros2_camera_interfaces) StdoutLine: {'line': b'-- Up-to-date: /home/mcav/cam_dev_ws/install/pylon_ros2_camera_interfaces/share/pylon_ros2_camera_interfaces/srv/SetSleeping.idl\n'}
[0.727376] (pylon_ros2_camera_interfaces) StdoutLine: {'line': b'-- Up-to-date: /home/mcav/cam_dev_ws/install/pylon_ros2_camera_interfaces/share/pylon_ros2_camera_interfaces/srv/SetWhiteBalance.idl\n'}
[0.727530] (pylon_ros2_camera_interfaces) StdoutLine: {'line': b'-- Up-to-date: /home/mcav/cam_dev_ws/install/pylon_ros2_camera_interfaces/share/pylon_ros2_camera_interfaces/srv/SetIntegerValue.idl\n'}
[0.727667] (pylon_ros2_camera_interfaces) StdoutLine: {'line': b'-- Up-to-date: /home/mcav/cam_dev_ws/install/pylon_ros2_camera_interfaces/share/pylon_ros2_camera_interfaces/srv/SetFloatValue.idl\n'}
[0.727873] (pylon_ros2_camera_interfaces) StdoutLine: {'line': b'-- Up-to-date: /home/mcav/cam_dev_ws/install/pylon_ros2_camera_interfaces/share/pylon_ros2_camera_interfaces/srv/SetStringValue.idl\n'}
[0.728075] (pylon_ros2_camera_interfaces) StdoutLine: {'line': b'-- Up-to-date: /home/mcav/cam_dev_ws/install/pylon_ros2_camera_interfaces/share/pylon_ros2_camera_interfaces/srv/SetActionTriggerConfiguration.idl\n'}
[0.728213] (pylon_ros2_camera_interfaces) StdoutLine: {'line': b'-- Up-to-date: /home/mcav/cam_dev_ws/install/pylon_ros2_camera_interfaces/share/pylon_ros2_camera_interfaces/srv/IssueActionCommand.idl\n'}
[0.728358] (pylon_ros2_camera_interfaces) StdoutLine: {'line': b'-- Up-to-date: /home/mcav/cam_dev_ws/install/pylon_ros2_camera_interfaces/share/pylon_ros2_camera_interfaces/srv/IssueScheduledActionCommand.idl\n'}
[0.728502] (pylon_ros2_camera_interfaces) StdoutLine: {'line': b'-- Up-to-date: /home/mcav/cam_dev_ws/install/pylon_ros2_camera_interfaces/share/pylon_ros2_camera_interfaces/action/GrabImages.idl\n'}
[0.728689] (pylon_ros2_camera_interfaces) StdoutLine: {'line': b'-- Up-to-date: /home/mcav/cam_dev_ws/install/pylon_ros2_camera_interfaces/share/pylon_ros2_camera_interfaces/action/GrabBlazeData.idl\n'}
[0.728864] (pylon_ros2_camera_interfaces) StdoutLine: {'line': b'-- Up-to-date: /home/mcav/cam_dev_ws/install/pylon_ros2_camera_interfaces/share/pylon_ros2_camera_interfaces/msg/CurrentParams.msg\n'}
[0.729024] (pylon_ros2_camera_interfaces) StdoutLine: {'line': b'-- Up-to-date: /home/mcav/cam_dev_ws/install/pylon_ros2_camera_interfaces/share/pylon_ros2_camera_interfaces/msg/ComponentStatus.msg\n'}
[0.729182] (pylon_ros2_camera_interfaces) StdoutLine: {'line': b'-- Up-to-date: /home/mcav/cam_dev_ws/install/pylon_ros2_camera_interfaces/share/pylon_ros2_camera_interfaces/srv/GetIntegerValue.srv\n'}
[0.729353] (pylon_ros2_camera_interfaces) StdoutLine: {'line': b'-- Up-to-date: /home/mcav/cam_dev_ws/install/pylon_ros2_camera_interfaces/share/pylon_ros2_camera_interfaces/srv/GetIntegerValue_Request.msg\n'}
[0.729545] (pylon_ros2_camera_interfaces) StdoutLine: {'line': b'-- Up-to-date: /home/mcav/cam_dev_ws/install/pylon_ros2_camera_interfaces/share/pylon_ros2_camera_interfaces/srv/GetIntegerValue_Response.msg\n'}
[0.729735] (pylon_ros2_camera_interfaces) StdoutLine: {'line': b'-- Up-to-date: /home/mcav/cam_dev_ws/install/pylon_ros2_camera_interfaces/share/pylon_ros2_camera_interfaces/srv/GetFloatValue.srv\n'}
[0.729909] (pylon_ros2_camera_interfaces) StdoutLine: {'line': b'-- Up-to-date: /home/mcav/cam_dev_ws/install/pylon_ros2_camera_interfaces/share/pylon_ros2_camera_interfaces/srv/GetFloatValue_Request.msg\n'}
[0.730041] (pylon_ros2_camera_interfaces) StdoutLine: {'line': b'-- Up-to-date: /home/mcav/cam_dev_ws/install/pylon_ros2_camera_interfaces/share/pylon_ros2_camera_interfaces/srv/GetFloatValue_Response.msg\n'}
[0.730252] (pylon_ros2_camera_interfaces) StdoutLine: {'line': b'-- Up-to-date: /home/mcav/cam_dev_ws/install/pylon_ros2_camera_interfaces/share/pylon_ros2_camera_interfaces/srv/GetStringValue.srv\n'}
[0.730417] (pylon_ros2_camera_interfaces) StdoutLine: {'line': b'-- Up-to-date: /home/mcav/cam_dev_ws/install/pylon_ros2_camera_interfaces/share/pylon_ros2_camera_interfaces/srv/GetStringValue_Request.msg\n'}
[0.730608] (pylon_ros2_camera_interfaces) StdoutLine: {'line': b'-- Up-to-date: /home/mcav/cam_dev_ws/install/pylon_ros2_camera_interfaces/share/pylon_ros2_camera_interfaces/srv/GetStringValue_Response.msg\n'}
[0.730759] (pylon_ros2_camera_interfaces) StdoutLine: {'line': b'-- Up-to-date: /home/mcav/cam_dev_ws/install/pylon_ros2_camera_interfaces/share/pylon_ros2_camera_interfaces/srv/GetPtpStatus.srv\n'}
[0.730907] (pylon_ros2_camera_interfaces) StdoutLine: {'line': b'-- Up-to-date: /home/mcav/cam_dev_ws/install/pylon_ros2_camera_interfaces/share/pylon_ros2_camera_interfaces/srv/GetPtpStatus_Request.msg\n'}
[0.731101] (pylon_ros2_camera_interfaces) StdoutLine: {'line': b'-- Up-to-date: /home/mcav/cam_dev_ws/install/pylon_ros2_camera_interfaces/share/pylon_ros2_camera_interfaces/srv/GetPtpStatus_Response.msg\n'}
[0.731249] (pylon_ros2_camera_interfaces) StdoutLine: {'line': b'-- Up-to-date: /home/mcav/cam_dev_ws/install/pylon_ros2_camera_interfaces/share/pylon_ros2_camera_interfaces/srv/SetBinning.srv\n'}
[0.731424] (pylon_ros2_camera_interfaces) StdoutLine: {'line': b'-- Up-to-date: /home/mcav/cam_dev_ws/install/pylon_ros2_camera_interfaces/share/pylon_ros2_camera_interfaces/srv/SetBinning_Request.msg\n'}
[0.731588] (pylon_ros2_camera_interfaces) StdoutLine: {'line': b'-- Up-to-date: /home/mcav/cam_dev_ws/install/pylon_ros2_camera_interfaces/share/pylon_ros2_camera_interfaces/srv/SetBinning_Response.msg\n'}
[0.731783] (pylon_ros2_camera_interfaces) StdoutLine: {'line': b'-- Up-to-date: /home/mcav/cam_dev_ws/install/pylon_ros2_camera_interfaces/share/pylon_ros2_camera_interfaces/srv/SetBrightness.srv\n'}
[0.731960] (pylon_ros2_camera_interfaces) StdoutLine: {'line': b'-- Up-to-date: /home/mcav/cam_dev_ws/install/pylon_ros2_camera_interfaces/share/pylon_ros2_camera_interfaces/srv/SetBrightness_Request.msg\n'}
[0.732203] (pylon_ros2_camera_interfaces) StdoutLine: {'line': b'-- Up-to-date: /home/mcav/cam_dev_ws/install/pylon_ros2_camera_interfaces/share/pylon_ros2_camera_interfaces/srv/SetBrightness_Response.msg\n'}
[0.732403] (pylon_ros2_camera_interfaces) StdoutLine: {'line': b'-- Up-to-date: /home/mcav/cam_dev_ws/install/pylon_ros2_camera_interfaces/share/pylon_ros2_camera_interfaces/srv/SetExposure.srv\n'}
[0.732583] (pylon_ros2_camera_interfaces) StdoutLine: {'line': b'-- Up-to-date: /home/mcav/cam_dev_ws/install/pylon_ros2_camera_interfaces/share/pylon_ros2_camera_interfaces/srv/SetExposure_Request.msg\n'}
[0.732793] (pylon_ros2_camera_interfaces) StdoutLine: {'line': b'-- Up-to-date: /home/mcav/cam_dev_ws/install/pylon_ros2_camera_interfaces/share/pylon_ros2_camera_interfaces/srv/SetExposure_Response.msg\n'}
[0.732952] (pylon_ros2_camera_interfaces) StdoutLine: {'line': b'-- Up-to-date: /home/mcav/cam_dev_ws/install/pylon_ros2_camera_interfaces/share/pylon_ros2_camera_interfaces/srv/SetGain.srv\n'}
[0.733121] (pylon_ros2_camera_interfaces) StdoutLine: {'line': b'-- Up-to-date: /home/mcav/cam_dev_ws/install/pylon_ros2_camera_interfaces/share/pylon_ros2_camera_interfaces/srv/SetGain_Request.msg\n'}
[0.733254] (pylon_ros2_camera_interfaces) StdoutLine: {'line': b'-- Up-to-date: /home/mcav/cam_dev_ws/install/pylon_ros2_camera_interfaces/share/pylon_ros2_camera_interfaces/srv/SetGain_Response.msg\n'}
[0.733420] (pylon_ros2_camera_interfaces) StdoutLine: {'line': b'-- Up-to-date: /home/mcav/cam_dev_ws/install/pylon_ros2_camera_interfaces/share/pylon_ros2_camera_interfaces/srv/SetGamma.srv\n'}
[0.733660] (pylon_ros2_camera_interfaces) StdoutLine: {'line': b'-- Up-to-date: /home/mcav/cam_dev_ws/install/pylon_ros2_camera_interfaces/share/pylon_ros2_camera_interfaces/srv/SetGamma_Request.msg\n'}
[0.733809] (pylon_ros2_camera_interfaces) StdoutLine: {'line': b'-- Up-to-date: /home/mcav/cam_dev_ws/install/pylon_ros2_camera_interfaces/share/pylon_ros2_camera_interfaces/srv/SetGamma_Response.msg\n'}
[0.733952] (pylon_ros2_camera_interfaces) StdoutLine: {'line': b'-- Up-to-date: /home/mcav/cam_dev_ws/install/pylon_ros2_camera_interfaces/share/pylon_ros2_camera_interfaces/srv/SetROI.srv\n'}
[0.734095] (pylon_ros2_camera_interfaces) StdoutLine: {'line': b'-- Up-to-date: /home/mcav/cam_dev_ws/install/pylon_ros2_camera_interfaces/share/pylon_ros2_camera_interfaces/srv/SetROI_Request.msg\n'}
[0.734256] (pylon_ros2_camera_interfaces) StdoutLine: {'line': b'-- Up-to-date: /home/mcav/cam_dev_ws/install/pylon_ros2_camera_interfaces/share/pylon_ros2_camera_interfaces/srv/SetROI_Response.msg\n'}
[0.734378] (pylon_ros2_camera_interfaces) StdoutLine: {'line': b'-- Up-to-date: /home/mcav/cam_dev_ws/install/pylon_ros2_camera_interfaces/share/pylon_ros2_camera_interfaces/srv/SetSleeping.srv\n'}
[0.734530] (pylon_ros2_camera_interfaces) StdoutLine: {'line': b'-- Up-to-date: /home/mcav/cam_dev_ws/install/pylon_ros2_camera_interfaces/share/pylon_ros2_camera_interfaces/srv/SetSleeping_Request.msg\n'}
[0.734647] (pylon_ros2_camera_interfaces) StdoutLine: {'line': b'-- Up-to-date: /home/mcav/cam_dev_ws/install/pylon_ros2_camera_interfaces/share/pylon_ros2_camera_interfaces/srv/SetSleeping_Response.msg\n'}
[0.734787] (pylon_ros2_camera_interfaces) StdoutLine: {'line': b'-- Up-to-date: /home/mcav/cam_dev_ws/install/pylon_ros2_camera_interfaces/share/pylon_ros2_camera_interfaces/srv/SetWhiteBalance.srv\n'}
[0.734903] (pylon_ros2_camera_interfaces) StdoutLine: {'line': b'-- Up-to-date: /home/mcav/cam_dev_ws/install/pylon_ros2_camera_interfaces/share/pylon_ros2_camera_interfaces/srv/SetWhiteBalance_Request.msg\n'}
[0.735090] (pylon_ros2_camera_interfaces) StdoutLine: {'line': b'-- Up-to-date: /home/mcav/cam_dev_ws/install/pylon_ros2_camera_interfaces/share/pylon_ros2_camera_interfaces/srv/SetWhiteBalance_Response.msg\n'}
[0.735214] (pylon_ros2_camera_interfaces) StdoutLine: {'line': b'-- Up-to-date: /home/mcav/cam_dev_ws/install/pylon_ros2_camera_interfaces/share/pylon_ros2_camera_interfaces/srv/SetIntegerValue.srv\n'}
[0.735413] (pylon_ros2_camera_interfaces) StdoutLine: {'line': b'-- Up-to-date: /home/mcav/cam_dev_ws/install/pylon_ros2_camera_interfaces/share/pylon_ros2_camera_interfaces/srv/SetIntegerValue_Request.msg\n'}
[0.735533] (pylon_ros2_camera_interfaces) StdoutLine: {'line': b'-- Up-to-date: /home/mcav/cam_dev_ws/install/pylon_ros2_camera_interfaces/share/pylon_ros2_camera_interfaces/srv/SetIntegerValue_Response.msg\n'}
[0.735684] (pylon_ros2_camera_interfaces) StdoutLine: {'line': b'-- Up-to-date: /home/mcav/cam_dev_ws/install/pylon_ros2_camera_interfaces/share/pylon_ros2_camera_interfaces/srv/SetFloatValue.srv\n'}
[0.735831] (pylon_ros2_camera_interfaces) StdoutLine: {'line': b'-- Up-to-date: /home/mcav/cam_dev_ws/install/pylon_ros2_camera_interfaces/share/pylon_ros2_camera_interfaces/srv/SetFloatValue_Request.msg\n'}
[0.735981] (pylon_ros2_camera_interfaces) StdoutLine: {'line': b'-- Up-to-date: /home/mcav/cam_dev_ws/install/pylon_ros2_camera_interfaces/share/pylon_ros2_camera_interfaces/srv/SetFloatValue_Response.msg\n'}
[0.736141] (pylon_ros2_camera_interfaces) StdoutLine: {'line': b'-- Up-to-date: /home/mcav/cam_dev_ws/install/pylon_ros2_camera_interfaces/share/pylon_ros2_camera_interfaces/srv/SetStringValue.srv\n'}
[0.736295] (pylon_ros2_camera_interfaces) StdoutLine: {'line': b'-- Up-to-date: /home/mcav/cam_dev_ws/install/pylon_ros2_camera_interfaces/share/pylon_ros2_camera_interfaces/srv/SetStringValue_Request.msg\n'}
[0.736446] (pylon_ros2_camera_interfaces) StdoutLine: {'line': b'-- Up-to-date: /home/mcav/cam_dev_ws/install/pylon_ros2_camera_interfaces/share/pylon_ros2_camera_interfaces/srv/SetStringValue_Response.msg\n'}
[0.736603] (pylon_ros2_camera_interfaces) StdoutLine: {'line': b'-- Up-to-date: /home/mcav/cam_dev_ws/install/pylon_ros2_camera_interfaces/share/pylon_ros2_camera_interfaces/srv/SetActionTriggerConfiguration.srv\n'}
[0.736760] (pylon_ros2_camera_interfaces) StdoutLine: {'line': b'-- Up-to-date: /home/mcav/cam_dev_ws/install/pylon_ros2_camera_interfaces/share/pylon_ros2_camera_interfaces/srv/SetActionTriggerConfiguration_Request.msg\n'}
[0.736906] (pylon_ros2_camera_interfaces) StdoutLine: {'line': b'-- Up-to-date: /home/mcav/cam_dev_ws/install/pylon_ros2_camera_interfaces/share/pylon_ros2_camera_interfaces/srv/SetActionTriggerConfiguration_Response.msg\n'}
[0.737087] (pylon_ros2_camera_interfaces) StdoutLine: {'line': b'-- Up-to-date: /home/mcav/cam_dev_ws/install/pylon_ros2_camera_interfaces/share/pylon_ros2_camera_interfaces/srv/IssueActionCommand.srv\n'}
[0.737211] (pylon_ros2_camera_interfaces) StdoutLine: {'line': b'-- Up-to-date: /home/mcav/cam_dev_ws/install/pylon_ros2_camera_interfaces/share/pylon_ros2_camera_interfaces/srv/IssueActionCommand_Request.msg\n'}
[0.737372] (pylon_ros2_camera_interfaces) StdoutLine: {'line': b'-- Up-to-date: /home/mcav/cam_dev_ws/install/pylon_ros2_camera_interfaces/share/pylon_ros2_camera_interfaces/srv/IssueActionCommand_Response.msg\n'}
[0.737557] (pylon_ros2_camera_interfaces) StdoutLine: {'line': b'-- Up-to-date: /home/mcav/cam_dev_ws/install/pylon_ros2_camera_interfaces/share/pylon_ros2_camera_interfaces/srv/IssueScheduledActionCommand.srv\n'}
[0.737835] (pylon_ros2_camera_interfaces) StdoutLine: {'line': b'-- Up-to-date: /home/mcav/cam_dev_ws/install/pylon_ros2_camera_interfaces/share/pylon_ros2_camera_interfaces/srv/IssueScheduledActionCommand_Request.msg\n'}
[0.738063] (pylon_ros2_camera_interfaces) StdoutLine: {'line': b'-- Up-to-date: /home/mcav/cam_dev_ws/install/pylon_ros2_camera_interfaces/share/pylon_ros2_camera_interfaces/srv/IssueScheduledActionCommand_Response.msg\n'}
[0.738270] (pylon_ros2_camera_interfaces) StdoutLine: {'line': b'-- Up-to-date: /home/mcav/cam_dev_ws/install/pylon_ros2_camera_interfaces/share/pylon_ros2_camera_interfaces/action/GrabImages.action\n'}
[0.738447] (pylon_ros2_camera_interfaces) StdoutLine: {'line': b'-- Up-to-date: /home/mcav/cam_dev_ws/install/pylon_ros2_camera_interfaces/share/pylon_ros2_camera_interfaces/action/GrabBlazeData.action\n'}
[0.738621] (pylon_ros2_camera_interfaces) StdoutLine: {'line': b'-- Up-to-date: /home/mcav/cam_dev_ws/install/pylon_ros2_camera_interfaces/share/ament_index/resource_index/package_run_dependencies/pylon_ros2_camera_interfaces\n'}
[0.738823] (pylon_ros2_camera_interfaces) StdoutLine: {'line': b'-- Up-to-date: /home/mcav/cam_dev_ws/install/pylon_ros2_camera_interfaces/share/ament_index/resource_index/parent_prefix_path/pylon_ros2_camera_interfaces\n'}
[0.738990] (pylon_ros2_camera_interfaces) StdoutLine: {'line': b'-- Up-to-date: /home/mcav/cam_dev_ws/install/pylon_ros2_camera_interfaces/share/pylon_ros2_camera_interfaces/environment/ament_prefix_path.sh\n'}
[0.739108] (pylon_ros2_camera_interfaces) StdoutLine: {'line': b'-- Up-to-date: /home/mcav/cam_dev_ws/install/pylon_ros2_camera_interfaces/share/pylon_ros2_camera_interfaces/environment/ament_prefix_path.dsv\n'}
[0.739221] (pylon_ros2_camera_interfaces) StdoutLine: {'line': b'-- Up-to-date: /home/mcav/cam_dev_ws/install/pylon_ros2_camera_interfaces/share/pylon_ros2_camera_interfaces/environment/path.sh\n'}
[0.739358] (pylon_ros2_camera_interfaces) StdoutLine: {'line': b'-- Up-to-date: /home/mcav/cam_dev_ws/install/pylon_ros2_camera_interfaces/share/pylon_ros2_camera_interfaces/environment/path.dsv\n'}
[0.739483] (pylon_ros2_camera_interfaces) StdoutLine: {'line': b'-- Up-to-date: /home/mcav/cam_dev_ws/install/pylon_ros2_camera_interfaces/share/pylon_ros2_camera_interfaces/local_setup.bash\n'}
[0.739593] (pylon_ros2_camera_interfaces) StdoutLine: {'line': b'-- Up-to-date: /home/mcav/cam_dev_ws/install/pylon_ros2_camera_interfaces/share/pylon_ros2_camera_interfaces/local_setup.sh\n'}
[0.739737] (pylon_ros2_camera_interfaces) StdoutLine: {'line': b'-- Up-to-date: /home/mcav/cam_dev_ws/install/pylon_ros2_camera_interfaces/share/pylon_ros2_camera_interfaces/local_setup.zsh\n'}
[0.739874] (pylon_ros2_camera_interfaces) StdoutLine: {'line': b'-- Up-to-date: /home/mcav/cam_dev_ws/install/pylon_ros2_camera_interfaces/share/pylon_ros2_camera_interfaces/local_setup.dsv\n'}
[0.740049] (pylon_ros2_camera_interfaces) StdoutLine: {'line': b'-- Installing: /home/mcav/cam_dev_ws/install/pylon_ros2_camera_interfaces/share/pylon_ros2_camera_interfaces/package.dsv\n'}
[0.740168] (pylon_ros2_camera_interfaces) StdoutLine: {'line': b'-- Up-to-date: /home/mcav/cam_dev_ws/install/pylon_ros2_camera_interfaces/share/ament_index/resource_index/packages/pylon_ros2_camera_interfaces\n'}
[0.740309] (pylon_ros2_camera_interfaces) StdoutLine: {'line': b'-- Up-to-date: /home/mcav/cam_dev_ws/install/pylon_ros2_camera_interfaces/share/pylon_ros2_camera_interfaces/cmake/export_pylon_ros2_camera_interfaces__rosidl_generator_cExport.cmake\n'}
[0.740427] (pylon_ros2_camera_interfaces) StdoutLine: {'line': b'-- Up-to-date: /home/mcav/cam_dev_ws/install/pylon_ros2_camera_interfaces/share/pylon_ros2_camera_interfaces/cmake/export_pylon_ros2_camera_interfaces__rosidl_generator_cExport-noconfig.cmake\n'}
[0.740536] (pylon_ros2_camera_interfaces) StdoutLine: {'line': b'-- Up-to-date: /home/mcav/cam_dev_ws/install/pylon_ros2_camera_interfaces/share/pylon_ros2_camera_interfaces/cmake/export_pylon_ros2_camera_interfaces__rosidl_typesupport_fastrtps_cExport.cmake\n'}
[0.740669] (pylon_ros2_camera_interfaces) StdoutLine: {'line': b'-- Up-to-date: /home/mcav/cam_dev_ws/install/pylon_ros2_camera_interfaces/share/pylon_ros2_camera_interfaces/cmake/export_pylon_ros2_camera_interfaces__rosidl_typesupport_fastrtps_cExport-noconfig.cmake\n'}
[0.740778] (pylon_ros2_camera_interfaces) StdoutLine: {'line': b'-- Up-to-date: /home/mcav/cam_dev_ws/install/pylon_ros2_camera_interfaces/share/pylon_ros2_camera_interfaces/cmake/export_pylon_ros2_camera_interfaces__rosidl_generator_cppExport.cmake\n'}
[0.740983] (pylon_ros2_camera_interfaces) StdoutLine: {'line': b'-- Up-to-date: /home/mcav/cam_dev_ws/install/pylon_ros2_camera_interfaces/share/pylon_ros2_camera_interfaces/cmake/export_pylon_ros2_camera_interfaces__rosidl_typesupport_fastrtps_cppExport.cmake\n'}
[0.741100] (pylon_ros2_camera_interfaces) StdoutLine: {'line': b'-- Up-to-date: /home/mcav/cam_dev_ws/install/pylon_ros2_camera_interfaces/share/pylon_ros2_camera_interfaces/cmake/export_pylon_ros2_camera_interfaces__rosidl_typesupport_fastrtps_cppExport-noconfig.cmake\n'}
[0.741451] (pylon_ros2_camera_interfaces) StdoutLine: {'line': b'-- Up-to-date: /home/mcav/cam_dev_ws/install/pylon_ros2_camera_interfaces/share/pylon_ros2_camera_interfaces/cmake/pylon_ros2_camera_interfaces__rosidl_typesupport_introspection_cExport.cmake\n'}
[0.741876] (pylon_ros2_camera_interfaces) StdoutLine: {'line': b'-- Up-to-date: /home/mcav/cam_dev_ws/install/pylon_ros2_camera_interfaces/share/pylon_ros2_camera_interfaces/cmake/pylon_ros2_camera_interfaces__rosidl_typesupport_introspection_cExport-noconfig.cmake\n'}
[0.742297] (pylon_ros2_camera_interfaces) StdoutLine: {'line': b'-- Up-to-date: /home/mcav/cam_dev_ws/install/pylon_ros2_camera_interfaces/share/pylon_ros2_camera_interfaces/cmake/pylon_ros2_camera_interfaces__rosidl_typesupport_cExport.cmake\n'}
[0.742791] (pylon_ros2_camera_interfaces) StdoutLine: {'line': b'-- Up-to-date: /home/mcav/cam_dev_ws/install/pylon_ros2_camera_interfaces/share/pylon_ros2_camera_interfaces/cmake/pylon_ros2_camera_interfaces__rosidl_typesupport_cExport-noconfig.cmake\n'}
[0.743110] (pylon_ros2_camera_interfaces) StdoutLine: {'line': b'-- Up-to-date: /home/mcav/cam_dev_ws/install/pylon_ros2_camera_interfaces/share/pylon_ros2_camera_interfaces/cmake/pylon_ros2_camera_interfaces__rosidl_typesupport_introspection_cppExport.cmake\n'}
[0.743637] (pylon_ros2_camera_interfaces) StdoutLine: {'line': b'-- Up-to-date: /home/mcav/cam_dev_ws/install/pylon_ros2_camera_interfaces/share/pylon_ros2_camera_interfaces/cmake/pylon_ros2_camera_interfaces__rosidl_typesupport_introspection_cppExport-noconfig.cmake\n'}
[0.744230] (pylon_ros2_camera_interfaces) StdoutLine: {'line': b'-- Up-to-date: /home/mcav/cam_dev_ws/install/pylon_ros2_camera_interfaces/share/pylon_ros2_camera_interfaces/cmake/pylon_ros2_camera_interfaces__rosidl_typesupport_cppExport.cmake\n'}
[0.744483] (pylon_ros2_camera_interfaces) StdoutLine: {'line': b'-- Up-to-date: /home/mcav/cam_dev_ws/install/pylon_ros2_camera_interfaces/share/pylon_ros2_camera_interfaces/cmake/pylon_ros2_camera_interfaces__rosidl_typesupport_cppExport-noconfig.cmake\n'}
[0.744733] (pylon_ros2_camera_interfaces) StdoutLine: {'line': b'-- Up-to-date: /home/mcav/cam_dev_ws/install/pylon_ros2_camera_interfaces/share/pylon_ros2_camera_interfaces/cmake/export_pylon_ros2_camera_interfaces__rosidl_generator_pyExport.cmake\n'}
[0.744994] (pylon_ros2_camera_interfaces) StdoutLine: {'line': b'-- Up-to-date: /home/mcav/cam_dev_ws/install/pylon_ros2_camera_interfaces/share/pylon_ros2_camera_interfaces/cmake/export_pylon_ros2_camera_interfaces__rosidl_generator_pyExport-noconfig.cmake\n'}
[0.745448] (pylon_ros2_camera_interfaces) StdoutLine: {'line': b'-- Up-to-date: /home/mcav/cam_dev_ws/install/pylon_ros2_camera_interfaces/share/pylon_ros2_camera_interfaces/cmake/rosidl_cmake-extras.cmake\n'}
[0.745677] (pylon_ros2_camera_interfaces) StdoutLine: {'line': b'-- Up-to-date: /home/mcav/cam_dev_ws/install/pylon_ros2_camera_interfaces/share/pylon_ros2_camera_interfaces/cmake/ament_cmake_export_dependencies-extras.cmake\n'}
[0.746189] (pylon_ros2_camera_interfaces) StdoutLine: {'line': b'-- Up-to-date: /home/mcav/cam_dev_ws/install/pylon_ros2_camera_interfaces/share/pylon_ros2_camera_interfaces/cmake/ament_cmake_export_include_directories-extras.cmake\n'}
[0.746589] (pylon_ros2_camera_interfaces) StdoutLine: {'line': b'-- Up-to-date: /home/mcav/cam_dev_ws/install/pylon_ros2_camera_interfaces/share/pylon_ros2_camera_interfaces/cmake/ament_cmake_export_libraries-extras.cmake\n'}
[0.746940] (pylon_ros2_camera_interfaces) StdoutLine: {'line': b'-- Up-to-date: /home/mcav/cam_dev_ws/install/pylon_ros2_camera_interfaces/share/pylon_ros2_camera_interfaces/cmake/ament_cmake_export_targets-extras.cmake\n'}
[0.747086] (pylon_ros2_camera_interfaces) StdoutLine: {'line': b'-- Up-to-date: /home/mcav/cam_dev_ws/install/pylon_ros2_camera_interfaces/share/pylon_ros2_camera_interfaces/cmake/rosidl_cmake_export_typesupport_targets-extras.cmake\n'}
[0.747166] (pylon_ros2_camera_interfaces) StdoutLine: {'line': b'-- Up-to-date: /home/mcav/cam_dev_ws/install/pylon_ros2_camera_interfaces/share/pylon_ros2_camera_interfaces/cmake/rosidl_cmake_export_typesupport_libraries-extras.cmake\n'}
[0.747257] (pylon_ros2_camera_interfaces) StdoutLine: {'line': b'-- Up-to-date: /home/mcav/cam_dev_ws/install/pylon_ros2_camera_interfaces/share/pylon_ros2_camera_interfaces/cmake/rosidl_cmake_aggregate_target-extras.cmake\n'}
[0.747346] (pylon_ros2_camera_interfaces) StdoutLine: {'line': b'-- Up-to-date: /home/mcav/cam_dev_ws/install/pylon_ros2_camera_interfaces/share/pylon_ros2_camera_interfaces/cmake/pylon_ros2_camera_interfacesConfig.cmake\n'}
[0.747499] (pylon_ros2_camera_interfaces) StdoutLine: {'line': b'-- Up-to-date: /home/mcav/cam_dev_ws/install/pylon_ros2_camera_interfaces/share/pylon_ros2_camera_interfaces/cmake/pylon_ros2_camera_interfacesConfig-version.cmake\n'}
[0.747621] (pylon_ros2_camera_interfaces) StdoutLine: {'line': b'-- Up-to-date: /home/mcav/cam_dev_ws/install/pylon_ros2_camera_interfaces/share/pylon_ros2_camera_interfaces/package.xml\n'}
[0.747998] (pylon_ros2_camera_interfaces) CommandEnded: {'returncode': 0}
[0.776779] (pylon_ros2_camera_interfaces) JobEnded: {'identifier': 'pylon_ros2_camera_interfaces', 'rc': 0}
[0.778755] (pylon_ros2_camera_component) JobStarted: {'identifier': 'pylon_ros2_camera_component'}
[0.789828] (pylon_ros2_camera_component) JobProgress: {'identifier': 'pylon_ros2_camera_component', 'progress': 'cmake'}
[0.791606] (pylon_ros2_camera_component) JobProgress: {'identifier': 'pylon_ros2_camera_component', 'progress': 'build'}
[0.792456] (pylon_ros2_camera_component) Command: {'cmd': ['/usr/local/bin/cmake', '--build', '/home/mcav/cam_dev_ws/build/pylon_ros2_camera_component', '--', '-j8', '-l8'], 'cwd': '/home/mcav/cam_dev_ws/build/pylon_ros2_camera_component', 'env': OrderedDict([('LESSOPEN', '| /usr/bin/lesspipe %s'), ('USER', 'mcav'), ('CCACHE_DIR', '/var/tmp/ccache'), ('XDG_SESSION_TYPE', 'x11'), ('SHLVL', '1'), ('LD_LIBRARY_PATH', '/home/mcav/cam_dev_ws/install/pylon_ros2_camera_interfaces/lib:/home/mcav/cam_dev_ws/install/pylon_ros2_camera_wrapper/lib:/home/mcav/cam_dev_ws/install/pylon_ros2_camera_component/lib:/usr/local/cuda/lib64:/usr/local/cuda/lib64:/opt/ros/humble/opt/rviz_ogre_vendor/lib:/opt/ros/humble/lib/x86_64-linux-gnu:/opt/ros/humble/lib'), ('HOME', '/home/mcav'), ('OLDPWD', '/home/mcav'), ('DESKTOP_SESSION', 'ubuntu'), ('ROS_PYTHON_VERSION', '3'), ('GNOME_SHELL_SESSION_MODE', 'ubuntu'), ('GTK_MODULES', 'gail:atk-bridge'), ('SYSTEMD_EXEC_PID', '1883'), ('DBUS_SESSION_BUS_ADDRESS', 'unix:path=/run/user/1000/bus'), ('COLORTERM', 'truecolor'), ('IM_CONFIG_PHASE', '1'), ('COLCON_PREFIX_PATH', '/home/mcav/cam_dev_ws/install'), ('ROS_DISTRO', 'humble'), ('GTK_IM_MODULE', 'ibus'), ('LOGNAME', 'mcav'), ('_', '/usr/bin/colcon'), ('ROS_VERSION', '2'), ('XDG_SESSION_CLASS', 'user'), ('USERNAME', 'mcav'), ('TERM', 'xterm-256color'), ('GNOME_DESKTOP_SESSION_ID', 'this-is-deprecated'), ('ROS_LOCALHOST_ONLY', '0'), ('WINDOWPATH', '2'), ('PATH', '/usr/local/cuda/bin:/usr/local/cuda/bin:/opt/ros/humble/bin:/home/mcav/.local/bin:/home/mcav/bin:/usr/local/sbin:/usr/local/bin:/usr/sbin:/usr/bin:/sbin:/bin:/usr/games:/usr/local/games:/snap/bin:/snap/bin:/home/mcav/.local/bin:/home/mcav/.local/bin'), ('SESSION_MANAGER', 'local/mcav:@/tmp/.ICE-unix/1860,unix/mcav:/tmp/.ICE-unix/1860'), ('XDG_MENU_PREFIX', 'gnome-'), ('GNOME_TERMINAL_SCREEN', '/org/gnome/Terminal/screen/6ea3e941_e1f6_400a_b286_e3289f5fe578'), ('XDG_RUNTIME_DIR', '/run/user/1000'), ('DISPLAY', ':0'), ('LANG', 'en_US.UTF-8'), ('XDG_CURRENT_DESKTOP', 'ubuntu:GNOME'), ('RMW_IMPLEMENTATION', 'rmw_cyclonedds_cpp'), ('XMODIFIERS', '@im=ibus'), ('XDG_SESSION_DESKTOP', 'ubuntu'), ('XAUTHORITY', '/run/user/1000/gdm/Xauthority'), ('LS_COLORS', 'rs=0:di=01;34:ln=01;36:mh=00:pi=40;33:so=01;35:do=01;35:bd=40;33;01:cd=40;33;01:or=40;31;01:mi=00:su=37;41:sg=30;43:ca=30;41:tw=30;42:ow=34;42:st=37;44:ex=01;32:*.tar=01;31:*.tgz=01;31:*.arc=01;31:*.arj=01;31:*.taz=01;31:*.lha=01;31:*.lz4=01;31:*.lzh=01;31:*.lzma=01;31:*.tlz=01;31:*.txz=01;31:*.tzo=01;31:*.t7z=01;31:*.zip=01;31:*.z=01;31:*.dz=01;31:*.gz=01;31:*.lrz=01;31:*.lz=01;31:*.lzo=01;31:*.xz=01;31:*.zst=01;31:*.tzst=01;31:*.bz2=01;31:*.bz=01;31:*.tbz=01;31:*.tbz2=01;31:*.tz=01;31:*.deb=01;31:*.rpm=01;31:*.jar=01;31:*.war=01;31:*.ear=01;31:*.sar=01;31:*.rar=01;31:*.alz=01;31:*.ace=01;31:*.zoo=01;31:*.cpio=01;31:*.7z=01;31:*.rz=01;31:*.cab=01;31:*.wim=01;31:*.swm=01;31:*.dwm=01;31:*.esd=01;31:*.jpg=01;35:*.jpeg=01;35:*.mjpg=01;35:*.mjpeg=01;35:*.gif=01;35:*.bmp=01;35:*.pbm=01;35:*.pgm=01;35:*.ppm=01;35:*.tga=01;35:*.xbm=01;35:*.xpm=01;35:*.tif=01;35:*.tiff=01;35:*.png=01;35:*.svg=01;35:*.svgz=01;35:*.mng=01;35:*.pcx=01;35:*.mov=01;35:*.mpg=01;35:*.mpeg=01;35:*.m2v=01;35:*.mkv=01;35:*.webm=01;35:*.webp=01;35:*.ogm=01;35:*.mp4=01;35:*.m4v=01;35:*.mp4v=01;35:*.vob=01;35:*.qt=01;35:*.nuv=01;35:*.wmv=01;35:*.asf=01;35:*.rm=01;35:*.rmvb=01;35:*.flc=01;35:*.avi=01;35:*.fli=01;35:*.flv=01;35:*.gl=01;35:*.dl=01;35:*.xcf=01;35:*.xwd=01;35:*.yuv=01;35:*.cgm=01;35:*.emf=01;35:*.ogv=01;35:*.ogx=01;35:*.aac=00;36:*.au=00;36:*.flac=00;36:*.m4a=00;36:*.mid=00;36:*.midi=00;36:*.mka=00;36:*.mp3=00;36:*.mpc=00;36:*.ogg=00;36:*.ra=00;36:*.wav=00;36:*.oga=00;36:*.opus=00;36:*.spx=00;36:*.xspf=00;36:'), ('GNOME_TERMINAL_SERVICE', ':1.92'), ('SSH_AGENT_LAUNCHER', 'gnome-keyring'), ('SSH_AUTH_SOCK', '/run/user/1000/keyring/ssh'), ('AMENT_PREFIX_PATH', '/home/mcav/cam_dev_ws/install/pylon_ros2_camera_wrapper:/home/mcav/cam_dev_ws/install/pylon_ros2_camera_component:/home/mcav/cam_dev_ws/install/pylon_ros2_camera_interfaces:/opt/ros/humble'), ('SHELL', '/bin/bash'), ('QT_ACCESSIBILITY', '1'), ('CXX', '/usr/lib/ccache/g++'), ('GDMSESSION', 'ubuntu'), ('LESSCLOSE', '/usr/bin/lesspipe %s %s'), ('GPG_AGENT_INFO', '/run/user/1000/gnupg/S.gpg-agent:0:1'), ('QT_IM_MODULE', 'ibus'), ('PWD', '/home/mcav/cam_dev_ws/build/pylon_ros2_camera_component'), ('LC_ALL', 'en_US.UTF-8'), ('XDG_CONFIG_DIRS', '/etc/xdg/xdg-ubuntu:/etc/xdg'), ('PYLON_ROOT', '/opt/pylon'), ('XDG_DATA_DIRS', '/usr/share/ubuntu:/usr/share/gnome:/usr/local/share/:/usr/share/:/var/lib/snapd/desktop'), ('PYTHONPATH', '/home/mcav/cam_dev_ws/install/pylon_ros2_camera_interfaces/local/lib/python3.10/dist-packages:/opt/ros/humble/lib/python3.10/site-packages:/opt/ros/humble/local/lib/python3.10/dist-packages'), ('CC', '/usr/lib/ccache/gcc'), ('COLCON', '1'), ('GENICAM_GENTL64_PATH', ':/opt/pylon/lib/gentlproducer/gtl:/opt/pylon/lib/pylonCXP/bin/'), ('VTE_VERSION', '6800'), ('CMAKE_PREFIX_PATH', '/home/mcav/cam_dev_ws/install/pylon_ros2_camera_interfaces:/home/mcav/cam_dev_ws/install/pylon_ros2_camera_wrapper:/home/mcav/cam_dev_ws/install/pylon_ros2_camera_component:/opt/ros/humble')]), 'shell': False}
[0.800362] (-) TimerEvent: {}
[0.832164] (pylon_ros2_camera_component) StdoutLine: {'line': b'[ 20%] Built target ip_auto_config\n'}
[0.832510] (pylon_ros2_camera_component) StdoutLine: {'line': b'[ 40%] Built target set_device_user_id\n'}
[0.848567] (pylon_ros2_camera_component) StdoutLine: {'line': b'[100%] Built target pylon_ros2_camera_component\n'}
[0.855243] (pylon_ros2_camera_component) CommandEnded: {'returncode': 0}
[0.856179] (pylon_ros2_camera_component) JobProgress: {'identifier': 'pylon_ros2_camera_component', 'progress': 'install'}
[0.856902] (pylon_ros2_camera_component) Command: {'cmd': ['/usr/local/bin/cmake', '--install', '/home/mcav/cam_dev_ws/build/pylon_ros2_camera_component'], 'cwd': '/home/mcav/cam_dev_ws/build/pylon_ros2_camera_component', 'env': OrderedDict([('LESSOPEN', '| /usr/bin/lesspipe %s'), ('USER', 'mcav'), ('CCACHE_DIR', '/var/tmp/ccache'), ('XDG_SESSION_TYPE', 'x11'), ('SHLVL', '1'), ('LD_LIBRARY_PATH', '/home/mcav/cam_dev_ws/install/pylon_ros2_camera_interfaces/lib:/home/mcav/cam_dev_ws/install/pylon_ros2_camera_wrapper/lib:/home/mcav/cam_dev_ws/install/pylon_ros2_camera_component/lib:/usr/local/cuda/lib64:/usr/local/cuda/lib64:/opt/ros/humble/opt/rviz_ogre_vendor/lib:/opt/ros/humble/lib/x86_64-linux-gnu:/opt/ros/humble/lib'), ('HOME', '/home/mcav'), ('OLDPWD', '/home/mcav'), ('DESKTOP_SESSION', 'ubuntu'), ('ROS_PYTHON_VERSION', '3'), ('GNOME_SHELL_SESSION_MODE', 'ubuntu'), ('GTK_MODULES', 'gail:atk-bridge'), ('SYSTEMD_EXEC_PID', '1883'), ('DBUS_SESSION_BUS_ADDRESS', 'unix:path=/run/user/1000/bus'), ('COLORTERM', 'truecolor'), ('IM_CONFIG_PHASE', '1'), ('COLCON_PREFIX_PATH', '/home/mcav/cam_dev_ws/install'), ('ROS_DISTRO', 'humble'), ('GTK_IM_MODULE', 'ibus'), ('LOGNAME', 'mcav'), ('_', '/usr/bin/colcon'), ('ROS_VERSION', '2'), ('XDG_SESSION_CLASS', 'user'), ('USERNAME', 'mcav'), ('TERM', 'xterm-256color'), ('GNOME_DESKTOP_SESSION_ID', 'this-is-deprecated'), ('ROS_LOCALHOST_ONLY', '0'), ('WINDOWPATH', '2'), ('PATH', '/usr/local/cuda/bin:/usr/local/cuda/bin:/opt/ros/humble/bin:/home/mcav/.local/bin:/home/mcav/bin:/usr/local/sbin:/usr/local/bin:/usr/sbin:/usr/bin:/sbin:/bin:/usr/games:/usr/local/games:/snap/bin:/snap/bin:/home/mcav/.local/bin:/home/mcav/.local/bin'), ('SESSION_MANAGER', 'local/mcav:@/tmp/.ICE-unix/1860,unix/mcav:/tmp/.ICE-unix/1860'), ('XDG_MENU_PREFIX', 'gnome-'), ('GNOME_TERMINAL_SCREEN', '/org/gnome/Terminal/screen/6ea3e941_e1f6_400a_b286_e3289f5fe578'), ('XDG_RUNTIME_DIR', '/run/user/1000'), ('DISPLAY', ':0'), ('LANG', 'en_US.UTF-8'), ('XDG_CURRENT_DESKTOP', 'ubuntu:GNOME'), ('RMW_IMPLEMENTATION', 'rmw_cyclonedds_cpp'), ('XMODIFIERS', '@im=ibus'), ('XDG_SESSION_DESKTOP', 'ubuntu'), ('XAUTHORITY', '/run/user/1000/gdm/Xauthority'), ('LS_COLORS', 'rs=0:di=01;34:ln=01;36:mh=00:pi=40;33:so=01;35:do=01;35:bd=40;33;01:cd=40;33;01:or=40;31;01:mi=00:su=37;41:sg=30;43:ca=30;41:tw=30;42:ow=34;42:st=37;44:ex=01;32:*.tar=01;31:*.tgz=01;31:*.arc=01;31:*.arj=01;31:*.taz=01;31:*.lha=01;31:*.lz4=01;31:*.lzh=01;31:*.lzma=01;31:*.tlz=01;31:*.txz=01;31:*.tzo=01;31:*.t7z=01;31:*.zip=01;31:*.z=01;31:*.dz=01;31:*.gz=01;31:*.lrz=01;31:*.lz=01;31:*.lzo=01;31:*.xz=01;31:*.zst=01;31:*.tzst=01;31:*.bz2=01;31:*.bz=01;31:*.tbz=01;31:*.tbz2=01;31:*.tz=01;31:*.deb=01;31:*.rpm=01;31:*.jar=01;31:*.war=01;31:*.ear=01;31:*.sar=01;31:*.rar=01;31:*.alz=01;31:*.ace=01;31:*.zoo=01;31:*.cpio=01;31:*.7z=01;31:*.rz=01;31:*.cab=01;31:*.wim=01;31:*.swm=01;31:*.dwm=01;31:*.esd=01;31:*.jpg=01;35:*.jpeg=01;35:*.mjpg=01;35:*.mjpeg=01;35:*.gif=01;35:*.bmp=01;35:*.pbm=01;35:*.pgm=01;35:*.ppm=01;35:*.tga=01;35:*.xbm=01;35:*.xpm=01;35:*.tif=01;35:*.tiff=01;35:*.png=01;35:*.svg=01;35:*.svgz=01;35:*.mng=01;35:*.pcx=01;35:*.mov=01;35:*.mpg=01;35:*.mpeg=01;35:*.m2v=01;35:*.mkv=01;35:*.webm=01;35:*.webp=01;35:*.ogm=01;35:*.mp4=01;35:*.m4v=01;35:*.mp4v=01;35:*.vob=01;35:*.qt=01;35:*.nuv=01;35:*.wmv=01;35:*.asf=01;35:*.rm=01;35:*.rmvb=01;35:*.flc=01;35:*.avi=01;35:*.fli=01;35:*.flv=01;35:*.gl=01;35:*.dl=01;35:*.xcf=01;35:*.xwd=01;35:*.yuv=01;35:*.cgm=01;35:*.emf=01;35:*.ogv=01;35:*.ogx=01;35:*.aac=00;36:*.au=00;36:*.flac=00;36:*.m4a=00;36:*.mid=00;36:*.midi=00;36:*.mka=00;36:*.mp3=00;36:*.mpc=00;36:*.ogg=00;36:*.ra=00;36:*.wav=00;36:*.oga=00;36:*.opus=00;36:*.spx=00;36:*.xspf=00;36:'), ('GNOME_TERMINAL_SERVICE', ':1.92'), ('SSH_AGENT_LAUNCHER', 'gnome-keyring'), ('SSH_AUTH_SOCK', '/run/user/1000/keyring/ssh'), ('AMENT_PREFIX_PATH', '/home/mcav/cam_dev_ws/install/pylon_ros2_camera_wrapper:/home/mcav/cam_dev_ws/install/pylon_ros2_camera_component:/home/mcav/cam_dev_ws/install/pylon_ros2_camera_interfaces:/opt/ros/humble'), ('SHELL', '/bin/bash'), ('QT_ACCESSIBILITY', '1'), ('CXX', '/usr/lib/ccache/g++'), ('GDMSESSION', 'ubuntu'), ('LESSCLOSE', '/usr/bin/lesspipe %s %s'), ('GPG_AGENT_INFO', '/run/user/1000/gnupg/S.gpg-agent:0:1'), ('QT_IM_MODULE', 'ibus'), ('PWD', '/home/mcav/cam_dev_ws/build/pylon_ros2_camera_component'), ('LC_ALL', 'en_US.UTF-8'), ('XDG_CONFIG_DIRS', '/etc/xdg/xdg-ubuntu:/etc/xdg'), ('PYLON_ROOT', '/opt/pylon'), ('XDG_DATA_DIRS', '/usr/share/ubuntu:/usr/share/gnome:/usr/local/share/:/usr/share/:/var/lib/snapd/desktop'), ('PYTHONPATH', '/home/mcav/cam_dev_ws/install/pylon_ros2_camera_interfaces/local/lib/python3.10/dist-packages:/opt/ros/humble/lib/python3.10/site-packages:/opt/ros/humble/local/lib/python3.10/dist-packages'), ('CC', '/usr/lib/ccache/gcc'), ('COLCON', '1'), ('GENICAM_GENTL64_PATH', ':/opt/pylon/lib/gentlproducer/gtl:/opt/pylon/lib/pylonCXP/bin/'), ('VTE_VERSION', '6800'), ('CMAKE_PREFIX_PATH', '/home/mcav/cam_dev_ws/install/pylon_ros2_camera_interfaces:/home/mcav/cam_dev_ws/install/pylon_ros2_camera_wrapper:/home/mcav/cam_dev_ws/install/pylon_ros2_camera_component:/opt/ros/humble')]), 'shell': False}
[0.860462] (pylon_ros2_camera_component) StdoutLine: {'line': b'-- Install configuration: "Release"\n'}
[0.860889] (pylon_ros2_camera_component) StdoutLine: {'line': b'-- Up-to-date: /home/mcav/cam_dev_ws/install/pylon_ros2_camera_component/lib/libpylon_ros2_camera_component.so\n'}
[0.861456] (pylon_ros2_camera_component) StdoutLine: {'line': b'-- Up-to-date: /home/mcav/cam_dev_ws/install/pylon_ros2_camera_component/lib/pylon_ros2_camera_component/ip_auto_config\n'}
[0.862010] (pylon_ros2_camera_component) StdoutLine: {'line': b'-- Up-to-date: /home/mcav/cam_dev_ws/install/pylon_ros2_camera_component/lib/pylon_ros2_camera_component/set_device_user_id\n'}
[0.862302] (pylon_ros2_camera_component) StdoutLine: {'line': b'-- Up-to-date: /home/mcav/cam_dev_ws/install/pylon_ros2_camera_component/include/pylon_ros2_camera_component/\n'}
[0.862780] (pylon_ros2_camera_component) StdoutLine: {'line': b'-- Up-to-date: /home/mcav/cam_dev_ws/install/pylon_ros2_camera_component/include/pylon_ros2_camera_component//pylon_ros2_camera_node.hpp\n'}
[0.863051] (pylon_ros2_camera_component) StdoutLine: {'line': b'-- Up-to-date: /home/mcav/cam_dev_ws/install/pylon_ros2_camera_component/include/pylon_ros2_camera_component//pylon_ros2_camera_parameter.hpp\n'}
[0.863317] (pylon_ros2_camera_component) StdoutLine: {'line': b'-- Up-to-date: /home/mcav/cam_dev_ws/install/pylon_ros2_camera_component/include/pylon_ros2_camera_component//visibility_control.hpp\n'}
[0.863533] (pylon_ros2_camera_component) StdoutLine: {'line': b'-- Up-to-date: /home/mcav/cam_dev_ws/install/pylon_ros2_camera_component/include/pylon_ros2_camera_component//binary_exposure_search.hpp\n'}
[0.863688] (pylon_ros2_camera_component) StdoutLine: {'line': b'-- Up-to-date: /home/mcav/cam_dev_ws/install/pylon_ros2_camera_component/include/pylon_ros2_camera_component//pylon_ros2_camera.hpp\n'}
[0.863847] (pylon_ros2_camera_component) StdoutLine: {'line': b'-- Up-to-date: /home/mcav/cam_dev_ws/install/pylon_ros2_camera_component/include/pylon_ros2_camera_component//encoding_conversions.hpp\n'}
[0.864086] (pylon_ros2_camera_component) StdoutLine: {'line': b'-- Up-to-date: /home/mcav/cam_dev_ws/install/pylon_ros2_camera_component/share/pylon_ros2_camera_component/environment/library_path.sh\n'}
[0.864245] (pylon_ros2_camera_component) StdoutLine: {'line': b'-- Up-to-date: /home/mcav/cam_dev_ws/install/pylon_ros2_camera_component/share/pylon_ros2_camera_component/environment/library_path.dsv\n'}
[0.864378] (pylon_ros2_camera_component) StdoutLine: {'line': b'-- Up-to-date: /home/mcav/cam_dev_ws/install/pylon_ros2_camera_component/share/ament_index/resource_index/package_run_dependencies/pylon_ros2_camera_component\n'}
[0.864514] (pylon_ros2_camera_component) StdoutLine: {'line': b'-- Up-to-date: /home/mcav/cam_dev_ws/install/pylon_ros2_camera_component/share/ament_index/resource_index/parent_prefix_path/pylon_ros2_camera_component\n'}
[0.864622] (pylon_ros2_camera_component) StdoutLine: {'line': b'-- Up-to-date: /home/mcav/cam_dev_ws/install/pylon_ros2_camera_component/share/pylon_ros2_camera_component/environment/ament_prefix_path.sh\n'}
[0.864728] (pylon_ros2_camera_component) StdoutLine: {'line': b'-- Up-to-date: /home/mcav/cam_dev_ws/install/pylon_ros2_camera_component/share/pylon_ros2_camera_component/environment/ament_prefix_path.dsv\n'}
[0.864834] (pylon_ros2_camera_component) StdoutLine: {'line': b'-- Up-to-date: /home/mcav/cam_dev_ws/install/pylon_ros2_camera_component/share/pylon_ros2_camera_component/environment/path.sh\n'}
[0.864948] (pylon_ros2_camera_component) StdoutLine: {'line': b'-- Up-to-date: /home/mcav/cam_dev_ws/install/pylon_ros2_camera_component/share/pylon_ros2_camera_component/environment/path.dsv\n'}
[0.865103] (pylon_ros2_camera_component) StdoutLine: {'line': b'-- Up-to-date: /home/mcav/cam_dev_ws/install/pylon_ros2_camera_component/share/pylon_ros2_camera_component/local_setup.bash\n'}
[0.865331] (pylon_ros2_camera_component) StdoutLine: {'line': b'-- Up-to-date: /home/mcav/cam_dev_ws/install/pylon_ros2_camera_component/share/pylon_ros2_camera_component/local_setup.sh\n'}
[0.865795] (pylon_ros2_camera_component) StdoutLine: {'line': b'-- Up-to-date: /home/mcav/cam_dev_ws/install/pylon_ros2_camera_component/share/pylon_ros2_camera_component/local_setup.zsh\n'}
[0.866234] (pylon_ros2_camera_component) StdoutLine: {'line': b'-- Up-to-date: /home/mcav/cam_dev_ws/install/pylon_ros2_camera_component/share/pylon_ros2_camera_component/local_setup.dsv\n'}
[0.867051] (pylon_ros2_camera_component) StdoutLine: {'line': b'-- Installing: /home/mcav/cam_dev_ws/install/pylon_ros2_camera_component/share/pylon_ros2_camera_component/package.dsv\n'}
[0.867227] (pylon_ros2_camera_component) StdoutLine: {'line': b'-- Up-to-date: /home/mcav/cam_dev_ws/install/pylon_ros2_camera_component/share/ament_index/resource_index/packages/pylon_ros2_camera_component\n'}
[0.867423] (pylon_ros2_camera_component) StdoutLine: {'line': b'-- Up-to-date: /home/mcav/cam_dev_ws/install/pylon_ros2_camera_component/share/ament_index/resource_index/rclcpp_components/pylon_ros2_camera_component\n'}
[0.867746] (pylon_ros2_camera_component) StdoutLine: {'line': b'-- Up-to-date: /home/mcav/cam_dev_ws/install/pylon_ros2_camera_component/share/pylon_ros2_camera_component/cmake/ament_cmake_export_include_directories-extras.cmake\n'}
[0.867892] (pylon_ros2_camera_component) StdoutLine: {'line': b'-- Up-to-date: /home/mcav/cam_dev_ws/install/pylon_ros2_camera_component/share/pylon_ros2_camera_component/cmake/ament_cmake_export_libraries-extras.cmake\n'}
[0.868153] (pylon_ros2_camera_component) StdoutLine: {'line': b'-- Up-to-date: /home/mcav/cam_dev_ws/install/pylon_ros2_camera_component/share/pylon_ros2_camera_component/cmake/ament_cmake_export_dependencies-extras.cmake\n'}
[0.868311] (pylon_ros2_camera_component) StdoutLine: {'line': b'-- Up-to-date: /home/mcav/cam_dev_ws/install/pylon_ros2_camera_component/share/pylon_ros2_camera_component/cmake/pylon_ros2_camera_componentConfig.cmake\n'}
[0.868481] (pylon_ros2_camera_component) StdoutLine: {'line': b'-- Up-to-date: /home/mcav/cam_dev_ws/install/pylon_ros2_camera_component/share/pylon_ros2_camera_component/cmake/pylon_ros2_camera_componentConfig-version.cmake\n'}
[0.868642] (pylon_ros2_camera_component) StdoutLine: {'line': b'-- Up-to-date: /home/mcav/cam_dev_ws/install/pylon_ros2_camera_component/share/pylon_ros2_camera_component/package.xml\n'}
[0.868829] (pylon_ros2_camera_component) CommandEnded: {'returncode': 0}
[0.888956] (pylon_ros2_camera_component) JobEnded: {'identifier': 'pylon_ros2_camera_component', 'rc': 0}
[0.890537] (pylon_ros2_camera_wrapper) JobStarted: {'identifier': 'pylon_ros2_camera_wrapper'}
[0.900461] (-) TimerEvent: {}
[0.903905] (pylon_ros2_camera_wrapper) JobProgress: {'identifier': 'pylon_ros2_camera_wrapper', 'progress': 'cmake'}
[0.905478] (pylon_ros2_camera_wrapper) JobProgress: {'identifier': 'pylon_ros2_camera_wrapper', 'progress': 'build'}
[0.906609] (pylon_ros2_camera_wrapper) Command: {'cmd': ['/usr/local/bin/cmake', '--build', '/home/mcav/cam_dev_ws/build/pylon_ros2_camera_wrapper', '--', '-j8', '-l8'], 'cwd': '/home/mcav/cam_dev_ws/build/pylon_ros2_camera_wrapper', 'env': OrderedDict([('LESSOPEN', '| /usr/bin/lesspipe %s'), ('USER', 'mcav'), ('CCACHE_DIR', '/var/tmp/ccache'), ('XDG_SESSION_TYPE', 'x11'), ('SHLVL', '1'), ('LD_LIBRARY_PATH', '/home/mcav/cam_dev_ws/install/pylon_ros2_camera_component/lib:/home/mcav/cam_dev_ws/install/pylon_ros2_camera_interfaces/lib:/home/mcav/cam_dev_ws/install/pylon_ros2_camera_wrapper/lib:/usr/local/cuda/lib64:/usr/local/cuda/lib64:/opt/ros/humble/opt/rviz_ogre_vendor/lib:/opt/ros/humble/lib/x86_64-linux-gnu:/opt/ros/humble/lib'), ('HOME', '/home/mcav'), ('OLDPWD', '/home/mcav'), ('DESKTOP_SESSION', 'ubuntu'), ('ROS_PYTHON_VERSION', '3'), ('GNOME_SHELL_SESSION_MODE', 'ubuntu'), ('GTK_MODULES', 'gail:atk-bridge'), ('SYSTEMD_EXEC_PID', '1883'), ('DBUS_SESSION_BUS_ADDRESS', 'unix:path=/run/user/1000/bus'), ('COLORTERM', 'truecolor'), ('IM_CONFIG_PHASE', '1'), ('COLCON_PREFIX_PATH', '/home/mcav/cam_dev_ws/install'), ('ROS_DISTRO', 'humble'), ('GTK_IM_MODULE', 'ibus'), ('LOGNAME', 'mcav'), ('_', '/usr/bin/colcon'), ('ROS_VERSION', '2'), ('XDG_SESSION_CLASS', 'user'), ('USERNAME', 'mcav'), ('TERM', 'xterm-256color'), ('GNOME_DESKTOP_SESSION_ID', 'this-is-deprecated'), ('ROS_LOCALHOST_ONLY', '0'), ('WINDOWPATH', '2'), ('PATH', '/usr/local/cuda/bin:/usr/local/cuda/bin:/opt/ros/humble/bin:/home/mcav/.local/bin:/home/mcav/bin:/usr/local/sbin:/usr/local/bin:/usr/sbin:/usr/bin:/sbin:/bin:/usr/games:/usr/local/games:/snap/bin:/snap/bin:/home/mcav/.local/bin:/home/mcav/.local/bin'), ('SESSION_MANAGER', 'local/mcav:@/tmp/.ICE-unix/1860,unix/mcav:/tmp/.ICE-unix/1860'), ('XDG_MENU_PREFIX', 'gnome-'), ('GNOME_TERMINAL_SCREEN', '/org/gnome/Terminal/screen/6ea3e941_e1f6_400a_b286_e3289f5fe578'), ('XDG_RUNTIME_DIR', '/run/user/1000'), ('DISPLAY', ':0'), ('LANG', 'en_US.UTF-8'), ('XDG_CURRENT_DESKTOP', 'ubuntu:GNOME'), ('RMW_IMPLEMENTATION', 'rmw_cyclonedds_cpp'), ('XMODIFIERS', '@im=ibus'), ('XDG_SESSION_DESKTOP', 'ubuntu'), ('XAUTHORITY', '/run/user/1000/gdm/Xauthority'), ('LS_COLORS', 'rs=0:di=01;34:ln=01;36:mh=00:pi=40;33:so=01;35:do=01;35:bd=40;33;01:cd=40;33;01:or=40;31;01:mi=00:su=37;41:sg=30;43:ca=30;41:tw=30;42:ow=34;42:st=37;44:ex=01;32:*.tar=01;31:*.tgz=01;31:*.arc=01;31:*.arj=01;31:*.taz=01;31:*.lha=01;31:*.lz4=01;31:*.lzh=01;31:*.lzma=01;31:*.tlz=01;31:*.txz=01;31:*.tzo=01;31:*.t7z=01;31:*.zip=01;31:*.z=01;31:*.dz=01;31:*.gz=01;31:*.lrz=01;31:*.lz=01;31:*.lzo=01;31:*.xz=01;31:*.zst=01;31:*.tzst=01;31:*.bz2=01;31:*.bz=01;31:*.tbz=01;31:*.tbz2=01;31:*.tz=01;31:*.deb=01;31:*.rpm=01;31:*.jar=01;31:*.war=01;31:*.ear=01;31:*.sar=01;31:*.rar=01;31:*.alz=01;31:*.ace=01;31:*.zoo=01;31:*.cpio=01;31:*.7z=01;31:*.rz=01;31:*.cab=01;31:*.wim=01;31:*.swm=01;31:*.dwm=01;31:*.esd=01;31:*.jpg=01;35:*.jpeg=01;35:*.mjpg=01;35:*.mjpeg=01;35:*.gif=01;35:*.bmp=01;35:*.pbm=01;35:*.pgm=01;35:*.ppm=01;35:*.tga=01;35:*.xbm=01;35:*.xpm=01;35:*.tif=01;35:*.tiff=01;35:*.png=01;35:*.svg=01;35:*.svgz=01;35:*.mng=01;35:*.pcx=01;35:*.mov=01;35:*.mpg=01;35:*.mpeg=01;35:*.m2v=01;35:*.mkv=01;35:*.webm=01;35:*.webp=01;35:*.ogm=01;35:*.mp4=01;35:*.m4v=01;35:*.mp4v=01;35:*.vob=01;35:*.qt=01;35:*.nuv=01;35:*.wmv=01;35:*.asf=01;35:*.rm=01;35:*.rmvb=01;35:*.flc=01;35:*.avi=01;35:*.fli=01;35:*.flv=01;35:*.gl=01;35:*.dl=01;35:*.xcf=01;35:*.xwd=01;35:*.yuv=01;35:*.cgm=01;35:*.emf=01;35:*.ogv=01;35:*.ogx=01;35:*.aac=00;36:*.au=00;36:*.flac=00;36:*.m4a=00;36:*.mid=00;36:*.midi=00;36:*.mka=00;36:*.mp3=00;36:*.mpc=00;36:*.ogg=00;36:*.ra=00;36:*.wav=00;36:*.oga=00;36:*.opus=00;36:*.spx=00;36:*.xspf=00;36:'), ('GNOME_TERMINAL_SERVICE', ':1.92'), ('SSH_AGENT_LAUNCHER', 'gnome-keyring'), ('SSH_AUTH_SOCK', '/run/user/1000/keyring/ssh'), ('AMENT_PREFIX_PATH', '/home/mcav/cam_dev_ws/install/pylon_ros2_camera_wrapper:/home/mcav/cam_dev_ws/install/pylon_ros2_camera_component:/home/mcav/cam_dev_ws/install/pylon_ros2_camera_interfaces:/opt/ros/humble'), ('SHELL', '/bin/bash'), ('QT_ACCESSIBILITY', '1'), ('CXX', '/usr/lib/ccache/g++'), ('GDMSESSION', 'ubuntu'), ('LESSCLOSE', '/usr/bin/lesspipe %s %s'), ('GPG_AGENT_INFO', '/run/user/1000/gnupg/S.gpg-agent:0:1'), ('QT_IM_MODULE', 'ibus'), ('PWD', '/home/mcav/cam_dev_ws/build/pylon_ros2_camera_wrapper'), ('LC_ALL', 'en_US.UTF-8'), ('XDG_CONFIG_DIRS', '/etc/xdg/xdg-ubuntu:/etc/xdg'), ('PYLON_ROOT', '/opt/pylon'), ('XDG_DATA_DIRS', '/usr/share/ubuntu:/usr/share/gnome:/usr/local/share/:/usr/share/:/var/lib/snapd/desktop'), ('PYTHONPATH', '/home/mcav/cam_dev_ws/install/pylon_ros2_camera_interfaces/local/lib/python3.10/dist-packages:/opt/ros/humble/lib/python3.10/site-packages:/opt/ros/humble/local/lib/python3.10/dist-packages'), ('CC', '/usr/lib/ccache/gcc'), ('COLCON', '1'), ('GENICAM_GENTL64_PATH', ':/opt/pylon/lib/gentlproducer/gtl:/opt/pylon/lib/pylonCXP/bin/'), ('VTE_VERSION', '6800'), ('CMAKE_PREFIX_PATH', '/home/mcav/cam_dev_ws/install/pylon_ros2_camera_component:/home/mcav/cam_dev_ws/install/pylon_ros2_camera_interfaces:/home/mcav/cam_dev_ws/install/pylon_ros2_camera_wrapper:/opt/ros/humble')]), 'shell': False}
[0.948228] (pylon_ros2_camera_wrapper) StdoutLine: {'line': b'[ 20%] Built target test_grab_image_action_client\n'}
[0.949786] (pylon_ros2_camera_wrapper) StdoutLine: {'line': b'[ 40%] Built target test_grab_blaze_data_action_client\n'}
[0.957993] (pylon_ros2_camera_wrapper) StdoutLine: {'line': b'[ 60%] Built target pylon_ros2_camera_wrapper\n'}
[0.959229] (pylon_ros2_camera_wrapper) StdoutLine: {'line': b'[ 80%] Built target action_client_test_grab_images\n'}
[0.961278] (pylon_ros2_camera_wrapper) StdoutLine: {'line': b'[100%] Built target action_client_test_grab_blaze_data\n'}
[0.966839] (pylon_ros2_camera_wrapper) CommandEnded: {'returncode': 0}
[0.967532] (pylon_ros2_camera_wrapper) JobProgress: {'identifier': 'pylon_ros2_camera_wrapper', 'progress': 'install'}
[0.968117] (pylon_ros2_camera_wrapper) Command: {'cmd': ['/usr/local/bin/cmake', '--install', '/home/mcav/cam_dev_ws/build/pylon_ros2_camera_wrapper'], 'cwd': '/home/mcav/cam_dev_ws/build/pylon_ros2_camera_wrapper', 'env': OrderedDict([('LESSOPEN', '| /usr/bin/lesspipe %s'), ('USER', 'mcav'), ('CCACHE_DIR', '/var/tmp/ccache'), ('XDG_SESSION_TYPE', 'x11'), ('SHLVL', '1'), ('LD_LIBRARY_PATH', '/home/mcav/cam_dev_ws/install/pylon_ros2_camera_component/lib:/home/mcav/cam_dev_ws/install/pylon_ros2_camera_interfaces/lib:/home/mcav/cam_dev_ws/install/pylon_ros2_camera_wrapper/lib:/usr/local/cuda/lib64:/usr/local/cuda/lib64:/opt/ros/humble/opt/rviz_ogre_vendor/lib:/opt/ros/humble/lib/x86_64-linux-gnu:/opt/ros/humble/lib'), ('HOME', '/home/mcav'), ('OLDPWD', '/home/mcav'), ('DESKTOP_SESSION', 'ubuntu'), ('ROS_PYTHON_VERSION', '3'), ('GNOME_SHELL_SESSION_MODE', 'ubuntu'), ('GTK_MODULES', 'gail:atk-bridge'), ('SYSTEMD_EXEC_PID', '1883'), ('DBUS_SESSION_BUS_ADDRESS', 'unix:path=/run/user/1000/bus'), ('COLORTERM', 'truecolor'), ('IM_CONFIG_PHASE', '1'), ('COLCON_PREFIX_PATH', '/home/mcav/cam_dev_ws/install'), ('ROS_DISTRO', 'humble'), ('GTK_IM_MODULE', 'ibus'), ('LOGNAME', 'mcav'), ('_', '/usr/bin/colcon'), ('ROS_VERSION', '2'), ('XDG_SESSION_CLASS', 'user'), ('USERNAME', 'mcav'), ('TERM', 'xterm-256color'), ('GNOME_DESKTOP_SESSION_ID', 'this-is-deprecated'), ('ROS_LOCALHOST_ONLY', '0'), ('WINDOWPATH', '2'), ('PATH', '/usr/local/cuda/bin:/usr/local/cuda/bin:/opt/ros/humble/bin:/home/mcav/.local/bin:/home/mcav/bin:/usr/local/sbin:/usr/local/bin:/usr/sbin:/usr/bin:/sbin:/bin:/usr/games:/usr/local/games:/snap/bin:/snap/bin:/home/mcav/.local/bin:/home/mcav/.local/bin'), ('SESSION_MANAGER', 'local/mcav:@/tmp/.ICE-unix/1860,unix/mcav:/tmp/.ICE-unix/1860'), ('XDG_MENU_PREFIX', 'gnome-'), ('GNOME_TERMINAL_SCREEN', '/org/gnome/Terminal/screen/6ea3e941_e1f6_400a_b286_e3289f5fe578'), ('XDG_RUNTIME_DIR', '/run/user/1000'), ('DISPLAY', ':0'), ('LANG', 'en_US.UTF-8'), ('XDG_CURRENT_DESKTOP', 'ubuntu:GNOME'), ('RMW_IMPLEMENTATION', 'rmw_cyclonedds_cpp'), ('XMODIFIERS', '@im=ibus'), ('XDG_SESSION_DESKTOP', 'ubuntu'), ('XAUTHORITY', '/run/user/1000/gdm/Xauthority'), ('LS_COLORS', 'rs=0:di=01;34:ln=01;36:mh=00:pi=40;33:so=01;35:do=01;35:bd=40;33;01:cd=40;33;01:or=40;31;01:mi=00:su=37;41:sg=30;43:ca=30;41:tw=30;42:ow=34;42:st=37;44:ex=01;32:*.tar=01;31:*.tgz=01;31:*.arc=01;31:*.arj=01;31:*.taz=01;31:*.lha=01;31:*.lz4=01;31:*.lzh=01;31:*.lzma=01;31:*.tlz=01;31:*.txz=01;31:*.tzo=01;31:*.t7z=01;31:*.zip=01;31:*.z=01;31:*.dz=01;31:*.gz=01;31:*.lrz=01;31:*.lz=01;31:*.lzo=01;31:*.xz=01;31:*.zst=01;31:*.tzst=01;31:*.bz2=01;31:*.bz=01;31:*.tbz=01;31:*.tbz2=01;31:*.tz=01;31:*.deb=01;31:*.rpm=01;31:*.jar=01;31:*.war=01;31:*.ear=01;31:*.sar=01;31:*.rar=01;31:*.alz=01;31:*.ace=01;31:*.zoo=01;31:*.cpio=01;31:*.7z=01;31:*.rz=01;31:*.cab=01;31:*.wim=01;31:*.swm=01;31:*.dwm=01;31:*.esd=01;31:*.jpg=01;35:*.jpeg=01;35:*.mjpg=01;35:*.mjpeg=01;35:*.gif=01;35:*.bmp=01;35:*.pbm=01;35:*.pgm=01;35:*.ppm=01;35:*.tga=01;35:*.xbm=01;35:*.xpm=01;35:*.tif=01;35:*.tiff=01;35:*.png=01;35:*.svg=01;35:*.svgz=01;35:*.mng=01;35:*.pcx=01;35:*.mov=01;35:*.mpg=01;35:*.mpeg=01;35:*.m2v=01;35:*.mkv=01;35:*.webm=01;35:*.webp=01;35:*.ogm=01;35:*.mp4=01;35:*.m4v=01;35:*.mp4v=01;35:*.vob=01;35:*.qt=01;35:*.nuv=01;35:*.wmv=01;35:*.asf=01;35:*.rm=01;35:*.rmvb=01;35:*.flc=01;35:*.avi=01;35:*.fli=01;35:*.flv=01;35:*.gl=01;35:*.dl=01;35:*.xcf=01;35:*.xwd=01;35:*.yuv=01;35:*.cgm=01;35:*.emf=01;35:*.ogv=01;35:*.ogx=01;35:*.aac=00;36:*.au=00;36:*.flac=00;36:*.m4a=00;36:*.mid=00;36:*.midi=00;36:*.mka=00;36:*.mp3=00;36:*.mpc=00;36:*.ogg=00;36:*.ra=00;36:*.wav=00;36:*.oga=00;36:*.opus=00;36:*.spx=00;36:*.xspf=00;36:'), ('GNOME_TERMINAL_SERVICE', ':1.92'), ('SSH_AGENT_LAUNCHER', 'gnome-keyring'), ('SSH_AUTH_SOCK', '/run/user/1000/keyring/ssh'), ('AMENT_PREFIX_PATH', '/home/mcav/cam_dev_ws/install/pylon_ros2_camera_wrapper:/home/mcav/cam_dev_ws/install/pylon_ros2_camera_component:/home/mcav/cam_dev_ws/install/pylon_ros2_camera_interfaces:/opt/ros/humble'), ('SHELL', '/bin/bash'), ('QT_ACCESSIBILITY', '1'), ('CXX', '/usr/lib/ccache/g++'), ('GDMSESSION', 'ubuntu'), ('LESSCLOSE', '/usr/bin/lesspipe %s %s'), ('GPG_AGENT_INFO', '/run/user/1000/gnupg/S.gpg-agent:0:1'), ('QT_IM_MODULE', 'ibus'), ('PWD', '/home/mcav/cam_dev_ws/build/pylon_ros2_camera_wrapper'), ('LC_ALL', 'en_US.UTF-8'), ('XDG_CONFIG_DIRS', '/etc/xdg/xdg-ubuntu:/etc/xdg'), ('PYLON_ROOT', '/opt/pylon'), ('XDG_DATA_DIRS', '/usr/share/ubuntu:/usr/share/gnome:/usr/local/share/:/usr/share/:/var/lib/snapd/desktop'), ('PYTHONPATH', '/home/mcav/cam_dev_ws/install/pylon_ros2_camera_interfaces/local/lib/python3.10/dist-packages:/opt/ros/humble/lib/python3.10/site-packages:/opt/ros/humble/local/lib/python3.10/dist-packages'), ('CC', '/usr/lib/ccache/gcc'), ('COLCON', '1'), ('GENICAM_GENTL64_PATH', ':/opt/pylon/lib/gentlproducer/gtl:/opt/pylon/lib/pylonCXP/bin/'), ('VTE_VERSION', '6800'), ('CMAKE_PREFIX_PATH', '/home/mcav/cam_dev_ws/install/pylon_ros2_camera_component:/home/mcav/cam_dev_ws/install/pylon_ros2_camera_interfaces:/home/mcav/cam_dev_ws/install/pylon_ros2_camera_wrapper:/opt/ros/humble')]), 'shell': False}
[0.971846] (pylon_ros2_camera_wrapper) StdoutLine: {'line': b'-- Install configuration: "Release"\n'}
[0.972270] (pylon_ros2_camera_wrapper) StdoutLine: {'line': b'-- Up-to-date: /home/mcav/cam_dev_ws/install/pylon_ros2_camera_wrapper/lib/pylon_ros2_camera_wrapper/test_grab_image_action_client\n'}
[0.972849] (pylon_ros2_camera_wrapper) StdoutLine: {'line': b'-- Up-to-date: /home/mcav/cam_dev_ws/install/pylon_ros2_camera_wrapper/lib/pylon_ros2_camera_wrapper/test_grab_blaze_data_action_client\n'}
[0.973439] (pylon_ros2_camera_wrapper) StdoutLine: {'line': b'-- Up-to-date: /home/mcav/cam_dev_ws/install/pylon_ros2_camera_wrapper/lib/pylon_ros2_camera_wrapper/pylon_ros2_camera_wrapper\n'}
[0.974033] (pylon_ros2_camera_wrapper) StdoutLine: {'line': b'-- Up-to-date: /home/mcav/cam_dev_ws/install/pylon_ros2_camera_wrapper/lib/libaction_client_test_grab_images.so\n'}
[0.974680] (pylon_ros2_camera_wrapper) StdoutLine: {'line': b'-- Up-to-date: /home/mcav/cam_dev_ws/install/pylon_ros2_camera_wrapper/lib/libaction_client_test_grab_blaze_data.so\n'}
[0.975032] (pylon_ros2_camera_wrapper) StdoutLine: {'line': b'-- Up-to-date: /home/mcav/cam_dev_ws/install/pylon_ros2_camera_wrapper/share/pylon_ros2_camera_wrapper/config\n'}
[0.975302] (pylon_ros2_camera_wrapper) StdoutLine: {'line': b'-- Up-to-date: /home/mcav/cam_dev_ws/install/pylon_ros2_camera_wrapper/share/pylon_ros2_camera_wrapper/config/CAM6.yaml\n'}
[0.975547] (pylon_ros2_camera_wrapper) StdoutLine: {'line': b'-- Up-to-date: /home/mcav/cam_dev_ws/install/pylon_ros2_camera_wrapper/share/pylon_ros2_camera_wrapper/config/CAM4.yaml\n'}
[0.975738] (pylon_ros2_camera_wrapper) StdoutLine: {'line': b'-- Up-to-date: /home/mcav/cam_dev_ws/install/pylon_ros2_camera_wrapper/share/pylon_ros2_camera_wrapper/config/CAM2.yaml\n'}
[0.975945] (pylon_ros2_camera_wrapper) StdoutLine: {'line': b'-- Up-to-date: /home/mcav/cam_dev_ws/install/pylon_ros2_camera_wrapper/share/pylon_ros2_camera_wrapper/config/CAM5.yaml\n'}
[0.976148] (pylon_ros2_camera_wrapper) StdoutLine: {'line': b'-- Up-to-date: /home/mcav/cam_dev_ws/install/pylon_ros2_camera_wrapper/share/pylon_ros2_camera_wrapper/config/CAM1.yaml\n'}
[0.976336] (pylon_ros2_camera_wrapper) StdoutLine: {'line': b'-- Up-to-date: /home/mcav/cam_dev_ws/install/pylon_ros2_camera_wrapper/share/pylon_ros2_camera_wrapper/config/my_blaze.yaml\n'}
[0.976531] (pylon_ros2_camera_wrapper) StdoutLine: {'line': b'-- Up-to-date: /home/mcav/cam_dev_ws/install/pylon_ros2_camera_wrapper/share/pylon_ros2_camera_wrapper/config/default.yaml\n'}
[0.976703] (pylon_ros2_camera_wrapper) StdoutLine: {'line': b'-- Up-to-date: /home/mcav/cam_dev_ws/install/pylon_ros2_camera_wrapper/share/pylon_ros2_camera_wrapper/config/CAM3.yaml\n'}
[0.976884] (pylon_ros2_camera_wrapper) StdoutLine: {'line': b'-- Up-to-date: /home/mcav/cam_dev_ws/install/pylon_ros2_camera_wrapper/share/pylon_ros2_camera_wrapper/launch\n'}
[0.977100] (pylon_ros2_camera_wrapper) StdoutLine: {'line': b'-- Up-to-date: /home/mcav/cam_dev_ws/install/pylon_ros2_camera_wrapper/share/pylon_ros2_camera_wrapper/launch/pylon_ros2_camera.launch.py\n'}
[0.977232] (pylon_ros2_camera_wrapper) StdoutLine: {'line': b'-- Up-to-date: /home/mcav/cam_dev_ws/install/pylon_ros2_camera_wrapper/share/pylon_ros2_camera_wrapper/launch/my_blaze.launch.py\n'}
[0.977356] (pylon_ros2_camera_wrapper) StdoutLine: {'line': b'-- Up-to-date: /home/mcav/cam_dev_ws/install/pylon_ros2_camera_wrapper/share/pylon_ros2_camera_wrapper/launch/ip_configuration.launch.py\n'}
[0.977514] (pylon_ros2_camera_wrapper) StdoutLine: {'line': b'-- Up-to-date: /home/mcav/cam_dev_ws/install/pylon_ros2_camera_wrapper/share/ament_index/resource_index/package_run_dependencies/pylon_ros2_camera_wrapper\n'}
[0.977669] (pylon_ros2_camera_wrapper) StdoutLine: {'line': b'-- Up-to-date: /home/mcav/cam_dev_ws/install/pylon_ros2_camera_wrapper/share/ament_index/resource_index/parent_prefix_path/pylon_ros2_camera_wrapper\n'}
[0.977815] (pylon_ros2_camera_wrapper) StdoutLine: {'line': b'-- Up-to-date: /home/mcav/cam_dev_ws/install/pylon_ros2_camera_wrapper/share/pylon_ros2_camera_wrapper/environment/ament_prefix_path.sh\n'}
[0.977960] (pylon_ros2_camera_wrapper) StdoutLine: {'line': b'-- Up-to-date: /home/mcav/cam_dev_ws/install/pylon_ros2_camera_wrapper/share/pylon_ros2_camera_wrapper/environment/ament_prefix_path.dsv\n'}
[0.978106] (pylon_ros2_camera_wrapper) StdoutLine: {'line': b'-- Up-to-date: /home/mcav/cam_dev_ws/install/pylon_ros2_camera_wrapper/share/pylon_ros2_camera_wrapper/environment/path.sh\n'}
[0.978292] (pylon_ros2_camera_wrapper) StdoutLine: {'line': b'-- Up-to-date: /home/mcav/cam_dev_ws/install/pylon_ros2_camera_wrapper/share/pylon_ros2_camera_wrapper/environment/path.dsv\n'}
[0.978412] (pylon_ros2_camera_wrapper) StdoutLine: {'line': b'-- Up-to-date: /home/mcav/cam_dev_ws/install/pylon_ros2_camera_wrapper/share/pylon_ros2_camera_wrapper/local_setup.bash\n'}
[0.978571] (pylon_ros2_camera_wrapper) StdoutLine: {'line': b'-- Up-to-date: /home/mcav/cam_dev_ws/install/pylon_ros2_camera_wrapper/share/pylon_ros2_camera_wrapper/local_setup.sh\n'}
[0.978891] (pylon_ros2_camera_wrapper) StdoutLine: {'line': b'-- Up-to-date: /home/mcav/cam_dev_ws/install/pylon_ros2_camera_wrapper/share/pylon_ros2_camera_wrapper/local_setup.zsh\n'}
[0.979168] (pylon_ros2_camera_wrapper) StdoutLine: {'line': b'-- Up-to-date: /home/mcav/cam_dev_ws/install/pylon_ros2_camera_wrapper/share/pylon_ros2_camera_wrapper/local_setup.dsv\n'}
[0.980353] (pylon_ros2_camera_wrapper) StdoutLine: {'line': b'-- Installing: /home/mcav/cam_dev_ws/install/pylon_ros2_camera_wrapper/share/pylon_ros2_camera_wrapper/package.dsv\n'}
[0.980605] (pylon_ros2_camera_wrapper) StdoutLine: {'line': b'-- Up-to-date: /home/mcav/cam_dev_ws/install/pylon_ros2_camera_wrapper/share/ament_index/resource_index/packages/pylon_ros2_camera_wrapper\n'}
[0.980806] (pylon_ros2_camera_wrapper) StdoutLine: {'line': b'-- Up-to-date: /home/mcav/cam_dev_ws/install/pylon_ros2_camera_wrapper/share/ament_index/resource_index/rclcpp_components/pylon_ros2_camera_wrapper\n'}
[0.980961] (pylon_ros2_camera_wrapper) StdoutLine: {'line': b'-- Up-to-date: /home/mcav/cam_dev_ws/install/pylon_ros2_camera_wrapper/share/pylon_ros2_camera_wrapper/cmake/pylon_ros2_camera_wrapperConfig.cmake\n'}
[0.981189] (pylon_ros2_camera_wrapper) StdoutLine: {'line': b'-- Up-to-date: /home/mcav/cam_dev_ws/install/pylon_ros2_camera_wrapper/share/pylon_ros2_camera_wrapper/cmake/pylon_ros2_camera_wrapperConfig-version.cmake\n'}
[0.981577] (pylon_ros2_camera_wrapper) StdoutLine: {'line': b'-- Up-to-date: /home/mcav/cam_dev_ws/install/pylon_ros2_camera_wrapper/share/pylon_ros2_camera_wrapper/package.xml\n'}
[0.981707] (pylon_ros2_camera_wrapper) CommandEnded: {'returncode': 0}
[1.000549] (-) TimerEvent: {}
[1.002375] (pylon_ros2_camera_wrapper) JobEnded: {'identifier': 'pylon_ros2_camera_wrapper', 'rc': 0}
[1.003106] (-) EventReactorShutdown: {}
