[0.000000] (-) TimerEvent: {}
[0.000342] (pylon_ros2_camera_interfaces) JobQueued: {'identifier': 'pylon_ros2_camera_interfaces', 'dependencies': OrderedDict()}
[0.000479] (pylon_ros2_camera_component) JobQueued: {'identifier': 'pylon_ros2_camera_component', 'dependencies': OrderedDict([('pylon_ros2_camera_interfaces', '/home/mcav/cam_dev_ws/install/pylon_ros2_camera_interfaces')])}
[0.000750] (pylon_ros2_camera_wrapper) JobQueued: {'identifier': 'pylon_ros2_camera_wrapper', 'dependencies': OrderedDict([('pylon_ros2_camera_interfaces', '/home/mcav/cam_dev_ws/install/pylon_ros2_camera_interfaces'), ('pylon_ros2_camera_component', '/home/mcav/cam_dev_ws/install/pylon_ros2_camera_component')])}
[0.000790] (pylon_ros2_camera_interfaces) JobStarted: {'identifier': 'pylon_ros2_camera_interfaces'}
[0.012713] (pylon_ros2_camera_interfaces) JobProgress: {'identifier': 'pylon_ros2_camera_interfaces', 'progress': 'cmake'}
[0.013230] (pylon_ros2_camera_interfaces) Command: {'cmd': ['/opt/cmake-3.27/bin/cmake', '/home/mcav/cam_dev_ws/src/pylon_ros2_camera/pylon_ros2_camera_interfaces', '-DCMAKE_INSTALL_PREFIX=/home/mcav/cam_dev_ws/install/pylon_ros2_camera_interfaces'], 'cwd': '/home/mcav/cam_dev_ws/build/pylon_ros2_camera_interfaces', 'env': OrderedDict([('LESSOPEN', '| /usr/bin/lesspipe %s'), ('USER', 'mcav'), ('SSH_CLIENT', '172.20.10.6 62398 22'), ('CCACHE_DIR', '/var/tmp/ccache'), ('CMAKE_COMMAND', '/opt/cmake-3.27/bin/cmake'), ('XDG_SESSION_TYPE', 'tty'), ('SHLVL', '1'), ('LD_LIBRARY_PATH', '/usr/local/cuda/lib64:/usr/local/cuda/lib64:/opt/ros/humble/opt/rviz_ogre_vendor/lib:/opt/ros/humble/lib/x86_64-linux-gnu:/opt/ros/humble/lib'), ('MOTD_SHOWN', 'pam'), ('HOME', '/home/mcav'), ('OLDPWD', '/home/mcav/cam_dev_ws/src'), ('SSH_TTY', '/dev/pts/1'), ('ROS_PYTHON_VERSION', '3'), ('DBUS_SESSION_BUS_ADDRESS', 'unix:path=/run/user/1000/bus'), ('ROS_DISTRO', 'humble'), ('LOGNAME', 'mcav'), ('_', '/usr/bin/colcon'), ('ROS_VERSION', '2'), ('XDG_SESSION_CLASS', 'user'), ('TERM', 'xterm-ghostty'), ('XDG_SESSION_ID', '3'), ('ROS_LOCALHOST_ONLY', '0'), ('PATH', '/opt/cmake-3.27/bin:/home/mcav/.local/bin:/home/mcav/bin:/usr/local/cuda/bin:/usr/local/cuda/bin:/opt/ros/humble/bin:/usr/local/sbin:/usr/local/bin:/usr/sbin:/usr/bin:/sbin:/bin:/usr/games:/usr/local/games:/snap/bin:/home/mcav/.local/bin:/home/mcav/.local/bin'), ('XDG_RUNTIME_DIR', '/run/user/1000'), ('LANG', 'en_US.UTF-8'), ('RMW_IMPLEMENTATION', 'rmw_cyclonedds_cpp'), ('LS_COLORS', 'rs=0:di=01;34:ln=01;36:mh=00:pi=40;33:so=01;35:do=01;35:bd=40;33;01:cd=40;33;01:or=40;31;01:mi=00:su=37;41:sg=30;43:ca=30;41:tw=30;42:ow=34;42:st=37;44:ex=01;32:*.tar=01;31:*.tgz=01;31:*.arc=01;31:*.arj=01;31:*.taz=01;31:*.lha=01;31:*.lz4=01;31:*.lzh=01;31:*.lzma=01;31:*.tlz=01;31:*.txz=01;31:*.tzo=01;31:*.t7z=01;31:*.zip=01;31:*.z=01;31:*.dz=01;31:*.gz=01;31:*.lrz=01;31:*.lz=01;31:*.lzo=01;31:*.xz=01;31:*.zst=01;31:*.tzst=01;31:*.bz2=01;31:*.bz=01;31:*.tbz=01;31:*.tbz2=01;31:*.tz=01;31:*.deb=01;31:*.rpm=01;31:*.jar=01;31:*.war=01;31:*.ear=01;31:*.sar=01;31:*.rar=01;31:*.alz=01;31:*.ace=01;31:*.zoo=01;31:*.cpio=01;31:*.7z=01;31:*.rz=01;31:*.cab=01;31:*.wim=01;31:*.swm=01;31:*.dwm=01;31:*.esd=01;31:*.jpg=01;35:*.jpeg=01;35:*.mjpg=01;35:*.mjpeg=01;35:*.gif=01;35:*.bmp=01;35:*.pbm=01;35:*.pgm=01;35:*.ppm=01;35:*.tga=01;35:*.xbm=01;35:*.xpm=01;35:*.tif=01;35:*.tiff=01;35:*.png=01;35:*.svg=01;35:*.svgz=01;35:*.mng=01;35:*.pcx=01;35:*.mov=01;35:*.mpg=01;35:*.mpeg=01;35:*.m2v=01;35:*.mkv=01;35:*.webm=01;35:*.webp=01;35:*.ogm=01;35:*.mp4=01;35:*.m4v=01;35:*.mp4v=01;35:*.vob=01;35:*.qt=01;35:*.nuv=01;35:*.wmv=01;35:*.asf=01;35:*.rm=01;35:*.rmvb=01;35:*.flc=01;35:*.avi=01;35:*.fli=01;35:*.flv=01;35:*.gl=01;35:*.dl=01;35:*.xcf=01;35:*.xwd=01;35:*.yuv=01;35:*.cgm=01;35:*.emf=01;35:*.ogv=01;35:*.ogx=01;35:*.aac=00;36:*.au=00;36:*.flac=00;36:*.m4a=00;36:*.mid=00;36:*.midi=00;36:*.mka=00;36:*.mp3=00;36:*.mpc=00;36:*.ogg=00;36:*.ra=00;36:*.wav=00;36:*.oga=00;36:*.opus=00;36:*.spx=00;36:*.xspf=00;36:'), ('AMENT_PREFIX_PATH', '/opt/ros/humble'), ('SHELL', '/bin/bash'), ('CXX', '/usr/lib/ccache/g++'), ('LESSCLOSE', '/usr/bin/lesspipe %s %s'), ('PWD', '/home/mcav/cam_dev_ws/build/pylon_ros2_camera_interfaces'), ('LC_ALL', 'en_US.UTF-8'), ('SSH_CONNECTION', '172.20.10.6 62398 172.20.10.14 22'), ('PYLON_ROOT', '/opt/pylon'), ('XDG_DATA_DIRS', '/usr/share/gnome:/usr/local/share:/usr/share:/var/lib/snapd/desktop'), ('PYTHONPATH', '/opt/ros/humble/lib/python3.10/site-packages:/opt/ros/humble/local/lib/python3.10/dist-packages'), ('CC', '/usr/lib/ccache/gcc'), ('COLCON', '1'), ('GENICAM_GENTL64_PATH', ':/opt/pylon/lib/gentlproducer/gtl:/opt/pylon/lib/pylonCXP/bin/'), ('CMAKE_PREFIX_PATH', '/opt/ros/humble')]), 'shell': False}
[0.078568] (pylon_ros2_camera_interfaces) StdoutLine: {'line': b'-- The C compiler identification is GNU 11.4.0\n'}
[0.099640] (-) TimerEvent: {}
[0.153900] (pylon_ros2_camera_interfaces) StdoutLine: {'line': b'-- The CXX compiler identification is GNU 11.4.0\n'}
[0.178983] (pylon_ros2_camera_interfaces) StdoutLine: {'line': b'-- Detecting C compiler ABI info\n'}
[0.199721] (-) TimerEvent: {}
[0.239739] (pylon_ros2_camera_interfaces) StdoutLine: {'line': b'-- Detecting C compiler ABI info - done\n'}
[0.254006] (pylon_ros2_camera_interfaces) StdoutLine: {'line': b'-- Check for working C compiler: /usr/lib/ccache/gcc - skipped\n'}
[0.254374] (pylon_ros2_camera_interfaces) StdoutLine: {'line': b'-- Detecting C compile features\n'}
[0.254871] (pylon_ros2_camera_interfaces) StdoutLine: {'line': b'-- Detecting C compile features - done\n'}
[0.268544] (pylon_ros2_camera_interfaces) StdoutLine: {'line': b'-- Detecting CXX compiler ABI info\n'}
[0.299849] (-) TimerEvent: {}
[0.343014] (pylon_ros2_camera_interfaces) StdoutLine: {'line': b'-- Detecting CXX compiler ABI info - done\n'}
[0.358226] (pylon_ros2_camera_interfaces) StdoutLine: {'line': b'-- Check for working CXX compiler: /usr/lib/ccache/g++ - skipped\n'}
[0.358676] (pylon_ros2_camera_interfaces) StdoutLine: {'line': b'-- Detecting CXX compile features\n'}
[0.359341] (pylon_ros2_camera_interfaces) StdoutLine: {'line': b'-- Detecting CXX compile features - done\n'}
[0.362480] (pylon_ros2_camera_interfaces) StdoutLine: {'line': b'-- Found ament_cmake: 1.3.14 (/opt/ros/humble/share/ament_cmake/cmake)\n'}
[0.399933] (-) TimerEvent: {}
[0.500202] (-) TimerEvent: {}
[0.526597] (pylon_ros2_camera_interfaces) StdoutLine: {'line': b'-- Found Python3: /usr/bin/python3 (found version "3.10.12") found components: Interpreter \n'}
[0.600290] (-) TimerEvent: {}
[0.636389] (pylon_ros2_camera_interfaces) StdoutLine: {'line': b'-- Found builtin_interfaces: 1.2.3 (/opt/ros/humble/share/builtin_interfaces/cmake)\n'}
[0.691380] (pylon_ros2_camera_interfaces) StdoutLine: {'line': b'-- Found rosidl_generator_c: 3.1.9 (/opt/ros/humble/share/rosidl_generator_c/cmake)\n'}
[0.700360] (-) TimerEvent: {}
[0.701348] (pylon_ros2_camera_interfaces) StdoutLine: {'line': b'-- Found rosidl_adapter: 3.1.9 (/opt/ros/humble/share/rosidl_adapter/cmake)\n'}
[0.715499] (pylon_ros2_camera_interfaces) StdoutLine: {'line': b'-- Found rosidl_generator_cpp: 3.1.9 (/opt/ros/humble/share/rosidl_generator_cpp/cmake)\n'}
[0.738962] (pylon_ros2_camera_interfaces) StdoutLine: {'line': b'-- Using all available rosidl_typesupport_c: rosidl_typesupport_fastrtps_c;rosidl_typesupport_introspection_c\n'}
[0.767274] (pylon_ros2_camera_interfaces) StdoutLine: {'line': b'-- Using all available rosidl_typesupport_cpp: rosidl_typesupport_fastrtps_cpp;rosidl_typesupport_introspection_cpp\n'}
[0.794941] (pylon_ros2_camera_interfaces) StdoutLine: {'line': b'-- Found std_msgs: 4.9.1 (/opt/ros/humble/share/std_msgs/cmake)\n'}
[0.800438] (-) TimerEvent: {}
[0.820149] (pylon_ros2_camera_interfaces) StdoutLine: {'line': b'-- Found sensor_msgs: 4.9.1 (/opt/ros/humble/share/sensor_msgs/cmake)\n'}
[0.888561] (pylon_ros2_camera_interfaces) StdoutLine: {'line': b'-- Found std_srvs: 4.9.1 (/opt/ros/humble/share/std_srvs/cmake)\n'}
[0.900553] (-) TimerEvent: {}
[0.907127] (pylon_ros2_camera_interfaces) StdoutLine: {'line': b'-- Found rosidl_default_generators: 1.2.1 (/opt/ros/humble/share/rosidl_default_generators/cmake)\n'}
[1.000638] (-) TimerEvent: {}
[1.100916] (-) TimerEvent: {}
[1.201227] (-) TimerEvent: {}
[1.301501] (-) TimerEvent: {}
[1.401802] (-) TimerEvent: {}
[1.502105] (-) TimerEvent: {}
[1.602351] (-) TimerEvent: {}
[1.702612] (-) TimerEvent: {}
[1.802891] (-) TimerEvent: {}
[1.903178] (-) TimerEvent: {}
[1.904718] (pylon_ros2_camera_interfaces) StdoutLine: {'line': b'-- Found ament_cmake_ros: 0.10.0 (/opt/ros/humble/share/ament_cmake_ros/cmake)\n'}
[2.003290] (-) TimerEvent: {}
[2.103611] (-) TimerEvent: {}
[2.204004] (-) TimerEvent: {}
[2.304282] (-) TimerEvent: {}
[2.404565] (-) TimerEvent: {}
[2.504851] (-) TimerEvent: {}
[2.605162] (-) TimerEvent: {}
[2.705538] (-) TimerEvent: {}
[2.805892] (-) TimerEvent: {}
[2.906220] (-) TimerEvent: {}
[3.006488] (-) TimerEvent: {}
[3.106780] (-) TimerEvent: {}
[3.190399] (pylon_ros2_camera_interfaces) StdoutLine: {'line': b'-- Using all available rosidl_typesupport_c: rosidl_typesupport_fastrtps_c;rosidl_typesupport_introspection_c\n'}
[3.206880] (-) TimerEvent: {}
[3.307225] (-) TimerEvent: {}
[3.407488] (-) TimerEvent: {}
[3.507762] (-) TimerEvent: {}
[3.608015] (-) TimerEvent: {}
[3.694161] (pylon_ros2_camera_interfaces) StdoutLine: {'line': b'-- Using all available rosidl_typesupport_cpp: rosidl_typesupport_fastrtps_cpp;rosidl_typesupport_introspection_cpp\n'}
[3.697674] (pylon_ros2_camera_interfaces) StderrLine: {'line': b'CMake Warning (dev) at /opt/ros/humble/share/rosidl_generator_py/cmake/rosidl_generator_py_generate_interfaces.cmake:20 (find_package):\n'}
[3.697927] (pylon_ros2_camera_interfaces) StderrLine: {'line': b'  Policy CMP0148 is not set: The FindPythonInterp and FindPythonLibs modules\n'}
[3.698088] (pylon_ros2_camera_interfaces) StderrLine: {'line': b'  are removed.  Run "cmake --help-policy CMP0148" for policy details.  Use\n'}
[3.698234] (pylon_ros2_camera_interfaces) StderrLine: {'line': b'  the cmake_policy command to set the policy and suppress this warning.\n'}
[3.698403] (pylon_ros2_camera_interfaces) StderrLine: {'line': b'\n'}
[3.698652] (pylon_ros2_camera_interfaces) StderrLine: {'line': b'Call Stack (most recent call first):\n'}
[3.698822] (pylon_ros2_camera_interfaces) StderrLine: {'line': b'  /opt/ros/humble/share/ament_cmake_core/cmake/core/ament_execute_extensions.cmake:48 (include)\n'}
[3.698941] (pylon_ros2_camera_interfaces) StderrLine: {'line': b'  /opt/ros/humble/share/rosidl_cmake/cmake/rosidl_generate_interfaces.cmake:286 (ament_execute_extensions)\n'}
[3.699092] (pylon_ros2_camera_interfaces) StderrLine: {'line': b'  CMakeLists.txt:51 (rosidl_generate_interfaces)\n'}
[3.699207] (pylon_ros2_camera_interfaces) StderrLine: {'line': b'This warning is for project developers.  Use -Wno-dev to suppress it.\n'}
[3.699329] (pylon_ros2_camera_interfaces) StderrLine: {'line': b'\n'}
[3.708101] (-) TimerEvent: {}
[3.724855] (pylon_ros2_camera_interfaces) StdoutLine: {'line': b'-- Found PythonInterp: /usr/bin/python3 (found suitable version "3.10.12", minimum required is "3.6") \n'}
[3.727391] (pylon_ros2_camera_interfaces) StdoutLine: {'line': b'-- Found python_cmake_module: 0.10.0 (/opt/ros/humble/share/python_cmake_module/cmake)\n'}
[3.728273] (pylon_ros2_camera_interfaces) StderrLine: {'line': b'CMake Warning (dev) at /opt/ros/humble/share/python_cmake_module/cmake/Modules/FindPythonExtra.cmake:52 (find_package):\n'}
[3.728365] (pylon_ros2_camera_interfaces) StderrLine: {'line': b'  Policy CMP0148 is not set: The FindPythonInterp and FindPythonLibs modules\n'}
[3.728434] (pylon_ros2_camera_interfaces) StderrLine: {'line': b'  are removed.  Run "cmake --help-policy CMP0148" for policy details.  Use\n'}
[3.728499] (pylon_ros2_camera_interfaces) StderrLine: {'line': b'  the cmake_policy command to set the policy and suppress this warning.\n'}
[3.728600] (pylon_ros2_camera_interfaces) StderrLine: {'line': b'\n'}
[3.728721] (pylon_ros2_camera_interfaces) StderrLine: {'line': b'Call Stack (most recent call first):\n'}
[3.728849] (pylon_ros2_camera_interfaces) StderrLine: {'line': b'  /opt/ros/humble/share/rosidl_generator_py/cmake/rosidl_generator_py_generate_interfaces.cmake:23 (find_package)\n'}
[3.729001] (pylon_ros2_camera_interfaces) StderrLine: {'line': b'  /opt/ros/humble/share/ament_cmake_core/cmake/core/ament_execute_extensions.cmake:48 (include)\n'}
[3.729223] (pylon_ros2_camera_interfaces) StderrLine: {'line': b'  /opt/ros/humble/share/rosidl_cmake/cmake/rosidl_generate_interfaces.cmake:286 (ament_execute_extensions)\n'}
[3.729376] (pylon_ros2_camera_interfaces) StderrLine: {'line': b'  CMakeLists.txt:51 (rosidl_generate_interfaces)\n'}
[3.729480] (pylon_ros2_camera_interfaces) StderrLine: {'line': b'This warning is for project developers.  Use -Wno-dev to suppress it.\n'}
[3.729683] (pylon_ros2_camera_interfaces) StderrLine: {'line': b'\n'}
[3.754287] (pylon_ros2_camera_interfaces) StderrLine: {'line': b'CMake Warning (dev) at /opt/ros/humble/share/python_cmake_module/cmake/Modules/FindPythonExtra.cmake:140 (find_package):\n'}
[3.754485] (pylon_ros2_camera_interfaces) StderrLine: {'line': b'  Policy CMP0148 is not set: The FindPythonInterp and FindPythonLibs modules\n'}
[3.754602] (pylon_ros2_camera_interfaces) StderrLine: {'line': b'  are removed.  Run "cmake --help-policy CMP0148" for policy details.  Use\n'}
[3.754723] (pylon_ros2_camera_interfaces) StderrLine: {'line': b'  the cmake_policy command to set the policy and suppress this warning.\n'}
[3.754833] (pylon_ros2_camera_interfaces) StderrLine: {'line': b'\n'}
[3.754950] (pylon_ros2_camera_interfaces) StderrLine: {'line': b'Call Stack (most recent call first):\n'}
[3.755059] (pylon_ros2_camera_interfaces) StderrLine: {'line': b'  /opt/ros/humble/share/rosidl_generator_py/cmake/rosidl_generator_py_generate_interfaces.cmake:23 (find_package)\n'}
[3.755175] (pylon_ros2_camera_interfaces) StderrLine: {'line': b'  /opt/ros/humble/share/ament_cmake_core/cmake/core/ament_execute_extensions.cmake:48 (include)\n'}
[3.755294] (pylon_ros2_camera_interfaces) StderrLine: {'line': b'  /opt/ros/humble/share/rosidl_cmake/cmake/rosidl_generate_interfaces.cmake:286 (ament_execute_extensions)\n'}
[3.755411] (pylon_ros2_camera_interfaces) StderrLine: {'line': b'  CMakeLists.txt:51 (rosidl_generate_interfaces)\n'}
[3.755519] (pylon_ros2_camera_interfaces) StderrLine: {'line': b'This warning is for project developers.  Use -Wno-dev to suppress it.\n'}
[3.755635] (pylon_ros2_camera_interfaces) StderrLine: {'line': b'\n'}
[3.763993] (pylon_ros2_camera_interfaces) StdoutLine: {'line': b'-- Found PythonLibs: /usr/lib/x86_64-linux-gnu/libpython3.10.so (found suitable version "3.10.12", minimum required is "3.5") \n'}
[3.764187] (pylon_ros2_camera_interfaces) StdoutLine: {'line': b'-- Using PYTHON_EXECUTABLE: /usr/bin/python3\n'}
[3.764277] (pylon_ros2_camera_interfaces) StdoutLine: {'line': b'-- Using PYTHON_INCLUDE_DIRS: /usr/include/python3.10\n'}
[3.764348] (pylon_ros2_camera_interfaces) StdoutLine: {'line': b'-- Using PYTHON_LIBRARIES: /usr/lib/x86_64-linux-gnu/libpython3.10.so\n'}
[3.788514] (pylon_ros2_camera_interfaces) StdoutLine: {'line': b'-- Found PythonExtra: .so  \n'}
[3.808232] (-) TimerEvent: {}
[3.908613] (-) TimerEvent: {}
[4.009007] (-) TimerEvent: {}
[4.109317] (-) TimerEvent: {}
[4.191597] (pylon_ros2_camera_interfaces) StdoutLine: {'line': b'-- Configuring done (4.2s)\n'}
[4.209411] (-) TimerEvent: {}
[4.309746] (-) TimerEvent: {}
[4.333596] (pylon_ros2_camera_interfaces) StdoutLine: {'line': b'-- Generating done (0.1s)\n'}
[4.355625] (pylon_ros2_camera_interfaces) StdoutLine: {'line': b'-- Build files have been written to: /home/mcav/cam_dev_ws/build/pylon_ros2_camera_interfaces\n'}
[4.369238] (pylon_ros2_camera_interfaces) CommandEnded: {'returncode': 0}
[4.370012] (pylon_ros2_camera_interfaces) JobProgress: {'identifier': 'pylon_ros2_camera_interfaces', 'progress': 'build'}
[4.371296] (pylon_ros2_camera_interfaces) Command: {'cmd': ['/opt/cmake-3.27/bin/cmake', '--build', '/home/mcav/cam_dev_ws/build/pylon_ros2_camera_interfaces', '--', '-j8', '-l8'], 'cwd': '/home/mcav/cam_dev_ws/build/pylon_ros2_camera_interfaces', 'env': OrderedDict([('LESSOPEN', '| /usr/bin/lesspipe %s'), ('USER', 'mcav'), ('SSH_CLIENT', '172.20.10.6 62398 22'), ('CCACHE_DIR', '/var/tmp/ccache'), ('CMAKE_COMMAND', '/opt/cmake-3.27/bin/cmake'), ('XDG_SESSION_TYPE', 'tty'), ('SHLVL', '1'), ('LD_LIBRARY_PATH', '/usr/local/cuda/lib64:/usr/local/cuda/lib64:/opt/ros/humble/opt/rviz_ogre_vendor/lib:/opt/ros/humble/lib/x86_64-linux-gnu:/opt/ros/humble/lib'), ('MOTD_SHOWN', 'pam'), ('HOME', '/home/mcav'), ('OLDPWD', '/home/mcav/cam_dev_ws/src'), ('SSH_TTY', '/dev/pts/1'), ('ROS_PYTHON_VERSION', '3'), ('DBUS_SESSION_BUS_ADDRESS', 'unix:path=/run/user/1000/bus'), ('ROS_DISTRO', 'humble'), ('LOGNAME', 'mcav'), ('_', '/usr/bin/colcon'), ('ROS_VERSION', '2'), ('XDG_SESSION_CLASS', 'user'), ('TERM', 'xterm-ghostty'), ('XDG_SESSION_ID', '3'), ('ROS_LOCALHOST_ONLY', '0'), ('PATH', '/opt/cmake-3.27/bin:/home/mcav/.local/bin:/home/mcav/bin:/usr/local/cuda/bin:/usr/local/cuda/bin:/opt/ros/humble/bin:/usr/local/sbin:/usr/local/bin:/usr/sbin:/usr/bin:/sbin:/bin:/usr/games:/usr/local/games:/snap/bin:/home/mcav/.local/bin:/home/mcav/.local/bin'), ('XDG_RUNTIME_DIR', '/run/user/1000'), ('LANG', 'en_US.UTF-8'), ('RMW_IMPLEMENTATION', 'rmw_cyclonedds_cpp'), ('LS_COLORS', 'rs=0:di=01;34:ln=01;36:mh=00:pi=40;33:so=01;35:do=01;35:bd=40;33;01:cd=40;33;01:or=40;31;01:mi=00:su=37;41:sg=30;43:ca=30;41:tw=30;42:ow=34;42:st=37;44:ex=01;32:*.tar=01;31:*.tgz=01;31:*.arc=01;31:*.arj=01;31:*.taz=01;31:*.lha=01;31:*.lz4=01;31:*.lzh=01;31:*.lzma=01;31:*.tlz=01;31:*.txz=01;31:*.tzo=01;31:*.t7z=01;31:*.zip=01;31:*.z=01;31:*.dz=01;31:*.gz=01;31:*.lrz=01;31:*.lz=01;31:*.lzo=01;31:*.xz=01;31:*.zst=01;31:*.tzst=01;31:*.bz2=01;31:*.bz=01;31:*.tbz=01;31:*.tbz2=01;31:*.tz=01;31:*.deb=01;31:*.rpm=01;31:*.jar=01;31:*.war=01;31:*.ear=01;31:*.sar=01;31:*.rar=01;31:*.alz=01;31:*.ace=01;31:*.zoo=01;31:*.cpio=01;31:*.7z=01;31:*.rz=01;31:*.cab=01;31:*.wim=01;31:*.swm=01;31:*.dwm=01;31:*.esd=01;31:*.jpg=01;35:*.jpeg=01;35:*.mjpg=01;35:*.mjpeg=01;35:*.gif=01;35:*.bmp=01;35:*.pbm=01;35:*.pgm=01;35:*.ppm=01;35:*.tga=01;35:*.xbm=01;35:*.xpm=01;35:*.tif=01;35:*.tiff=01;35:*.png=01;35:*.svg=01;35:*.svgz=01;35:*.mng=01;35:*.pcx=01;35:*.mov=01;35:*.mpg=01;35:*.mpeg=01;35:*.m2v=01;35:*.mkv=01;35:*.webm=01;35:*.webp=01;35:*.ogm=01;35:*.mp4=01;35:*.m4v=01;35:*.mp4v=01;35:*.vob=01;35:*.qt=01;35:*.nuv=01;35:*.wmv=01;35:*.asf=01;35:*.rm=01;35:*.rmvb=01;35:*.flc=01;35:*.avi=01;35:*.fli=01;35:*.flv=01;35:*.gl=01;35:*.dl=01;35:*.xcf=01;35:*.xwd=01;35:*.yuv=01;35:*.cgm=01;35:*.emf=01;35:*.ogv=01;35:*.ogx=01;35:*.aac=00;36:*.au=00;36:*.flac=00;36:*.m4a=00;36:*.mid=00;36:*.midi=00;36:*.mka=00;36:*.mp3=00;36:*.mpc=00;36:*.ogg=00;36:*.ra=00;36:*.wav=00;36:*.oga=00;36:*.opus=00;36:*.spx=00;36:*.xspf=00;36:'), ('AMENT_PREFIX_PATH', '/opt/ros/humble'), ('SHELL', '/bin/bash'), ('CXX', '/usr/lib/ccache/g++'), ('LESSCLOSE', '/usr/bin/lesspipe %s %s'), ('PWD', '/home/mcav/cam_dev_ws/build/pylon_ros2_camera_interfaces'), ('LC_ALL', 'en_US.UTF-8'), ('SSH_CONNECTION', '172.20.10.6 62398 172.20.10.14 22'), ('PYLON_ROOT', '/opt/pylon'), ('XDG_DATA_DIRS', '/usr/share/gnome:/usr/local/share:/usr/share:/var/lib/snapd/desktop'), ('PYTHONPATH', '/opt/ros/humble/lib/python3.10/site-packages:/opt/ros/humble/local/lib/python3.10/dist-packages'), ('CC', '/usr/lib/ccache/gcc'), ('COLCON', '1'), ('GENICAM_GENTL64_PATH', ':/opt/pylon/lib/gentlproducer/gtl:/opt/pylon/lib/pylonCXP/bin/'), ('CMAKE_PREFIX_PATH', '/opt/ros/humble')]), 'shell': False}
[4.404182] (pylon_ros2_camera_interfaces) StdoutLine: {'line': b'[  0%] \x1b[34m\x1b[1mGenerating C code for ROS interfaces\x1b[0m\n'}
[4.407550] (pylon_ros2_camera_interfaces) StdoutLine: {'line': b'[  1%] \x1b[34m\x1b[1mGenerating Rust code for ROS interfaces\x1b[0m\n'}
[4.409217] (pylon_ros2_camera_interfaces) StdoutLine: {'line': b'[  1%] Built target ament_cmake_python_copy_pylon_ros2_camera_interfaces\n'}
[4.409786] (-) TimerEvent: {}
[4.411730] (pylon_ros2_camera_interfaces) StdoutLine: {'line': b'[  1%] \x1b[34m\x1b[1mGenerating C++ code for ROS interfaces\x1b[0m\n'}
[4.509887] (-) TimerEvent: {}
[4.610194] (-) TimerEvent: {}
[4.710494] (-) TimerEvent: {}
[4.810771] (-) TimerEvent: {}
[4.911119] (-) TimerEvent: {}
[4.992825] (pylon_ros2_camera_interfaces) StdoutLine: {'line': b'running egg_info\n'}
[4.993395] (pylon_ros2_camera_interfaces) StdoutLine: {'line': b'creating pylon_ros2_camera_interfaces.egg-info\n'}
[4.993612] (pylon_ros2_camera_interfaces) StdoutLine: {'line': b'writing pylon_ros2_camera_interfaces.egg-info/PKG-INFO\n'}
[4.993828] (pylon_ros2_camera_interfaces) StdoutLine: {'line': b'writing dependency_links to pylon_ros2_camera_interfaces.egg-info/dependency_links.txt\n'}
[4.994001] (pylon_ros2_camera_interfaces) StdoutLine: {'line': b'writing top-level names to pylon_ros2_camera_interfaces.egg-info/top_level.txt\n'}
[4.994267] (pylon_ros2_camera_interfaces) StdoutLine: {'line': b"writing manifest file 'pylon_ros2_camera_interfaces.egg-info/SOURCES.txt'\n"}
[4.997131] (pylon_ros2_camera_interfaces) StdoutLine: {'line': b"reading manifest file 'pylon_ros2_camera_interfaces.egg-info/SOURCES.txt'\n"}
[4.997683] (pylon_ros2_camera_interfaces) StdoutLine: {'line': b"writing manifest file 'pylon_ros2_camera_interfaces.egg-info/SOURCES.txt'\n"}
[5.011226] (-) TimerEvent: {}
[5.020583] (pylon_ros2_camera_interfaces) StdoutLine: {'line': b'[  1%] Built target ament_cmake_python_build_pylon_ros2_camera_interfaces_egg\n'}
[5.111318] (-) TimerEvent: {}
[5.211630] (-) TimerEvent: {}
[5.311930] (-) TimerEvent: {}
[5.412234] (-) TimerEvent: {}
[5.512596] (-) TimerEvent: {}
[5.612980] (-) TimerEvent: {}
[5.713264] (-) TimerEvent: {}
[5.813565] (-) TimerEvent: {}
[5.913874] (-) TimerEvent: {}
[6.014155] (-) TimerEvent: {}
[6.114437] (-) TimerEvent: {}
[6.214742] (-) TimerEvent: {}
[6.315035] (-) TimerEvent: {}
[6.415312] (-) TimerEvent: {}
[6.515595] (-) TimerEvent: {}
[6.615882] (-) TimerEvent: {}
[6.716164] (-) TimerEvent: {}
[6.816454] (-) TimerEvent: {}
[6.916767] (-) TimerEvent: {}
[7.017061] (-) TimerEvent: {}
[7.117370] (-) TimerEvent: {}
[7.197723] (pylon_ros2_camera_interfaces) StdoutLine: {'line': b'[  1%] Built target pylon_ros2_camera_interfaces__rs\n'}
[7.217461] (-) TimerEvent: {}
[7.317750] (-) TimerEvent: {}
[7.418078] (-) TimerEvent: {}
[7.518479] (-) TimerEvent: {}
[7.618988] (-) TimerEvent: {}
[7.719297] (-) TimerEvent: {}
[7.819578] (-) TimerEvent: {}
[7.919868] (-) TimerEvent: {}
[8.020148] (-) TimerEvent: {}
[8.120424] (-) TimerEvent: {}
[8.220691] (-) TimerEvent: {}
[8.320992] (-) TimerEvent: {}
[8.421312] (-) TimerEvent: {}
[8.521668] (-) TimerEvent: {}
[8.621901] (-) TimerEvent: {}
[8.722185] (-) TimerEvent: {}
[8.822559] (-) TimerEvent: {}
[8.922829] (-) TimerEvent: {}
[9.023277] (-) TimerEvent: {}
[9.123520] (-) TimerEvent: {}
[9.223765] (-) TimerEvent: {}
[9.324030] (-) TimerEvent: {}
[9.424310] (-) TimerEvent: {}
[9.524570] (-) TimerEvent: {}
[9.624827] (-) TimerEvent: {}
[9.725108] (-) TimerEvent: {}
[9.825397] (-) TimerEvent: {}
[9.925699] (-) TimerEvent: {}
[9.956424] (pylon_ros2_camera_interfaces) StdoutLine: {'line': b'[  2%] \x1b[32mBuilding C object CMakeFiles/pylon_ros2_camera_interfaces__rosidl_generator_c.dir/rosidl_generator_c/pylon_ros2_camera_interfaces/msg/detail/current_params__functions.c.o\x1b[0m\n'}
[9.956720] (pylon_ros2_camera_interfaces) StdoutLine: {'line': b'[  2%] \x1b[32mBuilding C object CMakeFiles/pylon_ros2_camera_interfaces__rosidl_generator_c.dir/rosidl_generator_c/pylon_ros2_camera_interfaces/msg/detail/component_status__functions.c.o\x1b[0m\n'}
[9.957097] (pylon_ros2_camera_interfaces) StdoutLine: {'line': b'[  3%] \x1b[32mBuilding C object CMakeFiles/pylon_ros2_camera_interfaces__rosidl_generator_c.dir/rosidl_generator_c/pylon_ros2_camera_interfaces/srv/detail/get_integer_value__functions.c.o\x1b[0m\n'}
[9.957342] (pylon_ros2_camera_interfaces) StdoutLine: {'line': b'[  3%] \x1b[32mBuilding C object CMakeFiles/pylon_ros2_camera_interfaces__rosidl_generator_c.dir/rosidl_generator_c/pylon_ros2_camera_interfaces/srv/detail/get_float_value__functions.c.o\x1b[0m\n'}
[9.957687] (pylon_ros2_camera_interfaces) StdoutLine: {'line': b'[  4%] \x1b[32mBuilding C object CMakeFiles/pylon_ros2_camera_interfaces__rosidl_generator_c.dir/rosidl_generator_c/pylon_ros2_camera_interfaces/srv/detail/get_string_value__functions.c.o\x1b[0m\n'}
[9.958936] (pylon_ros2_camera_interfaces) StdoutLine: {'line': b'[  4%] \x1b[32mBuilding C object CMakeFiles/pylon_ros2_camera_interfaces__rosidl_generator_c.dir/rosidl_generator_c/pylon_ros2_camera_interfaces/srv/detail/get_ptp_status__functions.c.o\x1b[0m\n'}
[9.960067] (pylon_ros2_camera_interfaces) StdoutLine: {'line': b'[  5%] \x1b[32mBuilding C object CMakeFiles/pylon_ros2_camera_interfaces__rosidl_generator_c.dir/rosidl_generator_c/pylon_ros2_camera_interfaces/srv/detail/set_binning__functions.c.o\x1b[0m\n'}
[10.025811] (-) TimerEvent: {}
[10.126842] (-) TimerEvent: {}
[10.137105] (pylon_ros2_camera_interfaces) StdoutLine: {'line': b'[  5%] \x1b[32mBuilding C object CMakeFiles/pylon_ros2_camera_interfaces__rosidl_generator_c.dir/rosidl_generator_c/pylon_ros2_camera_interfaces/srv/detail/set_brightness__functions.c.o\x1b[0m\n'}
[10.140081] (pylon_ros2_camera_interfaces) StdoutLine: {'line': b'[  6%] \x1b[32mBuilding C object CMakeFiles/pylon_ros2_camera_interfaces__rosidl_generator_c.dir/rosidl_generator_c/pylon_ros2_camera_interfaces/srv/detail/set_exposure__functions.c.o\x1b[0m\n'}
[10.144198] (pylon_ros2_camera_interfaces) StdoutLine: {'line': b'[  6%] \x1b[32mBuilding C object CMakeFiles/pylon_ros2_camera_interfaces__rosidl_generator_c.dir/rosidl_generator_c/pylon_ros2_camera_interfaces/srv/detail/set_gain__functions.c.o\x1b[0m\n'}
[10.147749] (pylon_ros2_camera_interfaces) StdoutLine: {'line': b'[  7%] \x1b[32mBuilding C object CMakeFiles/pylon_ros2_camera_interfaces__rosidl_generator_c.dir/rosidl_generator_c/pylon_ros2_camera_interfaces/srv/detail/set_gamma__functions.c.o\x1b[0m\n'}
[10.158478] (pylon_ros2_camera_interfaces) StdoutLine: {'line': b'[  7%] \x1b[32mBuilding C object CMakeFiles/pylon_ros2_camera_interfaces__rosidl_generator_c.dir/rosidl_generator_c/pylon_ros2_camera_interfaces/srv/detail/set_roi__functions.c.o\x1b[0m\n'}
[10.171037] (pylon_ros2_camera_interfaces) StdoutLine: {'line': b'[  8%] \x1b[32mBuilding C object CMakeFiles/pylon_ros2_camera_interfaces__rosidl_generator_c.dir/rosidl_generator_c/pylon_ros2_camera_interfaces/srv/detail/set_sleeping__functions.c.o\x1b[0m\n'}
[10.177614] (pylon_ros2_camera_interfaces) StdoutLine: {'line': b'[  8%] \x1b[32mBuilding C object CMakeFiles/pylon_ros2_camera_interfaces__rosidl_generator_c.dir/rosidl_generator_c/pylon_ros2_camera_interfaces/srv/detail/set_white_balance__functions.c.o\x1b[0m\n'}
[10.226964] (-) TimerEvent: {}
[10.309058] (pylon_ros2_camera_interfaces) StdoutLine: {'line': b'[  9%] \x1b[32mBuilding C object CMakeFiles/pylon_ros2_camera_interfaces__rosidl_generator_c.dir/rosidl_generator_c/pylon_ros2_camera_interfaces/srv/detail/set_integer_value__functions.c.o\x1b[0m\n'}
[10.309349] (pylon_ros2_camera_interfaces) StdoutLine: {'line': b'[  9%] \x1b[32mBuilding C object CMakeFiles/pylon_ros2_camera_interfaces__rosidl_generator_c.dir/rosidl_generator_c/pylon_ros2_camera_interfaces/srv/detail/set_float_value__functions.c.o\x1b[0m\n'}
[10.327078] (-) TimerEvent: {}
[10.335814] (pylon_ros2_camera_interfaces) StdoutLine: {'line': b'[ 10%] \x1b[32mBuilding C object CMakeFiles/pylon_ros2_camera_interfaces__rosidl_generator_c.dir/rosidl_generator_c/pylon_ros2_camera_interfaces/srv/detail/set_string_value__functions.c.o\x1b[0m\n'}
[10.360822] (pylon_ros2_camera_interfaces) StdoutLine: {'line': b'[ 10%] \x1b[32mBuilding C object CMakeFiles/pylon_ros2_camera_interfaces__rosidl_generator_c.dir/rosidl_generator_c/pylon_ros2_camera_interfaces/srv/detail/set_action_trigger_configuration__functions.c.o\x1b[0m\n'}
[10.362793] (pylon_ros2_camera_interfaces) StdoutLine: {'line': b'[ 11%] \x1b[32mBuilding C object CMakeFiles/pylon_ros2_camera_interfaces__rosidl_generator_c.dir/rosidl_generator_c/pylon_ros2_camera_interfaces/srv/detail/issue_action_command__functions.c.o\x1b[0m\n'}
[10.363209] (pylon_ros2_camera_interfaces) StdoutLine: {'line': b'[ 11%] \x1b[32mBuilding C object CMakeFiles/pylon_ros2_camera_interfaces__rosidl_generator_c.dir/rosidl_generator_c/pylon_ros2_camera_interfaces/srv/detail/issue_scheduled_action_command__functions.c.o\x1b[0m\n'}
[10.370159] (pylon_ros2_camera_interfaces) StdoutLine: {'line': b'[ 12%] \x1b[32mBuilding C object CMakeFiles/pylon_ros2_camera_interfaces__rosidl_generator_c.dir/rosidl_generator_c/pylon_ros2_camera_interfaces/action/detail/grab_images__functions.c.o\x1b[0m\n'}
[10.427190] (-) TimerEvent: {}
[10.484641] (pylon_ros2_camera_interfaces) StdoutLine: {'line': b'[ 12%] \x1b[32mBuilding C object CMakeFiles/pylon_ros2_camera_interfaces__rosidl_generator_c.dir/rosidl_generator_c/pylon_ros2_camera_interfaces/action/detail/grab_blaze_data__functions.c.o\x1b[0m\n'}
[10.527307] (-) TimerEvent: {}
[10.595241] (pylon_ros2_camera_interfaces) StdoutLine: {'line': b'[ 12%] Built target pylon_ros2_camera_interfaces__cpp\n'}
[10.605168] (pylon_ros2_camera_interfaces) StdoutLine: {'line': b'[ 14%] \x1b[34m\x1b[1mGenerating C++ type support dispatch for ROS interfaces\x1b[0m\n'}
[10.605525] (pylon_ros2_camera_interfaces) StdoutLine: {'line': b'[ 14%] \x1b[34m\x1b[1mGenerating C++ introspection for ROS interfaces\x1b[0m\n'}
[10.605858] (pylon_ros2_camera_interfaces) StdoutLine: {'line': b'[ 15%] \x1b[34m\x1b[1mGenerating C++ type support for eProsima Fast-RTPS\x1b[0m\n'}
[10.627394] (-) TimerEvent: {}
[10.727757] (-) TimerEvent: {}
[10.769100] (pylon_ros2_camera_interfaces) StdoutLine: {'line': b'[ 16%] \x1b[32m\x1b[1mLinking C shared library libpylon_ros2_camera_interfaces__rosidl_generator_c.so\x1b[0m\n'}
[10.821764] (pylon_ros2_camera_interfaces) StdoutLine: {'line': b'[ 16%] Built target pylon_ros2_camera_interfaces__rosidl_generator_c\n'}
[10.827875] (-) TimerEvent: {}
[10.830904] (pylon_ros2_camera_interfaces) StdoutLine: {'line': b'[ 18%] \x1b[34m\x1b[1mGenerating C type support dispatch for ROS interfaces\x1b[0m\n'}
[10.831224] (pylon_ros2_camera_interfaces) StdoutLine: {'line': b'[ 18%] \x1b[34m\x1b[1mGenerating C introspection for ROS interfaces\x1b[0m\n'}
[10.833568] (pylon_ros2_camera_interfaces) StdoutLine: {'line': b'[ 19%] \x1b[34m\x1b[1mGenerating C type support for eProsima Fast-RTPS\x1b[0m\n'}
[10.927981] (-) TimerEvent: {}
[11.029194] (-) TimerEvent: {}
[11.129796] (-) TimerEvent: {}
[11.230282] (-) TimerEvent: {}
[11.330752] (-) TimerEvent: {}
[11.431267] (-) TimerEvent: {}
[11.531861] (-) TimerEvent: {}
[11.632350] (-) TimerEvent: {}
[11.732832] (-) TimerEvent: {}
[11.833307] (-) TimerEvent: {}
[11.933786] (-) TimerEvent: {}
[12.034258] (-) TimerEvent: {}
[12.134725] (-) TimerEvent: {}
[12.235184] (-) TimerEvent: {}
[12.335655] (-) TimerEvent: {}
[12.435960] (-) TimerEvent: {}
[12.536432] (-) TimerEvent: {}
[12.636912] (-) TimerEvent: {}
[12.737761] (-) TimerEvent: {}
[12.839120] (-) TimerEvent: {}
[12.939431] (-) TimerEvent: {}
[13.039743] (-) TimerEvent: {}
[13.140269] (-) TimerEvent: {}
[13.243673] (-) TimerEvent: {}
[13.343987] (-) TimerEvent: {}
[13.444296] (-) TimerEvent: {}
[13.544603] (-) TimerEvent: {}
[13.644908] (-) TimerEvent: {}
[13.746830] (-) TimerEvent: {}
[13.847238] (-) TimerEvent: {}
[13.947555] (-) TimerEvent: {}
[14.047829] (-) TimerEvent: {}
[14.148656] (-) TimerEvent: {}
[14.249572] (-) TimerEvent: {}
[14.349907] (-) TimerEvent: {}
[14.450221] (-) TimerEvent: {}
[14.550528] (-) TimerEvent: {}
[14.650842] (-) TimerEvent: {}
[14.754572] (-) TimerEvent: {}
[14.854880] (-) TimerEvent: {}
[14.955193] (-) TimerEvent: {}
[15.055498] (-) TimerEvent: {}
[15.155810] (-) TimerEvent: {}
[15.256112] (-) TimerEvent: {}
[15.263601] (pylon_ros2_camera_interfaces) StdoutLine: {'line': b'[ 19%] \x1b[32mBuilding CXX object CMakeFiles/pylon_ros2_camera_interfaces__rosidl_typesupport_c.dir/rosidl_typesupport_c/pylon_ros2_camera_interfaces/srv/get_integer_value__type_support.cpp.o\x1b[0m\n'}
[15.263977] (pylon_ros2_camera_interfaces) StdoutLine: {'line': b'[ 20%] \x1b[32mBuilding CXX object CMakeFiles/pylon_ros2_camera_interfaces__rosidl_typesupport_c.dir/rosidl_typesupport_c/pylon_ros2_camera_interfaces/msg/component_status__type_support.cpp.o\x1b[0m\n'}
[15.267044] (pylon_ros2_camera_interfaces) StdoutLine: {'line': b'[ 20%] \x1b[32mBuilding CXX object CMakeFiles/pylon_ros2_camera_interfaces__rosidl_typesupport_c.dir/rosidl_typesupport_c/pylon_ros2_camera_interfaces/msg/current_params__type_support.cpp.o\x1b[0m\n'}
[15.356227] (-) TimerEvent: {}
[15.379044] (pylon_ros2_camera_interfaces) StdoutLine: {'line': b'[ 20%] \x1b[32mBuilding CXX object CMakeFiles/pylon_ros2_camera_interfaces__rosidl_typesupport_c.dir/rosidl_typesupport_c/pylon_ros2_camera_interfaces/srv/get_string_value__type_support.cpp.o\x1b[0m\n'}
[15.382057] (pylon_ros2_camera_interfaces) StdoutLine: {'line': b'[ 21%] \x1b[32mBuilding CXX object CMakeFiles/pylon_ros2_camera_interfaces__rosidl_typesupport_c.dir/rosidl_typesupport_c/pylon_ros2_camera_interfaces/srv/get_float_value__type_support.cpp.o\x1b[0m\n'}
[15.393180] (pylon_ros2_camera_interfaces) StdoutLine: {'line': b'[ 22%] \x1b[32mBuilding CXX object CMakeFiles/pylon_ros2_camera_interfaces__rosidl_typesupport_c.dir/rosidl_typesupport_c/pylon_ros2_camera_interfaces/srv/get_ptp_status__type_support.cpp.o\x1b[0m\n'}
[15.456328] (-) TimerEvent: {}
[15.483375] (pylon_ros2_camera_interfaces) StdoutLine: {'line': b'[ 22%] \x1b[32mBuilding CXX object CMakeFiles/pylon_ros2_camera_interfaces__rosidl_typesupport_c.dir/rosidl_typesupport_c/pylon_ros2_camera_interfaces/srv/set_binning__type_support.cpp.o\x1b[0m\n'}
[15.498637] (pylon_ros2_camera_interfaces) StdoutLine: {'line': b'[ 22%] \x1b[32mBuilding CXX object CMakeFiles/pylon_ros2_camera_interfaces__rosidl_typesupport_c.dir/rosidl_typesupport_c/pylon_ros2_camera_interfaces/srv/set_exposure__type_support.cpp.o\x1b[0m\n'}
[15.498990] (pylon_ros2_camera_interfaces) StdoutLine: {'line': b'[ 23%] \x1b[32mBuilding CXX object CMakeFiles/pylon_ros2_camera_interfaces__rosidl_typesupport_c.dir/rosidl_typesupport_c/pylon_ros2_camera_interfaces/srv/set_brightness__type_support.cpp.o\x1b[0m\n'}
[15.556448] (-) TimerEvent: {}
[15.596125] (pylon_ros2_camera_interfaces) StdoutLine: {'line': b'[ 24%] \x1b[32mBuilding CXX object CMakeFiles/pylon_ros2_camera_interfaces__rosidl_typesupport_c.dir/rosidl_typesupport_c/pylon_ros2_camera_interfaces/srv/set_gain__type_support.cpp.o\x1b[0m\n'}
[15.605186] (pylon_ros2_camera_interfaces) StdoutLine: {'line': b'[ 24%] \x1b[32mBuilding CXX object CMakeFiles/pylon_ros2_camera_interfaces__rosidl_typesupport_c.dir/rosidl_typesupport_c/pylon_ros2_camera_interfaces/srv/set_gamma__type_support.cpp.o\x1b[0m\n'}
[15.606126] (pylon_ros2_camera_interfaces) StdoutLine: {'line': b'[ 25%] \x1b[32mBuilding CXX object CMakeFiles/pylon_ros2_camera_interfaces__rosidl_typesupport_c.dir/rosidl_typesupport_c/pylon_ros2_camera_interfaces/srv/set_roi__type_support.cpp.o\x1b[0m\n'}
[15.656549] (-) TimerEvent: {}
[15.704068] (pylon_ros2_camera_interfaces) StdoutLine: {'line': b'[ 25%] \x1b[32mBuilding CXX object CMakeFiles/pylon_ros2_camera_interfaces__rosidl_typesupport_c.dir/rosidl_typesupport_c/pylon_ros2_camera_interfaces/srv/set_sleeping__type_support.cpp.o\x1b[0m\n'}
[15.704701] (pylon_ros2_camera_interfaces) StdoutLine: {'line': b'[ 26%] \x1b[32mBuilding CXX object CMakeFiles/pylon_ros2_camera_interfaces__rosidl_typesupport_c.dir/rosidl_typesupport_c/pylon_ros2_camera_interfaces/srv/set_white_balance__type_support.cpp.o\x1b[0m\n'}
[15.715882] (pylon_ros2_camera_interfaces) StdoutLine: {'line': b'[ 26%] \x1b[32mBuilding CXX object CMakeFiles/pylon_ros2_camera_interfaces__rosidl_typesupport_c.dir/rosidl_typesupport_c/pylon_ros2_camera_interfaces/srv/set_integer_value__type_support.cpp.o\x1b[0m\n'}
[15.756648] (-) TimerEvent: {}
[15.822626] (pylon_ros2_camera_interfaces) StdoutLine: {'line': b'[ 27%] \x1b[32mBuilding CXX object CMakeFiles/pylon_ros2_camera_interfaces__rosidl_typesupport_c.dir/rosidl_typesupport_c/pylon_ros2_camera_interfaces/srv/set_float_value__type_support.cpp.o\x1b[0m\n'}
[15.856273] (pylon_ros2_camera_interfaces) StdoutLine: {'line': b'[ 27%] \x1b[32mBuilding CXX object CMakeFiles/pylon_ros2_camera_interfaces__rosidl_typesupport_c.dir/rosidl_typesupport_c/pylon_ros2_camera_interfaces/srv/set_string_value__type_support.cpp.o\x1b[0m\n'}
[15.856720] (-) TimerEvent: {}
[15.869515] (pylon_ros2_camera_interfaces) StdoutLine: {'line': b'[ 28%] \x1b[32mBuilding CXX object CMakeFiles/pylon_ros2_camera_interfaces__rosidl_typesupport_c.dir/rosidl_typesupport_c/pylon_ros2_camera_interfaces/srv/set_action_trigger_configuration__type_support.cpp.o\x1b[0m\n'}
[15.930555] (pylon_ros2_camera_interfaces) StdoutLine: {'line': b'[ 28%] \x1b[32mBuilding CXX object CMakeFiles/pylon_ros2_camera_interfaces__rosidl_typesupport_c.dir/rosidl_typesupport_c/pylon_ros2_camera_interfaces/srv/issue_action_command__type_support.cpp.o\x1b[0m\n'}
[15.956846] (-) TimerEvent: {}
[15.978147] (pylon_ros2_camera_interfaces) StdoutLine: {'line': b'[ 29%] \x1b[32mBuilding CXX object CMakeFiles/pylon_ros2_camera_interfaces__rosidl_typesupport_c.dir/rosidl_typesupport_c/pylon_ros2_camera_interfaces/srv/issue_scheduled_action_command__type_support.cpp.o\x1b[0m\n'}
[16.013826] (pylon_ros2_camera_interfaces) StdoutLine: {'line': b'[ 29%] \x1b[32mBuilding CXX object CMakeFiles/pylon_ros2_camera_interfaces__rosidl_typesupport_c.dir/rosidl_typesupport_c/pylon_ros2_camera_interfaces/action/grab_images__type_support.cpp.o\x1b[0m\n'}
[16.057295] (-) TimerEvent: {}
[16.065892] (pylon_ros2_camera_interfaces) StdoutLine: {'line': b'[ 30%] \x1b[32mBuilding CXX object CMakeFiles/pylon_ros2_camera_interfaces__rosidl_typesupport_c.dir/rosidl_typesupport_c/pylon_ros2_camera_interfaces/action/grab_blaze_data__type_support.cpp.o\x1b[0m\n'}
[16.157755] (-) TimerEvent: {}
[16.229152] (pylon_ros2_camera_interfaces) StdoutLine: {'line': b'[ 30%] \x1b[32m\x1b[1mLinking CXX shared library libpylon_ros2_camera_interfaces__rosidl_typesupport_c.so\x1b[0m\n'}
[16.257838] (-) TimerEvent: {}
[16.316965] (pylon_ros2_camera_interfaces) StdoutLine: {'line': b'[ 30%] Built target pylon_ros2_camera_interfaces__rosidl_typesupport_c\n'}
[16.357935] (-) TimerEvent: {}
[16.378252] (pylon_ros2_camera_interfaces) StdoutLine: {'line': b'[ 30%] \x1b[32mBuilding CXX object CMakeFiles/pylon_ros2_camera_interfaces__rosidl_typesupport_cpp.dir/rosidl_typesupport_cpp/pylon_ros2_camera_interfaces/msg/current_params__type_support.cpp.o\x1b[0m\n'}
[16.378588] (pylon_ros2_camera_interfaces) StdoutLine: {'line': b'[ 31%] \x1b[32mBuilding CXX object CMakeFiles/pylon_ros2_camera_interfaces__rosidl_typesupport_cpp.dir/rosidl_typesupport_cpp/pylon_ros2_camera_interfaces/msg/component_status__type_support.cpp.o\x1b[0m\n'}
[16.379815] (pylon_ros2_camera_interfaces) StdoutLine: {'line': b'[ 31%] \x1b[32mBuilding CXX object CMakeFiles/pylon_ros2_camera_interfaces__rosidl_typesupport_cpp.dir/rosidl_typesupport_cpp/pylon_ros2_camera_interfaces/srv/get_integer_value__type_support.cpp.o\x1b[0m\n'}
[16.388093] (pylon_ros2_camera_interfaces) StdoutLine: {'line': b'[ 32%] \x1b[32mBuilding CXX object CMakeFiles/pylon_ros2_camera_interfaces__rosidl_typesupport_cpp.dir/rosidl_typesupport_cpp/pylon_ros2_camera_interfaces/srv/get_float_value__type_support.cpp.o\x1b[0m\n'}
[16.458048] (-) TimerEvent: {}
[16.558518] (-) TimerEvent: {}
[16.659077] (-) TimerEvent: {}
[16.759603] (-) TimerEvent: {}
[16.860102] (-) TimerEvent: {}
[16.960621] (-) TimerEvent: {}
[17.058660] (pylon_ros2_camera_interfaces) StdoutLine: {'line': b'[ 32%] \x1b[32mBuilding CXX object CMakeFiles/pylon_ros2_camera_interfaces__rosidl_typesupport_introspection_cpp.dir/rosidl_typesupport_introspection_cpp/pylon_ros2_camera_interfaces/msg/detail/current_params__type_support.cpp.o\x1b[0m\n'}
[17.060757] (-) TimerEvent: {}
[17.161371] (-) TimerEvent: {}
[17.235425] (pylon_ros2_camera_interfaces) StdoutLine: {'line': b'[ 32%] \x1b[32mBuilding CXX object CMakeFiles/pylon_ros2_camera_interfaces__rosidl_typesupport_cpp.dir/rosidl_typesupport_cpp/pylon_ros2_camera_interfaces/srv/get_string_value__type_support.cpp.o\x1b[0m\n'}
[17.236900] (pylon_ros2_camera_interfaces) StdoutLine: {'line': b'[ 33%] \x1b[32mBuilding CXX object CMakeFiles/pylon_ros2_camera_interfaces__rosidl_typesupport_cpp.dir/rosidl_typesupport_cpp/pylon_ros2_camera_interfaces/srv/get_ptp_status__type_support.cpp.o\x1b[0m\n'}
[17.250195] (pylon_ros2_camera_interfaces) StdoutLine: {'line': b'[ 33%] \x1b[32mBuilding CXX object CMakeFiles/pylon_ros2_camera_interfaces__rosidl_typesupport_cpp.dir/rosidl_typesupport_cpp/pylon_ros2_camera_interfaces/srv/set_binning__type_support.cpp.o\x1b[0m\n'}
[17.261482] (-) TimerEvent: {}
[17.279443] (pylon_ros2_camera_interfaces) StdoutLine: {'line': b'[ 34%] \x1b[32mBuilding CXX object CMakeFiles/pylon_ros2_camera_interfaces__rosidl_typesupport_cpp.dir/rosidl_typesupport_cpp/pylon_ros2_camera_interfaces/srv/set_brightness__type_support.cpp.o\x1b[0m\n'}
[17.361586] (-) TimerEvent: {}
[17.461920] (-) TimerEvent: {}
[17.476830] (pylon_ros2_camera_interfaces) StdoutLine: {'line': b'[ 34%] \x1b[32mBuilding C object CMakeFiles/pylon_ros2_camera_interfaces__rosidl_typesupport_introspection_c.dir/rosidl_typesupport_introspection_c/pylon_ros2_camera_interfaces/msg/detail/current_params__type_support.c.o\x1b[0m\n'}
[17.562033] (-) TimerEvent: {}
[17.628342] (pylon_ros2_camera_interfaces) StdoutLine: {'line': b'[ 35%] \x1b[32mBuilding C object CMakeFiles/pylon_ros2_camera_interfaces__rosidl_typesupport_introspection_c.dir/rosidl_typesupport_introspection_c/pylon_ros2_camera_interfaces/msg/detail/component_status__type_support.c.o\x1b[0m\n'}
[17.662149] (-) TimerEvent: {}
[17.762058] (pylon_ros2_camera_interfaces) StdoutLine: {'line': b'[ 35%] \x1b[32mBuilding C object CMakeFiles/pylon_ros2_camera_interfaces__rosidl_typesupport_introspection_c.dir/rosidl_typesupport_introspection_c/pylon_ros2_camera_interfaces/srv/detail/get_integer_value__type_support.c.o\x1b[0m\n'}
[17.762321] (-) TimerEvent: {}
[17.862625] (-) TimerEvent: {}
[17.891575] (pylon_ros2_camera_interfaces) StdoutLine: {'line': b'[ 36%] \x1b[32mBuilding C object CMakeFiles/pylon_ros2_camera_interfaces__rosidl_typesupport_introspection_c.dir/rosidl_typesupport_introspection_c/pylon_ros2_camera_interfaces/srv/detail/get_float_value__type_support.c.o\x1b[0m\n'}
[17.962824] (-) TimerEvent: {}
[18.018975] (pylon_ros2_camera_interfaces) StdoutLine: {'line': b'[ 36%] \x1b[32mBuilding CXX object CMakeFiles/pylon_ros2_camera_interfaces__rosidl_typesupport_cpp.dir/rosidl_typesupport_cpp/pylon_ros2_camera_interfaces/srv/set_exposure__type_support.cpp.o\x1b[0m\n'}
[18.030477] (pylon_ros2_camera_interfaces) StdoutLine: {'line': b'[ 36%] \x1b[32mBuilding C object CMakeFiles/pylon_ros2_camera_interfaces__rosidl_typesupport_introspection_c.dir/rosidl_typesupport_introspection_c/pylon_ros2_camera_interfaces/srv/detail/get_string_value__type_support.c.o\x1b[0m\n'}
[18.062961] (-) TimerEvent: {}
[18.063402] (pylon_ros2_camera_interfaces) StdoutLine: {'line': b'[ 37%] \x1b[32mBuilding CXX object CMakeFiles/pylon_ros2_camera_interfaces__rosidl_typesupport_introspection_cpp.dir/rosidl_typesupport_introspection_cpp/pylon_ros2_camera_interfaces/msg/detail/component_status__type_support.cpp.o\x1b[0m\n'}
[18.095646] (pylon_ros2_camera_interfaces) StdoutLine: {'line': b'[ 38%] \x1b[32mBuilding CXX object CMakeFiles/pylon_ros2_camera_interfaces__rosidl_typesupport_cpp.dir/rosidl_typesupport_cpp/pylon_ros2_camera_interfaces/srv/set_gain__type_support.cpp.o\x1b[0m\n'}
[18.163062] (-) TimerEvent: {}
[18.174672] (pylon_ros2_camera_interfaces) StdoutLine: {'line': b'[ 39%] \x1b[32mBuilding C object CMakeFiles/pylon_ros2_camera_interfaces__rosidl_typesupport_introspection_c.dir/rosidl_typesupport_introspection_c/pylon_ros2_camera_interfaces/srv/detail/get_ptp_status__type_support.c.o\x1b[0m\n'}
[18.260587] (pylon_ros2_camera_interfaces) StdoutLine: {'line': b'[ 39%] \x1b[32mBuilding CXX object CMakeFiles/pylon_ros2_camera_interfaces__rosidl_typesupport_fastrtps_c.dir/rosidl_typesupport_fastrtps_c/pylon_ros2_camera_interfaces/msg/detail/current_params__type_support_c.cpp.o\x1b[0m\n'}
[18.263172] (-) TimerEvent: {}
[18.309898] (pylon_ros2_camera_interfaces) StdoutLine: {'line': b'[ 39%] \x1b[32mBuilding CXX object CMakeFiles/pylon_ros2_camera_interfaces__rosidl_typesupport_cpp.dir/rosidl_typesupport_cpp/pylon_ros2_camera_interfaces/srv/set_gamma__type_support.cpp.o\x1b[0m\n'}
[18.313100] (pylon_ros2_camera_interfaces) StdoutLine: {'line': b'[ 39%] \x1b[32mBuilding CXX object CMakeFiles/pylon_ros2_camera_interfaces__rosidl_typesupport_introspection_cpp.dir/rosidl_typesupport_introspection_cpp/pylon_ros2_camera_interfaces/srv/detail/get_integer_value__type_support.cpp.o\x1b[0m\n'}
[18.316706] (pylon_ros2_camera_interfaces) StdoutLine: {'line': b'[ 39%] \x1b[32mBuilding C object CMakeFiles/pylon_ros2_camera_interfaces__rosidl_typesupport_introspection_c.dir/rosidl_typesupport_introspection_c/pylon_ros2_camera_interfaces/srv/detail/set_binning__type_support.c.o\x1b[0m\n'}
[18.363299] (-) TimerEvent: {}
[18.461093] (pylon_ros2_camera_interfaces) StdoutLine: {'line': b'[ 40%] \x1b[32mBuilding C object CMakeFiles/pylon_ros2_camera_interfaces__rosidl_typesupport_introspection_c.dir/rosidl_typesupport_introspection_c/pylon_ros2_camera_interfaces/srv/detail/set_brightness__type_support.c.o\x1b[0m\n'}
[18.463379] (-) TimerEvent: {}
[18.536946] (pylon_ros2_camera_interfaces) StdoutLine: {'line': b'[ 40%] \x1b[32mBuilding CXX object CMakeFiles/pylon_ros2_camera_interfaces__rosidl_typesupport_fastrtps_cpp.dir/rosidl_typesupport_fastrtps_cpp/pylon_ros2_camera_interfaces/msg/detail/dds_fastrtps/current_params__type_support.cpp.o\x1b[0m\n'}
[18.563508] (-) TimerEvent: {}
[18.600783] (pylon_ros2_camera_interfaces) StdoutLine: {'line': b'[ 40%] \x1b[32mBuilding C object CMakeFiles/pylon_ros2_camera_interfaces__rosidl_typesupport_introspection_c.dir/rosidl_typesupport_introspection_c/pylon_ros2_camera_interfaces/srv/detail/set_exposure__type_support.c.o\x1b[0m\n'}
[18.663626] (-) TimerEvent: {}
[18.764009] (-) TimerEvent: {}
[18.785553] (pylon_ros2_camera_interfaces) StdoutLine: {'line': b'[ 41%] \x1b[32mBuilding C object CMakeFiles/pylon_ros2_camera_interfaces__rosidl_typesupport_introspection_c.dir/rosidl_typesupport_introspection_c/pylon_ros2_camera_interfaces/srv/detail/set_gain__type_support.c.o\x1b[0m\n'}
[18.848637] (pylon_ros2_camera_interfaces) StdoutLine: {'line': b'[ 42%] \x1b[32mBuilding CXX object CMakeFiles/pylon_ros2_camera_interfaces__rosidl_typesupport_cpp.dir/rosidl_typesupport_cpp/pylon_ros2_camera_interfaces/srv/set_roi__type_support.cpp.o\x1b[0m\n'}
[18.864171] (-) TimerEvent: {}
[18.910679] (pylon_ros2_camera_interfaces) StdoutLine: {'line': b'[ 42%] \x1b[32mBuilding CXX object CMakeFiles/pylon_ros2_camera_interfaces__rosidl_typesupport_cpp.dir/rosidl_typesupport_cpp/pylon_ros2_camera_interfaces/srv/set_sleeping__type_support.cpp.o\x1b[0m\n'}
[18.964287] (-) TimerEvent: {}
[18.969809] (pylon_ros2_camera_interfaces) StdoutLine: {'line': b'[ 42%] \x1b[32mBuilding C object CMakeFiles/pylon_ros2_camera_interfaces__rosidl_typesupport_introspection_c.dir/rosidl_typesupport_introspection_c/pylon_ros2_camera_interfaces/srv/detail/set_gamma__type_support.c.o\x1b[0m\n'}
[19.064401] (-) TimerEvent: {}
[19.109859] (pylon_ros2_camera_interfaces) StdoutLine: {'line': b'[ 43%] \x1b[32mBuilding C object CMakeFiles/pylon_ros2_camera_interfaces__rosidl_typesupport_introspection_c.dir/rosidl_typesupport_introspection_c/pylon_ros2_camera_interfaces/srv/detail/set_roi__type_support.c.o\x1b[0m\n'}
[19.140254] (pylon_ros2_camera_interfaces) StdoutLine: {'line': b'[ 44%] \x1b[32mBuilding CXX object CMakeFiles/pylon_ros2_camera_interfaces__rosidl_typesupport_cpp.dir/rosidl_typesupport_cpp/pylon_ros2_camera_interfaces/srv/set_white_balance__type_support.cpp.o\x1b[0m\n'}
[19.164510] (-) TimerEvent: {}
[19.194876] (pylon_ros2_camera_interfaces) StdoutLine: {'line': b'[ 45%] \x1b[32mBuilding CXX object CMakeFiles/pylon_ros2_camera_interfaces__rosidl_typesupport_introspection_cpp.dir/rosidl_typesupport_introspection_cpp/pylon_ros2_camera_interfaces/srv/detail/get_float_value__type_support.cpp.o\x1b[0m\n'}
[19.264637] (-) TimerEvent: {}
[19.266918] (pylon_ros2_camera_interfaces) StdoutLine: {'line': b'[ 45%] \x1b[32mBuilding C object CMakeFiles/pylon_ros2_camera_interfaces__rosidl_typesupport_introspection_c.dir/rosidl_typesupport_introspection_c/pylon_ros2_camera_interfaces/srv/detail/set_sleeping__type_support.c.o\x1b[0m\n'}
[19.364750] (-) TimerEvent: {}
[19.385845] (pylon_ros2_camera_interfaces) StdoutLine: {'line': b'[ 46%] \x1b[32mBuilding C object CMakeFiles/pylon_ros2_camera_interfaces__rosidl_typesupport_introspection_c.dir/rosidl_typesupport_introspection_c/pylon_ros2_camera_interfaces/srv/detail/set_white_balance__type_support.c.o\x1b[0m\n'}
[19.466217] (-) TimerEvent: {}
[19.470970] (pylon_ros2_camera_interfaces) StdoutLine: {'line': b'[ 46%] \x1b[32mBuilding C object CMakeFiles/pylon_ros2_camera_interfaces__rosidl_typesupport_introspection_c.dir/rosidl_typesupport_introspection_c/pylon_ros2_camera_interfaces/srv/detail/set_integer_value__type_support.c.o\x1b[0m\n'}
[19.495766] (pylon_ros2_camera_interfaces) StdoutLine: {'line': b'[ 47%] \x1b[32mBuilding CXX object CMakeFiles/pylon_ros2_camera_interfaces__rosidl_typesupport_fastrtps_c.dir/rosidl_typesupport_fastrtps_c/pylon_ros2_camera_interfaces/msg/detail/component_status__type_support_c.cpp.o\x1b[0m\n'}
[19.556925] (pylon_ros2_camera_interfaces) StdoutLine: {'line': b'[ 48%] \x1b[32mBuilding C object CMakeFiles/pylon_ros2_camera_interfaces__rosidl_typesupport_introspection_c.dir/rosidl_typesupport_introspection_c/pylon_ros2_camera_interfaces/srv/detail/set_float_value__type_support.c.o\x1b[0m\n'}
[19.566328] (-) TimerEvent: {}
[19.622186] (pylon_ros2_camera_interfaces) StdoutLine: {'line': b'[ 48%] \x1b[32mBuilding C object CMakeFiles/pylon_ros2_camera_interfaces__rosidl_typesupport_introspection_c.dir/rosidl_typesupport_introspection_c/pylon_ros2_camera_interfaces/srv/detail/set_string_value__type_support.c.o\x1b[0m\n'}
[19.668598] (-) TimerEvent: {}
[19.693023] (pylon_ros2_camera_interfaces) StdoutLine: {'line': b'[ 48%] \x1b[32mBuilding CXX object CMakeFiles/pylon_ros2_camera_interfaces__rosidl_typesupport_cpp.dir/rosidl_typesupport_cpp/pylon_ros2_camera_interfaces/srv/set_integer_value__type_support.cpp.o\x1b[0m\n'}
[19.706120] (pylon_ros2_camera_interfaces) StdoutLine: {'line': b'[ 49%] \x1b[32mBuilding C object CMakeFiles/pylon_ros2_camera_interfaces__rosidl_typesupport_introspection_c.dir/rosidl_typesupport_introspection_c/pylon_ros2_camera_interfaces/srv/detail/set_action_trigger_configuration__type_support.c.o\x1b[0m\n'}
[19.749188] (pylon_ros2_camera_interfaces) StdoutLine: {'line': b'[ 49%] \x1b[32mBuilding C object CMakeFiles/pylon_ros2_camera_interfaces__rosidl_typesupport_introspection_c.dir/rosidl_typesupport_introspection_c/pylon_ros2_camera_interfaces/srv/detail/issue_action_command__type_support.c.o\x1b[0m\n'}
[19.768730] (-) TimerEvent: {}
[19.810220] (pylon_ros2_camera_interfaces) StdoutLine: {'line': b'[ 50%] \x1b[32mBuilding CXX object CMakeFiles/pylon_ros2_camera_interfaces__rosidl_typesupport_cpp.dir/rosidl_typesupport_cpp/pylon_ros2_camera_interfaces/srv/set_float_value__type_support.cpp.o\x1b[0m\n'}
[19.849770] (pylon_ros2_camera_interfaces) StdoutLine: {'line': b'[ 51%] \x1b[32mBuilding C object CMakeFiles/pylon_ros2_camera_interfaces__rosidl_typesupport_introspection_c.dir/rosidl_typesupport_introspection_c/pylon_ros2_camera_interfaces/srv/detail/issue_scheduled_action_command__type_support.c.o\x1b[0m\n'}
[19.868855] (-) TimerEvent: {}
[19.876177] (pylon_ros2_camera_interfaces) StdoutLine: {'line': b'[ 52%] \x1b[32mBuilding CXX object CMakeFiles/pylon_ros2_camera_interfaces__rosidl_typesupport_fastrtps_cpp.dir/rosidl_typesupport_fastrtps_cpp/pylon_ros2_camera_interfaces/msg/detail/dds_fastrtps/component_status__type_support.cpp.o\x1b[0m\n'}
[19.894084] (pylon_ros2_camera_interfaces) StdoutLine: {'line': b'[ 52%] \x1b[32mBuilding C object CMakeFiles/pylon_ros2_camera_interfaces__rosidl_typesupport_introspection_c.dir/rosidl_typesupport_introspection_c/pylon_ros2_camera_interfaces/action/detail/grab_images__type_support.c.o\x1b[0m\n'}
[19.968968] (-) TimerEvent: {}
[19.984584] (pylon_ros2_camera_interfaces) StdoutLine: {'line': b'[ 53%] \x1b[32mBuilding C object CMakeFiles/pylon_ros2_camera_interfaces__rosidl_typesupport_introspection_c.dir/rosidl_typesupport_introspection_c/pylon_ros2_camera_interfaces/action/detail/grab_blaze_data__type_support.c.o\x1b[0m\n'}
[20.012012] (pylon_ros2_camera_interfaces) StdoutLine: {'line': b'[ 53%] \x1b[32mBuilding CXX object CMakeFiles/pylon_ros2_camera_interfaces__rosidl_typesupport_cpp.dir/rosidl_typesupport_cpp/pylon_ros2_camera_interfaces/srv/set_string_value__type_support.cpp.o\x1b[0m\n'}
[20.069103] (-) TimerEvent: {}
[20.160512] (pylon_ros2_camera_interfaces) StdoutLine: {'line': b'[ 54%] \x1b[32mBuilding CXX object CMakeFiles/pylon_ros2_camera_interfaces__rosidl_typesupport_cpp.dir/rosidl_typesupport_cpp/pylon_ros2_camera_interfaces/srv/set_action_trigger_configuration__type_support.cpp.o\x1b[0m\n'}
[20.169217] (-) TimerEvent: {}
[20.269614] (-) TimerEvent: {}
[20.280279] (pylon_ros2_camera_interfaces) StdoutLine: {'line': b'[ 54%] \x1b[32m\x1b[1mLinking C shared library libpylon_ros2_camera_interfaces__rosidl_typesupport_introspection_c.so\x1b[0m\n'}
[20.333895] (pylon_ros2_camera_interfaces) StdoutLine: {'line': b'[ 54%] \x1b[32mBuilding CXX object CMakeFiles/pylon_ros2_camera_interfaces__rosidl_typesupport_introspection_cpp.dir/rosidl_typesupport_introspection_cpp/pylon_ros2_camera_interfaces/srv/detail/get_string_value__type_support.cpp.o\x1b[0m\n'}
[20.369808] (-) TimerEvent: {}
[20.370818] (pylon_ros2_camera_interfaces) StdoutLine: {'line': b'[ 54%] Built target pylon_ros2_camera_interfaces__rosidl_typesupport_introspection_c\n'}
[20.375694] (pylon_ros2_camera_interfaces) StdoutLine: {'line': b'[ 55%] \x1b[32mBuilding CXX object CMakeFiles/pylon_ros2_camera_interfaces__rosidl_typesupport_introspection_cpp.dir/rosidl_typesupport_introspection_cpp/pylon_ros2_camera_interfaces/srv/detail/get_ptp_status__type_support.cpp.o\x1b[0m\n'}
[20.469899] (-) TimerEvent: {}
[20.526268] (pylon_ros2_camera_interfaces) StdoutLine: {'line': b'[ 55%] \x1b[32mBuilding CXX object CMakeFiles/pylon_ros2_camera_interfaces__rosidl_typesupport_fastrtps_c.dir/rosidl_typesupport_fastrtps_c/pylon_ros2_camera_interfaces/srv/detail/get_integer_value__type_support_c.cpp.o\x1b[0m\n'}
[20.570007] (-) TimerEvent: {}
[20.608798] (pylon_ros2_camera_interfaces) StdoutLine: {'line': b'[ 55%] \x1b[32mBuilding CXX object CMakeFiles/pylon_ros2_camera_interfaces__rosidl_typesupport_cpp.dir/rosidl_typesupport_cpp/pylon_ros2_camera_interfaces/srv/issue_action_command__type_support.cpp.o\x1b[0m\n'}
[20.631902] (pylon_ros2_camera_interfaces) StdoutLine: {'line': b'[ 56%] \x1b[32mBuilding CXX object CMakeFiles/pylon_ros2_camera_interfaces__rosidl_typesupport_cpp.dir/rosidl_typesupport_cpp/pylon_ros2_camera_interfaces/srv/issue_scheduled_action_command__type_support.cpp.o\x1b[0m\n'}
[20.670122] (-) TimerEvent: {}
[20.770708] (-) TimerEvent: {}
[20.869284] (pylon_ros2_camera_interfaces) StdoutLine: {'line': b'[ 56%] \x1b[32mBuilding CXX object CMakeFiles/pylon_ros2_camera_interfaces__rosidl_typesupport_cpp.dir/rosidl_typesupport_cpp/pylon_ros2_camera_interfaces/action/grab_images__type_support.cpp.o\x1b[0m\n'}
[20.870799] (-) TimerEvent: {}
[20.971509] (-) TimerEvent: {}
[21.004491] (pylon_ros2_camera_interfaces) StdoutLine: {'line': b'[ 56%] \x1b[32mBuilding CXX object CMakeFiles/pylon_ros2_camera_interfaces__rosidl_typesupport_fastrtps_cpp.dir/rosidl_typesupport_fastrtps_cpp/pylon_ros2_camera_interfaces/srv/detail/dds_fastrtps/get_integer_value__type_support.cpp.o\x1b[0m\n'}
[21.071580] (-) TimerEvent: {}
[21.129451] (pylon_ros2_camera_interfaces) StdoutLine: {'line': b'[ 57%] \x1b[32mBuilding CXX object CMakeFiles/pylon_ros2_camera_interfaces__rosidl_typesupport_cpp.dir/rosidl_typesupport_cpp/pylon_ros2_camera_interfaces/action/grab_blaze_data__type_support.cpp.o\x1b[0m\n'}
[21.171709] (-) TimerEvent: {}
[21.272308] (-) TimerEvent: {}
[21.372842] (-) TimerEvent: {}
[21.395588] (pylon_ros2_camera_interfaces) StdoutLine: {'line': b'[ 57%] \x1b[32mBuilding CXX object CMakeFiles/pylon_ros2_camera_interfaces__rosidl_typesupport_introspection_cpp.dir/rosidl_typesupport_introspection_cpp/pylon_ros2_camera_interfaces/srv/detail/set_binning__type_support.cpp.o\x1b[0m\n'}
[21.438664] (pylon_ros2_camera_interfaces) StdoutLine: {'line': b'[ 58%] \x1b[32mBuilding CXX object CMakeFiles/pylon_ros2_camera_interfaces__rosidl_typesupport_fastrtps_cpp.dir/rosidl_typesupport_fastrtps_cpp/pylon_ros2_camera_interfaces/srv/detail/dds_fastrtps/get_float_value__type_support.cpp.o\x1b[0m\n'}
[21.472949] (-) TimerEvent: {}
[21.559785] (pylon_ros2_camera_interfaces) StdoutLine: {'line': b'[ 58%] \x1b[32mBuilding CXX object CMakeFiles/pylon_ros2_camera_interfaces__rosidl_typesupport_fastrtps_cpp.dir/rosidl_typesupport_fastrtps_cpp/pylon_ros2_camera_interfaces/srv/detail/dds_fastrtps/get_string_value__type_support.cpp.o\x1b[0m\n'}
[21.573083] (-) TimerEvent: {}
[21.587142] (pylon_ros2_camera_interfaces) StdoutLine: {'line': b'[ 59%] \x1b[32mBuilding CXX object CMakeFiles/pylon_ros2_camera_interfaces__rosidl_typesupport_fastrtps_c.dir/rosidl_typesupport_fastrtps_c/pylon_ros2_camera_interfaces/srv/detail/get_float_value__type_support_c.cpp.o\x1b[0m\n'}
[21.596190] (pylon_ros2_camera_interfaces) StdoutLine: {'line': b'[ 60%] \x1b[32mBuilding CXX object CMakeFiles/pylon_ros2_camera_interfaces__rosidl_typesupport_introspection_cpp.dir/rosidl_typesupport_introspection_cpp/pylon_ros2_camera_interfaces/srv/detail/set_brightness__type_support.cpp.o\x1b[0m\n'}
[21.673190] (-) TimerEvent: {}
[21.773715] (-) TimerEvent: {}
[21.874322] (-) TimerEvent: {}
[21.974921] (-) TimerEvent: {}
[22.075456] (-) TimerEvent: {}
[22.175820] (-) TimerEvent: {}
[22.188606] (pylon_ros2_camera_interfaces) StdoutLine: {'line': b'[ 61%] \x1b[32mBuilding CXX object CMakeFiles/pylon_ros2_camera_interfaces__rosidl_typesupport_fastrtps_cpp.dir/rosidl_typesupport_fastrtps_cpp/pylon_ros2_camera_interfaces/srv/detail/dds_fastrtps/get_ptp_status__type_support.cpp.o\x1b[0m\n'}
[22.275937] (-) TimerEvent: {}
[22.351119] (pylon_ros2_camera_interfaces) StdoutLine: {'line': b'[ 61%] \x1b[32mBuilding CXX object CMakeFiles/pylon_ros2_camera_interfaces__rosidl_typesupport_fastrtps_cpp.dir/rosidl_typesupport_fastrtps_cpp/pylon_ros2_camera_interfaces/srv/detail/dds_fastrtps/set_binning__type_support.cpp.o\x1b[0m\n'}
[22.376057] (-) TimerEvent: {}
[22.467624] (pylon_ros2_camera_interfaces) StdoutLine: {'line': b'[ 61%] \x1b[32m\x1b[1mLinking CXX shared library libpylon_ros2_camera_interfaces__rosidl_typesupport_cpp.so\x1b[0m\n'}
[22.476174] (-) TimerEvent: {}
[22.570447] (pylon_ros2_camera_interfaces) StdoutLine: {'line': b'[ 61%] Built target pylon_ros2_camera_interfaces__rosidl_typesupport_cpp\n'}
[22.575676] (pylon_ros2_camera_interfaces) StdoutLine: {'line': b'[ 62%] \x1b[32mBuilding CXX object CMakeFiles/pylon_ros2_camera_interfaces__rosidl_typesupport_fastrtps_cpp.dir/rosidl_typesupport_fastrtps_cpp/pylon_ros2_camera_interfaces/srv/detail/dds_fastrtps/set_brightness__type_support.cpp.o\x1b[0m\n'}
[22.576254] (-) TimerEvent: {}
[22.589407] (pylon_ros2_camera_interfaces) StdoutLine: {'line': b'[ 62%] \x1b[32mBuilding CXX object CMakeFiles/pylon_ros2_camera_interfaces__rosidl_typesupport_introspection_cpp.dir/rosidl_typesupport_introspection_cpp/pylon_ros2_camera_interfaces/srv/detail/set_exposure__type_support.cpp.o\x1b[0m\n'}
[22.676392] (-) TimerEvent: {}
[22.729334] (pylon_ros2_camera_interfaces) StdoutLine: {'line': b'[ 62%] \x1b[32mBuilding CXX object CMakeFiles/pylon_ros2_camera_interfaces__rosidl_typesupport_fastrtps_cpp.dir/rosidl_typesupport_fastrtps_cpp/pylon_ros2_camera_interfaces/srv/detail/dds_fastrtps/set_exposure__type_support.cpp.o\x1b[0m\n'}
[22.773020] (pylon_ros2_camera_interfaces) StdoutLine: {'line': b'[ 63%] \x1b[32mBuilding CXX object CMakeFiles/pylon_ros2_camera_interfaces__rosidl_typesupport_fastrtps_cpp.dir/rosidl_typesupport_fastrtps_cpp/pylon_ros2_camera_interfaces/srv/detail/dds_fastrtps/set_gain__type_support.cpp.o\x1b[0m\n'}
[22.776493] (-) TimerEvent: {}
[22.813734] (pylon_ros2_camera_interfaces) StdoutLine: {'line': b'[ 63%] \x1b[32mBuilding CXX object CMakeFiles/pylon_ros2_camera_interfaces__rosidl_typesupport_fastrtps_c.dir/rosidl_typesupport_fastrtps_c/pylon_ros2_camera_interfaces/srv/detail/get_string_value__type_support_c.cpp.o\x1b[0m\n'}
[22.837568] (pylon_ros2_camera_interfaces) StdoutLine: {'line': b'[ 63%] \x1b[32mBuilding CXX object CMakeFiles/pylon_ros2_camera_interfaces__rosidl_typesupport_fastrtps_cpp.dir/rosidl_typesupport_fastrtps_cpp/pylon_ros2_camera_interfaces/srv/detail/dds_fastrtps/set_gamma__type_support.cpp.o\x1b[0m\n'}
[22.876618] (-) TimerEvent: {}
[22.977127] (-) TimerEvent: {}
[23.077685] (-) TimerEvent: {}
[23.178273] (-) TimerEvent: {}
[23.278838] (-) TimerEvent: {}
[23.370889] (pylon_ros2_camera_interfaces) StdoutLine: {'line': b'[ 64%] \x1b[32mBuilding CXX object CMakeFiles/pylon_ros2_camera_interfaces__rosidl_typesupport_introspection_cpp.dir/rosidl_typesupport_introspection_cpp/pylon_ros2_camera_interfaces/srv/detail/set_gain__type_support.cpp.o\x1b[0m\n'}
[23.378944] (-) TimerEvent: {}
[23.479509] (-) TimerEvent: {}
[23.580119] (-) TimerEvent: {}
[23.680691] (-) TimerEvent: {}
[23.709155] (pylon_ros2_camera_interfaces) StdoutLine: {'line': b'[ 65%] \x1b[32mBuilding CXX object CMakeFiles/pylon_ros2_camera_interfaces__rosidl_typesupport_fastrtps_cpp.dir/rosidl_typesupport_fastrtps_cpp/pylon_ros2_camera_interfaces/srv/detail/dds_fastrtps/set_roi__type_support.cpp.o\x1b[0m\n'}
[23.717388] (pylon_ros2_camera_interfaces) StdoutLine: {'line': b'[ 65%] \x1b[32mBuilding CXX object CMakeFiles/pylon_ros2_camera_interfaces__rosidl_typesupport_introspection_cpp.dir/rosidl_typesupport_introspection_cpp/pylon_ros2_camera_interfaces/srv/detail/set_gamma__type_support.cpp.o\x1b[0m\n'}
[23.780792] (-) TimerEvent: {}
[23.782885] (pylon_ros2_camera_interfaces) StdoutLine: {'line': b'[ 65%] \x1b[32mBuilding CXX object CMakeFiles/pylon_ros2_camera_interfaces__rosidl_typesupport_fastrtps_cpp.dir/rosidl_typesupport_fastrtps_cpp/pylon_ros2_camera_interfaces/srv/detail/dds_fastrtps/set_sleeping__type_support.cpp.o\x1b[0m\n'}
[23.880922] (-) TimerEvent: {}
[23.913898] (pylon_ros2_camera_interfaces) StdoutLine: {'line': b'[ 66%] \x1b[32mBuilding CXX object CMakeFiles/pylon_ros2_camera_interfaces__rosidl_typesupport_fastrtps_c.dir/rosidl_typesupport_fastrtps_c/pylon_ros2_camera_interfaces/srv/detail/get_ptp_status__type_support_c.cpp.o\x1b[0m\n'}
[23.981040] (-) TimerEvent: {}
[24.031971] (pylon_ros2_camera_interfaces) StdoutLine: {'line': b'[ 67%] \x1b[32mBuilding CXX object CMakeFiles/pylon_ros2_camera_interfaces__rosidl_typesupport_fastrtps_cpp.dir/rosidl_typesupport_fastrtps_cpp/pylon_ros2_camera_interfaces/srv/detail/dds_fastrtps/set_white_balance__type_support.cpp.o\x1b[0m\n'}
[24.044680] (pylon_ros2_camera_interfaces) StdoutLine: {'line': b'[ 67%] \x1b[32mBuilding CXX object CMakeFiles/pylon_ros2_camera_interfaces__rosidl_typesupport_fastrtps_cpp.dir/rosidl_typesupport_fastrtps_cpp/pylon_ros2_camera_interfaces/srv/detail/dds_fastrtps/set_integer_value__type_support.cpp.o\x1b[0m\n'}
[24.081154] (-) TimerEvent: {}
[24.157582] (pylon_ros2_camera_interfaces) StdoutLine: {'line': b'[ 68%] \x1b[32mBuilding CXX object CMakeFiles/pylon_ros2_camera_interfaces__rosidl_typesupport_introspection_cpp.dir/rosidl_typesupport_introspection_cpp/pylon_ros2_camera_interfaces/srv/detail/set_roi__type_support.cpp.o\x1b[0m\n'}
[24.181292] (-) TimerEvent: {}
[24.282026] (-) TimerEvent: {}
[24.382546] (-) TimerEvent: {}
[24.483104] (-) TimerEvent: {}
[24.573093] (pylon_ros2_camera_interfaces) StdoutLine: {'line': b'[ 68%] \x1b[32mBuilding CXX object CMakeFiles/pylon_ros2_camera_interfaces__rosidl_typesupport_introspection_cpp.dir/rosidl_typesupport_introspection_cpp/pylon_ros2_camera_interfaces/srv/detail/set_sleeping__type_support.cpp.o\x1b[0m\n'}
[24.583213] (-) TimerEvent: {}
[24.683735] (-) TimerEvent: {}
[24.784301] (-) TimerEvent: {}
[24.884941] (-) TimerEvent: {}
[24.907752] (pylon_ros2_camera_interfaces) StdoutLine: {'line': b'[ 69%] \x1b[32mBuilding CXX object CMakeFiles/pylon_ros2_camera_interfaces__rosidl_typesupport_introspection_cpp.dir/rosidl_typesupport_introspection_cpp/pylon_ros2_camera_interfaces/srv/detail/set_white_balance__type_support.cpp.o\x1b[0m\n'}
[24.958440] (pylon_ros2_camera_interfaces) StdoutLine: {'line': b'[ 70%] \x1b[32mBuilding CXX object CMakeFiles/pylon_ros2_camera_interfaces__rosidl_typesupport_fastrtps_c.dir/rosidl_typesupport_fastrtps_c/pylon_ros2_camera_interfaces/srv/detail/set_binning__type_support_c.cpp.o\x1b[0m\n'}
[24.958862] (pylon_ros2_camera_interfaces) StdoutLine: {'line': b'[ 70%] \x1b[32mBuilding CXX object CMakeFiles/pylon_ros2_camera_interfaces__rosidl_typesupport_fastrtps_cpp.dir/rosidl_typesupport_fastrtps_cpp/pylon_ros2_camera_interfaces/srv/detail/dds_fastrtps/set_float_value__type_support.cpp.o\x1b[0m\n'}
[24.985051] (-) TimerEvent: {}
[25.085664] (-) TimerEvent: {}
[25.096459] (pylon_ros2_camera_interfaces) StdoutLine: {'line': b'[ 70%] \x1b[32mBuilding CXX object CMakeFiles/pylon_ros2_camera_interfaces__rosidl_typesupport_fastrtps_cpp.dir/rosidl_typesupport_fastrtps_cpp/pylon_ros2_camera_interfaces/srv/detail/dds_fastrtps/set_string_value__type_support.cpp.o\x1b[0m\n'}
[25.185780] (-) TimerEvent: {}
[25.286351] (-) TimerEvent: {}
[25.308207] (pylon_ros2_camera_interfaces) StdoutLine: {'line': b'[ 70%] \x1b[32mBuilding CXX object CMakeFiles/pylon_ros2_camera_interfaces__rosidl_typesupport_introspection_cpp.dir/rosidl_typesupport_introspection_cpp/pylon_ros2_camera_interfaces/srv/detail/set_integer_value__type_support.cpp.o\x1b[0m\n'}
[25.313061] (pylon_ros2_camera_interfaces) StdoutLine: {'line': b'[ 71%] \x1b[32mBuilding CXX object CMakeFiles/pylon_ros2_camera_interfaces__rosidl_typesupport_fastrtps_cpp.dir/rosidl_typesupport_fastrtps_cpp/pylon_ros2_camera_interfaces/srv/detail/dds_fastrtps/set_action_trigger_configuration__type_support.cpp.o\x1b[0m\n'}
[25.321809] (pylon_ros2_camera_interfaces) StdoutLine: {'line': b'[ 71%] \x1b[32mBuilding CXX object CMakeFiles/pylon_ros2_camera_interfaces__rosidl_typesupport_fastrtps_cpp.dir/rosidl_typesupport_fastrtps_cpp/pylon_ros2_camera_interfaces/srv/detail/dds_fastrtps/issue_action_command__type_support.cpp.o\x1b[0m\n'}
[25.386472] (-) TimerEvent: {}
[25.487226] (-) TimerEvent: {}
[25.587824] (-) TimerEvent: {}
[25.688410] (-) TimerEvent: {}
[25.692854] (pylon_ros2_camera_interfaces) StdoutLine: {'line': b'[ 72%] \x1b[32mBuilding CXX object CMakeFiles/pylon_ros2_camera_interfaces__rosidl_typesupport_introspection_cpp.dir/rosidl_typesupport_introspection_cpp/pylon_ros2_camera_interfaces/srv/detail/set_float_value__type_support.cpp.o\x1b[0m\n'}
[25.788535] (-) TimerEvent: {}
[25.889150] (-) TimerEvent: {}
[25.989857] (-) TimerEvent: {}
[26.090501] (-) TimerEvent: {}
[26.107740] (pylon_ros2_camera_interfaces) StdoutLine: {'line': b'[ 73%] \x1b[32mBuilding CXX object CMakeFiles/pylon_ros2_camera_interfaces__rosidl_typesupport_fastrtps_c.dir/rosidl_typesupport_fastrtps_c/pylon_ros2_camera_interfaces/srv/detail/set_brightness__type_support_c.cpp.o\x1b[0m\n'}
[26.132180] (pylon_ros2_camera_interfaces) StdoutLine: {'line': b'[ 74%] \x1b[32mBuilding CXX object CMakeFiles/pylon_ros2_camera_interfaces__rosidl_typesupport_fastrtps_cpp.dir/rosidl_typesupport_fastrtps_cpp/pylon_ros2_camera_interfaces/srv/detail/dds_fastrtps/issue_scheduled_action_command__type_support.cpp.o\x1b[0m\n'}
[26.173784] (pylon_ros2_camera_interfaces) StdoutLine: {'line': b'[ 74%] \x1b[32mBuilding CXX object CMakeFiles/pylon_ros2_camera_interfaces__rosidl_typesupport_fastrtps_cpp.dir/rosidl_typesupport_fastrtps_cpp/pylon_ros2_camera_interfaces/action/detail/dds_fastrtps/grab_images__type_support.cpp.o\x1b[0m\n'}
[26.190639] (-) TimerEvent: {}
[26.291201] (-) TimerEvent: {}
[26.367654] (pylon_ros2_camera_interfaces) StdoutLine: {'line': b'[ 75%] \x1b[32mBuilding CXX object CMakeFiles/pylon_ros2_camera_interfaces__rosidl_typesupport_fastrtps_cpp.dir/rosidl_typesupport_fastrtps_cpp/pylon_ros2_camera_interfaces/action/detail/dds_fastrtps/grab_blaze_data__type_support.cpp.o\x1b[0m\n'}
[26.391312] (-) TimerEvent: {}
[26.482945] (pylon_ros2_camera_interfaces) StdoutLine: {'line': b'[ 75%] \x1b[32mBuilding CXX object CMakeFiles/pylon_ros2_camera_interfaces__rosidl_typesupport_fastrtps_c.dir/rosidl_typesupport_fastrtps_c/pylon_ros2_camera_interfaces/srv/detail/set_exposure__type_support_c.cpp.o\x1b[0m\n'}
[26.491430] (-) TimerEvent: {}
[26.519007] (pylon_ros2_camera_interfaces) StdoutLine: {'line': b'[ 76%] \x1b[32mBuilding CXX object CMakeFiles/pylon_ros2_camera_interfaces__rosidl_typesupport_fastrtps_c.dir/rosidl_typesupport_fastrtps_c/pylon_ros2_camera_interfaces/srv/detail/set_gain__type_support_c.cpp.o\x1b[0m\n'}
[26.591551] (-) TimerEvent: {}
[26.691921] (-) TimerEvent: {}
[26.723410] (pylon_ros2_camera_interfaces) StdoutLine: {'line': b'[ 76%] \x1b[32mBuilding CXX object CMakeFiles/pylon_ros2_camera_interfaces__rosidl_typesupport_fastrtps_c.dir/rosidl_typesupport_fastrtps_c/pylon_ros2_camera_interfaces/srv/detail/set_gamma__type_support_c.cpp.o\x1b[0m\n'}
[26.792029] (-) TimerEvent: {}
[26.892606] (-) TimerEvent: {}
[26.949652] (pylon_ros2_camera_interfaces) StdoutLine: {'line': b'[ 76%] \x1b[32mBuilding CXX object CMakeFiles/pylon_ros2_camera_interfaces__rosidl_typesupport_introspection_cpp.dir/rosidl_typesupport_introspection_cpp/pylon_ros2_camera_interfaces/srv/detail/set_string_value__type_support.cpp.o\x1b[0m\n'}
[26.992712] (-) TimerEvent: {}
[27.093108] (-) TimerEvent: {}
[27.147593] (pylon_ros2_camera_interfaces) StdoutLine: {'line': b'[ 77%] \x1b[32mBuilding CXX object CMakeFiles/pylon_ros2_camera_interfaces__rosidl_typesupport_fastrtps_c.dir/rosidl_typesupport_fastrtps_c/pylon_ros2_camera_interfaces/srv/detail/set_roi__type_support_c.cpp.o\x1b[0m\n'}
[27.193218] (-) TimerEvent: {}
[27.293583] (-) TimerEvent: {}
[27.334764] (pylon_ros2_camera_interfaces) StdoutLine: {'line': b'[ 77%] \x1b[32mBuilding CXX object CMakeFiles/pylon_ros2_camera_interfaces__rosidl_typesupport_fastrtps_c.dir/rosidl_typesupport_fastrtps_c/pylon_ros2_camera_interfaces/srv/detail/set_sleeping__type_support_c.cpp.o\x1b[0m\n'}
[27.393795] (-) TimerEvent: {}
[27.494461] (-) TimerEvent: {}
[27.593202] (pylon_ros2_camera_interfaces) StdoutLine: {'line': b'[ 78%] \x1b[32mBuilding CXX object CMakeFiles/pylon_ros2_camera_interfaces__rosidl_typesupport_fastrtps_c.dir/rosidl_typesupport_fastrtps_c/pylon_ros2_camera_interfaces/srv/detail/set_white_balance__type_support_c.cpp.o\x1b[0m\n'}
[27.594544] (-) TimerEvent: {}
[27.695039] (-) TimerEvent: {}
[27.713993] (pylon_ros2_camera_interfaces) StdoutLine: {'line': b'[ 78%] \x1b[32mBuilding CXX object CMakeFiles/pylon_ros2_camera_interfaces__rosidl_typesupport_fastrtps_c.dir/rosidl_typesupport_fastrtps_c/pylon_ros2_camera_interfaces/srv/detail/set_integer_value__type_support_c.cpp.o\x1b[0m\n'}
[27.795163] (-) TimerEvent: {}
[27.895702] (-) TimerEvent: {}
[27.909654] (pylon_ros2_camera_interfaces) StdoutLine: {'line': b'[ 79%] \x1b[32mBuilding CXX object CMakeFiles/pylon_ros2_camera_interfaces__rosidl_typesupport_fastrtps_c.dir/rosidl_typesupport_fastrtps_c/pylon_ros2_camera_interfaces/srv/detail/set_float_value__type_support_c.cpp.o\x1b[0m\n'}
[27.995886] (-) TimerEvent: {}
[28.096505] (-) TimerEvent: {}
[28.139486] (pylon_ros2_camera_interfaces) StdoutLine: {'line': b'[ 80%] \x1b[32mBuilding CXX object CMakeFiles/pylon_ros2_camera_interfaces__rosidl_typesupport_introspection_cpp.dir/rosidl_typesupport_introspection_cpp/pylon_ros2_camera_interfaces/srv/detail/set_action_trigger_configuration__type_support.cpp.o\x1b[0m\n'}
[28.196643] (-) TimerEvent: {}
[28.213825] (pylon_ros2_camera_interfaces) StdoutLine: {'line': b'[ 80%] \x1b[32mBuilding CXX object CMakeFiles/pylon_ros2_camera_interfaces__rosidl_typesupport_fastrtps_c.dir/rosidl_typesupport_fastrtps_c/pylon_ros2_camera_interfaces/srv/detail/set_string_value__type_support_c.cpp.o\x1b[0m\n'}
[28.296776] (-) TimerEvent: {}
[28.367881] (pylon_ros2_camera_interfaces) StdoutLine: {'line': b'[ 81%] \x1b[32mBuilding CXX object CMakeFiles/pylon_ros2_camera_interfaces__rosidl_typesupport_fastrtps_c.dir/rosidl_typesupport_fastrtps_c/pylon_ros2_camera_interfaces/srv/detail/set_action_trigger_configuration__type_support_c.cpp.o\x1b[0m\n'}
[28.374880] (pylon_ros2_camera_interfaces) StdoutLine: {'line': b'[ 81%] \x1b[32m\x1b[1mLinking CXX shared library libpylon_ros2_camera_interfaces__rosidl_typesupport_fastrtps_cpp.so\x1b[0m\n'}
[28.396884] (-) TimerEvent: {}
[28.488525] (pylon_ros2_camera_interfaces) StdoutLine: {'line': b'[ 81%] \x1b[32mBuilding CXX object CMakeFiles/pylon_ros2_camera_interfaces__rosidl_typesupport_fastrtps_c.dir/rosidl_typesupport_fastrtps_c/pylon_ros2_camera_interfaces/srv/detail/issue_action_command__type_support_c.cpp.o\x1b[0m\n'}
[28.496996] (-) TimerEvent: {}
[28.597391] (-) TimerEvent: {}
[28.648253] (pylon_ros2_camera_interfaces) StdoutLine: {'line': b'[ 82%] \x1b[32mBuilding CXX object CMakeFiles/pylon_ros2_camera_interfaces__rosidl_typesupport_fastrtps_c.dir/rosidl_typesupport_fastrtps_c/pylon_ros2_camera_interfaces/srv/detail/issue_scheduled_action_command__type_support_c.cpp.o\x1b[0m\n'}
[28.654342] (pylon_ros2_camera_interfaces) StdoutLine: {'line': b'[ 82%] Built target pylon_ros2_camera_interfaces__rosidl_typesupport_fastrtps_cpp\n'}
[28.659257] (pylon_ros2_camera_interfaces) StdoutLine: {'line': b'[ 82%] \x1b[32mBuilding CXX object CMakeFiles/pylon_ros2_camera_interfaces__rosidl_typesupport_fastrtps_c.dir/rosidl_typesupport_fastrtps_c/pylon_ros2_camera_interfaces/action/detail/grab_images__type_support_c.cpp.o\x1b[0m\n'}
[28.697501] (-) TimerEvent: {}
[28.797905] (-) TimerEvent: {}
[28.898458] (-) TimerEvent: {}
[28.901425] (pylon_ros2_camera_interfaces) StdoutLine: {'line': b'[ 83%] \x1b[32mBuilding CXX object CMakeFiles/pylon_ros2_camera_interfaces__rosidl_typesupport_fastrtps_c.dir/rosidl_typesupport_fastrtps_c/pylon_ros2_camera_interfaces/action/detail/grab_blaze_data__type_support_c.cpp.o\x1b[0m\n'}
[28.983057] (pylon_ros2_camera_interfaces) StdoutLine: {'line': b'[ 83%] \x1b[32mBuilding CXX object CMakeFiles/pylon_ros2_camera_interfaces__rosidl_typesupport_introspection_cpp.dir/rosidl_typesupport_introspection_cpp/pylon_ros2_camera_interfaces/srv/detail/issue_action_command__type_support.cpp.o\x1b[0m\n'}
[28.998574] (-) TimerEvent: {}
[29.099121] (-) TimerEvent: {}
[29.192096] (pylon_ros2_camera_interfaces) StdoutLine: {'line': b'[ 84%] \x1b[32mBuilding CXX object CMakeFiles/pylon_ros2_camera_interfaces__rosidl_typesupport_introspection_cpp.dir/rosidl_typesupport_introspection_cpp/pylon_ros2_camera_interfaces/srv/detail/issue_scheduled_action_command__type_support.cpp.o\x1b[0m\n'}
[29.199965] (-) TimerEvent: {}
[29.303347] (-) TimerEvent: {}
[29.360908] (pylon_ros2_camera_interfaces) StdoutLine: {'line': b'[ 84%] \x1b[32mBuilding CXX object CMakeFiles/pylon_ros2_camera_interfaces__rosidl_typesupport_introspection_cpp.dir/rosidl_typesupport_introspection_cpp/pylon_ros2_camera_interfaces/action/detail/grab_images__type_support.cpp.o\x1b[0m\n'}
[29.395003] (pylon_ros2_camera_interfaces) StdoutLine: {'line': b'[ 85%] \x1b[32mBuilding CXX object CMakeFiles/pylon_ros2_camera_interfaces__rosidl_typesupport_introspection_cpp.dir/rosidl_typesupport_introspection_cpp/pylon_ros2_camera_interfaces/action/detail/grab_blaze_data__type_support.cpp.o\x1b[0m\n'}
[29.403454] (-) TimerEvent: {}
[29.504005] (-) TimerEvent: {}
[29.604556] (-) TimerEvent: {}
[29.704932] (-) TimerEvent: {}
[29.805280] (-) TimerEvent: {}
[29.905632] (-) TimerEvent: {}
[30.006047] (-) TimerEvent: {}
[30.106425] (-) TimerEvent: {}
[30.177558] (pylon_ros2_camera_interfaces) StdoutLine: {'line': b'[ 85%] \x1b[32m\x1b[1mLinking CXX shared library libpylon_ros2_camera_interfaces__rosidl_typesupport_fastrtps_c.so\x1b[0m\n'}
[30.206536] (-) TimerEvent: {}
[30.306914] (-) TimerEvent: {}
[30.309168] (pylon_ros2_camera_interfaces) StdoutLine: {'line': b'[ 85%] Built target pylon_ros2_camera_interfaces__rosidl_typesupport_fastrtps_c\n'}
[30.407016] (-) TimerEvent: {}
[30.507315] (-) TimerEvent: {}
[30.607599] (-) TimerEvent: {}
[30.707950] (-) TimerEvent: {}
[30.808317] (-) TimerEvent: {}
[30.890797] (pylon_ros2_camera_interfaces) StdoutLine: {'line': b'[ 85%] \x1b[32m\x1b[1mLinking CXX shared library libpylon_ros2_camera_interfaces__rosidl_typesupport_introspection_cpp.so\x1b[0m\n'}
[30.908525] (-) TimerEvent: {}
[31.006017] (pylon_ros2_camera_interfaces) StdoutLine: {'line': b'[ 85%] Built target pylon_ros2_camera_interfaces__rosidl_typesupport_introspection_cpp\n'}
[31.008597] (-) TimerEvent: {}
[31.017565] (pylon_ros2_camera_interfaces) StdoutLine: {'line': b'[ 85%] Built target pylon_ros2_camera_interfaces\n'}
[31.029329] (pylon_ros2_camera_interfaces) StdoutLine: {'line': b'[ 86%] \x1b[34m\x1b[1mGenerating Python code for ROS interfaces\x1b[0m\n'}
[31.108726] (-) TimerEvent: {}
[31.209094] (-) TimerEvent: {}
[31.309417] (-) TimerEvent: {}
[31.409707] (-) TimerEvent: {}
[31.509974] (-) TimerEvent: {}
[31.610225] (-) TimerEvent: {}
[31.710641] (-) TimerEvent: {}
[31.810933] (-) TimerEvent: {}
[31.911218] (-) TimerEvent: {}
[32.011546] (-) TimerEvent: {}
[32.111822] (-) TimerEvent: {}
[32.212113] (-) TimerEvent: {}
[32.312361] (-) TimerEvent: {}
[32.412641] (-) TimerEvent: {}
[32.512919] (-) TimerEvent: {}
[32.613222] (-) TimerEvent: {}
[32.713513] (-) TimerEvent: {}
[32.813771] (-) TimerEvent: {}
[32.914063] (-) TimerEvent: {}
[33.014335] (-) TimerEvent: {}
[33.114601] (-) TimerEvent: {}
[33.214971] (-) TimerEvent: {}
[33.315467] (-) TimerEvent: {}
[33.415734] (-) TimerEvent: {}
[33.515980] (-) TimerEvent: {}
[33.616254] (-) TimerEvent: {}
[33.716566] (-) TimerEvent: {}
[33.816862] (-) TimerEvent: {}
[33.917194] (-) TimerEvent: {}
[34.017475] (-) TimerEvent: {}
[34.117795] (-) TimerEvent: {}
[34.218111] (-) TimerEvent: {}
[34.318438] (-) TimerEvent: {}
[34.418828] (-) TimerEvent: {}
[34.519175] (-) TimerEvent: {}
[34.619490] (-) TimerEvent: {}
[34.719768] (-) TimerEvent: {}
[34.820067] (-) TimerEvent: {}
[34.920357] (-) TimerEvent: {}
[35.020661] (-) TimerEvent: {}
[35.120977] (-) TimerEvent: {}
[35.221293] (-) TimerEvent: {}
[35.321541] (-) TimerEvent: {}
[35.421835] (-) TimerEvent: {}
[35.522089] (-) TimerEvent: {}
[35.622400] (-) TimerEvent: {}
[35.722830] (-) TimerEvent: {}
[35.823284] (-) TimerEvent: {}
[35.923575] (-) TimerEvent: {}
[36.023899] (-) TimerEvent: {}
[36.124256] (-) TimerEvent: {}
[36.224568] (-) TimerEvent: {}
[36.324805] (-) TimerEvent: {}
[36.425082] (-) TimerEvent: {}
[36.525338] (-) TimerEvent: {}
[36.625691] (-) TimerEvent: {}
[36.725951] (-) TimerEvent: {}
[36.826283] (-) TimerEvent: {}
[36.926578] (-) TimerEvent: {}
[37.026830] (-) TimerEvent: {}
[37.127140] (-) TimerEvent: {}
[37.227491] (-) TimerEvent: {}
[37.327763] (-) TimerEvent: {}
[37.428038] (-) TimerEvent: {}
[37.528348] (-) TimerEvent: {}
[37.628700] (-) TimerEvent: {}
[37.729003] (-) TimerEvent: {}
[37.829289] (-) TimerEvent: {}
[37.929665] (-) TimerEvent: {}
[38.029937] (-) TimerEvent: {}
[38.130220] (-) TimerEvent: {}
[38.230522] (-) TimerEvent: {}
[38.330777] (-) TimerEvent: {}
[38.431028] (-) TimerEvent: {}
[38.531310] (-) TimerEvent: {}
[38.631578] (-) TimerEvent: {}
[38.731838] (-) TimerEvent: {}
[38.832110] (-) TimerEvent: {}
[38.932408] (-) TimerEvent: {}
[39.032726] (-) TimerEvent: {}
[39.132972] (-) TimerEvent: {}
[39.233240] (-) TimerEvent: {}
[39.333575] (-) TimerEvent: {}
[39.433854] (-) TimerEvent: {}
[39.534144] (-) TimerEvent: {}
[39.634401] (-) TimerEvent: {}
[39.734677] (-) TimerEvent: {}
[39.834991] (-) TimerEvent: {}
[39.935329] (-) TimerEvent: {}
[40.035599] (-) TimerEvent: {}
[40.093365] (pylon_ros2_camera_interfaces) StdoutLine: {'line': b'[ 86%] Built target pylon_ros2_camera_interfaces__py\n'}
[40.105936] (pylon_ros2_camera_interfaces) StdoutLine: {'line': b'[ 86%] \x1b[32mBuilding C object CMakeFiles/pylon_ros2_camera_interfaces__rosidl_generator_py.dir/rosidl_generator_py/pylon_ros2_camera_interfaces/msg/_current_params_s.c.o\x1b[0m\n'}
[40.106525] (pylon_ros2_camera_interfaces) StdoutLine: {'line': b'[ 87%] \x1b[32mBuilding C object CMakeFiles/pylon_ros2_camera_interfaces__rosidl_generator_py.dir/rosidl_generator_py/pylon_ros2_camera_interfaces/msg/_component_status_s.c.o\x1b[0m\n'}
[40.106873] (pylon_ros2_camera_interfaces) StdoutLine: {'line': b'[ 87%] \x1b[32mBuilding C object CMakeFiles/pylon_ros2_camera_interfaces__rosidl_generator_py.dir/rosidl_generator_py/pylon_ros2_camera_interfaces/srv/_get_integer_value_s.c.o\x1b[0m\n'}
[40.107280] (pylon_ros2_camera_interfaces) StdoutLine: {'line': b'[ 88%] \x1b[32mBuilding C object CMakeFiles/pylon_ros2_camera_interfaces__rosidl_generator_py.dir/rosidl_generator_py/pylon_ros2_camera_interfaces/srv/_get_float_value_s.c.o\x1b[0m\n'}
[40.107670] (pylon_ros2_camera_interfaces) StdoutLine: {'line': b'[ 88%] \x1b[32mBuilding C object CMakeFiles/pylon_ros2_camera_interfaces__rosidl_generator_py.dir/rosidl_generator_py/pylon_ros2_camera_interfaces/srv/_get_string_value_s.c.o\x1b[0m\n'}
[40.108081] (pylon_ros2_camera_interfaces) StdoutLine: {'line': b'[ 89%] \x1b[32mBuilding C object CMakeFiles/pylon_ros2_camera_interfaces__rosidl_generator_py.dir/rosidl_generator_py/pylon_ros2_camera_interfaces/srv/_get_ptp_status_s.c.o\x1b[0m\n'}
[40.108864] (pylon_ros2_camera_interfaces) StdoutLine: {'line': b'[ 89%] \x1b[32mBuilding C object CMakeFiles/pylon_ros2_camera_interfaces__rosidl_generator_py.dir/rosidl_generator_py/pylon_ros2_camera_interfaces/srv/_set_binning_s.c.o\x1b[0m\n'}
[40.110365] (pylon_ros2_camera_interfaces) StdoutLine: {'line': b'[ 90%] \x1b[32mBuilding C object CMakeFiles/pylon_ros2_camera_interfaces__rosidl_generator_py.dir/rosidl_generator_py/pylon_ros2_camera_interfaces/srv/_set_brightness_s.c.o\x1b[0m\n'}
[40.135730] (-) TimerEvent: {}
[40.237636] (-) TimerEvent: {}
[40.342881] (-) TimerEvent: {}
[40.449516] (-) TimerEvent: {}
[40.522784] (pylon_ros2_camera_interfaces) StdoutLine: {'line': b'[ 91%] \x1b[32mBuilding C object CMakeFiles/pylon_ros2_camera_interfaces__rosidl_generator_py.dir/rosidl_generator_py/pylon_ros2_camera_interfaces/srv/_set_exposure_s.c.o\x1b[0m\n'}
[40.523105] (pylon_ros2_camera_interfaces) StdoutLine: {'line': b'[ 91%] \x1b[32mBuilding C object CMakeFiles/pylon_ros2_camera_interfaces__rosidl_generator_py.dir/rosidl_generator_py/pylon_ros2_camera_interfaces/srv/_set_gain_s.c.o\x1b[0m\n'}
[40.526906] (pylon_ros2_camera_interfaces) StdoutLine: {'line': b'[ 91%] \x1b[32mBuilding C object CMakeFiles/pylon_ros2_camera_interfaces__rosidl_generator_py.dir/rosidl_generator_py/pylon_ros2_camera_interfaces/srv/_set_gamma_s.c.o\x1b[0m\n'}
[40.528986] (pylon_ros2_camera_interfaces) StdoutLine: {'line': b'[ 92%] \x1b[32mBuilding C object CMakeFiles/pylon_ros2_camera_interfaces__rosidl_generator_py.dir/rosidl_generator_py/pylon_ros2_camera_interfaces/srv/_set_roi_s.c.o\x1b[0m\n'}
[40.549681] (-) TimerEvent: {}
[40.549996] (pylon_ros2_camera_interfaces) StdoutLine: {'line': b'[ 92%] \x1b[32mBuilding C object CMakeFiles/pylon_ros2_camera_interfaces__rosidl_generator_py.dir/rosidl_generator_py/pylon_ros2_camera_interfaces/srv/_set_sleeping_s.c.o\x1b[0m\n'}
[40.580368] (pylon_ros2_camera_interfaces) StdoutLine: {'line': b'[ 93%] \x1b[32mBuilding C object CMakeFiles/pylon_ros2_camera_interfaces__rosidl_generator_py.dir/rosidl_generator_py/pylon_ros2_camera_interfaces/srv/_set_white_balance_s.c.o\x1b[0m\n'}
[40.618955] (pylon_ros2_camera_interfaces) StdoutLine: {'line': b'[ 93%] \x1b[32mBuilding C object CMakeFiles/pylon_ros2_camera_interfaces__rosidl_generator_py.dir/rosidl_generator_py/pylon_ros2_camera_interfaces/srv/_set_integer_value_s.c.o\x1b[0m\n'}
[40.636741] (pylon_ros2_camera_interfaces) StdoutLine: {'line': b'[ 94%] \x1b[32mBuilding C object CMakeFiles/pylon_ros2_camera_interfaces__rosidl_generator_py.dir/rosidl_generator_py/pylon_ros2_camera_interfaces/srv/_set_float_value_s.c.o\x1b[0m\n'}
[40.649761] (-) TimerEvent: {}
[40.750132] (-) TimerEvent: {}
[40.850505] (-) TimerEvent: {}
[40.950889] (-) TimerEvent: {}
[40.959096] (pylon_ros2_camera_interfaces) StdoutLine: {'line': b'[ 94%] \x1b[32mBuilding C object CMakeFiles/pylon_ros2_camera_interfaces__rosidl_generator_py.dir/rosidl_generator_py/pylon_ros2_camera_interfaces/srv/_set_string_value_s.c.o\x1b[0m\n'}
[40.968562] (pylon_ros2_camera_interfaces) StdoutLine: {'line': b'[ 95%] \x1b[32mBuilding C object CMakeFiles/pylon_ros2_camera_interfaces__rosidl_generator_py.dir/rosidl_generator_py/pylon_ros2_camera_interfaces/srv/_set_action_trigger_configuration_s.c.o\x1b[0m\n'}
[40.971641] (pylon_ros2_camera_interfaces) StdoutLine: {'line': b'[ 95%] \x1b[32mBuilding C object CMakeFiles/pylon_ros2_camera_interfaces__rosidl_generator_py.dir/rosidl_generator_py/pylon_ros2_camera_interfaces/srv/_issue_action_command_s.c.o\x1b[0m\n'}
[41.001915] (pylon_ros2_camera_interfaces) StdoutLine: {'line': b'[ 96%] \x1b[32mBuilding C object CMakeFiles/pylon_ros2_camera_interfaces__rosidl_generator_py.dir/rosidl_generator_py/pylon_ros2_camera_interfaces/srv/_issue_scheduled_action_command_s.c.o\x1b[0m\n'}
[41.051006] (-) TimerEvent: {}
[41.091102] (pylon_ros2_camera_interfaces) StdoutLine: {'line': b'[ 96%] \x1b[32mBuilding C object CMakeFiles/pylon_ros2_camera_interfaces__rosidl_generator_py.dir/rosidl_generator_py/pylon_ros2_camera_interfaces/action/_grab_images_s.c.o\x1b[0m\n'}
[41.091739] (pylon_ros2_camera_interfaces) StdoutLine: {'line': b'[ 97%] \x1b[32mBuilding C object CMakeFiles/pylon_ros2_camera_interfaces__rosidl_generator_py.dir/rosidl_generator_py/pylon_ros2_camera_interfaces/action/_grab_blaze_data_s.c.o\x1b[0m\n'}
[41.151116] (-) TimerEvent: {}
[41.251473] (-) TimerEvent: {}
[41.351812] (-) TimerEvent: {}
[41.452155] (-) TimerEvent: {}
[41.552412] (-) TimerEvent: {}
[41.600922] (pylon_ros2_camera_interfaces) StdoutLine: {'line': b'[ 97%] \x1b[32m\x1b[1mLinking C shared library rosidl_generator_py/pylon_ros2_camera_interfaces/libpylon_ros2_camera_interfaces__rosidl_generator_py.so\x1b[0m\n'}
[41.652518] (-) TimerEvent: {}
[41.658113] (pylon_ros2_camera_interfaces) StdoutLine: {'line': b'[ 97%] Built target pylon_ros2_camera_interfaces__rosidl_generator_py\n'}
[41.667795] (pylon_ros2_camera_interfaces) StdoutLine: {'line': b'[ 98%] \x1b[32mBuilding C object CMakeFiles/pylon_ros2_camera_interfaces__rosidl_typesupport_fastrtps_c__pyext.dir/rosidl_generator_py/pylon_ros2_camera_interfaces/_pylon_ros2_camera_interfaces_s.ep.rosidl_typesupport_fastrtps_c.c.o\x1b[0m\n'}
[41.668383] (pylon_ros2_camera_interfaces) StdoutLine: {'line': b'[ 99%] \x1b[32mBuilding C object CMakeFiles/pylon_ros2_camera_interfaces__rosidl_typesupport_introspection_c__pyext.dir/rosidl_generator_py/pylon_ros2_camera_interfaces/_pylon_ros2_camera_interfaces_s.ep.rosidl_typesupport_introspection_c.c.o\x1b[0m\n'}
[41.668775] (pylon_ros2_camera_interfaces) StdoutLine: {'line': b'[100%] \x1b[32mBuilding C object CMakeFiles/pylon_ros2_camera_interfaces__rosidl_typesupport_c__pyext.dir/rosidl_generator_py/pylon_ros2_camera_interfaces/_pylon_ros2_camera_interfaces_s.ep.rosidl_typesupport_c.c.o\x1b[0m\n'}
[41.752620] (-) TimerEvent: {}
[41.852978] (-) TimerEvent: {}
[41.953388] (-) TimerEvent: {}
[42.053760] (-) TimerEvent: {}
[42.154083] (-) TimerEvent: {}
[42.214295] (pylon_ros2_camera_interfaces) StdoutLine: {'line': b'[100%] \x1b[32m\x1b[1mLinking C shared library rosidl_generator_py/pylon_ros2_camera_interfaces/pylon_ros2_camera_interfaces_s__rosidl_typesupport_c.cpython-310-x86_64-linux-gnu.so\x1b[0m\n'}
[42.225561] (pylon_ros2_camera_interfaces) StdoutLine: {'line': b'[100%] \x1b[32m\x1b[1mLinking C shared library rosidl_generator_py/pylon_ros2_camera_interfaces/pylon_ros2_camera_interfaces_s__rosidl_typesupport_introspection_c.cpython-310-x86_64-linux-gnu.so\x1b[0m\n'}
[42.245243] (pylon_ros2_camera_interfaces) StdoutLine: {'line': b'[100%] \x1b[32m\x1b[1mLinking C shared library rosidl_generator_py/pylon_ros2_camera_interfaces/pylon_ros2_camera_interfaces_s__rosidl_typesupport_fastrtps_c.cpython-310-x86_64-linux-gnu.so\x1b[0m\n'}
[42.254197] (-) TimerEvent: {}
[42.284760] (pylon_ros2_camera_interfaces) StdoutLine: {'line': b'[100%] Built target pylon_ros2_camera_interfaces__rosidl_typesupport_c__pyext\n'}
[42.290934] (pylon_ros2_camera_interfaces) StdoutLine: {'line': b'[100%] Built target pylon_ros2_camera_interfaces__rosidl_typesupport_introspection_c__pyext\n'}
[42.315024] (pylon_ros2_camera_interfaces) StdoutLine: {'line': b'[100%] Built target pylon_ros2_camera_interfaces__rosidl_typesupport_fastrtps_c__pyext\n'}
[42.321805] (pylon_ros2_camera_interfaces) CommandEnded: {'returncode': 0}
[42.322612] (pylon_ros2_camera_interfaces) JobProgress: {'identifier': 'pylon_ros2_camera_interfaces', 'progress': 'install'}
[42.326302] (pylon_ros2_camera_interfaces) Command: {'cmd': ['/opt/cmake-3.27/bin/cmake', '--install', '/home/mcav/cam_dev_ws/build/pylon_ros2_camera_interfaces'], 'cwd': '/home/mcav/cam_dev_ws/build/pylon_ros2_camera_interfaces', 'env': OrderedDict([('LESSOPEN', '| /usr/bin/lesspipe %s'), ('USER', 'mcav'), ('SSH_CLIENT', '172.20.10.6 62398 22'), ('CCACHE_DIR', '/var/tmp/ccache'), ('CMAKE_COMMAND', '/opt/cmake-3.27/bin/cmake'), ('XDG_SESSION_TYPE', 'tty'), ('SHLVL', '1'), ('LD_LIBRARY_PATH', '/usr/local/cuda/lib64:/usr/local/cuda/lib64:/opt/ros/humble/opt/rviz_ogre_vendor/lib:/opt/ros/humble/lib/x86_64-linux-gnu:/opt/ros/humble/lib'), ('MOTD_SHOWN', 'pam'), ('HOME', '/home/mcav'), ('OLDPWD', '/home/mcav/cam_dev_ws/src'), ('SSH_TTY', '/dev/pts/1'), ('ROS_PYTHON_VERSION', '3'), ('DBUS_SESSION_BUS_ADDRESS', 'unix:path=/run/user/1000/bus'), ('ROS_DISTRO', 'humble'), ('LOGNAME', 'mcav'), ('_', '/usr/bin/colcon'), ('ROS_VERSION', '2'), ('XDG_SESSION_CLASS', 'user'), ('TERM', 'xterm-ghostty'), ('XDG_SESSION_ID', '3'), ('ROS_LOCALHOST_ONLY', '0'), ('PATH', '/opt/cmake-3.27/bin:/home/mcav/.local/bin:/home/mcav/bin:/usr/local/cuda/bin:/usr/local/cuda/bin:/opt/ros/humble/bin:/usr/local/sbin:/usr/local/bin:/usr/sbin:/usr/bin:/sbin:/bin:/usr/games:/usr/local/games:/snap/bin:/home/mcav/.local/bin:/home/mcav/.local/bin'), ('XDG_RUNTIME_DIR', '/run/user/1000'), ('LANG', 'en_US.UTF-8'), ('RMW_IMPLEMENTATION', 'rmw_cyclonedds_cpp'), ('LS_COLORS', 'rs=0:di=01;34:ln=01;36:mh=00:pi=40;33:so=01;35:do=01;35:bd=40;33;01:cd=40;33;01:or=40;31;01:mi=00:su=37;41:sg=30;43:ca=30;41:tw=30;42:ow=34;42:st=37;44:ex=01;32:*.tar=01;31:*.tgz=01;31:*.arc=01;31:*.arj=01;31:*.taz=01;31:*.lha=01;31:*.lz4=01;31:*.lzh=01;31:*.lzma=01;31:*.tlz=01;31:*.txz=01;31:*.tzo=01;31:*.t7z=01;31:*.zip=01;31:*.z=01;31:*.dz=01;31:*.gz=01;31:*.lrz=01;31:*.lz=01;31:*.lzo=01;31:*.xz=01;31:*.zst=01;31:*.tzst=01;31:*.bz2=01;31:*.bz=01;31:*.tbz=01;31:*.tbz2=01;31:*.tz=01;31:*.deb=01;31:*.rpm=01;31:*.jar=01;31:*.war=01;31:*.ear=01;31:*.sar=01;31:*.rar=01;31:*.alz=01;31:*.ace=01;31:*.zoo=01;31:*.cpio=01;31:*.7z=01;31:*.rz=01;31:*.cab=01;31:*.wim=01;31:*.swm=01;31:*.dwm=01;31:*.esd=01;31:*.jpg=01;35:*.jpeg=01;35:*.mjpg=01;35:*.mjpeg=01;35:*.gif=01;35:*.bmp=01;35:*.pbm=01;35:*.pgm=01;35:*.ppm=01;35:*.tga=01;35:*.xbm=01;35:*.xpm=01;35:*.tif=01;35:*.tiff=01;35:*.png=01;35:*.svg=01;35:*.svgz=01;35:*.mng=01;35:*.pcx=01;35:*.mov=01;35:*.mpg=01;35:*.mpeg=01;35:*.m2v=01;35:*.mkv=01;35:*.webm=01;35:*.webp=01;35:*.ogm=01;35:*.mp4=01;35:*.m4v=01;35:*.mp4v=01;35:*.vob=01;35:*.qt=01;35:*.nuv=01;35:*.wmv=01;35:*.asf=01;35:*.rm=01;35:*.rmvb=01;35:*.flc=01;35:*.avi=01;35:*.fli=01;35:*.flv=01;35:*.gl=01;35:*.dl=01;35:*.xcf=01;35:*.xwd=01;35:*.yuv=01;35:*.cgm=01;35:*.emf=01;35:*.ogv=01;35:*.ogx=01;35:*.aac=00;36:*.au=00;36:*.flac=00;36:*.m4a=00;36:*.mid=00;36:*.midi=00;36:*.mka=00;36:*.mp3=00;36:*.mpc=00;36:*.ogg=00;36:*.ra=00;36:*.wav=00;36:*.oga=00;36:*.opus=00;36:*.spx=00;36:*.xspf=00;36:'), ('AMENT_PREFIX_PATH', '/opt/ros/humble'), ('SHELL', '/bin/bash'), ('CXX', '/usr/lib/ccache/g++'), ('LESSCLOSE', '/usr/bin/lesspipe %s %s'), ('PWD', '/home/mcav/cam_dev_ws/build/pylon_ros2_camera_interfaces'), ('LC_ALL', 'en_US.UTF-8'), ('SSH_CONNECTION', '172.20.10.6 62398 172.20.10.14 22'), ('PYLON_ROOT', '/opt/pylon'), ('XDG_DATA_DIRS', '/usr/share/gnome:/usr/local/share:/usr/share:/var/lib/snapd/desktop'), ('PYTHONPATH', '/opt/ros/humble/lib/python3.10/site-packages:/opt/ros/humble/local/lib/python3.10/dist-packages'), ('CC', '/usr/lib/ccache/gcc'), ('COLCON', '1'), ('GENICAM_GENTL64_PATH', ':/opt/pylon/lib/gentlproducer/gtl:/opt/pylon/lib/pylonCXP/bin/'), ('CMAKE_PREFIX_PATH', '/opt/ros/humble')]), 'shell': False}
[42.330077] (pylon_ros2_camera_interfaces) StdoutLine: {'line': b'-- Install configuration: ""\n'}
[42.330305] (pylon_ros2_camera_interfaces) StdoutLine: {'line': b'-- Installing: /home/mcav/cam_dev_ws/install/pylon_ros2_camera_interfaces/share/ament_index/resource_index/rosidl_interfaces/pylon_ros2_camera_interfaces\n'}
[42.330494] (pylon_ros2_camera_interfaces) StdoutLine: {'line': b'-- Installing: /home/mcav/cam_dev_ws/install/pylon_ros2_camera_interfaces/include/pylon_ros2_camera_interfaces/pylon_ros2_camera_interfaces\n'}
[42.330728] (pylon_ros2_camera_interfaces) StdoutLine: {'line': b'-- Installing: /home/mcav/cam_dev_ws/install/pylon_ros2_camera_interfaces/include/pylon_ros2_camera_interfaces/pylon_ros2_camera_interfaces/msg\n'}
[42.330946] (pylon_ros2_camera_interfaces) StdoutLine: {'line': b'-- Installing: /home/mcav/cam_dev_ws/install/pylon_ros2_camera_interfaces/include/pylon_ros2_camera_interfaces/pylon_ros2_camera_interfaces/msg/rosidl_generator_c__visibility_control.h\n'}
[42.331128] (pylon_ros2_camera_interfaces) StdoutLine: {'line': b'-- Installing: /home/mcav/cam_dev_ws/install/pylon_ros2_camera_interfaces/include/pylon_ros2_camera_interfaces/pylon_ros2_camera_interfaces/msg/detail\n'}
[42.331310] (pylon_ros2_camera_interfaces) StdoutLine: {'line': b'-- Installing: /home/mcav/cam_dev_ws/install/pylon_ros2_camera_interfaces/include/pylon_ros2_camera_interfaces/pylon_ros2_camera_interfaces/msg/detail/component_status__functions.h\n'}
[42.331468] (pylon_ros2_camera_interfaces) StdoutLine: {'line': b'-- Installing: /home/mcav/cam_dev_ws/install/pylon_ros2_camera_interfaces/include/pylon_ros2_camera_interfaces/pylon_ros2_camera_interfaces/msg/detail/current_params__functions.h\n'}
[42.331635] (pylon_ros2_camera_interfaces) StdoutLine: {'line': b'-- Installing: /home/mcav/cam_dev_ws/install/pylon_ros2_camera_interfaces/include/pylon_ros2_camera_interfaces/pylon_ros2_camera_interfaces/msg/detail/component_status__functions.c\n'}
[42.331806] (pylon_ros2_camera_interfaces) StdoutLine: {'line': b'-- Installing: /home/mcav/cam_dev_ws/install/pylon_ros2_camera_interfaces/include/pylon_ros2_camera_interfaces/pylon_ros2_camera_interfaces/msg/detail/current_params__type_support.h\n'}
[42.331994] (pylon_ros2_camera_interfaces) StdoutLine: {'line': b'-- Installing: /home/mcav/cam_dev_ws/install/pylon_ros2_camera_interfaces/include/pylon_ros2_camera_interfaces/pylon_ros2_camera_interfaces/msg/detail/component_status__struct.h\n'}
[42.332127] (pylon_ros2_camera_interfaces) StdoutLine: {'line': b'-- Installing: /home/mcav/cam_dev_ws/install/pylon_ros2_camera_interfaces/include/pylon_ros2_camera_interfaces/pylon_ros2_camera_interfaces/msg/detail/current_params__struct.h\n'}
[42.332331] (pylon_ros2_camera_interfaces) StdoutLine: {'line': b'-- Installing: /home/mcav/cam_dev_ws/install/pylon_ros2_camera_interfaces/include/pylon_ros2_camera_interfaces/pylon_ros2_camera_interfaces/msg/detail/component_status__type_support.h\n'}
[42.332489] (pylon_ros2_camera_interfaces) StdoutLine: {'line': b'-- Installing: /home/mcav/cam_dev_ws/install/pylon_ros2_camera_interfaces/include/pylon_ros2_camera_interfaces/pylon_ros2_camera_interfaces/msg/detail/current_params__functions.c\n'}
[42.332656] (pylon_ros2_camera_interfaces) StdoutLine: {'line': b'-- Installing: /home/mcav/cam_dev_ws/install/pylon_ros2_camera_interfaces/include/pylon_ros2_camera_interfaces/pylon_ros2_camera_interfaces/msg/current_params.h\n'}
[42.332809] (pylon_ros2_camera_interfaces) StdoutLine: {'line': b'-- Installing: /home/mcav/cam_dev_ws/install/pylon_ros2_camera_interfaces/include/pylon_ros2_camera_interfaces/pylon_ros2_camera_interfaces/msg/component_status.h\n'}
[42.332966] (pylon_ros2_camera_interfaces) StdoutLine: {'line': b'-- Installing: /home/mcav/cam_dev_ws/install/pylon_ros2_camera_interfaces/include/pylon_ros2_camera_interfaces/pylon_ros2_camera_interfaces/action\n'}
[42.333037] (pylon_ros2_camera_interfaces) StdoutLine: {'line': b'-- Installing: /home/mcav/cam_dev_ws/install/pylon_ros2_camera_interfaces/include/pylon_ros2_camera_interfaces/pylon_ros2_camera_interfaces/action/grab_images.h\n'}
[42.333109] (pylon_ros2_camera_interfaces) StdoutLine: {'line': b'-- Installing: /home/mcav/cam_dev_ws/install/pylon_ros2_camera_interfaces/include/pylon_ros2_camera_interfaces/pylon_ros2_camera_interfaces/action/detail\n'}
[42.333289] (pylon_ros2_camera_interfaces) StdoutLine: {'line': b'-- Installing: /home/mcav/cam_dev_ws/install/pylon_ros2_camera_interfaces/include/pylon_ros2_camera_interfaces/pylon_ros2_camera_interfaces/action/detail/grab_images__type_support.h\n'}
[42.333440] (pylon_ros2_camera_interfaces) StdoutLine: {'line': b'-- Installing: /home/mcav/cam_dev_ws/install/pylon_ros2_camera_interfaces/include/pylon_ros2_camera_interfaces/pylon_ros2_camera_interfaces/action/detail/grab_images__struct.h\n'}
[42.333585] (pylon_ros2_camera_interfaces) StdoutLine: {'line': b'-- Installing: /home/mcav/cam_dev_ws/install/pylon_ros2_camera_interfaces/include/pylon_ros2_camera_interfaces/pylon_ros2_camera_interfaces/action/detail/grab_images__functions.h\n'}
[42.333713] (pylon_ros2_camera_interfaces) StdoutLine: {'line': b'-- Installing: /home/mcav/cam_dev_ws/install/pylon_ros2_camera_interfaces/include/pylon_ros2_camera_interfaces/pylon_ros2_camera_interfaces/action/detail/grab_blaze_data__type_support.h\n'}
[42.333819] (pylon_ros2_camera_interfaces) StdoutLine: {'line': b'-- Installing: /home/mcav/cam_dev_ws/install/pylon_ros2_camera_interfaces/include/pylon_ros2_camera_interfaces/pylon_ros2_camera_interfaces/action/detail/grab_blaze_data__functions.c\n'}
[42.333906] (pylon_ros2_camera_interfaces) StdoutLine: {'line': b'-- Installing: /home/mcav/cam_dev_ws/install/pylon_ros2_camera_interfaces/include/pylon_ros2_camera_interfaces/pylon_ros2_camera_interfaces/action/detail/grab_blaze_data__struct.h\n'}
[42.333984] (pylon_ros2_camera_interfaces) StdoutLine: {'line': b'-- Installing: /home/mcav/cam_dev_ws/install/pylon_ros2_camera_interfaces/include/pylon_ros2_camera_interfaces/pylon_ros2_camera_interfaces/action/detail/grab_images__functions.c\n'}
[42.334067] (pylon_ros2_camera_interfaces) StdoutLine: {'line': b'-- Installing: /home/mcav/cam_dev_ws/install/pylon_ros2_camera_interfaces/include/pylon_ros2_camera_interfaces/pylon_ros2_camera_interfaces/action/detail/grab_blaze_data__functions.h\n'}
[42.334134] (pylon_ros2_camera_interfaces) StdoutLine: {'line': b'-- Installing: /home/mcav/cam_dev_ws/install/pylon_ros2_camera_interfaces/include/pylon_ros2_camera_interfaces/pylon_ros2_camera_interfaces/action/grab_blaze_data.h\n'}
[42.334223] (pylon_ros2_camera_interfaces) StdoutLine: {'line': b'-- Installing: /home/mcav/cam_dev_ws/install/pylon_ros2_camera_interfaces/include/pylon_ros2_camera_interfaces/pylon_ros2_camera_interfaces/srv\n'}
[42.334311] (pylon_ros2_camera_interfaces) StdoutLine: {'line': b'-- Installing: /home/mcav/cam_dev_ws/install/pylon_ros2_camera_interfaces/include/pylon_ros2_camera_interfaces/pylon_ros2_camera_interfaces/srv/issue_scheduled_action_command.h\n'}
[42.334393] (pylon_ros2_camera_interfaces) StdoutLine: {'line': b'-- Installing: /home/mcav/cam_dev_ws/install/pylon_ros2_camera_interfaces/include/pylon_ros2_camera_interfaces/pylon_ros2_camera_interfaces/srv/set_exposure.h\n'}
[42.334482] (pylon_ros2_camera_interfaces) StdoutLine: {'line': b'-- Installing: /home/mcav/cam_dev_ws/install/pylon_ros2_camera_interfaces/include/pylon_ros2_camera_interfaces/pylon_ros2_camera_interfaces/srv/get_integer_value.h\n'}
[42.334567] (pylon_ros2_camera_interfaces) StdoutLine: {'line': b'-- Installing: /home/mcav/cam_dev_ws/install/pylon_ros2_camera_interfaces/include/pylon_ros2_camera_interfaces/pylon_ros2_camera_interfaces/srv/detail\n'}
[42.334674] (pylon_ros2_camera_interfaces) StdoutLine: {'line': b'-- Installing: /home/mcav/cam_dev_ws/install/pylon_ros2_camera_interfaces/include/pylon_ros2_camera_interfaces/pylon_ros2_camera_interfaces/srv/detail/get_ptp_status__functions.c\n'}
[42.334798] (pylon_ros2_camera_interfaces) StdoutLine: {'line': b'-- Installing: /home/mcav/cam_dev_ws/install/pylon_ros2_camera_interfaces/include/pylon_ros2_camera_interfaces/pylon_ros2_camera_interfaces/srv/detail/set_exposure__functions.c\n'}
[42.334919] (pylon_ros2_camera_interfaces) StdoutLine: {'line': b'-- Installing: /home/mcav/cam_dev_ws/install/pylon_ros2_camera_interfaces/include/pylon_ros2_camera_interfaces/pylon_ros2_camera_interfaces/srv/detail/set_exposure__struct.h\n'}
[42.335020] (pylon_ros2_camera_interfaces) StdoutLine: {'line': b'-- Installing: /home/mcav/cam_dev_ws/install/pylon_ros2_camera_interfaces/include/pylon_ros2_camera_interfaces/pylon_ros2_camera_interfaces/srv/detail/get_ptp_status__struct.h\n'}
[42.335122] (pylon_ros2_camera_interfaces) StdoutLine: {'line': b'-- Installing: /home/mcav/cam_dev_ws/install/pylon_ros2_camera_interfaces/include/pylon_ros2_camera_interfaces/pylon_ros2_camera_interfaces/srv/detail/issue_scheduled_action_command__functions.h\n'}
[42.335243] (pylon_ros2_camera_interfaces) StdoutLine: {'line': b'-- Installing: /home/mcav/cam_dev_ws/install/pylon_ros2_camera_interfaces/include/pylon_ros2_camera_interfaces/pylon_ros2_camera_interfaces/srv/detail/get_float_value__functions.c\n'}
[42.335364] (pylon_ros2_camera_interfaces) StdoutLine: {'line': b'-- Installing: /home/mcav/cam_dev_ws/install/pylon_ros2_camera_interfaces/include/pylon_ros2_camera_interfaces/pylon_ros2_camera_interfaces/srv/detail/issue_scheduled_action_command__functions.c\n'}
[42.335491] (pylon_ros2_camera_interfaces) StdoutLine: {'line': b'-- Installing: /home/mcav/cam_dev_ws/install/pylon_ros2_camera_interfaces/include/pylon_ros2_camera_interfaces/pylon_ros2_camera_interfaces/srv/detail/set_string_value__functions.c\n'}
[42.335620] (pylon_ros2_camera_interfaces) StdoutLine: {'line': b'-- Installing: /home/mcav/cam_dev_ws/install/pylon_ros2_camera_interfaces/include/pylon_ros2_camera_interfaces/pylon_ros2_camera_interfaces/srv/detail/get_string_value__functions.h\n'}
[42.335760] (pylon_ros2_camera_interfaces) StdoutLine: {'line': b'-- Installing: /home/mcav/cam_dev_ws/install/pylon_ros2_camera_interfaces/include/pylon_ros2_camera_interfaces/pylon_ros2_camera_interfaces/srv/detail/set_integer_value__functions.c\n'}
[42.335890] (pylon_ros2_camera_interfaces) StdoutLine: {'line': b'-- Installing: /home/mcav/cam_dev_ws/install/pylon_ros2_camera_interfaces/include/pylon_ros2_camera_interfaces/pylon_ros2_camera_interfaces/srv/detail/set_sleeping__functions.c\n'}
[42.336021] (pylon_ros2_camera_interfaces) StdoutLine: {'line': b'-- Installing: /home/mcav/cam_dev_ws/install/pylon_ros2_camera_interfaces/include/pylon_ros2_camera_interfaces/pylon_ros2_camera_interfaces/srv/detail/set_gamma__functions.c\n'}
[42.336148] (pylon_ros2_camera_interfaces) StdoutLine: {'line': b'-- Installing: /home/mcav/cam_dev_ws/install/pylon_ros2_camera_interfaces/include/pylon_ros2_camera_interfaces/pylon_ros2_camera_interfaces/srv/detail/set_exposure__type_support.h\n'}
[42.336287] (pylon_ros2_camera_interfaces) StdoutLine: {'line': b'-- Installing: /home/mcav/cam_dev_ws/install/pylon_ros2_camera_interfaces/include/pylon_ros2_camera_interfaces/pylon_ros2_camera_interfaces/srv/detail/set_float_value__type_support.h\n'}
[42.336414] (pylon_ros2_camera_interfaces) StdoutLine: {'line': b'-- Installing: /home/mcav/cam_dev_ws/install/pylon_ros2_camera_interfaces/include/pylon_ros2_camera_interfaces/pylon_ros2_camera_interfaces/srv/detail/set_white_balance__functions.c\n'}
[42.336595] (pylon_ros2_camera_interfaces) StdoutLine: {'line': b'-- Installing: /home/mcav/cam_dev_ws/install/pylon_ros2_camera_interfaces/include/pylon_ros2_camera_interfaces/pylon_ros2_camera_interfaces/srv/detail/set_roi__struct.h\n'}
[42.336763] (pylon_ros2_camera_interfaces) StdoutLine: {'line': b'-- Installing: /home/mcav/cam_dev_ws/install/pylon_ros2_camera_interfaces/include/pylon_ros2_camera_interfaces/pylon_ros2_camera_interfaces/srv/detail/set_brightness__struct.h\n'}
[42.336947] (pylon_ros2_camera_interfaces) StdoutLine: {'line': b'-- Installing: /home/mcav/cam_dev_ws/install/pylon_ros2_camera_interfaces/include/pylon_ros2_camera_interfaces/pylon_ros2_camera_interfaces/srv/detail/issue_scheduled_action_command__struct.h\n'}
[42.337170] (pylon_ros2_camera_interfaces) StdoutLine: {'line': b'-- Installing: /home/mcav/cam_dev_ws/install/pylon_ros2_camera_interfaces/include/pylon_ros2_camera_interfaces/pylon_ros2_camera_interfaces/srv/detail/get_float_value__functions.h\n'}
[42.337349] (pylon_ros2_camera_interfaces) StdoutLine: {'line': b'-- Installing: /home/mcav/cam_dev_ws/install/pylon_ros2_camera_interfaces/include/pylon_ros2_camera_interfaces/pylon_ros2_camera_interfaces/srv/detail/set_roi__type_support.h\n'}
[42.337527] (pylon_ros2_camera_interfaces) StdoutLine: {'line': b'-- Installing: /home/mcav/cam_dev_ws/install/pylon_ros2_camera_interfaces/include/pylon_ros2_camera_interfaces/pylon_ros2_camera_interfaces/srv/detail/set_gain__functions.c\n'}
[42.337722] (pylon_ros2_camera_interfaces) StdoutLine: {'line': b'-- Installing: /home/mcav/cam_dev_ws/install/pylon_ros2_camera_interfaces/include/pylon_ros2_camera_interfaces/pylon_ros2_camera_interfaces/srv/detail/issue_action_command__struct.h\n'}
[42.337973] (pylon_ros2_camera_interfaces) StdoutLine: {'line': b'-- Installing: /home/mcav/cam_dev_ws/install/pylon_ros2_camera_interfaces/include/pylon_ros2_camera_interfaces/pylon_ros2_camera_interfaces/srv/detail/get_string_value__type_support.h\n'}
[42.338195] (pylon_ros2_camera_interfaces) StdoutLine: {'line': b'-- Installing: /home/mcav/cam_dev_ws/install/pylon_ros2_camera_interfaces/include/pylon_ros2_camera_interfaces/pylon_ros2_camera_interfaces/srv/detail/get_float_value__struct.h\n'}
[42.338347] (pylon_ros2_camera_interfaces) StdoutLine: {'line': b'-- Installing: /home/mcav/cam_dev_ws/install/pylon_ros2_camera_interfaces/include/pylon_ros2_camera_interfaces/pylon_ros2_camera_interfaces/srv/detail/set_exposure__functions.h\n'}
[42.338512] (pylon_ros2_camera_interfaces) StdoutLine: {'line': b'-- Installing: /home/mcav/cam_dev_ws/install/pylon_ros2_camera_interfaces/include/pylon_ros2_camera_interfaces/pylon_ros2_camera_interfaces/srv/detail/get_string_value__struct.h\n'}
[42.338663] (pylon_ros2_camera_interfaces) StdoutLine: {'line': b'-- Installing: /home/mcav/cam_dev_ws/install/pylon_ros2_camera_interfaces/include/pylon_ros2_camera_interfaces/pylon_ros2_camera_interfaces/srv/detail/set_binning__functions.h\n'}
[42.338828] (pylon_ros2_camera_interfaces) StdoutLine: {'line': b'-- Installing: /home/mcav/cam_dev_ws/install/pylon_ros2_camera_interfaces/include/pylon_ros2_camera_interfaces/pylon_ros2_camera_interfaces/srv/detail/get_integer_value__type_support.h\n'}
[42.338968] (pylon_ros2_camera_interfaces) StdoutLine: {'line': b'-- Installing: /home/mcav/cam_dev_ws/install/pylon_ros2_camera_interfaces/include/pylon_ros2_camera_interfaces/pylon_ros2_camera_interfaces/srv/detail/get_ptp_status__type_support.h\n'}
[42.339150] (pylon_ros2_camera_interfaces) StdoutLine: {'line': b'-- Installing: /home/mcav/cam_dev_ws/install/pylon_ros2_camera_interfaces/include/pylon_ros2_camera_interfaces/pylon_ros2_camera_interfaces/srv/detail/set_brightness__functions.h\n'}
[42.339322] (pylon_ros2_camera_interfaces) StdoutLine: {'line': b'-- Installing: /home/mcav/cam_dev_ws/install/pylon_ros2_camera_interfaces/include/pylon_ros2_camera_interfaces/pylon_ros2_camera_interfaces/srv/detail/set_white_balance__type_support.h\n'}
[42.339465] (pylon_ros2_camera_interfaces) StdoutLine: {'line': b'-- Installing: /home/mcav/cam_dev_ws/install/pylon_ros2_camera_interfaces/include/pylon_ros2_camera_interfaces/pylon_ros2_camera_interfaces/srv/detail/set_float_value__struct.h\n'}
[42.339637] (pylon_ros2_camera_interfaces) StdoutLine: {'line': b'-- Installing: /home/mcav/cam_dev_ws/install/pylon_ros2_camera_interfaces/include/pylon_ros2_camera_interfaces/pylon_ros2_camera_interfaces/srv/detail/set_string_value__functions.h\n'}
[42.339785] (pylon_ros2_camera_interfaces) StdoutLine: {'line': b'-- Installing: /home/mcav/cam_dev_ws/install/pylon_ros2_camera_interfaces/include/pylon_ros2_camera_interfaces/pylon_ros2_camera_interfaces/srv/detail/set_roi__functions.c\n'}
[42.339985] (pylon_ros2_camera_interfaces) StdoutLine: {'line': b'-- Installing: /home/mcav/cam_dev_ws/install/pylon_ros2_camera_interfaces/include/pylon_ros2_camera_interfaces/pylon_ros2_camera_interfaces/srv/detail/set_float_value__functions.c\n'}
[42.340123] (pylon_ros2_camera_interfaces) StdoutLine: {'line': b'-- Installing: /home/mcav/cam_dev_ws/install/pylon_ros2_camera_interfaces/include/pylon_ros2_camera_interfaces/pylon_ros2_camera_interfaces/srv/detail/set_gain__struct.h\n'}
[42.340281] (pylon_ros2_camera_interfaces) StdoutLine: {'line': b'-- Installing: /home/mcav/cam_dev_ws/install/pylon_ros2_camera_interfaces/include/pylon_ros2_camera_interfaces/pylon_ros2_camera_interfaces/srv/detail/set_float_value__functions.h\n'}
[42.340450] (pylon_ros2_camera_interfaces) StdoutLine: {'line': b'-- Installing: /home/mcav/cam_dev_ws/install/pylon_ros2_camera_interfaces/include/pylon_ros2_camera_interfaces/pylon_ros2_camera_interfaces/srv/detail/issue_action_command__functions.h\n'}
[42.340603] (pylon_ros2_camera_interfaces) StdoutLine: {'line': b'-- Installing: /home/mcav/cam_dev_ws/install/pylon_ros2_camera_interfaces/include/pylon_ros2_camera_interfaces/pylon_ros2_camera_interfaces/srv/detail/get_integer_value__functions.c\n'}
[42.340752] (pylon_ros2_camera_interfaces) StdoutLine: {'line': b'-- Installing: /home/mcav/cam_dev_ws/install/pylon_ros2_camera_interfaces/include/pylon_ros2_camera_interfaces/pylon_ros2_camera_interfaces/srv/detail/set_brightness__type_support.h\n'}
[42.340941] (pylon_ros2_camera_interfaces) StdoutLine: {'line': b'-- Installing: /home/mcav/cam_dev_ws/install/pylon_ros2_camera_interfaces/include/pylon_ros2_camera_interfaces/pylon_ros2_camera_interfaces/srv/detail/set_string_value__type_support.h\n'}
[42.341090] (pylon_ros2_camera_interfaces) StdoutLine: {'line': b'-- Installing: /home/mcav/cam_dev_ws/install/pylon_ros2_camera_interfaces/include/pylon_ros2_camera_interfaces/pylon_ros2_camera_interfaces/srv/detail/set_binning__functions.c\n'}
[42.341268] (pylon_ros2_camera_interfaces) StdoutLine: {'line': b'-- Installing: /home/mcav/cam_dev_ws/install/pylon_ros2_camera_interfaces/include/pylon_ros2_camera_interfaces/pylon_ros2_camera_interfaces/srv/detail/set_action_trigger_configuration__functions.h\n'}
[42.341423] (pylon_ros2_camera_interfaces) StdoutLine: {'line': b'-- Installing: /home/mcav/cam_dev_ws/install/pylon_ros2_camera_interfaces/include/pylon_ros2_camera_interfaces/pylon_ros2_camera_interfaces/srv/detail/set_roi__functions.h\n'}
[42.341576] (pylon_ros2_camera_interfaces) StdoutLine: {'line': b'-- Installing: /home/mcav/cam_dev_ws/install/pylon_ros2_camera_interfaces/include/pylon_ros2_camera_interfaces/pylon_ros2_camera_interfaces/srv/detail/set_sleeping__struct.h\n'}
[42.341788] (pylon_ros2_camera_interfaces) StdoutLine: {'line': b'-- Installing: /home/mcav/cam_dev_ws/install/pylon_ros2_camera_interfaces/include/pylon_ros2_camera_interfaces/pylon_ros2_camera_interfaces/srv/detail/issue_scheduled_action_command__type_support.h\n'}
[42.341970] (pylon_ros2_camera_interfaces) StdoutLine: {'line': b'-- Installing: /home/mcav/cam_dev_ws/install/pylon_ros2_camera_interfaces/include/pylon_ros2_camera_interfaces/pylon_ros2_camera_interfaces/srv/detail/set_action_trigger_configuration__type_support.h\n'}
[42.342140] (pylon_ros2_camera_interfaces) StdoutLine: {'line': b'-- Installing: /home/mcav/cam_dev_ws/install/pylon_ros2_camera_interfaces/include/pylon_ros2_camera_interfaces/pylon_ros2_camera_interfaces/srv/detail/set_white_balance__functions.h\n'}
[42.342346] (pylon_ros2_camera_interfaces) StdoutLine: {'line': b'-- Installing: /home/mcav/cam_dev_ws/install/pylon_ros2_camera_interfaces/include/pylon_ros2_camera_interfaces/pylon_ros2_camera_interfaces/srv/detail/get_integer_value__functions.h\n'}
[42.342591] (pylon_ros2_camera_interfaces) StdoutLine: {'line': b'-- Installing: /home/mcav/cam_dev_ws/install/pylon_ros2_camera_interfaces/include/pylon_ros2_camera_interfaces/pylon_ros2_camera_interfaces/srv/detail/set_sleeping__type_support.h\n'}
[42.342735] (pylon_ros2_camera_interfaces) StdoutLine: {'line': b'-- Installing: /home/mcav/cam_dev_ws/install/pylon_ros2_camera_interfaces/include/pylon_ros2_camera_interfaces/pylon_ros2_camera_interfaces/srv/detail/set_integer_value__functions.h\n'}
[42.342929] (pylon_ros2_camera_interfaces) StdoutLine: {'line': b'-- Installing: /home/mcav/cam_dev_ws/install/pylon_ros2_camera_interfaces/include/pylon_ros2_camera_interfaces/pylon_ros2_camera_interfaces/srv/detail/set_white_balance__struct.h\n'}
[42.343083] (pylon_ros2_camera_interfaces) StdoutLine: {'line': b'-- Installing: /home/mcav/cam_dev_ws/install/pylon_ros2_camera_interfaces/include/pylon_ros2_camera_interfaces/pylon_ros2_camera_interfaces/srv/detail/set_sleeping__functions.h\n'}
[42.343259] (pylon_ros2_camera_interfaces) StdoutLine: {'line': b'-- Installing: /home/mcav/cam_dev_ws/install/pylon_ros2_camera_interfaces/include/pylon_ros2_camera_interfaces/pylon_ros2_camera_interfaces/srv/detail/set_action_trigger_configuration__struct.h\n'}
[42.343409] (pylon_ros2_camera_interfaces) StdoutLine: {'line': b'-- Installing: /home/mcav/cam_dev_ws/install/pylon_ros2_camera_interfaces/include/pylon_ros2_camera_interfaces/pylon_ros2_camera_interfaces/srv/detail/set_gamma__functions.h\n'}
[42.343599] (pylon_ros2_camera_interfaces) StdoutLine: {'line': b'-- Installing: /home/mcav/cam_dev_ws/install/pylon_ros2_camera_interfaces/include/pylon_ros2_camera_interfaces/pylon_ros2_camera_interfaces/srv/detail/issue_action_command__functions.c\n'}
[42.343753] (pylon_ros2_camera_interfaces) StdoutLine: {'line': b'-- Installing: /home/mcav/cam_dev_ws/install/pylon_ros2_camera_interfaces/include/pylon_ros2_camera_interfaces/pylon_ros2_camera_interfaces/srv/detail/get_ptp_status__functions.h\n'}
[42.343929] (pylon_ros2_camera_interfaces) StdoutLine: {'line': b'-- Installing: /home/mcav/cam_dev_ws/install/pylon_ros2_camera_interfaces/include/pylon_ros2_camera_interfaces/pylon_ros2_camera_interfaces/srv/detail/set_gamma__struct.h\n'}
[42.344075] (pylon_ros2_camera_interfaces) StdoutLine: {'line': b'-- Installing: /home/mcav/cam_dev_ws/install/pylon_ros2_camera_interfaces/include/pylon_ros2_camera_interfaces/pylon_ros2_camera_interfaces/srv/detail/set_gain__type_support.h\n'}
[42.344247] (pylon_ros2_camera_interfaces) StdoutLine: {'line': b'-- Installing: /home/mcav/cam_dev_ws/install/pylon_ros2_camera_interfaces/include/pylon_ros2_camera_interfaces/pylon_ros2_camera_interfaces/srv/detail/set_action_trigger_configuration__functions.c\n'}
[42.344421] (pylon_ros2_camera_interfaces) StdoutLine: {'line': b'-- Installing: /home/mcav/cam_dev_ws/install/pylon_ros2_camera_interfaces/include/pylon_ros2_camera_interfaces/pylon_ros2_camera_interfaces/srv/detail/get_string_value__functions.c\n'}
[42.344601] (pylon_ros2_camera_interfaces) StdoutLine: {'line': b'-- Installing: /home/mcav/cam_dev_ws/install/pylon_ros2_camera_interfaces/include/pylon_ros2_camera_interfaces/pylon_ros2_camera_interfaces/srv/detail/set_brightness__functions.c\n'}
[42.344766] (pylon_ros2_camera_interfaces) StdoutLine: {'line': b'-- Installing: /home/mcav/cam_dev_ws/install/pylon_ros2_camera_interfaces/include/pylon_ros2_camera_interfaces/pylon_ros2_camera_interfaces/srv/detail/get_integer_value__struct.h\n'}
[42.344923] (pylon_ros2_camera_interfaces) StdoutLine: {'line': b'-- Installing: /home/mcav/cam_dev_ws/install/pylon_ros2_camera_interfaces/include/pylon_ros2_camera_interfaces/pylon_ros2_camera_interfaces/srv/detail/get_float_value__type_support.h\n'}
[42.345062] (pylon_ros2_camera_interfaces) StdoutLine: {'line': b'-- Installing: /home/mcav/cam_dev_ws/install/pylon_ros2_camera_interfaces/include/pylon_ros2_camera_interfaces/pylon_ros2_camera_interfaces/srv/detail/set_integer_value__type_support.h\n'}
[42.345183] (pylon_ros2_camera_interfaces) StdoutLine: {'line': b'-- Installing: /home/mcav/cam_dev_ws/install/pylon_ros2_camera_interfaces/include/pylon_ros2_camera_interfaces/pylon_ros2_camera_interfaces/srv/detail/set_binning__type_support.h\n'}
[42.345322] (pylon_ros2_camera_interfaces) StdoutLine: {'line': b'-- Installing: /home/mcav/cam_dev_ws/install/pylon_ros2_camera_interfaces/include/pylon_ros2_camera_interfaces/pylon_ros2_camera_interfaces/srv/detail/set_string_value__struct.h\n'}
[42.345473] (pylon_ros2_camera_interfaces) StdoutLine: {'line': b'-- Installing: /home/mcav/cam_dev_ws/install/pylon_ros2_camera_interfaces/include/pylon_ros2_camera_interfaces/pylon_ros2_camera_interfaces/srv/detail/set_binning__struct.h\n'}
[42.345612] (pylon_ros2_camera_interfaces) StdoutLine: {'line': b'-- Installing: /home/mcav/cam_dev_ws/install/pylon_ros2_camera_interfaces/include/pylon_ros2_camera_interfaces/pylon_ros2_camera_interfaces/srv/detail/set_gain__functions.h\n'}
[42.345780] (pylon_ros2_camera_interfaces) StdoutLine: {'line': b'-- Installing: /home/mcav/cam_dev_ws/install/pylon_ros2_camera_interfaces/include/pylon_ros2_camera_interfaces/pylon_ros2_camera_interfaces/srv/detail/set_integer_value__struct.h\n'}
[42.345913] (pylon_ros2_camera_interfaces) StdoutLine: {'line': b'-- Installing: /home/mcav/cam_dev_ws/install/pylon_ros2_camera_interfaces/include/pylon_ros2_camera_interfaces/pylon_ros2_camera_interfaces/srv/detail/issue_action_command__type_support.h\n'}
[42.346025] (pylon_ros2_camera_interfaces) StdoutLine: {'line': b'-- Installing: /home/mcav/cam_dev_ws/install/pylon_ros2_camera_interfaces/include/pylon_ros2_camera_interfaces/pylon_ros2_camera_interfaces/srv/detail/set_gamma__type_support.h\n'}
[42.346139] (pylon_ros2_camera_interfaces) StdoutLine: {'line': b'-- Installing: /home/mcav/cam_dev_ws/install/pylon_ros2_camera_interfaces/include/pylon_ros2_camera_interfaces/pylon_ros2_camera_interfaces/srv/set_brightness.h\n'}
[42.346274] (pylon_ros2_camera_interfaces) StdoutLine: {'line': b'-- Installing: /home/mcav/cam_dev_ws/install/pylon_ros2_camera_interfaces/include/pylon_ros2_camera_interfaces/pylon_ros2_camera_interfaces/srv/set_gain.h\n'}
[42.346387] (pylon_ros2_camera_interfaces) StdoutLine: {'line': b'-- Installing: /home/mcav/cam_dev_ws/install/pylon_ros2_camera_interfaces/include/pylon_ros2_camera_interfaces/pylon_ros2_camera_interfaces/srv/set_gamma.h\n'}
[42.346493] (pylon_ros2_camera_interfaces) StdoutLine: {'line': b'-- Installing: /home/mcav/cam_dev_ws/install/pylon_ros2_camera_interfaces/include/pylon_ros2_camera_interfaces/pylon_ros2_camera_interfaces/srv/issue_action_command.h\n'}
[42.346637] (pylon_ros2_camera_interfaces) StdoutLine: {'line': b'-- Installing: /home/mcav/cam_dev_ws/install/pylon_ros2_camera_interfaces/include/pylon_ros2_camera_interfaces/pylon_ros2_camera_interfaces/srv/get_ptp_status.h\n'}
[42.346824] (pylon_ros2_camera_interfaces) StdoutLine: {'line': b'-- Installing: /home/mcav/cam_dev_ws/install/pylon_ros2_camera_interfaces/include/pylon_ros2_camera_interfaces/pylon_ros2_camera_interfaces/srv/set_integer_value.h\n'}
[42.347005] (pylon_ros2_camera_interfaces) StdoutLine: {'line': b'-- Installing: /home/mcav/cam_dev_ws/install/pylon_ros2_camera_interfaces/include/pylon_ros2_camera_interfaces/pylon_ros2_camera_interfaces/srv/set_sleeping.h\n'}
[42.347192] (pylon_ros2_camera_interfaces) StdoutLine: {'line': b'-- Installing: /home/mcav/cam_dev_ws/install/pylon_ros2_camera_interfaces/include/pylon_ros2_camera_interfaces/pylon_ros2_camera_interfaces/srv/set_binning.h\n'}
[42.347394] (pylon_ros2_camera_interfaces) StdoutLine: {'line': b'-- Installing: /home/mcav/cam_dev_ws/install/pylon_ros2_camera_interfaces/include/pylon_ros2_camera_interfaces/pylon_ros2_camera_interfaces/srv/get_float_value.h\n'}
[42.347564] (pylon_ros2_camera_interfaces) StdoutLine: {'line': b'-- Installing: /home/mcav/cam_dev_ws/install/pylon_ros2_camera_interfaces/include/pylon_ros2_camera_interfaces/pylon_ros2_camera_interfaces/srv/set_action_trigger_configuration.h\n'}
[42.347720] (pylon_ros2_camera_interfaces) StdoutLine: {'line': b'-- Installing: /home/mcav/cam_dev_ws/install/pylon_ros2_camera_interfaces/include/pylon_ros2_camera_interfaces/pylon_ros2_camera_interfaces/srv/set_white_balance.h\n'}
[42.347902] (pylon_ros2_camera_interfaces) StdoutLine: {'line': b'-- Installing: /home/mcav/cam_dev_ws/install/pylon_ros2_camera_interfaces/include/pylon_ros2_camera_interfaces/pylon_ros2_camera_interfaces/srv/set_string_value.h\n'}
[42.348171] (pylon_ros2_camera_interfaces) StdoutLine: {'line': b'-- Installing: /home/mcav/cam_dev_ws/install/pylon_ros2_camera_interfaces/include/pylon_ros2_camera_interfaces/pylon_ros2_camera_interfaces/srv/set_float_value.h\n'}
[42.348329] (pylon_ros2_camera_interfaces) StdoutLine: {'line': b'-- Installing: /home/mcav/cam_dev_ws/install/pylon_ros2_camera_interfaces/include/pylon_ros2_camera_interfaces/pylon_ros2_camera_interfaces/srv/get_string_value.h\n'}
[42.348534] (pylon_ros2_camera_interfaces) StdoutLine: {'line': b'-- Installing: /home/mcav/cam_dev_ws/install/pylon_ros2_camera_interfaces/include/pylon_ros2_camera_interfaces/pylon_ros2_camera_interfaces/srv/set_roi.h\n'}
[42.348700] (pylon_ros2_camera_interfaces) StdoutLine: {'line': b'-- Installing: /home/mcav/cam_dev_ws/install/pylon_ros2_camera_interfaces/share/pylon_ros2_camera_interfaces/environment/library_path.sh\n'}
[42.348869] (pylon_ros2_camera_interfaces) StdoutLine: {'line': b'-- Installing: /home/mcav/cam_dev_ws/install/pylon_ros2_camera_interfaces/share/pylon_ros2_camera_interfaces/environment/library_path.dsv\n'}
[42.349016] (pylon_ros2_camera_interfaces) StdoutLine: {'line': b'-- Installing: /home/mcav/cam_dev_ws/install/pylon_ros2_camera_interfaces/lib/libpylon_ros2_camera_interfaces__rosidl_generator_c.so\n'}
[42.349142] (pylon_ros2_camera_interfaces) StdoutLine: {'line': b'-- Set runtime path of "/home/mcav/cam_dev_ws/install/pylon_ros2_camera_interfaces/lib/libpylon_ros2_camera_interfaces__rosidl_generator_c.so" to ""\n'}
[42.349273] (pylon_ros2_camera_interfaces) StdoutLine: {'line': b'-- Up-to-date: /home/mcav/cam_dev_ws/install/pylon_ros2_camera_interfaces/include/pylon_ros2_camera_interfaces/pylon_ros2_camera_interfaces\n'}
[42.349398] (pylon_ros2_camera_interfaces) StdoutLine: {'line': b'-- Up-to-date: /home/mcav/cam_dev_ws/install/pylon_ros2_camera_interfaces/include/pylon_ros2_camera_interfaces/pylon_ros2_camera_interfaces/msg\n'}
[42.349530] (pylon_ros2_camera_interfaces) StdoutLine: {'line': b'-- Up-to-date: /home/mcav/cam_dev_ws/install/pylon_ros2_camera_interfaces/include/pylon_ros2_camera_interfaces/pylon_ros2_camera_interfaces/msg/detail\n'}
[42.349682] (pylon_ros2_camera_interfaces) StdoutLine: {'line': b'-- Installing: /home/mcav/cam_dev_ws/install/pylon_ros2_camera_interfaces/include/pylon_ros2_camera_interfaces/pylon_ros2_camera_interfaces/msg/detail/component_status__rosidl_typesupport_fastrtps_c.h\n'}
[42.349796] (pylon_ros2_camera_interfaces) StdoutLine: {'line': b'-- Installing: /home/mcav/cam_dev_ws/install/pylon_ros2_camera_interfaces/include/pylon_ros2_camera_interfaces/pylon_ros2_camera_interfaces/msg/detail/current_params__rosidl_typesupport_fastrtps_c.h\n'}
[42.349924] (pylon_ros2_camera_interfaces) StdoutLine: {'line': b'-- Installing: /home/mcav/cam_dev_ws/install/pylon_ros2_camera_interfaces/include/pylon_ros2_camera_interfaces/pylon_ros2_camera_interfaces/msg/rosidl_typesupport_fastrtps_c__visibility_control.h\n'}
[42.350085] (pylon_ros2_camera_interfaces) StdoutLine: {'line': b'-- Up-to-date: /home/mcav/cam_dev_ws/install/pylon_ros2_camera_interfaces/include/pylon_ros2_camera_interfaces/pylon_ros2_camera_interfaces/action\n'}
[42.350217] (pylon_ros2_camera_interfaces) StdoutLine: {'line': b'-- Up-to-date: /home/mcav/cam_dev_ws/install/pylon_ros2_camera_interfaces/include/pylon_ros2_camera_interfaces/pylon_ros2_camera_interfaces/action/detail\n'}
[42.350327] (pylon_ros2_camera_interfaces) StdoutLine: {'line': b'-- Installing: /home/mcav/cam_dev_ws/install/pylon_ros2_camera_interfaces/include/pylon_ros2_camera_interfaces/pylon_ros2_camera_interfaces/action/detail/grab_blaze_data__rosidl_typesupport_fastrtps_c.h\n'}
[42.350443] (pylon_ros2_camera_interfaces) StdoutLine: {'line': b'-- Installing: /home/mcav/cam_dev_ws/install/pylon_ros2_camera_interfaces/include/pylon_ros2_camera_interfaces/pylon_ros2_camera_interfaces/action/detail/grab_images__rosidl_typesupport_fastrtps_c.h\n'}
[42.350553] (pylon_ros2_camera_interfaces) StdoutLine: {'line': b'-- Up-to-date: /home/mcav/cam_dev_ws/install/pylon_ros2_camera_interfaces/include/pylon_ros2_camera_interfaces/pylon_ros2_camera_interfaces/srv\n'}
[42.350662] (pylon_ros2_camera_interfaces) StdoutLine: {'line': b'-- Up-to-date: /home/mcav/cam_dev_ws/install/pylon_ros2_camera_interfaces/include/pylon_ros2_camera_interfaces/pylon_ros2_camera_interfaces/srv/detail\n'}
[42.350778] (pylon_ros2_camera_interfaces) StdoutLine: {'line': b'-- Installing: /home/mcav/cam_dev_ws/install/pylon_ros2_camera_interfaces/include/pylon_ros2_camera_interfaces/pylon_ros2_camera_interfaces/srv/detail/set_white_balance__rosidl_typesupport_fastrtps_c.h\n'}
[42.350892] (pylon_ros2_camera_interfaces) StdoutLine: {'line': b'-- Installing: /home/mcav/cam_dev_ws/install/pylon_ros2_camera_interfaces/include/pylon_ros2_camera_interfaces/pylon_ros2_camera_interfaces/srv/detail/issue_action_command__rosidl_typesupport_fastrtps_c.h\n'}
[42.351014] (pylon_ros2_camera_interfaces) StdoutLine: {'line': b'-- Installing: /home/mcav/cam_dev_ws/install/pylon_ros2_camera_interfaces/include/pylon_ros2_camera_interfaces/pylon_ros2_camera_interfaces/srv/detail/issue_scheduled_action_command__rosidl_typesupport_fastrtps_c.h\n'}
[42.351140] (pylon_ros2_camera_interfaces) StdoutLine: {'line': b'-- Installing: /home/mcav/cam_dev_ws/install/pylon_ros2_camera_interfaces/include/pylon_ros2_camera_interfaces/pylon_ros2_camera_interfaces/srv/detail/get_ptp_status__rosidl_typesupport_fastrtps_c.h\n'}
[42.351299] (pylon_ros2_camera_interfaces) StdoutLine: {'line': b'-- Installing: /home/mcav/cam_dev_ws/install/pylon_ros2_camera_interfaces/include/pylon_ros2_camera_interfaces/pylon_ros2_camera_interfaces/srv/detail/set_sleeping__rosidl_typesupport_fastrtps_c.h\n'}
[42.351428] (pylon_ros2_camera_interfaces) StdoutLine: {'line': b'-- Installing: /home/mcav/cam_dev_ws/install/pylon_ros2_camera_interfaces/include/pylon_ros2_camera_interfaces/pylon_ros2_camera_interfaces/srv/detail/set_gain__rosidl_typesupport_fastrtps_c.h\n'}
[42.351553] (pylon_ros2_camera_interfaces) StdoutLine: {'line': b'-- Installing: /home/mcav/cam_dev_ws/install/pylon_ros2_camera_interfaces/include/pylon_ros2_camera_interfaces/pylon_ros2_camera_interfaces/srv/detail/set_gamma__rosidl_typesupport_fastrtps_c.h\n'}
[42.351697] (pylon_ros2_camera_interfaces) StdoutLine: {'line': b'-- Installing: /home/mcav/cam_dev_ws/install/pylon_ros2_camera_interfaces/include/pylon_ros2_camera_interfaces/pylon_ros2_camera_interfaces/srv/detail/set_float_value__rosidl_typesupport_fastrtps_c.h\n'}
[42.351819] (pylon_ros2_camera_interfaces) StdoutLine: {'line': b'-- Installing: /home/mcav/cam_dev_ws/install/pylon_ros2_camera_interfaces/include/pylon_ros2_camera_interfaces/pylon_ros2_camera_interfaces/srv/detail/set_binning__rosidl_typesupport_fastrtps_c.h\n'}
[42.351950] (pylon_ros2_camera_interfaces) StdoutLine: {'line': b'-- Installing: /home/mcav/cam_dev_ws/install/pylon_ros2_camera_interfaces/include/pylon_ros2_camera_interfaces/pylon_ros2_camera_interfaces/srv/detail/set_integer_value__rosidl_typesupport_fastrtps_c.h\n'}
[42.352075] (pylon_ros2_camera_interfaces) StdoutLine: {'line': b'-- Installing: /home/mcav/cam_dev_ws/install/pylon_ros2_camera_interfaces/include/pylon_ros2_camera_interfaces/pylon_ros2_camera_interfaces/srv/detail/set_action_trigger_configuration__rosidl_typesupport_fastrtps_c.h\n'}
[42.352204] (pylon_ros2_camera_interfaces) StdoutLine: {'line': b'-- Installing: /home/mcav/cam_dev_ws/install/pylon_ros2_camera_interfaces/include/pylon_ros2_camera_interfaces/pylon_ros2_camera_interfaces/srv/detail/set_exposure__rosidl_typesupport_fastrtps_c.h\n'}
[42.352330] (pylon_ros2_camera_interfaces) StdoutLine: {'line': b'-- Installing: /home/mcav/cam_dev_ws/install/pylon_ros2_camera_interfaces/include/pylon_ros2_camera_interfaces/pylon_ros2_camera_interfaces/srv/detail/set_brightness__rosidl_typesupport_fastrtps_c.h\n'}
[42.352462] (pylon_ros2_camera_interfaces) StdoutLine: {'line': b'-- Installing: /home/mcav/cam_dev_ws/install/pylon_ros2_camera_interfaces/include/pylon_ros2_camera_interfaces/pylon_ros2_camera_interfaces/srv/detail/get_float_value__rosidl_typesupport_fastrtps_c.h\n'}
[42.352600] (pylon_ros2_camera_interfaces) StdoutLine: {'line': b'-- Installing: /home/mcav/cam_dev_ws/install/pylon_ros2_camera_interfaces/include/pylon_ros2_camera_interfaces/pylon_ros2_camera_interfaces/srv/detail/get_integer_value__rosidl_typesupport_fastrtps_c.h\n'}
[42.352749] (pylon_ros2_camera_interfaces) StdoutLine: {'line': b'-- Installing: /home/mcav/cam_dev_ws/install/pylon_ros2_camera_interfaces/include/pylon_ros2_camera_interfaces/pylon_ros2_camera_interfaces/srv/detail/set_roi__rosidl_typesupport_fastrtps_c.h\n'}
[42.352874] (pylon_ros2_camera_interfaces) StdoutLine: {'line': b'-- Installing: /home/mcav/cam_dev_ws/install/pylon_ros2_camera_interfaces/include/pylon_ros2_camera_interfaces/pylon_ros2_camera_interfaces/srv/detail/get_string_value__rosidl_typesupport_fastrtps_c.h\n'}
[42.353006] (pylon_ros2_camera_interfaces) StdoutLine: {'line': b'-- Installing: /home/mcav/cam_dev_ws/install/pylon_ros2_camera_interfaces/include/pylon_ros2_camera_interfaces/pylon_ros2_camera_interfaces/srv/detail/set_string_value__rosidl_typesupport_fastrtps_c.h\n'}
[42.353131] (pylon_ros2_camera_interfaces) StdoutLine: {'line': b'-- Installing: /home/mcav/cam_dev_ws/install/pylon_ros2_camera_interfaces/lib/libpylon_ros2_camera_interfaces__rosidl_typesupport_fastrtps_c.so\n'}
[42.353264] (pylon_ros2_camera_interfaces) StdoutLine: {'line': b'-- Set runtime path of "/home/mcav/cam_dev_ws/install/pylon_ros2_camera_interfaces/lib/libpylon_ros2_camera_interfaces__rosidl_typesupport_fastrtps_c.so" to ""\n'}
[42.353388] (pylon_ros2_camera_interfaces) StdoutLine: {'line': b'-- Up-to-date: /home/mcav/cam_dev_ws/install/pylon_ros2_camera_interfaces/include/pylon_ros2_camera_interfaces/pylon_ros2_camera_interfaces\n'}
[42.353552] (pylon_ros2_camera_interfaces) StdoutLine: {'line': b'-- Up-to-date: /home/mcav/cam_dev_ws/install/pylon_ros2_camera_interfaces/include/pylon_ros2_camera_interfaces/pylon_ros2_camera_interfaces/msg\n'}
[42.353792] (pylon_ros2_camera_interfaces) StdoutLine: {'line': b'-- Installing: /home/mcav/cam_dev_ws/install/pylon_ros2_camera_interfaces/include/pylon_ros2_camera_interfaces/pylon_ros2_camera_interfaces/msg/current_params.hpp\n'}
[42.353931] (pylon_ros2_camera_interfaces) StdoutLine: {'line': b'-- Up-to-date: /home/mcav/cam_dev_ws/install/pylon_ros2_camera_interfaces/include/pylon_ros2_camera_interfaces/pylon_ros2_camera_interfaces/msg/detail\n'}
[42.354080] (pylon_ros2_camera_interfaces) StdoutLine: {'line': b'-- Installing: /home/mcav/cam_dev_ws/install/pylon_ros2_camera_interfaces/include/pylon_ros2_camera_interfaces/pylon_ros2_camera_interfaces/msg/detail/current_params__builder.hpp\n'}
[42.354220] (-) TimerEvent: {}
[42.354352] (pylon_ros2_camera_interfaces) StdoutLine: {'line': b'-- Installing: /home/mcav/cam_dev_ws/install/pylon_ros2_camera_interfaces/include/pylon_ros2_camera_interfaces/pylon_ros2_camera_interfaces/msg/detail/component_status__traits.hpp\n'}
[42.354492] (pylon_ros2_camera_interfaces) StdoutLine: {'line': b'-- Installing: /home/mcav/cam_dev_ws/install/pylon_ros2_camera_interfaces/include/pylon_ros2_camera_interfaces/pylon_ros2_camera_interfaces/msg/detail/current_params__struct.hpp\n'}
[42.354639] (pylon_ros2_camera_interfaces) StdoutLine: {'line': b'-- Installing: /home/mcav/cam_dev_ws/install/pylon_ros2_camera_interfaces/include/pylon_ros2_camera_interfaces/pylon_ros2_camera_interfaces/msg/detail/component_status__type_support.hpp\n'}
[42.354774] (pylon_ros2_camera_interfaces) StdoutLine: {'line': b'-- Installing: /home/mcav/cam_dev_ws/install/pylon_ros2_camera_interfaces/include/pylon_ros2_camera_interfaces/pylon_ros2_camera_interfaces/msg/detail/current_params__traits.hpp\n'}
[42.354916] (pylon_ros2_camera_interfaces) StdoutLine: {'line': b'-- Installing: /home/mcav/cam_dev_ws/install/pylon_ros2_camera_interfaces/include/pylon_ros2_camera_interfaces/pylon_ros2_camera_interfaces/msg/detail/component_status__builder.hpp\n'}
[42.355049] (pylon_ros2_camera_interfaces) StdoutLine: {'line': b'-- Installing: /home/mcav/cam_dev_ws/install/pylon_ros2_camera_interfaces/include/pylon_ros2_camera_interfaces/pylon_ros2_camera_interfaces/msg/detail/current_params__type_support.hpp\n'}
[42.355181] (pylon_ros2_camera_interfaces) StdoutLine: {'line': b'-- Installing: /home/mcav/cam_dev_ws/install/pylon_ros2_camera_interfaces/include/pylon_ros2_camera_interfaces/pylon_ros2_camera_interfaces/msg/detail/component_status__struct.hpp\n'}
[42.355325] (pylon_ros2_camera_interfaces) StdoutLine: {'line': b'-- Installing: /home/mcav/cam_dev_ws/install/pylon_ros2_camera_interfaces/include/pylon_ros2_camera_interfaces/pylon_ros2_camera_interfaces/msg/component_status.hpp\n'}
[42.355452] (pylon_ros2_camera_interfaces) StdoutLine: {'line': b'-- Installing: /home/mcav/cam_dev_ws/install/pylon_ros2_camera_interfaces/include/pylon_ros2_camera_interfaces/pylon_ros2_camera_interfaces/msg/rosidl_generator_cpp__visibility_control.hpp\n'}
[42.355593] (pylon_ros2_camera_interfaces) StdoutLine: {'line': b'-- Up-to-date: /home/mcav/cam_dev_ws/install/pylon_ros2_camera_interfaces/include/pylon_ros2_camera_interfaces/pylon_ros2_camera_interfaces/action\n'}
[42.355720] (pylon_ros2_camera_interfaces) StdoutLine: {'line': b'-- Installing: /home/mcav/cam_dev_ws/install/pylon_ros2_camera_interfaces/include/pylon_ros2_camera_interfaces/pylon_ros2_camera_interfaces/action/grab_images.hpp\n'}
[42.355859] (pylon_ros2_camera_interfaces) StdoutLine: {'line': b'-- Up-to-date: /home/mcav/cam_dev_ws/install/pylon_ros2_camera_interfaces/include/pylon_ros2_camera_interfaces/pylon_ros2_camera_interfaces/action/detail\n'}
[42.356003] (pylon_ros2_camera_interfaces) StdoutLine: {'line': b'-- Installing: /home/mcav/cam_dev_ws/install/pylon_ros2_camera_interfaces/include/pylon_ros2_camera_interfaces/pylon_ros2_camera_interfaces/action/detail/grab_blaze_data__type_support.hpp\n'}
[42.356133] (pylon_ros2_camera_interfaces) StdoutLine: {'line': b'-- Installing: /home/mcav/cam_dev_ws/install/pylon_ros2_camera_interfaces/include/pylon_ros2_camera_interfaces/pylon_ros2_camera_interfaces/action/detail/grab_images__type_support.hpp\n'}
[42.356267] (pylon_ros2_camera_interfaces) StdoutLine: {'line': b'-- Installing: /home/mcav/cam_dev_ws/install/pylon_ros2_camera_interfaces/include/pylon_ros2_camera_interfaces/pylon_ros2_camera_interfaces/action/detail/grab_blaze_data__struct.hpp\n'}
[42.356408] (pylon_ros2_camera_interfaces) StdoutLine: {'line': b'-- Installing: /home/mcav/cam_dev_ws/install/pylon_ros2_camera_interfaces/include/pylon_ros2_camera_interfaces/pylon_ros2_camera_interfaces/action/detail/grab_images__traits.hpp\n'}
[42.356541] (pylon_ros2_camera_interfaces) StdoutLine: {'line': b'-- Installing: /home/mcav/cam_dev_ws/install/pylon_ros2_camera_interfaces/include/pylon_ros2_camera_interfaces/pylon_ros2_camera_interfaces/action/detail/grab_blaze_data__traits.hpp\n'}
[42.356670] (pylon_ros2_camera_interfaces) StdoutLine: {'line': b'-- Installing: /home/mcav/cam_dev_ws/install/pylon_ros2_camera_interfaces/include/pylon_ros2_camera_interfaces/pylon_ros2_camera_interfaces/action/detail/grab_images__builder.hpp\n'}
[42.356792] (pylon_ros2_camera_interfaces) StdoutLine: {'line': b'-- Installing: /home/mcav/cam_dev_ws/install/pylon_ros2_camera_interfaces/include/pylon_ros2_camera_interfaces/pylon_ros2_camera_interfaces/action/detail/grab_blaze_data__builder.hpp\n'}
[42.356946] (pylon_ros2_camera_interfaces) StdoutLine: {'line': b'-- Installing: /home/mcav/cam_dev_ws/install/pylon_ros2_camera_interfaces/include/pylon_ros2_camera_interfaces/pylon_ros2_camera_interfaces/action/detail/grab_images__struct.hpp\n'}
[42.357077] (pylon_ros2_camera_interfaces) StdoutLine: {'line': b'-- Installing: /home/mcav/cam_dev_ws/install/pylon_ros2_camera_interfaces/include/pylon_ros2_camera_interfaces/pylon_ros2_camera_interfaces/action/grab_blaze_data.hpp\n'}
[42.357212] (pylon_ros2_camera_interfaces) StdoutLine: {'line': b'-- Up-to-date: /home/mcav/cam_dev_ws/install/pylon_ros2_camera_interfaces/include/pylon_ros2_camera_interfaces/pylon_ros2_camera_interfaces/srv\n'}
[42.357353] (pylon_ros2_camera_interfaces) StdoutLine: {'line': b'-- Installing: /home/mcav/cam_dev_ws/install/pylon_ros2_camera_interfaces/include/pylon_ros2_camera_interfaces/pylon_ros2_camera_interfaces/srv/set_brightness.hpp\n'}
[42.357481] (pylon_ros2_camera_interfaces) StdoutLine: {'line': b'-- Installing: /home/mcav/cam_dev_ws/install/pylon_ros2_camera_interfaces/include/pylon_ros2_camera_interfaces/pylon_ros2_camera_interfaces/srv/set_gamma.hpp\n'}
[42.357616] (pylon_ros2_camera_interfaces) StdoutLine: {'line': b'-- Installing: /home/mcav/cam_dev_ws/install/pylon_ros2_camera_interfaces/include/pylon_ros2_camera_interfaces/pylon_ros2_camera_interfaces/srv/set_integer_value.hpp\n'}
[42.357756] (pylon_ros2_camera_interfaces) StdoutLine: {'line': b'-- Installing: /home/mcav/cam_dev_ws/install/pylon_ros2_camera_interfaces/include/pylon_ros2_camera_interfaces/pylon_ros2_camera_interfaces/srv/get_string_value.hpp\n'}
[42.357918] (pylon_ros2_camera_interfaces) StdoutLine: {'line': b'-- Installing: /home/mcav/cam_dev_ws/install/pylon_ros2_camera_interfaces/include/pylon_ros2_camera_interfaces/pylon_ros2_camera_interfaces/srv/get_integer_value.hpp\n'}
[42.358054] (pylon_ros2_camera_interfaces) StdoutLine: {'line': b'-- Installing: /home/mcav/cam_dev_ws/install/pylon_ros2_camera_interfaces/include/pylon_ros2_camera_interfaces/pylon_ros2_camera_interfaces/srv/issue_scheduled_action_command.hpp\n'}
[42.358189] (pylon_ros2_camera_interfaces) StdoutLine: {'line': b'-- Installing: /home/mcav/cam_dev_ws/install/pylon_ros2_camera_interfaces/include/pylon_ros2_camera_interfaces/pylon_ros2_camera_interfaces/srv/set_float_value.hpp\n'}
[42.358333] (pylon_ros2_camera_interfaces) StdoutLine: {'line': b'-- Installing: /home/mcav/cam_dev_ws/install/pylon_ros2_camera_interfaces/include/pylon_ros2_camera_interfaces/pylon_ros2_camera_interfaces/srv/set_exposure.hpp\n'}
[42.358463] (pylon_ros2_camera_interfaces) StdoutLine: {'line': b'-- Up-to-date: /home/mcav/cam_dev_ws/install/pylon_ros2_camera_interfaces/include/pylon_ros2_camera_interfaces/pylon_ros2_camera_interfaces/srv/detail\n'}
[42.358600] (pylon_ros2_camera_interfaces) StdoutLine: {'line': b'-- Installing: /home/mcav/cam_dev_ws/install/pylon_ros2_camera_interfaces/include/pylon_ros2_camera_interfaces/pylon_ros2_camera_interfaces/srv/detail/set_gamma__builder.hpp\n'}
[42.358730] (pylon_ros2_camera_interfaces) StdoutLine: {'line': b'-- Installing: /home/mcav/cam_dev_ws/install/pylon_ros2_camera_interfaces/include/pylon_ros2_camera_interfaces/pylon_ros2_camera_interfaces/srv/detail/set_action_trigger_configuration__type_support.hpp\n'}
[42.358880] (pylon_ros2_camera_interfaces) StdoutLine: {'line': b'-- Installing: /home/mcav/cam_dev_ws/install/pylon_ros2_camera_interfaces/include/pylon_ros2_camera_interfaces/pylon_ros2_camera_interfaces/srv/detail/set_float_value__struct.hpp\n'}
[42.359016] (pylon_ros2_camera_interfaces) StdoutLine: {'line': b'-- Installing: /home/mcav/cam_dev_ws/install/pylon_ros2_camera_interfaces/include/pylon_ros2_camera_interfaces/pylon_ros2_camera_interfaces/srv/detail/set_binning__type_support.hpp\n'}
[42.359272] (pylon_ros2_camera_interfaces) StdoutLine: {'line': b'-- Installing: /home/mcav/cam_dev_ws/install/pylon_ros2_camera_interfaces/include/pylon_ros2_camera_interfaces/pylon_ros2_camera_interfaces/srv/detail/set_sleeping__traits.hpp\n'}
[42.359470] (pylon_ros2_camera_interfaces) StdoutLine: {'line': b'-- Installing: /home/mcav/cam_dev_ws/install/pylon_ros2_camera_interfaces/include/pylon_ros2_camera_interfaces/pylon_ros2_camera_interfaces/srv/detail/set_string_value__struct.hpp\n'}
[42.359653] (pylon_ros2_camera_interfaces) StdoutLine: {'line': b'-- Installing: /home/mcav/cam_dev_ws/install/pylon_ros2_camera_interfaces/include/pylon_ros2_camera_interfaces/pylon_ros2_camera_interfaces/srv/detail/set_binning__struct.hpp\n'}
[42.359848] (pylon_ros2_camera_interfaces) StdoutLine: {'line': b'-- Installing: /home/mcav/cam_dev_ws/install/pylon_ros2_camera_interfaces/include/pylon_ros2_camera_interfaces/pylon_ros2_camera_interfaces/srv/detail/set_white_balance__type_support.hpp\n'}
[42.360025] (pylon_ros2_camera_interfaces) StdoutLine: {'line': b'-- Installing: /home/mcav/cam_dev_ws/install/pylon_ros2_camera_interfaces/include/pylon_ros2_camera_interfaces/pylon_ros2_camera_interfaces/srv/detail/set_sleeping__builder.hpp\n'}
[42.360204] (pylon_ros2_camera_interfaces) StdoutLine: {'line': b'-- Installing: /home/mcav/cam_dev_ws/install/pylon_ros2_camera_interfaces/include/pylon_ros2_camera_interfaces/pylon_ros2_camera_interfaces/srv/detail/get_string_value__builder.hpp\n'}
[42.360381] (pylon_ros2_camera_interfaces) StdoutLine: {'line': b'-- Installing: /home/mcav/cam_dev_ws/install/pylon_ros2_camera_interfaces/include/pylon_ros2_camera_interfaces/pylon_ros2_camera_interfaces/srv/detail/get_ptp_status__builder.hpp\n'}
[42.360558] (pylon_ros2_camera_interfaces) StdoutLine: {'line': b'-- Installing: /home/mcav/cam_dev_ws/install/pylon_ros2_camera_interfaces/include/pylon_ros2_camera_interfaces/pylon_ros2_camera_interfaces/srv/detail/issue_action_command__builder.hpp\n'}
[42.360743] (pylon_ros2_camera_interfaces) StdoutLine: {'line': b'-- Installing: /home/mcav/cam_dev_ws/install/pylon_ros2_camera_interfaces/include/pylon_ros2_camera_interfaces/pylon_ros2_camera_interfaces/srv/detail/set_white_balance__traits.hpp\n'}
[42.360909] (pylon_ros2_camera_interfaces) StdoutLine: {'line': b'-- Installing: /home/mcav/cam_dev_ws/install/pylon_ros2_camera_interfaces/include/pylon_ros2_camera_interfaces/pylon_ros2_camera_interfaces/srv/detail/set_float_value__builder.hpp\n'}
[42.361135] (pylon_ros2_camera_interfaces) StdoutLine: {'line': b'-- Installing: /home/mcav/cam_dev_ws/install/pylon_ros2_camera_interfaces/include/pylon_ros2_camera_interfaces/pylon_ros2_camera_interfaces/srv/detail/issue_action_command__traits.hpp\n'}
[42.361314] (pylon_ros2_camera_interfaces) StdoutLine: {'line': b'-- Installing: /home/mcav/cam_dev_ws/install/pylon_ros2_camera_interfaces/include/pylon_ros2_camera_interfaces/pylon_ros2_camera_interfaces/srv/detail/set_exposure__traits.hpp\n'}
[42.361495] (pylon_ros2_camera_interfaces) StdoutLine: {'line': b'-- Installing: /home/mcav/cam_dev_ws/install/pylon_ros2_camera_interfaces/include/pylon_ros2_camera_interfaces/pylon_ros2_camera_interfaces/srv/detail/get_ptp_status__type_support.hpp\n'}
[42.361688] (pylon_ros2_camera_interfaces) StdoutLine: {'line': b'-- Installing: /home/mcav/cam_dev_ws/install/pylon_ros2_camera_interfaces/include/pylon_ros2_camera_interfaces/pylon_ros2_camera_interfaces/srv/detail/get_integer_value__type_support.hpp\n'}
[42.361882] (pylon_ros2_camera_interfaces) StdoutLine: {'line': b'-- Installing: /home/mcav/cam_dev_ws/install/pylon_ros2_camera_interfaces/include/pylon_ros2_camera_interfaces/pylon_ros2_camera_interfaces/srv/detail/set_integer_value__builder.hpp\n'}
[42.362077] (pylon_ros2_camera_interfaces) StdoutLine: {'line': b'-- Installing: /home/mcav/cam_dev_ws/install/pylon_ros2_camera_interfaces/include/pylon_ros2_camera_interfaces/pylon_ros2_camera_interfaces/srv/detail/get_ptp_status__struct.hpp\n'}
[42.362254] (pylon_ros2_camera_interfaces) StdoutLine: {'line': b'-- Installing: /home/mcav/cam_dev_ws/install/pylon_ros2_camera_interfaces/include/pylon_ros2_camera_interfaces/pylon_ros2_camera_interfaces/srv/detail/get_float_value__type_support.hpp\n'}
[42.362429] (pylon_ros2_camera_interfaces) StdoutLine: {'line': b'-- Installing: /home/mcav/cam_dev_ws/install/pylon_ros2_camera_interfaces/include/pylon_ros2_camera_interfaces/pylon_ros2_camera_interfaces/srv/detail/set_sleeping__struct.hpp\n'}
[42.362600] (pylon_ros2_camera_interfaces) StdoutLine: {'line': b'-- Installing: /home/mcav/cam_dev_ws/install/pylon_ros2_camera_interfaces/include/pylon_ros2_camera_interfaces/pylon_ros2_camera_interfaces/srv/detail/get_string_value__struct.hpp\n'}
[42.362772] (pylon_ros2_camera_interfaces) StdoutLine: {'line': b'-- Installing: /home/mcav/cam_dev_ws/install/pylon_ros2_camera_interfaces/include/pylon_ros2_camera_interfaces/pylon_ros2_camera_interfaces/srv/detail/set_brightness__traits.hpp\n'}
[42.362981] (pylon_ros2_camera_interfaces) StdoutLine: {'line': b'-- Installing: /home/mcav/cam_dev_ws/install/pylon_ros2_camera_interfaces/include/pylon_ros2_camera_interfaces/pylon_ros2_camera_interfaces/srv/detail/set_gain__traits.hpp\n'}
[42.363183] (pylon_ros2_camera_interfaces) StdoutLine: {'line': b'-- Installing: /home/mcav/cam_dev_ws/install/pylon_ros2_camera_interfaces/include/pylon_ros2_camera_interfaces/pylon_ros2_camera_interfaces/srv/detail/set_integer_value__type_support.hpp\n'}
[42.363437] (pylon_ros2_camera_interfaces) StdoutLine: {'line': b'-- Installing: /home/mcav/cam_dev_ws/install/pylon_ros2_camera_interfaces/include/pylon_ros2_camera_interfaces/pylon_ros2_camera_interfaces/srv/detail/set_brightness__builder.hpp\n'}
[42.363570] (pylon_ros2_camera_interfaces) StdoutLine: {'line': b'-- Installing: /home/mcav/cam_dev_ws/install/pylon_ros2_camera_interfaces/include/pylon_ros2_camera_interfaces/pylon_ros2_camera_interfaces/srv/detail/issue_scheduled_action_command__builder.hpp\n'}
[42.363704] (pylon_ros2_camera_interfaces) StdoutLine: {'line': b'-- Installing: /home/mcav/cam_dev_ws/install/pylon_ros2_camera_interfaces/include/pylon_ros2_camera_interfaces/pylon_ros2_camera_interfaces/srv/detail/set_exposure__type_support.hpp\n'}
[42.363845] (pylon_ros2_camera_interfaces) StdoutLine: {'line': b'-- Installing: /home/mcav/cam_dev_ws/install/pylon_ros2_camera_interfaces/include/pylon_ros2_camera_interfaces/pylon_ros2_camera_interfaces/srv/detail/set_string_value__type_support.hpp\n'}
[42.363998] (pylon_ros2_camera_interfaces) StdoutLine: {'line': b'-- Installing: /home/mcav/cam_dev_ws/install/pylon_ros2_camera_interfaces/include/pylon_ros2_camera_interfaces/pylon_ros2_camera_interfaces/srv/detail/get_ptp_status__traits.hpp\n'}
[42.364134] (pylon_ros2_camera_interfaces) StdoutLine: {'line': b'-- Installing: /home/mcav/cam_dev_ws/install/pylon_ros2_camera_interfaces/include/pylon_ros2_camera_interfaces/pylon_ros2_camera_interfaces/srv/detail/get_float_value__builder.hpp\n'}
[42.364272] (pylon_ros2_camera_interfaces) StdoutLine: {'line': b'-- Installing: /home/mcav/cam_dev_ws/install/pylon_ros2_camera_interfaces/include/pylon_ros2_camera_interfaces/pylon_ros2_camera_interfaces/srv/detail/set_brightness__struct.hpp\n'}
[42.364410] (pylon_ros2_camera_interfaces) StdoutLine: {'line': b'-- Installing: /home/mcav/cam_dev_ws/install/pylon_ros2_camera_interfaces/include/pylon_ros2_camera_interfaces/pylon_ros2_camera_interfaces/srv/detail/issue_action_command__type_support.hpp\n'}
[42.364564] (pylon_ros2_camera_interfaces) StdoutLine: {'line': b'-- Installing: /home/mcav/cam_dev_ws/install/pylon_ros2_camera_interfaces/include/pylon_ros2_camera_interfaces/pylon_ros2_camera_interfaces/srv/detail/get_string_value__traits.hpp\n'}
[42.364696] (pylon_ros2_camera_interfaces) StdoutLine: {'line': b'-- Installing: /home/mcav/cam_dev_ws/install/pylon_ros2_camera_interfaces/include/pylon_ros2_camera_interfaces/pylon_ros2_camera_interfaces/srv/detail/set_gain__struct.hpp\n'}
[42.364822] (pylon_ros2_camera_interfaces) StdoutLine: {'line': b'-- Installing: /home/mcav/cam_dev_ws/install/pylon_ros2_camera_interfaces/include/pylon_ros2_camera_interfaces/pylon_ros2_camera_interfaces/srv/detail/set_binning__traits.hpp\n'}
[42.364964] (pylon_ros2_camera_interfaces) StdoutLine: {'line': b'-- Installing: /home/mcav/cam_dev_ws/install/pylon_ros2_camera_interfaces/include/pylon_ros2_camera_interfaces/pylon_ros2_camera_interfaces/srv/detail/set_integer_value__struct.hpp\n'}
[42.365101] (pylon_ros2_camera_interfaces) StdoutLine: {'line': b'-- Installing: /home/mcav/cam_dev_ws/install/pylon_ros2_camera_interfaces/include/pylon_ros2_camera_interfaces/pylon_ros2_camera_interfaces/srv/detail/set_roi__traits.hpp\n'}
[42.365272] (pylon_ros2_camera_interfaces) StdoutLine: {'line': b'-- Installing: /home/mcav/cam_dev_ws/install/pylon_ros2_camera_interfaces/include/pylon_ros2_camera_interfaces/pylon_ros2_camera_interfaces/srv/detail/set_white_balance__struct.hpp\n'}
[42.365402] (pylon_ros2_camera_interfaces) StdoutLine: {'line': b'-- Installing: /home/mcav/cam_dev_ws/install/pylon_ros2_camera_interfaces/include/pylon_ros2_camera_interfaces/pylon_ros2_camera_interfaces/srv/detail/get_integer_value__struct.hpp\n'}
[42.365536] (pylon_ros2_camera_interfaces) StdoutLine: {'line': b'-- Installing: /home/mcav/cam_dev_ws/install/pylon_ros2_camera_interfaces/include/pylon_ros2_camera_interfaces/pylon_ros2_camera_interfaces/srv/detail/get_float_value__traits.hpp\n'}
[42.365673] (pylon_ros2_camera_interfaces) StdoutLine: {'line': b'-- Installing: /home/mcav/cam_dev_ws/install/pylon_ros2_camera_interfaces/include/pylon_ros2_camera_interfaces/pylon_ros2_camera_interfaces/srv/detail/get_integer_value__builder.hpp\n'}
[42.365750] (pylon_ros2_camera_interfaces) StdoutLine: {'line': b'-- Installing: /home/mcav/cam_dev_ws/install/pylon_ros2_camera_interfaces/include/pylon_ros2_camera_interfaces/pylon_ros2_camera_interfaces/srv/detail/get_float_value__struct.hpp\n'}
[42.365819] (pylon_ros2_camera_interfaces) StdoutLine: {'line': b'-- Installing: /home/mcav/cam_dev_ws/install/pylon_ros2_camera_interfaces/include/pylon_ros2_camera_interfaces/pylon_ros2_camera_interfaces/srv/detail/issue_action_command__struct.hpp\n'}
[42.365928] (pylon_ros2_camera_interfaces) StdoutLine: {'line': b'-- Installing: /home/mcav/cam_dev_ws/install/pylon_ros2_camera_interfaces/include/pylon_ros2_camera_interfaces/pylon_ros2_camera_interfaces/srv/detail/set_gamma__traits.hpp\n'}
[42.366023] (pylon_ros2_camera_interfaces) StdoutLine: {'line': b'-- Installing: /home/mcav/cam_dev_ws/install/pylon_ros2_camera_interfaces/include/pylon_ros2_camera_interfaces/pylon_ros2_camera_interfaces/srv/detail/set_roi__struct.hpp\n'}
[42.366096] (pylon_ros2_camera_interfaces) StdoutLine: {'line': b'-- Installing: /home/mcav/cam_dev_ws/install/pylon_ros2_camera_interfaces/include/pylon_ros2_camera_interfaces/pylon_ros2_camera_interfaces/srv/detail/set_brightness__type_support.hpp\n'}
[42.366208] (pylon_ros2_camera_interfaces) StdoutLine: {'line': b'-- Installing: /home/mcav/cam_dev_ws/install/pylon_ros2_camera_interfaces/include/pylon_ros2_camera_interfaces/pylon_ros2_camera_interfaces/srv/detail/set_gamma__struct.hpp\n'}
[42.366275] (pylon_ros2_camera_interfaces) StdoutLine: {'line': b'-- Installing: /home/mcav/cam_dev_ws/install/pylon_ros2_camera_interfaces/include/pylon_ros2_camera_interfaces/pylon_ros2_camera_interfaces/srv/detail/set_string_value__builder.hpp\n'}
[42.366381] (pylon_ros2_camera_interfaces) StdoutLine: {'line': b'-- Installing: /home/mcav/cam_dev_ws/install/pylon_ros2_camera_interfaces/include/pylon_ros2_camera_interfaces/pylon_ros2_camera_interfaces/srv/detail/set_binning__builder.hpp\n'}
[42.366471] (pylon_ros2_camera_interfaces) StdoutLine: {'line': b'-- Installing: /home/mcav/cam_dev_ws/install/pylon_ros2_camera_interfaces/include/pylon_ros2_camera_interfaces/pylon_ros2_camera_interfaces/srv/detail/set_string_value__traits.hpp\n'}
[42.366559] (pylon_ros2_camera_interfaces) StdoutLine: {'line': b'-- Installing: /home/mcav/cam_dev_ws/install/pylon_ros2_camera_interfaces/include/pylon_ros2_camera_interfaces/pylon_ros2_camera_interfaces/srv/detail/set_roi__type_support.hpp\n'}
[42.366625] (pylon_ros2_camera_interfaces) StdoutLine: {'line': b'-- Installing: /home/mcav/cam_dev_ws/install/pylon_ros2_camera_interfaces/include/pylon_ros2_camera_interfaces/pylon_ros2_camera_interfaces/srv/detail/set_gamma__type_support.hpp\n'}
[42.366713] (pylon_ros2_camera_interfaces) StdoutLine: {'line': b'-- Installing: /home/mcav/cam_dev_ws/install/pylon_ros2_camera_interfaces/include/pylon_ros2_camera_interfaces/pylon_ros2_camera_interfaces/srv/detail/issue_scheduled_action_command__traits.hpp\n'}
[42.366812] (pylon_ros2_camera_interfaces) StdoutLine: {'line': b'-- Installing: /home/mcav/cam_dev_ws/install/pylon_ros2_camera_interfaces/include/pylon_ros2_camera_interfaces/pylon_ros2_camera_interfaces/srv/detail/set_gain__type_support.hpp\n'}
[42.366882] (pylon_ros2_camera_interfaces) StdoutLine: {'line': b'-- Installing: /home/mcav/cam_dev_ws/install/pylon_ros2_camera_interfaces/include/pylon_ros2_camera_interfaces/pylon_ros2_camera_interfaces/srv/detail/set_float_value__type_support.hpp\n'}
[42.366972] (pylon_ros2_camera_interfaces) StdoutLine: {'line': b'-- Installing: /home/mcav/cam_dev_ws/install/pylon_ros2_camera_interfaces/include/pylon_ros2_camera_interfaces/pylon_ros2_camera_interfaces/srv/detail/issue_scheduled_action_command__struct.hpp\n'}
[42.367060] (pylon_ros2_camera_interfaces) StdoutLine: {'line': b'-- Installing: /home/mcav/cam_dev_ws/install/pylon_ros2_camera_interfaces/include/pylon_ros2_camera_interfaces/pylon_ros2_camera_interfaces/srv/detail/set_gain__builder.hpp\n'}
[42.367159] (pylon_ros2_camera_interfaces) StdoutLine: {'line': b'-- Installing: /home/mcav/cam_dev_ws/install/pylon_ros2_camera_interfaces/include/pylon_ros2_camera_interfaces/pylon_ros2_camera_interfaces/srv/detail/set_action_trigger_configuration__traits.hpp\n'}
[42.367249] (pylon_ros2_camera_interfaces) StdoutLine: {'line': b'-- Installing: /home/mcav/cam_dev_ws/install/pylon_ros2_camera_interfaces/include/pylon_ros2_camera_interfaces/pylon_ros2_camera_interfaces/srv/detail/get_string_value__type_support.hpp\n'}
[42.367320] (pylon_ros2_camera_interfaces) StdoutLine: {'line': b'-- Installing: /home/mcav/cam_dev_ws/install/pylon_ros2_camera_interfaces/include/pylon_ros2_camera_interfaces/pylon_ros2_camera_interfaces/srv/detail/set_float_value__traits.hpp\n'}
[42.367416] (pylon_ros2_camera_interfaces) StdoutLine: {'line': b'-- Installing: /home/mcav/cam_dev_ws/install/pylon_ros2_camera_interfaces/include/pylon_ros2_camera_interfaces/pylon_ros2_camera_interfaces/srv/detail/issue_scheduled_action_command__type_support.hpp\n'}
[42.367544] (pylon_ros2_camera_interfaces) StdoutLine: {'line': b'-- Installing: /home/mcav/cam_dev_ws/install/pylon_ros2_camera_interfaces/include/pylon_ros2_camera_interfaces/pylon_ros2_camera_interfaces/srv/detail/set_integer_value__traits.hpp\n'}
[42.367677] (pylon_ros2_camera_interfaces) StdoutLine: {'line': b'-- Installing: /home/mcav/cam_dev_ws/install/pylon_ros2_camera_interfaces/include/pylon_ros2_camera_interfaces/pylon_ros2_camera_interfaces/srv/detail/set_sleeping__type_support.hpp\n'}
[42.367815] (pylon_ros2_camera_interfaces) StdoutLine: {'line': b'-- Installing: /home/mcav/cam_dev_ws/install/pylon_ros2_camera_interfaces/include/pylon_ros2_camera_interfaces/pylon_ros2_camera_interfaces/srv/detail/set_exposure__struct.hpp\n'}
[42.367947] (pylon_ros2_camera_interfaces) StdoutLine: {'line': b'-- Installing: /home/mcav/cam_dev_ws/install/pylon_ros2_camera_interfaces/include/pylon_ros2_camera_interfaces/pylon_ros2_camera_interfaces/srv/detail/set_exposure__builder.hpp\n'}
[42.368084] (pylon_ros2_camera_interfaces) StdoutLine: {'line': b'-- Installing: /home/mcav/cam_dev_ws/install/pylon_ros2_camera_interfaces/include/pylon_ros2_camera_interfaces/pylon_ros2_camera_interfaces/srv/detail/set_roi__builder.hpp\n'}
[42.368216] (pylon_ros2_camera_interfaces) StdoutLine: {'line': b'-- Installing: /home/mcav/cam_dev_ws/install/pylon_ros2_camera_interfaces/include/pylon_ros2_camera_interfaces/pylon_ros2_camera_interfaces/srv/detail/set_white_balance__builder.hpp\n'}
[42.368363] (pylon_ros2_camera_interfaces) StdoutLine: {'line': b'-- Installing: /home/mcav/cam_dev_ws/install/pylon_ros2_camera_interfaces/include/pylon_ros2_camera_interfaces/pylon_ros2_camera_interfaces/srv/detail/get_integer_value__traits.hpp\n'}
[42.368478] (pylon_ros2_camera_interfaces) StdoutLine: {'line': b'-- Installing: /home/mcav/cam_dev_ws/install/pylon_ros2_camera_interfaces/include/pylon_ros2_camera_interfaces/pylon_ros2_camera_interfaces/srv/detail/set_action_trigger_configuration__struct.hpp\n'}
[42.368610] (pylon_ros2_camera_interfaces) StdoutLine: {'line': b'-- Installing: /home/mcav/cam_dev_ws/install/pylon_ros2_camera_interfaces/include/pylon_ros2_camera_interfaces/pylon_ros2_camera_interfaces/srv/detail/set_action_trigger_configuration__builder.hpp\n'}
[42.368743] (pylon_ros2_camera_interfaces) StdoutLine: {'line': b'-- Installing: /home/mcav/cam_dev_ws/install/pylon_ros2_camera_interfaces/include/pylon_ros2_camera_interfaces/pylon_ros2_camera_interfaces/srv/set_action_trigger_configuration.hpp\n'}
[42.368833] (pylon_ros2_camera_interfaces) StdoutLine: {'line': b'-- Installing: /home/mcav/cam_dev_ws/install/pylon_ros2_camera_interfaces/include/pylon_ros2_camera_interfaces/pylon_ros2_camera_interfaces/srv/get_ptp_status.hpp\n'}
[42.368902] (pylon_ros2_camera_interfaces) StdoutLine: {'line': b'-- Installing: /home/mcav/cam_dev_ws/install/pylon_ros2_camera_interfaces/include/pylon_ros2_camera_interfaces/pylon_ros2_camera_interfaces/srv/set_string_value.hpp\n'}
[42.368968] (pylon_ros2_camera_interfaces) StdoutLine: {'line': b'-- Installing: /home/mcav/cam_dev_ws/install/pylon_ros2_camera_interfaces/include/pylon_ros2_camera_interfaces/pylon_ros2_camera_interfaces/srv/get_float_value.hpp\n'}
[42.369034] (pylon_ros2_camera_interfaces) StdoutLine: {'line': b'-- Installing: /home/mcav/cam_dev_ws/install/pylon_ros2_camera_interfaces/include/pylon_ros2_camera_interfaces/pylon_ros2_camera_interfaces/srv/set_binning.hpp\n'}
[42.369135] (pylon_ros2_camera_interfaces) StdoutLine: {'line': b'-- Installing: /home/mcav/cam_dev_ws/install/pylon_ros2_camera_interfaces/include/pylon_ros2_camera_interfaces/pylon_ros2_camera_interfaces/srv/issue_action_command.hpp\n'}
[42.369250] (pylon_ros2_camera_interfaces) StdoutLine: {'line': b'-- Installing: /home/mcav/cam_dev_ws/install/pylon_ros2_camera_interfaces/include/pylon_ros2_camera_interfaces/pylon_ros2_camera_interfaces/srv/set_gain.hpp\n'}
[42.369360] (pylon_ros2_camera_interfaces) StdoutLine: {'line': b'-- Installing: /home/mcav/cam_dev_ws/install/pylon_ros2_camera_interfaces/include/pylon_ros2_camera_interfaces/pylon_ros2_camera_interfaces/srv/set_roi.hpp\n'}
[42.369474] (pylon_ros2_camera_interfaces) StdoutLine: {'line': b'-- Installing: /home/mcav/cam_dev_ws/install/pylon_ros2_camera_interfaces/include/pylon_ros2_camera_interfaces/pylon_ros2_camera_interfaces/srv/set_sleeping.hpp\n'}
[42.369583] (pylon_ros2_camera_interfaces) StdoutLine: {'line': b'-- Installing: /home/mcav/cam_dev_ws/install/pylon_ros2_camera_interfaces/include/pylon_ros2_camera_interfaces/pylon_ros2_camera_interfaces/srv/set_white_balance.hpp\n'}
[42.369705] (pylon_ros2_camera_interfaces) StdoutLine: {'line': b'-- Up-to-date: /home/mcav/cam_dev_ws/install/pylon_ros2_camera_interfaces/include/pylon_ros2_camera_interfaces/pylon_ros2_camera_interfaces\n'}
[42.369836] (pylon_ros2_camera_interfaces) StdoutLine: {'line': b'-- Up-to-date: /home/mcav/cam_dev_ws/install/pylon_ros2_camera_interfaces/include/pylon_ros2_camera_interfaces/pylon_ros2_camera_interfaces/msg\n'}
[42.369926] (pylon_ros2_camera_interfaces) StdoutLine: {'line': b'-- Up-to-date: /home/mcav/cam_dev_ws/install/pylon_ros2_camera_interfaces/include/pylon_ros2_camera_interfaces/pylon_ros2_camera_interfaces/msg/detail\n'}
[42.369993] (pylon_ros2_camera_interfaces) StdoutLine: {'line': b'-- Installing: /home/mcav/cam_dev_ws/install/pylon_ros2_camera_interfaces/include/pylon_ros2_camera_interfaces/pylon_ros2_camera_interfaces/msg/detail/component_status__rosidl_typesupport_fastrtps_cpp.hpp\n'}
[42.370134] (pylon_ros2_camera_interfaces) StdoutLine: {'line': b'-- Installing: /home/mcav/cam_dev_ws/install/pylon_ros2_camera_interfaces/include/pylon_ros2_camera_interfaces/pylon_ros2_camera_interfaces/msg/detail/dds_fastrtps\n'}
[42.370278] (pylon_ros2_camera_interfaces) StdoutLine: {'line': b'-- Installing: /home/mcav/cam_dev_ws/install/pylon_ros2_camera_interfaces/include/pylon_ros2_camera_interfaces/pylon_ros2_camera_interfaces/msg/detail/current_params__rosidl_typesupport_fastrtps_cpp.hpp\n'}
[42.370430] (pylon_ros2_camera_interfaces) StdoutLine: {'line': b'-- Installing: /home/mcav/cam_dev_ws/install/pylon_ros2_camera_interfaces/include/pylon_ros2_camera_interfaces/pylon_ros2_camera_interfaces/msg/rosidl_typesupport_fastrtps_cpp__visibility_control.h\n'}
[42.370584] (pylon_ros2_camera_interfaces) StdoutLine: {'line': b'-- Up-to-date: /home/mcav/cam_dev_ws/install/pylon_ros2_camera_interfaces/include/pylon_ros2_camera_interfaces/pylon_ros2_camera_interfaces/action\n'}
[42.370787] (pylon_ros2_camera_interfaces) StdoutLine: {'line': b'-- Up-to-date: /home/mcav/cam_dev_ws/install/pylon_ros2_camera_interfaces/include/pylon_ros2_camera_interfaces/pylon_ros2_camera_interfaces/action/detail\n'}
[42.371035] (pylon_ros2_camera_interfaces) StdoutLine: {'line': b'-- Installing: /home/mcav/cam_dev_ws/install/pylon_ros2_camera_interfaces/include/pylon_ros2_camera_interfaces/pylon_ros2_camera_interfaces/action/detail/grab_images__rosidl_typesupport_fastrtps_cpp.hpp\n'}
[42.371263] (pylon_ros2_camera_interfaces) StdoutLine: {'line': b'-- Installing: /home/mcav/cam_dev_ws/install/pylon_ros2_camera_interfaces/include/pylon_ros2_camera_interfaces/pylon_ros2_camera_interfaces/action/detail/grab_blaze_data__rosidl_typesupport_fastrtps_cpp.hpp\n'}
[42.371442] (pylon_ros2_camera_interfaces) StdoutLine: {'line': b'-- Installing: /home/mcav/cam_dev_ws/install/pylon_ros2_camera_interfaces/include/pylon_ros2_camera_interfaces/pylon_ros2_camera_interfaces/action/detail/dds_fastrtps\n'}
[42.371636] (pylon_ros2_camera_interfaces) StdoutLine: {'line': b'-- Up-to-date: /home/mcav/cam_dev_ws/install/pylon_ros2_camera_interfaces/include/pylon_ros2_camera_interfaces/pylon_ros2_camera_interfaces/srv\n'}
[42.371814] (pylon_ros2_camera_interfaces) StdoutLine: {'line': b'-- Up-to-date: /home/mcav/cam_dev_ws/install/pylon_ros2_camera_interfaces/include/pylon_ros2_camera_interfaces/pylon_ros2_camera_interfaces/srv/detail\n'}
[42.371991] (pylon_ros2_camera_interfaces) StdoutLine: {'line': b'-- Installing: /home/mcav/cam_dev_ws/install/pylon_ros2_camera_interfaces/include/pylon_ros2_camera_interfaces/pylon_ros2_camera_interfaces/srv/detail/get_integer_value__rosidl_typesupport_fastrtps_cpp.hpp\n'}
[42.372157] (pylon_ros2_camera_interfaces) StdoutLine: {'line': b'-- Installing: /home/mcav/cam_dev_ws/install/pylon_ros2_camera_interfaces/include/pylon_ros2_camera_interfaces/pylon_ros2_camera_interfaces/srv/detail/set_gamma__rosidl_typesupport_fastrtps_cpp.hpp\n'}
[42.372377] (pylon_ros2_camera_interfaces) StdoutLine: {'line': b'-- Installing: /home/mcav/cam_dev_ws/install/pylon_ros2_camera_interfaces/include/pylon_ros2_camera_interfaces/pylon_ros2_camera_interfaces/srv/detail/set_brightness__rosidl_typesupport_fastrtps_cpp.hpp\n'}
[42.372593] (pylon_ros2_camera_interfaces) StdoutLine: {'line': b'-- Installing: /home/mcav/cam_dev_ws/install/pylon_ros2_camera_interfaces/include/pylon_ros2_camera_interfaces/pylon_ros2_camera_interfaces/srv/detail/issue_action_command__rosidl_typesupport_fastrtps_cpp.hpp\n'}
[42.372814] (pylon_ros2_camera_interfaces) StdoutLine: {'line': b'-- Installing: /home/mcav/cam_dev_ws/install/pylon_ros2_camera_interfaces/include/pylon_ros2_camera_interfaces/pylon_ros2_camera_interfaces/srv/detail/get_string_value__rosidl_typesupport_fastrtps_cpp.hpp\n'}
[42.373004] (pylon_ros2_camera_interfaces) StdoutLine: {'line': b'-- Installing: /home/mcav/cam_dev_ws/install/pylon_ros2_camera_interfaces/include/pylon_ros2_camera_interfaces/pylon_ros2_camera_interfaces/srv/detail/set_float_value__rosidl_typesupport_fastrtps_cpp.hpp\n'}
[42.373192] (pylon_ros2_camera_interfaces) StdoutLine: {'line': b'-- Installing: /home/mcav/cam_dev_ws/install/pylon_ros2_camera_interfaces/include/pylon_ros2_camera_interfaces/pylon_ros2_camera_interfaces/srv/detail/get_float_value__rosidl_typesupport_fastrtps_cpp.hpp\n'}
[42.373401] (pylon_ros2_camera_interfaces) StdoutLine: {'line': b'-- Installing: /home/mcav/cam_dev_ws/install/pylon_ros2_camera_interfaces/include/pylon_ros2_camera_interfaces/pylon_ros2_camera_interfaces/srv/detail/set_integer_value__rosidl_typesupport_fastrtps_cpp.hpp\n'}
[42.373582] (pylon_ros2_camera_interfaces) StdoutLine: {'line': b'-- Installing: /home/mcav/cam_dev_ws/install/pylon_ros2_camera_interfaces/include/pylon_ros2_camera_interfaces/pylon_ros2_camera_interfaces/srv/detail/dds_fastrtps\n'}
[42.373782] (pylon_ros2_camera_interfaces) StdoutLine: {'line': b'-- Installing: /home/mcav/cam_dev_ws/install/pylon_ros2_camera_interfaces/include/pylon_ros2_camera_interfaces/pylon_ros2_camera_interfaces/srv/detail/set_string_value__rosidl_typesupport_fastrtps_cpp.hpp\n'}
[42.373961] (pylon_ros2_camera_interfaces) StdoutLine: {'line': b'-- Installing: /home/mcav/cam_dev_ws/install/pylon_ros2_camera_interfaces/include/pylon_ros2_camera_interfaces/pylon_ros2_camera_interfaces/srv/detail/issue_scheduled_action_command__rosidl_typesupport_fastrtps_cpp.hpp\n'}
[42.374135] (pylon_ros2_camera_interfaces) StdoutLine: {'line': b'-- Installing: /home/mcav/cam_dev_ws/install/pylon_ros2_camera_interfaces/include/pylon_ros2_camera_interfaces/pylon_ros2_camera_interfaces/srv/detail/get_ptp_status__rosidl_typesupport_fastrtps_cpp.hpp\n'}
[42.374311] (pylon_ros2_camera_interfaces) StdoutLine: {'line': b'-- Installing: /home/mcav/cam_dev_ws/install/pylon_ros2_camera_interfaces/include/pylon_ros2_camera_interfaces/pylon_ros2_camera_interfaces/srv/detail/set_white_balance__rosidl_typesupport_fastrtps_cpp.hpp\n'}
[42.374488] (pylon_ros2_camera_interfaces) StdoutLine: {'line': b'-- Installing: /home/mcav/cam_dev_ws/install/pylon_ros2_camera_interfaces/include/pylon_ros2_camera_interfaces/pylon_ros2_camera_interfaces/srv/detail/set_sleeping__rosidl_typesupport_fastrtps_cpp.hpp\n'}
[42.374675] (pylon_ros2_camera_interfaces) StdoutLine: {'line': b'-- Installing: /home/mcav/cam_dev_ws/install/pylon_ros2_camera_interfaces/include/pylon_ros2_camera_interfaces/pylon_ros2_camera_interfaces/srv/detail/set_binning__rosidl_typesupport_fastrtps_cpp.hpp\n'}
[42.374853] (pylon_ros2_camera_interfaces) StdoutLine: {'line': b'-- Installing: /home/mcav/cam_dev_ws/install/pylon_ros2_camera_interfaces/include/pylon_ros2_camera_interfaces/pylon_ros2_camera_interfaces/srv/detail/set_roi__rosidl_typesupport_fastrtps_cpp.hpp\n'}
[42.375028] (pylon_ros2_camera_interfaces) StdoutLine: {'line': b'-- Installing: /home/mcav/cam_dev_ws/install/pylon_ros2_camera_interfaces/include/pylon_ros2_camera_interfaces/pylon_ros2_camera_interfaces/srv/detail/set_exposure__rosidl_typesupport_fastrtps_cpp.hpp\n'}
[42.375200] (pylon_ros2_camera_interfaces) StdoutLine: {'line': b'-- Installing: /home/mcav/cam_dev_ws/install/pylon_ros2_camera_interfaces/include/pylon_ros2_camera_interfaces/pylon_ros2_camera_interfaces/srv/detail/set_gain__rosidl_typesupport_fastrtps_cpp.hpp\n'}
[42.375378] (pylon_ros2_camera_interfaces) StdoutLine: {'line': b'-- Installing: /home/mcav/cam_dev_ws/install/pylon_ros2_camera_interfaces/include/pylon_ros2_camera_interfaces/pylon_ros2_camera_interfaces/srv/detail/set_action_trigger_configuration__rosidl_typesupport_fastrtps_cpp.hpp\n'}
[42.375550] (pylon_ros2_camera_interfaces) StdoutLine: {'line': b'-- Installing: /home/mcav/cam_dev_ws/install/pylon_ros2_camera_interfaces/lib/libpylon_ros2_camera_interfaces__rosidl_typesupport_fastrtps_cpp.so\n'}
[42.375738] (pylon_ros2_camera_interfaces) StdoutLine: {'line': b'-- Set runtime path of "/home/mcav/cam_dev_ws/install/pylon_ros2_camera_interfaces/lib/libpylon_ros2_camera_interfaces__rosidl_typesupport_fastrtps_cpp.so" to ""\n'}
[42.375916] (pylon_ros2_camera_interfaces) StdoutLine: {'line': b'-- Up-to-date: /home/mcav/cam_dev_ws/install/pylon_ros2_camera_interfaces/include/pylon_ros2_camera_interfaces/pylon_ros2_camera_interfaces\n'}
[42.376100] (pylon_ros2_camera_interfaces) StdoutLine: {'line': b'-- Up-to-date: /home/mcav/cam_dev_ws/install/pylon_ros2_camera_interfaces/include/pylon_ros2_camera_interfaces/pylon_ros2_camera_interfaces/msg\n'}
[42.376272] (pylon_ros2_camera_interfaces) StdoutLine: {'line': b'-- Installing: /home/mcav/cam_dev_ws/install/pylon_ros2_camera_interfaces/include/pylon_ros2_camera_interfaces/pylon_ros2_camera_interfaces/msg/rosidl_typesupport_introspection_c__visibility_control.h\n'}
[42.376447] (pylon_ros2_camera_interfaces) StdoutLine: {'line': b'-- Up-to-date: /home/mcav/cam_dev_ws/install/pylon_ros2_camera_interfaces/include/pylon_ros2_camera_interfaces/pylon_ros2_camera_interfaces/msg/detail\n'}
[42.376628] (pylon_ros2_camera_interfaces) StdoutLine: {'line': b'-- Installing: /home/mcav/cam_dev_ws/install/pylon_ros2_camera_interfaces/include/pylon_ros2_camera_interfaces/pylon_ros2_camera_interfaces/msg/detail/current_params__rosidl_typesupport_introspection_c.h\n'}
[42.376808] (pylon_ros2_camera_interfaces) StdoutLine: {'line': b'-- Installing: /home/mcav/cam_dev_ws/install/pylon_ros2_camera_interfaces/include/pylon_ros2_camera_interfaces/pylon_ros2_camera_interfaces/msg/detail/component_status__type_support.c\n'}
[42.376984] (pylon_ros2_camera_interfaces) StdoutLine: {'line': b'-- Installing: /home/mcav/cam_dev_ws/install/pylon_ros2_camera_interfaces/include/pylon_ros2_camera_interfaces/pylon_ros2_camera_interfaces/msg/detail/current_params__type_support.c\n'}
[42.377174] (pylon_ros2_camera_interfaces) StdoutLine: {'line': b'-- Installing: /home/mcav/cam_dev_ws/install/pylon_ros2_camera_interfaces/include/pylon_ros2_camera_interfaces/pylon_ros2_camera_interfaces/msg/detail/component_status__rosidl_typesupport_introspection_c.h\n'}
[42.377330] (pylon_ros2_camera_interfaces) StdoutLine: {'line': b'-- Up-to-date: /home/mcav/cam_dev_ws/install/pylon_ros2_camera_interfaces/include/pylon_ros2_camera_interfaces/pylon_ros2_camera_interfaces/action\n'}
[42.377555] (pylon_ros2_camera_interfaces) StdoutLine: {'line': b'-- Up-to-date: /home/mcav/cam_dev_ws/install/pylon_ros2_camera_interfaces/include/pylon_ros2_camera_interfaces/pylon_ros2_camera_interfaces/action/detail\n'}
[42.377782] (pylon_ros2_camera_interfaces) StdoutLine: {'line': b'-- Installing: /home/mcav/cam_dev_ws/install/pylon_ros2_camera_interfaces/include/pylon_ros2_camera_interfaces/pylon_ros2_camera_interfaces/action/detail/grab_blaze_data__rosidl_typesupport_introspection_c.h\n'}
[42.377961] (pylon_ros2_camera_interfaces) StdoutLine: {'line': b'-- Installing: /home/mcav/cam_dev_ws/install/pylon_ros2_camera_interfaces/include/pylon_ros2_camera_interfaces/pylon_ros2_camera_interfaces/action/detail/grab_blaze_data__type_support.c\n'}
[42.378171] (pylon_ros2_camera_interfaces) StdoutLine: {'line': b'-- Installing: /home/mcav/cam_dev_ws/install/pylon_ros2_camera_interfaces/include/pylon_ros2_camera_interfaces/pylon_ros2_camera_interfaces/action/detail/grab_images__rosidl_typesupport_introspection_c.h\n'}
[42.378297] (pylon_ros2_camera_interfaces) StdoutLine: {'line': b'-- Installing: /home/mcav/cam_dev_ws/install/pylon_ros2_camera_interfaces/include/pylon_ros2_camera_interfaces/pylon_ros2_camera_interfaces/action/detail/grab_images__type_support.c\n'}
[42.378459] (pylon_ros2_camera_interfaces) StdoutLine: {'line': b'-- Up-to-date: /home/mcav/cam_dev_ws/install/pylon_ros2_camera_interfaces/include/pylon_ros2_camera_interfaces/pylon_ros2_camera_interfaces/srv\n'}
[42.378618] (pylon_ros2_camera_interfaces) StdoutLine: {'line': b'-- Up-to-date: /home/mcav/cam_dev_ws/install/pylon_ros2_camera_interfaces/include/pylon_ros2_camera_interfaces/pylon_ros2_camera_interfaces/srv/detail\n'}
[42.378770] (pylon_ros2_camera_interfaces) StdoutLine: {'line': b'-- Installing: /home/mcav/cam_dev_ws/install/pylon_ros2_camera_interfaces/include/pylon_ros2_camera_interfaces/pylon_ros2_camera_interfaces/srv/detail/set_binning__rosidl_typesupport_introspection_c.h\n'}
[42.378930] (pylon_ros2_camera_interfaces) StdoutLine: {'line': b'-- Installing: /home/mcav/cam_dev_ws/install/pylon_ros2_camera_interfaces/include/pylon_ros2_camera_interfaces/pylon_ros2_camera_interfaces/srv/detail/set_exposure__rosidl_typesupport_introspection_c.h\n'}
[42.379080] (pylon_ros2_camera_interfaces) StdoutLine: {'line': b'-- Installing: /home/mcav/cam_dev_ws/install/pylon_ros2_camera_interfaces/include/pylon_ros2_camera_interfaces/pylon_ros2_camera_interfaces/srv/detail/issue_action_command__rosidl_typesupport_introspection_c.h\n'}
[42.379229] (pylon_ros2_camera_interfaces) StdoutLine: {'line': b'-- Installing: /home/mcav/cam_dev_ws/install/pylon_ros2_camera_interfaces/include/pylon_ros2_camera_interfaces/pylon_ros2_camera_interfaces/srv/detail/set_gain__type_support.c\n'}
[42.379383] (pylon_ros2_camera_interfaces) StdoutLine: {'line': b'-- Installing: /home/mcav/cam_dev_ws/install/pylon_ros2_camera_interfaces/include/pylon_ros2_camera_interfaces/pylon_ros2_camera_interfaces/srv/detail/set_float_value__type_support.c\n'}
[42.379541] (pylon_ros2_camera_interfaces) StdoutLine: {'line': b'-- Installing: /home/mcav/cam_dev_ws/install/pylon_ros2_camera_interfaces/include/pylon_ros2_camera_interfaces/pylon_ros2_camera_interfaces/srv/detail/set_float_value__rosidl_typesupport_introspection_c.h\n'}
[42.379709] (pylon_ros2_camera_interfaces) StdoutLine: {'line': b'-- Installing: /home/mcav/cam_dev_ws/install/pylon_ros2_camera_interfaces/include/pylon_ros2_camera_interfaces/pylon_ros2_camera_interfaces/srv/detail/issue_action_command__type_support.c\n'}
[42.379882] (pylon_ros2_camera_interfaces) StdoutLine: {'line': b'-- Installing: /home/mcav/cam_dev_ws/install/pylon_ros2_camera_interfaces/include/pylon_ros2_camera_interfaces/pylon_ros2_camera_interfaces/srv/detail/get_string_value__type_support.c\n'}
[42.380043] (pylon_ros2_camera_interfaces) StdoutLine: {'line': b'-- Installing: /home/mcav/cam_dev_ws/install/pylon_ros2_camera_interfaces/include/pylon_ros2_camera_interfaces/pylon_ros2_camera_interfaces/srv/detail/get_float_value__type_support.c\n'}
[42.380189] (pylon_ros2_camera_interfaces) StdoutLine: {'line': b'-- Installing: /home/mcav/cam_dev_ws/install/pylon_ros2_camera_interfaces/include/pylon_ros2_camera_interfaces/pylon_ros2_camera_interfaces/srv/detail/set_gamma__type_support.c\n'}
[42.380351] (pylon_ros2_camera_interfaces) StdoutLine: {'line': b'-- Installing: /home/mcav/cam_dev_ws/install/pylon_ros2_camera_interfaces/include/pylon_ros2_camera_interfaces/pylon_ros2_camera_interfaces/srv/detail/get_integer_value__rosidl_typesupport_introspection_c.h\n'}
[42.380509] (pylon_ros2_camera_interfaces) StdoutLine: {'line': b'-- Installing: /home/mcav/cam_dev_ws/install/pylon_ros2_camera_interfaces/include/pylon_ros2_camera_interfaces/pylon_ros2_camera_interfaces/srv/detail/get_ptp_status__type_support.c\n'}
[42.380660] (pylon_ros2_camera_interfaces) StdoutLine: {'line': b'-- Installing: /home/mcav/cam_dev_ws/install/pylon_ros2_camera_interfaces/include/pylon_ros2_camera_interfaces/pylon_ros2_camera_interfaces/srv/detail/set_string_value__type_support.c\n'}
[42.380788] (pylon_ros2_camera_interfaces) StdoutLine: {'line': b'-- Installing: /home/mcav/cam_dev_ws/install/pylon_ros2_camera_interfaces/include/pylon_ros2_camera_interfaces/pylon_ros2_camera_interfaces/srv/detail/set_action_trigger_configuration__type_support.c\n'}
[42.380945] (pylon_ros2_camera_interfaces) StdoutLine: {'line': b'-- Installing: /home/mcav/cam_dev_ws/install/pylon_ros2_camera_interfaces/include/pylon_ros2_camera_interfaces/pylon_ros2_camera_interfaces/srv/detail/issue_scheduled_action_command__type_support.c\n'}
[42.381168] (pylon_ros2_camera_interfaces) StdoutLine: {'line': b'-- Installing: /home/mcav/cam_dev_ws/install/pylon_ros2_camera_interfaces/include/pylon_ros2_camera_interfaces/pylon_ros2_camera_interfaces/srv/detail/set_sleeping__rosidl_typesupport_introspection_c.h\n'}
[42.381373] (pylon_ros2_camera_interfaces) StdoutLine: {'line': b'-- Installing: /home/mcav/cam_dev_ws/install/pylon_ros2_camera_interfaces/include/pylon_ros2_camera_interfaces/pylon_ros2_camera_interfaces/srv/detail/get_string_value__rosidl_typesupport_introspection_c.h\n'}
[42.381552] (pylon_ros2_camera_interfaces) StdoutLine: {'line': b'-- Installing: /home/mcav/cam_dev_ws/install/pylon_ros2_camera_interfaces/include/pylon_ros2_camera_interfaces/pylon_ros2_camera_interfaces/srv/detail/set_brightness__rosidl_typesupport_introspection_c.h\n'}
[42.381719] (pylon_ros2_camera_interfaces) StdoutLine: {'line': b'-- Installing: /home/mcav/cam_dev_ws/install/pylon_ros2_camera_interfaces/include/pylon_ros2_camera_interfaces/pylon_ros2_camera_interfaces/srv/detail/get_ptp_status__rosidl_typesupport_introspection_c.h\n'}
[42.381888] (pylon_ros2_camera_interfaces) StdoutLine: {'line': b'-- Installing: /home/mcav/cam_dev_ws/install/pylon_ros2_camera_interfaces/include/pylon_ros2_camera_interfaces/pylon_ros2_camera_interfaces/srv/detail/get_integer_value__type_support.c\n'}
[42.382109] (pylon_ros2_camera_interfaces) StdoutLine: {'line': b'-- Installing: /home/mcav/cam_dev_ws/install/pylon_ros2_camera_interfaces/include/pylon_ros2_camera_interfaces/pylon_ros2_camera_interfaces/srv/detail/issue_scheduled_action_command__rosidl_typesupport_introspection_c.h\n'}
[42.382291] (pylon_ros2_camera_interfaces) StdoutLine: {'line': b'-- Installing: /home/mcav/cam_dev_ws/install/pylon_ros2_camera_interfaces/include/pylon_ros2_camera_interfaces/pylon_ros2_camera_interfaces/srv/detail/set_roi__type_support.c\n'}
[42.382469] (pylon_ros2_camera_interfaces) StdoutLine: {'line': b'-- Installing: /home/mcav/cam_dev_ws/install/pylon_ros2_camera_interfaces/include/pylon_ros2_camera_interfaces/pylon_ros2_camera_interfaces/srv/detail/set_exposure__type_support.c\n'}
[42.382639] (pylon_ros2_camera_interfaces) StdoutLine: {'line': b'-- Installing: /home/mcav/cam_dev_ws/install/pylon_ros2_camera_interfaces/include/pylon_ros2_camera_interfaces/pylon_ros2_camera_interfaces/srv/detail/set_sleeping__type_support.c\n'}
[42.382826] (pylon_ros2_camera_interfaces) StdoutLine: {'line': b'-- Installing: /home/mcav/cam_dev_ws/install/pylon_ros2_camera_interfaces/include/pylon_ros2_camera_interfaces/pylon_ros2_camera_interfaces/srv/detail/set_gamma__rosidl_typesupport_introspection_c.h\n'}
[42.383008] (pylon_ros2_camera_interfaces) StdoutLine: {'line': b'-- Installing: /home/mcav/cam_dev_ws/install/pylon_ros2_camera_interfaces/include/pylon_ros2_camera_interfaces/pylon_ros2_camera_interfaces/srv/detail/set_binning__type_support.c\n'}
[42.383181] (pylon_ros2_camera_interfaces) StdoutLine: {'line': b'-- Installing: /home/mcav/cam_dev_ws/install/pylon_ros2_camera_interfaces/include/pylon_ros2_camera_interfaces/pylon_ros2_camera_interfaces/srv/detail/set_gain__rosidl_typesupport_introspection_c.h\n'}
[42.383356] (pylon_ros2_camera_interfaces) StdoutLine: {'line': b'-- Installing: /home/mcav/cam_dev_ws/install/pylon_ros2_camera_interfaces/include/pylon_ros2_camera_interfaces/pylon_ros2_camera_interfaces/srv/detail/set_integer_value__type_support.c\n'}
[42.383534] (pylon_ros2_camera_interfaces) StdoutLine: {'line': b'-- Installing: /home/mcav/cam_dev_ws/install/pylon_ros2_camera_interfaces/include/pylon_ros2_camera_interfaces/pylon_ros2_camera_interfaces/srv/detail/set_roi__rosidl_typesupport_introspection_c.h\n'}
[42.383727] (pylon_ros2_camera_interfaces) StdoutLine: {'line': b'-- Installing: /home/mcav/cam_dev_ws/install/pylon_ros2_camera_interfaces/include/pylon_ros2_camera_interfaces/pylon_ros2_camera_interfaces/srv/detail/set_brightness__type_support.c\n'}
[42.383903] (pylon_ros2_camera_interfaces) StdoutLine: {'line': b'-- Installing: /home/mcav/cam_dev_ws/install/pylon_ros2_camera_interfaces/include/pylon_ros2_camera_interfaces/pylon_ros2_camera_interfaces/srv/detail/set_integer_value__rosidl_typesupport_introspection_c.h\n'}
[42.384081] (pylon_ros2_camera_interfaces) StdoutLine: {'line': b'-- Installing: /home/mcav/cam_dev_ws/install/pylon_ros2_camera_interfaces/include/pylon_ros2_camera_interfaces/pylon_ros2_camera_interfaces/srv/detail/set_string_value__rosidl_typesupport_introspection_c.h\n'}
[42.384261] (pylon_ros2_camera_interfaces) StdoutLine: {'line': b'-- Installing: /home/mcav/cam_dev_ws/install/pylon_ros2_camera_interfaces/include/pylon_ros2_camera_interfaces/pylon_ros2_camera_interfaces/srv/detail/set_white_balance__rosidl_typesupport_introspection_c.h\n'}
[42.384443] (pylon_ros2_camera_interfaces) StdoutLine: {'line': b'-- Installing: /home/mcav/cam_dev_ws/install/pylon_ros2_camera_interfaces/include/pylon_ros2_camera_interfaces/pylon_ros2_camera_interfaces/srv/detail/set_white_balance__type_support.c\n'}
[42.384619] (pylon_ros2_camera_interfaces) StdoutLine: {'line': b'-- Installing: /home/mcav/cam_dev_ws/install/pylon_ros2_camera_interfaces/include/pylon_ros2_camera_interfaces/pylon_ros2_camera_interfaces/srv/detail/set_action_trigger_configuration__rosidl_typesupport_introspection_c.h\n'}
[42.384798] (pylon_ros2_camera_interfaces) StdoutLine: {'line': b'-- Installing: /home/mcav/cam_dev_ws/install/pylon_ros2_camera_interfaces/include/pylon_ros2_camera_interfaces/pylon_ros2_camera_interfaces/srv/detail/get_float_value__rosidl_typesupport_introspection_c.h\n'}
[42.384965] (pylon_ros2_camera_interfaces) StdoutLine: {'line': b'-- Installing: /home/mcav/cam_dev_ws/install/pylon_ros2_camera_interfaces/lib/libpylon_ros2_camera_interfaces__rosidl_typesupport_introspection_c.so\n'}
[42.385168] (pylon_ros2_camera_interfaces) StdoutLine: {'line': b'-- Set runtime path of "/home/mcav/cam_dev_ws/install/pylon_ros2_camera_interfaces/lib/libpylon_ros2_camera_interfaces__rosidl_typesupport_introspection_c.so" to ""\n'}
[42.385348] (pylon_ros2_camera_interfaces) StdoutLine: {'line': b'-- Installing: /home/mcav/cam_dev_ws/install/pylon_ros2_camera_interfaces/lib/libpylon_ros2_camera_interfaces__rosidl_typesupport_c.so\n'}
[42.385537] (pylon_ros2_camera_interfaces) StdoutLine: {'line': b'-- Set runtime path of "/home/mcav/cam_dev_ws/install/pylon_ros2_camera_interfaces/lib/libpylon_ros2_camera_interfaces__rosidl_typesupport_c.so" to ""\n'}
[42.385721] (pylon_ros2_camera_interfaces) StdoutLine: {'line': b'-- Up-to-date: /home/mcav/cam_dev_ws/install/pylon_ros2_camera_interfaces/include/pylon_ros2_camera_interfaces/pylon_ros2_camera_interfaces\n'}
[42.385887] (pylon_ros2_camera_interfaces) StdoutLine: {'line': b'-- Up-to-date: /home/mcav/cam_dev_ws/install/pylon_ros2_camera_interfaces/include/pylon_ros2_camera_interfaces/pylon_ros2_camera_interfaces/msg\n'}
[42.386066] (pylon_ros2_camera_interfaces) StdoutLine: {'line': b'-- Up-to-date: /home/mcav/cam_dev_ws/install/pylon_ros2_camera_interfaces/include/pylon_ros2_camera_interfaces/pylon_ros2_camera_interfaces/msg/detail\n'}
[42.386268] (pylon_ros2_camera_interfaces) StdoutLine: {'line': b'-- Installing: /home/mcav/cam_dev_ws/install/pylon_ros2_camera_interfaces/include/pylon_ros2_camera_interfaces/pylon_ros2_camera_interfaces/msg/detail/component_status__rosidl_typesupport_introspection_cpp.hpp\n'}
[42.386447] (pylon_ros2_camera_interfaces) StdoutLine: {'line': b'-- Installing: /home/mcav/cam_dev_ws/install/pylon_ros2_camera_interfaces/include/pylon_ros2_camera_interfaces/pylon_ros2_camera_interfaces/msg/detail/current_params__rosidl_typesupport_introspection_cpp.hpp\n'}
[42.386625] (pylon_ros2_camera_interfaces) StdoutLine: {'line': b'-- Installing: /home/mcav/cam_dev_ws/install/pylon_ros2_camera_interfaces/include/pylon_ros2_camera_interfaces/pylon_ros2_camera_interfaces/msg/detail/component_status__type_support.cpp\n'}
[42.386803] (pylon_ros2_camera_interfaces) StdoutLine: {'line': b'-- Installing: /home/mcav/cam_dev_ws/install/pylon_ros2_camera_interfaces/include/pylon_ros2_camera_interfaces/pylon_ros2_camera_interfaces/msg/detail/current_params__type_support.cpp\n'}
[42.386976] (pylon_ros2_camera_interfaces) StdoutLine: {'line': b'-- Up-to-date: /home/mcav/cam_dev_ws/install/pylon_ros2_camera_interfaces/include/pylon_ros2_camera_interfaces/pylon_ros2_camera_interfaces/action\n'}
[42.387158] (pylon_ros2_camera_interfaces) StdoutLine: {'line': b'-- Up-to-date: /home/mcav/cam_dev_ws/install/pylon_ros2_camera_interfaces/include/pylon_ros2_camera_interfaces/pylon_ros2_camera_interfaces/action/detail\n'}
[42.387339] (pylon_ros2_camera_interfaces) StdoutLine: {'line': b'-- Installing: /home/mcav/cam_dev_ws/install/pylon_ros2_camera_interfaces/include/pylon_ros2_camera_interfaces/pylon_ros2_camera_interfaces/action/detail/grab_blaze_data__type_support.cpp\n'}
[42.387511] (pylon_ros2_camera_interfaces) StdoutLine: {'line': b'-- Installing: /home/mcav/cam_dev_ws/install/pylon_ros2_camera_interfaces/include/pylon_ros2_camera_interfaces/pylon_ros2_camera_interfaces/action/detail/grab_blaze_data__rosidl_typesupport_introspection_cpp.hpp\n'}
[42.387688] (pylon_ros2_camera_interfaces) StdoutLine: {'line': b'-- Installing: /home/mcav/cam_dev_ws/install/pylon_ros2_camera_interfaces/include/pylon_ros2_camera_interfaces/pylon_ros2_camera_interfaces/action/detail/grab_images__type_support.cpp\n'}
[42.387868] (pylon_ros2_camera_interfaces) StdoutLine: {'line': b'-- Installing: /home/mcav/cam_dev_ws/install/pylon_ros2_camera_interfaces/include/pylon_ros2_camera_interfaces/pylon_ros2_camera_interfaces/action/detail/grab_images__rosidl_typesupport_introspection_cpp.hpp\n'}
[42.388060] (pylon_ros2_camera_interfaces) StdoutLine: {'line': b'-- Up-to-date: /home/mcav/cam_dev_ws/install/pylon_ros2_camera_interfaces/include/pylon_ros2_camera_interfaces/pylon_ros2_camera_interfaces/srv\n'}
[42.388236] (pylon_ros2_camera_interfaces) StdoutLine: {'line': b'-- Up-to-date: /home/mcav/cam_dev_ws/install/pylon_ros2_camera_interfaces/include/pylon_ros2_camera_interfaces/pylon_ros2_camera_interfaces/srv/detail\n'}
[42.388409] (pylon_ros2_camera_interfaces) StdoutLine: {'line': b'-- Installing: /home/mcav/cam_dev_ws/install/pylon_ros2_camera_interfaces/include/pylon_ros2_camera_interfaces/pylon_ros2_camera_interfaces/srv/detail/set_integer_value__type_support.cpp\n'}
[42.388587] (pylon_ros2_camera_interfaces) StdoutLine: {'line': b'-- Installing: /home/mcav/cam_dev_ws/install/pylon_ros2_camera_interfaces/include/pylon_ros2_camera_interfaces/pylon_ros2_camera_interfaces/srv/detail/get_integer_value__rosidl_typesupport_introspection_cpp.hpp\n'}
[42.388763] (pylon_ros2_camera_interfaces) StdoutLine: {'line': b'-- Installing: /home/mcav/cam_dev_ws/install/pylon_ros2_camera_interfaces/include/pylon_ros2_camera_interfaces/pylon_ros2_camera_interfaces/srv/detail/set_float_value__type_support.cpp\n'}
[42.388897] (pylon_ros2_camera_interfaces) StdoutLine: {'line': b'-- Installing: /home/mcav/cam_dev_ws/install/pylon_ros2_camera_interfaces/include/pylon_ros2_camera_interfaces/pylon_ros2_camera_interfaces/srv/detail/set_string_value__rosidl_typesupport_introspection_cpp.hpp\n'}
[42.389060] (pylon_ros2_camera_interfaces) StdoutLine: {'line': b'-- Installing: /home/mcav/cam_dev_ws/install/pylon_ros2_camera_interfaces/include/pylon_ros2_camera_interfaces/pylon_ros2_camera_interfaces/srv/detail/set_sleeping__type_support.cpp\n'}
[42.389228] (pylon_ros2_camera_interfaces) StdoutLine: {'line': b'-- Installing: /home/mcav/cam_dev_ws/install/pylon_ros2_camera_interfaces/include/pylon_ros2_camera_interfaces/pylon_ros2_camera_interfaces/srv/detail/issue_action_command__rosidl_typesupport_introspection_cpp.hpp\n'}
[42.389389] (pylon_ros2_camera_interfaces) StdoutLine: {'line': b'-- Installing: /home/mcav/cam_dev_ws/install/pylon_ros2_camera_interfaces/include/pylon_ros2_camera_interfaces/pylon_ros2_camera_interfaces/srv/detail/issue_scheduled_action_command__rosidl_typesupport_introspection_cpp.hpp\n'}
[42.389545] (pylon_ros2_camera_interfaces) StdoutLine: {'line': b'-- Installing: /home/mcav/cam_dev_ws/install/pylon_ros2_camera_interfaces/include/pylon_ros2_camera_interfaces/pylon_ros2_camera_interfaces/srv/detail/set_binning__rosidl_typesupport_introspection_cpp.hpp\n'}
[42.389722] (pylon_ros2_camera_interfaces) StdoutLine: {'line': b'-- Installing: /home/mcav/cam_dev_ws/install/pylon_ros2_camera_interfaces/include/pylon_ros2_camera_interfaces/pylon_ros2_camera_interfaces/srv/detail/set_exposure__type_support.cpp\n'}
[42.389881] (pylon_ros2_camera_interfaces) StdoutLine: {'line': b'-- Installing: /home/mcav/cam_dev_ws/install/pylon_ros2_camera_interfaces/include/pylon_ros2_camera_interfaces/pylon_ros2_camera_interfaces/srv/detail/get_float_value__type_support.cpp\n'}
[42.390034] (pylon_ros2_camera_interfaces) StdoutLine: {'line': b'-- Installing: /home/mcav/cam_dev_ws/install/pylon_ros2_camera_interfaces/include/pylon_ros2_camera_interfaces/pylon_ros2_camera_interfaces/srv/detail/set_gain__rosidl_typesupport_introspection_cpp.hpp\n'}
[42.390170] (pylon_ros2_camera_interfaces) StdoutLine: {'line': b'-- Installing: /home/mcav/cam_dev_ws/install/pylon_ros2_camera_interfaces/include/pylon_ros2_camera_interfaces/pylon_ros2_camera_interfaces/srv/detail/set_action_trigger_configuration__type_support.cpp\n'}
[42.390331] (pylon_ros2_camera_interfaces) StdoutLine: {'line': b'-- Installing: /home/mcav/cam_dev_ws/install/pylon_ros2_camera_interfaces/include/pylon_ros2_camera_interfaces/pylon_ros2_camera_interfaces/srv/detail/get_float_value__rosidl_typesupport_introspection_cpp.hpp\n'}
[42.390486] (pylon_ros2_camera_interfaces) StdoutLine: {'line': b'-- Installing: /home/mcav/cam_dev_ws/install/pylon_ros2_camera_interfaces/include/pylon_ros2_camera_interfaces/pylon_ros2_camera_interfaces/srv/detail/set_float_value__rosidl_typesupport_introspection_cpp.hpp\n'}
[42.390640] (pylon_ros2_camera_interfaces) StdoutLine: {'line': b'-- Installing: /home/mcav/cam_dev_ws/install/pylon_ros2_camera_interfaces/include/pylon_ros2_camera_interfaces/pylon_ros2_camera_interfaces/srv/detail/set_exposure__rosidl_typesupport_introspection_cpp.hpp\n'}
[42.390773] (pylon_ros2_camera_interfaces) StdoutLine: {'line': b'-- Installing: /home/mcav/cam_dev_ws/install/pylon_ros2_camera_interfaces/include/pylon_ros2_camera_interfaces/pylon_ros2_camera_interfaces/srv/detail/get_string_value__type_support.cpp\n'}
[42.390976] (pylon_ros2_camera_interfaces) StdoutLine: {'line': b'-- Installing: /home/mcav/cam_dev_ws/install/pylon_ros2_camera_interfaces/include/pylon_ros2_camera_interfaces/pylon_ros2_camera_interfaces/srv/detail/issue_action_command__type_support.cpp\n'}
[42.391143] (pylon_ros2_camera_interfaces) StdoutLine: {'line': b'-- Installing: /home/mcav/cam_dev_ws/install/pylon_ros2_camera_interfaces/include/pylon_ros2_camera_interfaces/pylon_ros2_camera_interfaces/srv/detail/get_integer_value__type_support.cpp\n'}
[42.391291] (pylon_ros2_camera_interfaces) StdoutLine: {'line': b'-- Installing: /home/mcav/cam_dev_ws/install/pylon_ros2_camera_interfaces/include/pylon_ros2_camera_interfaces/pylon_ros2_camera_interfaces/srv/detail/get_string_value__rosidl_typesupport_introspection_cpp.hpp\n'}
[42.391451] (pylon_ros2_camera_interfaces) StdoutLine: {'line': b'-- Installing: /home/mcav/cam_dev_ws/install/pylon_ros2_camera_interfaces/include/pylon_ros2_camera_interfaces/pylon_ros2_camera_interfaces/srv/detail/set_roi__rosidl_typesupport_introspection_cpp.hpp\n'}
[42.391613] (pylon_ros2_camera_interfaces) StdoutLine: {'line': b'-- Installing: /home/mcav/cam_dev_ws/install/pylon_ros2_camera_interfaces/include/pylon_ros2_camera_interfaces/pylon_ros2_camera_interfaces/srv/detail/set_roi__type_support.cpp\n'}
[42.391767] (pylon_ros2_camera_interfaces) StdoutLine: {'line': b'-- Installing: /home/mcav/cam_dev_ws/install/pylon_ros2_camera_interfaces/include/pylon_ros2_camera_interfaces/pylon_ros2_camera_interfaces/srv/detail/set_white_balance__rosidl_typesupport_introspection_cpp.hpp\n'}
[42.391953] (pylon_ros2_camera_interfaces) StdoutLine: {'line': b'-- Installing: /home/mcav/cam_dev_ws/install/pylon_ros2_camera_interfaces/include/pylon_ros2_camera_interfaces/pylon_ros2_camera_interfaces/srv/detail/set_string_value__type_support.cpp\n'}
[42.392095] (pylon_ros2_camera_interfaces) StdoutLine: {'line': b'-- Installing: /home/mcav/cam_dev_ws/install/pylon_ros2_camera_interfaces/include/pylon_ros2_camera_interfaces/pylon_ros2_camera_interfaces/srv/detail/set_gamma__rosidl_typesupport_introspection_cpp.hpp\n'}
[42.392281] (pylon_ros2_camera_interfaces) StdoutLine: {'line': b'-- Installing: /home/mcav/cam_dev_ws/install/pylon_ros2_camera_interfaces/include/pylon_ros2_camera_interfaces/pylon_ros2_camera_interfaces/srv/detail/get_ptp_status__rosidl_typesupport_introspection_cpp.hpp\n'}
[42.392444] (pylon_ros2_camera_interfaces) StdoutLine: {'line': b'-- Installing: /home/mcav/cam_dev_ws/install/pylon_ros2_camera_interfaces/include/pylon_ros2_camera_interfaces/pylon_ros2_camera_interfaces/srv/detail/set_binning__type_support.cpp\n'}
[42.392616] (pylon_ros2_camera_interfaces) StdoutLine: {'line': b'-- Installing: /home/mcav/cam_dev_ws/install/pylon_ros2_camera_interfaces/include/pylon_ros2_camera_interfaces/pylon_ros2_camera_interfaces/srv/detail/set_gain__type_support.cpp\n'}
[42.392795] (pylon_ros2_camera_interfaces) StdoutLine: {'line': b'-- Installing: /home/mcav/cam_dev_ws/install/pylon_ros2_camera_interfaces/include/pylon_ros2_camera_interfaces/pylon_ros2_camera_interfaces/srv/detail/set_brightness__type_support.cpp\n'}
[42.392991] (pylon_ros2_camera_interfaces) StdoutLine: {'line': b'-- Installing: /home/mcav/cam_dev_ws/install/pylon_ros2_camera_interfaces/include/pylon_ros2_camera_interfaces/pylon_ros2_camera_interfaces/srv/detail/set_action_trigger_configuration__rosidl_typesupport_introspection_cpp.hpp\n'}
[42.393174] (pylon_ros2_camera_interfaces) StdoutLine: {'line': b'-- Installing: /home/mcav/cam_dev_ws/install/pylon_ros2_camera_interfaces/include/pylon_ros2_camera_interfaces/pylon_ros2_camera_interfaces/srv/detail/get_ptp_status__type_support.cpp\n'}
[42.393307] (pylon_ros2_camera_interfaces) StdoutLine: {'line': b'-- Installing: /home/mcav/cam_dev_ws/install/pylon_ros2_camera_interfaces/include/pylon_ros2_camera_interfaces/pylon_ros2_camera_interfaces/srv/detail/set_integer_value__rosidl_typesupport_introspection_cpp.hpp\n'}
[42.393502] (pylon_ros2_camera_interfaces) StdoutLine: {'line': b'-- Installing: /home/mcav/cam_dev_ws/install/pylon_ros2_camera_interfaces/include/pylon_ros2_camera_interfaces/pylon_ros2_camera_interfaces/srv/detail/set_sleeping__rosidl_typesupport_introspection_cpp.hpp\n'}
[42.393698] (pylon_ros2_camera_interfaces) StdoutLine: {'line': b'-- Installing: /home/mcav/cam_dev_ws/install/pylon_ros2_camera_interfaces/include/pylon_ros2_camera_interfaces/pylon_ros2_camera_interfaces/srv/detail/set_white_balance__type_support.cpp\n'}
[42.393885] (pylon_ros2_camera_interfaces) StdoutLine: {'line': b'-- Installing: /home/mcav/cam_dev_ws/install/pylon_ros2_camera_interfaces/include/pylon_ros2_camera_interfaces/pylon_ros2_camera_interfaces/srv/detail/set_brightness__rosidl_typesupport_introspection_cpp.hpp\n'}
[42.394058] (pylon_ros2_camera_interfaces) StdoutLine: {'line': b'-- Installing: /home/mcav/cam_dev_ws/install/pylon_ros2_camera_interfaces/include/pylon_ros2_camera_interfaces/pylon_ros2_camera_interfaces/srv/detail/issue_scheduled_action_command__type_support.cpp\n'}
[42.394241] (pylon_ros2_camera_interfaces) StdoutLine: {'line': b'-- Installing: /home/mcav/cam_dev_ws/install/pylon_ros2_camera_interfaces/include/pylon_ros2_camera_interfaces/pylon_ros2_camera_interfaces/srv/detail/set_gamma__type_support.cpp\n'}
[42.394446] (pylon_ros2_camera_interfaces) StdoutLine: {'line': b'-- Installing: /home/mcav/cam_dev_ws/install/pylon_ros2_camera_interfaces/lib/libpylon_ros2_camera_interfaces__rosidl_typesupport_introspection_cpp.so\n'}
[42.394626] (pylon_ros2_camera_interfaces) StdoutLine: {'line': b'-- Set runtime path of "/home/mcav/cam_dev_ws/install/pylon_ros2_camera_interfaces/lib/libpylon_ros2_camera_interfaces__rosidl_typesupport_introspection_cpp.so" to ""\n'}
[42.394791] (pylon_ros2_camera_interfaces) StdoutLine: {'line': b'-- Installing: /home/mcav/cam_dev_ws/install/pylon_ros2_camera_interfaces/lib/libpylon_ros2_camera_interfaces__rosidl_typesupport_cpp.so\n'}
[42.394977] (pylon_ros2_camera_interfaces) StdoutLine: {'line': b'-- Set runtime path of "/home/mcav/cam_dev_ws/install/pylon_ros2_camera_interfaces/lib/libpylon_ros2_camera_interfaces__rosidl_typesupport_cpp.so" to ""\n'}
[42.395156] (pylon_ros2_camera_interfaces) StdoutLine: {'line': b'-- Installing: /home/mcav/cam_dev_ws/install/pylon_ros2_camera_interfaces/share/pylon_ros2_camera_interfaces/environment/pythonpath.sh\n'}
[42.395335] (pylon_ros2_camera_interfaces) StdoutLine: {'line': b'-- Installing: /home/mcav/cam_dev_ws/install/pylon_ros2_camera_interfaces/share/pylon_ros2_camera_interfaces/environment/pythonpath.dsv\n'}
[42.395512] (pylon_ros2_camera_interfaces) StdoutLine: {'line': b'-- Installing: /home/mcav/cam_dev_ws/install/pylon_ros2_camera_interfaces/local/lib/python3.10/dist-packages/pylon_ros2_camera_interfaces-1.1.0-py3.10.egg-info\n'}
[42.395668] (pylon_ros2_camera_interfaces) StdoutLine: {'line': b'-- Installing: /home/mcav/cam_dev_ws/install/pylon_ros2_camera_interfaces/local/lib/python3.10/dist-packages/pylon_ros2_camera_interfaces-1.1.0-py3.10.egg-info/top_level.txt\n'}
[42.395853] (pylon_ros2_camera_interfaces) StdoutLine: {'line': b'-- Installing: /home/mcav/cam_dev_ws/install/pylon_ros2_camera_interfaces/local/lib/python3.10/dist-packages/pylon_ros2_camera_interfaces-1.1.0-py3.10.egg-info/dependency_links.txt\n'}
[42.396008] (pylon_ros2_camera_interfaces) StdoutLine: {'line': b'-- Installing: /home/mcav/cam_dev_ws/install/pylon_ros2_camera_interfaces/local/lib/python3.10/dist-packages/pylon_ros2_camera_interfaces-1.1.0-py3.10.egg-info/PKG-INFO\n'}
[42.396164] (pylon_ros2_camera_interfaces) StdoutLine: {'line': b'-- Installing: /home/mcav/cam_dev_ws/install/pylon_ros2_camera_interfaces/local/lib/python3.10/dist-packages/pylon_ros2_camera_interfaces-1.1.0-py3.10.egg-info/SOURCES.txt\n'}
[42.396321] (pylon_ros2_camera_interfaces) StdoutLine: {'line': b'-- Installing: /home/mcav/cam_dev_ws/install/pylon_ros2_camera_interfaces/local/lib/python3.10/dist-packages/pylon_ros2_camera_interfaces\n'}
[42.396479] (pylon_ros2_camera_interfaces) StdoutLine: {'line': b'-- Installing: /home/mcav/cam_dev_ws/install/pylon_ros2_camera_interfaces/local/lib/python3.10/dist-packages/pylon_ros2_camera_interfaces/msg\n'}
[42.396669] (pylon_ros2_camera_interfaces) StdoutLine: {'line': b'-- Installing: /home/mcav/cam_dev_ws/install/pylon_ros2_camera_interfaces/local/lib/python3.10/dist-packages/pylon_ros2_camera_interfaces/msg/_current_params_s.c\n'}
[42.396827] (pylon_ros2_camera_interfaces) StdoutLine: {'line': b'-- Installing: /home/mcav/cam_dev_ws/install/pylon_ros2_camera_interfaces/local/lib/python3.10/dist-packages/pylon_ros2_camera_interfaces/msg/__init__.py\n'}
[42.397022] (pylon_ros2_camera_interfaces) StdoutLine: {'line': b'-- Installing: /home/mcav/cam_dev_ws/install/pylon_ros2_camera_interfaces/local/lib/python3.10/dist-packages/pylon_ros2_camera_interfaces/msg/_component_status.py\n'}
[42.397182] (pylon_ros2_camera_interfaces) StdoutLine: {'line': b'-- Installing: /home/mcav/cam_dev_ws/install/pylon_ros2_camera_interfaces/local/lib/python3.10/dist-packages/pylon_ros2_camera_interfaces/msg/_current_params.py\n'}
[42.397337] (pylon_ros2_camera_interfaces) StdoutLine: {'line': b'-- Installing: /home/mcav/cam_dev_ws/install/pylon_ros2_camera_interfaces/local/lib/python3.10/dist-packages/pylon_ros2_camera_interfaces/msg/_component_status_s.c\n'}
[42.397493] (pylon_ros2_camera_interfaces) StdoutLine: {'line': b'-- Installing: /home/mcav/cam_dev_ws/install/pylon_ros2_camera_interfaces/local/lib/python3.10/dist-packages/pylon_ros2_camera_interfaces/action\n'}
[42.397681] (pylon_ros2_camera_interfaces) StdoutLine: {'line': b'-- Installing: /home/mcav/cam_dev_ws/install/pylon_ros2_camera_interfaces/local/lib/python3.10/dist-packages/pylon_ros2_camera_interfaces/action/_grab_blaze_data.py\n'}
[42.397880] (pylon_ros2_camera_interfaces) StdoutLine: {'line': b'-- Installing: /home/mcav/cam_dev_ws/install/pylon_ros2_camera_interfaces/local/lib/python3.10/dist-packages/pylon_ros2_camera_interfaces/action/_grab_images_s.c\n'}
[42.398039] (pylon_ros2_camera_interfaces) StdoutLine: {'line': b'-- Installing: /home/mcav/cam_dev_ws/install/pylon_ros2_camera_interfaces/local/lib/python3.10/dist-packages/pylon_ros2_camera_interfaces/action/__init__.py\n'}
[42.398190] (pylon_ros2_camera_interfaces) StdoutLine: {'line': b'-- Installing: /home/mcav/cam_dev_ws/install/pylon_ros2_camera_interfaces/local/lib/python3.10/dist-packages/pylon_ros2_camera_interfaces/action/_grab_images.py\n'}
[42.398386] (pylon_ros2_camera_interfaces) StdoutLine: {'line': b'-- Installing: /home/mcav/cam_dev_ws/install/pylon_ros2_camera_interfaces/local/lib/python3.10/dist-packages/pylon_ros2_camera_interfaces/action/_grab_blaze_data_s.c\n'}
[42.398539] (pylon_ros2_camera_interfaces) StdoutLine: {'line': b'-- Installing: /home/mcav/cam_dev_ws/install/pylon_ros2_camera_interfaces/local/lib/python3.10/dist-packages/pylon_ros2_camera_interfaces/_pylon_ros2_camera_interfaces_s.ep.rosidl_typesupport_introspection_c.c\n'}
[42.398724] (pylon_ros2_camera_interfaces) StdoutLine: {'line': b'-- Installing: /home/mcav/cam_dev_ws/install/pylon_ros2_camera_interfaces/local/lib/python3.10/dist-packages/pylon_ros2_camera_interfaces/pylon_ros2_camera_interfaces_s__rosidl_typesupport_c.cpython-310-x86_64-linux-gnu.so\n'}
[42.398884] (pylon_ros2_camera_interfaces) StdoutLine: {'line': b'-- Installing: /home/mcav/cam_dev_ws/install/pylon_ros2_camera_interfaces/local/lib/python3.10/dist-packages/pylon_ros2_camera_interfaces/_pylon_ros2_camera_interfaces_s.ep.rosidl_typesupport_fastrtps_c.c\n'}
[42.399084] (pylon_ros2_camera_interfaces) StdoutLine: {'line': b'-- Installing: /home/mcav/cam_dev_ws/install/pylon_ros2_camera_interfaces/local/lib/python3.10/dist-packages/pylon_ros2_camera_interfaces/__init__.py\n'}
[42.399257] (pylon_ros2_camera_interfaces) StdoutLine: {'line': b'-- Installing: /home/mcav/cam_dev_ws/install/pylon_ros2_camera_interfaces/local/lib/python3.10/dist-packages/pylon_ros2_camera_interfaces/pylon_ros2_camera_interfaces_s__rosidl_typesupport_introspection_c.cpython-310-x86_64-linux-gnu.so\n'}
[42.399430] (pylon_ros2_camera_interfaces) StdoutLine: {'line': b'-- Installing: /home/mcav/cam_dev_ws/install/pylon_ros2_camera_interfaces/local/lib/python3.10/dist-packages/pylon_ros2_camera_interfaces/srv\n'}
[42.399602] (pylon_ros2_camera_interfaces) StdoutLine: {'line': b'-- Installing: /home/mcav/cam_dev_ws/install/pylon_ros2_camera_interfaces/local/lib/python3.10/dist-packages/pylon_ros2_camera_interfaces/srv/_set_gain.py\n'}
[42.399778] (pylon_ros2_camera_interfaces) StdoutLine: {'line': b'-- Installing: /home/mcav/cam_dev_ws/install/pylon_ros2_camera_interfaces/local/lib/python3.10/dist-packages/pylon_ros2_camera_interfaces/srv/_get_string_value.py\n'}
[42.399945] (pylon_ros2_camera_interfaces) StdoutLine: {'line': b'-- Installing: /home/mcav/cam_dev_ws/install/pylon_ros2_camera_interfaces/local/lib/python3.10/dist-packages/pylon_ros2_camera_interfaces/srv/_set_roi.py\n'}
[42.400133] (pylon_ros2_camera_interfaces) StdoutLine: {'line': b'-- Installing: /home/mcav/cam_dev_ws/install/pylon_ros2_camera_interfaces/local/lib/python3.10/dist-packages/pylon_ros2_camera_interfaces/srv/_set_brightness_s.c\n'}
[42.400309] (pylon_ros2_camera_interfaces) StdoutLine: {'line': b'-- Installing: /home/mcav/cam_dev_ws/install/pylon_ros2_camera_interfaces/local/lib/python3.10/dist-packages/pylon_ros2_camera_interfaces/srv/_set_white_balance_s.c\n'}
[42.400483] (pylon_ros2_camera_interfaces) StdoutLine: {'line': b'-- Installing: /home/mcav/cam_dev_ws/install/pylon_ros2_camera_interfaces/local/lib/python3.10/dist-packages/pylon_ros2_camera_interfaces/srv/_set_sleeping.py\n'}
[42.400658] (pylon_ros2_camera_interfaces) StdoutLine: {'line': b'-- Installing: /home/mcav/cam_dev_ws/install/pylon_ros2_camera_interfaces/local/lib/python3.10/dist-packages/pylon_ros2_camera_interfaces/srv/_set_exposure.py\n'}
[42.400833] (pylon_ros2_camera_interfaces) StdoutLine: {'line': b'-- Installing: /home/mcav/cam_dev_ws/install/pylon_ros2_camera_interfaces/local/lib/python3.10/dist-packages/pylon_ros2_camera_interfaces/srv/_get_integer_value.py\n'}
[42.400996] (pylon_ros2_camera_interfaces) StdoutLine: {'line': b'-- Installing: /home/mcav/cam_dev_ws/install/pylon_ros2_camera_interfaces/local/lib/python3.10/dist-packages/pylon_ros2_camera_interfaces/srv/_issue_scheduled_action_command_s.c\n'}
[42.401194] (pylon_ros2_camera_interfaces) StdoutLine: {'line': b'-- Installing: /home/mcav/cam_dev_ws/install/pylon_ros2_camera_interfaces/local/lib/python3.10/dist-packages/pylon_ros2_camera_interfaces/srv/_set_integer_value_s.c\n'}
[42.401393] (pylon_ros2_camera_interfaces) StdoutLine: {'line': b'-- Installing: /home/mcav/cam_dev_ws/install/pylon_ros2_camera_interfaces/local/lib/python3.10/dist-packages/pylon_ros2_camera_interfaces/srv/_set_exposure_s.c\n'}
[42.401569] (pylon_ros2_camera_interfaces) StdoutLine: {'line': b'-- Installing: /home/mcav/cam_dev_ws/install/pylon_ros2_camera_interfaces/local/lib/python3.10/dist-packages/pylon_ros2_camera_interfaces/srv/_set_integer_value.py\n'}
[42.401735] (pylon_ros2_camera_interfaces) StdoutLine: {'line': b'-- Installing: /home/mcav/cam_dev_ws/install/pylon_ros2_camera_interfaces/local/lib/python3.10/dist-packages/pylon_ros2_camera_interfaces/srv/_get_ptp_status_s.c\n'}
[42.401898] (pylon_ros2_camera_interfaces) StdoutLine: {'line': b'-- Installing: /home/mcav/cam_dev_ws/install/pylon_ros2_camera_interfaces/local/lib/python3.10/dist-packages/pylon_ros2_camera_interfaces/srv/_set_string_value_s.c\n'}
[42.402102] (pylon_ros2_camera_interfaces) StdoutLine: {'line': b'-- Installing: /home/mcav/cam_dev_ws/install/pylon_ros2_camera_interfaces/local/lib/python3.10/dist-packages/pylon_ros2_camera_interfaces/srv/_set_binning_s.c\n'}
[42.402295] (pylon_ros2_camera_interfaces) StdoutLine: {'line': b'-- Installing: /home/mcav/cam_dev_ws/install/pylon_ros2_camera_interfaces/local/lib/python3.10/dist-packages/pylon_ros2_camera_interfaces/srv/_set_roi_s.c\n'}
[42.402464] (pylon_ros2_camera_interfaces) StdoutLine: {'line': b'-- Installing: /home/mcav/cam_dev_ws/install/pylon_ros2_camera_interfaces/local/lib/python3.10/dist-packages/pylon_ros2_camera_interfaces/srv/_set_float_value.py\n'}
[42.402647] (pylon_ros2_camera_interfaces) StdoutLine: {'line': b'-- Installing: /home/mcav/cam_dev_ws/install/pylon_ros2_camera_interfaces/local/lib/python3.10/dist-packages/pylon_ros2_camera_interfaces/srv/_set_gamma_s.c\n'}
[42.402826] (pylon_ros2_camera_interfaces) StdoutLine: {'line': b'-- Installing: /home/mcav/cam_dev_ws/install/pylon_ros2_camera_interfaces/local/lib/python3.10/dist-packages/pylon_ros2_camera_interfaces/srv/__init__.py\n'}
[42.403005] (pylon_ros2_camera_interfaces) StdoutLine: {'line': b'-- Installing: /home/mcav/cam_dev_ws/install/pylon_ros2_camera_interfaces/local/lib/python3.10/dist-packages/pylon_ros2_camera_interfaces/srv/_issue_action_command.py\n'}
[42.403171] (pylon_ros2_camera_interfaces) StdoutLine: {'line': b'-- Installing: /home/mcav/cam_dev_ws/install/pylon_ros2_camera_interfaces/local/lib/python3.10/dist-packages/pylon_ros2_camera_interfaces/srv/_get_string_value_s.c\n'}
[42.403345] (pylon_ros2_camera_interfaces) StdoutLine: {'line': b'-- Installing: /home/mcav/cam_dev_ws/install/pylon_ros2_camera_interfaces/local/lib/python3.10/dist-packages/pylon_ros2_camera_interfaces/srv/_issue_action_command_s.c\n'}
[42.403525] (pylon_ros2_camera_interfaces) StdoutLine: {'line': b'-- Installing: /home/mcav/cam_dev_ws/install/pylon_ros2_camera_interfaces/local/lib/python3.10/dist-packages/pylon_ros2_camera_interfaces/srv/_set_gain_s.c\n'}
[42.403722] (pylon_ros2_camera_interfaces) StdoutLine: {'line': b'-- Installing: /home/mcav/cam_dev_ws/install/pylon_ros2_camera_interfaces/local/lib/python3.10/dist-packages/pylon_ros2_camera_interfaces/srv/_get_float_value.py\n'}
[42.403895] (pylon_ros2_camera_interfaces) StdoutLine: {'line': b'-- Installing: /home/mcav/cam_dev_ws/install/pylon_ros2_camera_interfaces/local/lib/python3.10/dist-packages/pylon_ros2_camera_interfaces/srv/_set_brightness.py\n'}
[42.404064] (pylon_ros2_camera_interfaces) StdoutLine: {'line': b'-- Installing: /home/mcav/cam_dev_ws/install/pylon_ros2_camera_interfaces/local/lib/python3.10/dist-packages/pylon_ros2_camera_interfaces/srv/_set_sleeping_s.c\n'}
[42.404240] (pylon_ros2_camera_interfaces) StdoutLine: {'line': b'-- Installing: /home/mcav/cam_dev_ws/install/pylon_ros2_camera_interfaces/local/lib/python3.10/dist-packages/pylon_ros2_camera_interfaces/srv/_get_integer_value_s.c\n'}
[42.404417] (pylon_ros2_camera_interfaces) StdoutLine: {'line': b'-- Installing: /home/mcav/cam_dev_ws/install/pylon_ros2_camera_interfaces/local/lib/python3.10/dist-packages/pylon_ros2_camera_interfaces/srv/_set_binning.py\n'}
[42.404575] (pylon_ros2_camera_interfaces) StdoutLine: {'line': b'-- Installing: /home/mcav/cam_dev_ws/install/pylon_ros2_camera_interfaces/local/lib/python3.10/dist-packages/pylon_ros2_camera_interfaces/srv/_get_float_value_s.c\n'}
[42.404736] (pylon_ros2_camera_interfaces) StdoutLine: {'line': b'-- Installing: /home/mcav/cam_dev_ws/install/pylon_ros2_camera_interfaces/local/lib/python3.10/dist-packages/pylon_ros2_camera_interfaces/srv/_get_ptp_status.py\n'}
[42.404892] (pylon_ros2_camera_interfaces) StdoutLine: {'line': b'-- Installing: /home/mcav/cam_dev_ws/install/pylon_ros2_camera_interfaces/local/lib/python3.10/dist-packages/pylon_ros2_camera_interfaces/srv/_set_action_trigger_configuration_s.c\n'}
[42.405072] (pylon_ros2_camera_interfaces) StdoutLine: {'line': b'-- Installing: /home/mcav/cam_dev_ws/install/pylon_ros2_camera_interfaces/local/lib/python3.10/dist-packages/pylon_ros2_camera_interfaces/srv/_set_gamma.py\n'}
[42.405229] (pylon_ros2_camera_interfaces) StdoutLine: {'line': b'-- Installing: /home/mcav/cam_dev_ws/install/pylon_ros2_camera_interfaces/local/lib/python3.10/dist-packages/pylon_ros2_camera_interfaces/srv/_set_float_value_s.c\n'}
[42.405389] (pylon_ros2_camera_interfaces) StdoutLine: {'line': b'-- Installing: /home/mcav/cam_dev_ws/install/pylon_ros2_camera_interfaces/local/lib/python3.10/dist-packages/pylon_ros2_camera_interfaces/srv/_set_string_value.py\n'}
[42.405571] (pylon_ros2_camera_interfaces) StdoutLine: {'line': b'-- Installing: /home/mcav/cam_dev_ws/install/pylon_ros2_camera_interfaces/local/lib/python3.10/dist-packages/pylon_ros2_camera_interfaces/srv/_set_white_balance.py\n'}
[42.405745] (pylon_ros2_camera_interfaces) StdoutLine: {'line': b'-- Installing: /home/mcav/cam_dev_ws/install/pylon_ros2_camera_interfaces/local/lib/python3.10/dist-packages/pylon_ros2_camera_interfaces/srv/_set_action_trigger_configuration.py\n'}
[42.405902] (pylon_ros2_camera_interfaces) StdoutLine: {'line': b'-- Installing: /home/mcav/cam_dev_ws/install/pylon_ros2_camera_interfaces/local/lib/python3.10/dist-packages/pylon_ros2_camera_interfaces/srv/_issue_scheduled_action_command.py\n'}
[42.406059] (pylon_ros2_camera_interfaces) StdoutLine: {'line': b'-- Installing: /home/mcav/cam_dev_ws/install/pylon_ros2_camera_interfaces/local/lib/python3.10/dist-packages/pylon_ros2_camera_interfaces/libpylon_ros2_camera_interfaces__rosidl_generator_py.so\n'}
[42.406206] (pylon_ros2_camera_interfaces) StdoutLine: {'line': b'-- Installing: /home/mcav/cam_dev_ws/install/pylon_ros2_camera_interfaces/local/lib/python3.10/dist-packages/pylon_ros2_camera_interfaces/pylon_ros2_camera_interfaces_s__rosidl_typesupport_fastrtps_c.cpython-310-x86_64-linux-gnu.so\n'}
[42.406326] (pylon_ros2_camera_interfaces) StdoutLine: {'line': b'-- Installing: /home/mcav/cam_dev_ws/install/pylon_ros2_camera_interfaces/local/lib/python3.10/dist-packages/pylon_ros2_camera_interfaces/_pylon_ros2_camera_interfaces_s.ep.rosidl_typesupport_c.c\n'}
[42.454335] (-) TimerEvent: {}
[42.506127] (pylon_ros2_camera_interfaces) StdoutLine: {'line': b"Listing '/home/mcav/cam_dev_ws/install/pylon_ros2_camera_interfaces/local/lib/python3.10/dist-packages/pylon_ros2_camera_interfaces'...\n"}
[42.506424] (pylon_ros2_camera_interfaces) StdoutLine: {'line': b"Compiling '/home/mcav/cam_dev_ws/install/pylon_ros2_camera_interfaces/local/lib/python3.10/dist-packages/pylon_ros2_camera_interfaces/__init__.py'...\n"}
[42.506502] (pylon_ros2_camera_interfaces) StdoutLine: {'line': b"Listing '/home/mcav/cam_dev_ws/install/pylon_ros2_camera_interfaces/local/lib/python3.10/dist-packages/pylon_ros2_camera_interfaces/action'...\n"}
[42.506570] (pylon_ros2_camera_interfaces) StdoutLine: {'line': b"Compiling '/home/mcav/cam_dev_ws/install/pylon_ros2_camera_interfaces/local/lib/python3.10/dist-packages/pylon_ros2_camera_interfaces/action/__init__.py'...\n"}
[42.506646] (pylon_ros2_camera_interfaces) StdoutLine: {'line': b"Compiling '/home/mcav/cam_dev_ws/install/pylon_ros2_camera_interfaces/local/lib/python3.10/dist-packages/pylon_ros2_camera_interfaces/action/_grab_blaze_data.py'...\n"}
[42.506713] (pylon_ros2_camera_interfaces) StdoutLine: {'line': b"Compiling '/home/mcav/cam_dev_ws/install/pylon_ros2_camera_interfaces/local/lib/python3.10/dist-packages/pylon_ros2_camera_interfaces/action/_grab_images.py'...\n"}
[42.506777] (pylon_ros2_camera_interfaces) StdoutLine: {'line': b"Listing '/home/mcav/cam_dev_ws/install/pylon_ros2_camera_interfaces/local/lib/python3.10/dist-packages/pylon_ros2_camera_interfaces/msg'...\n"}
[42.506853] (pylon_ros2_camera_interfaces) StdoutLine: {'line': b"Compiling '/home/mcav/cam_dev_ws/install/pylon_ros2_camera_interfaces/local/lib/python3.10/dist-packages/pylon_ros2_camera_interfaces/msg/__init__.py'...\n"}
[42.506916] (pylon_ros2_camera_interfaces) StdoutLine: {'line': b"Compiling '/home/mcav/cam_dev_ws/install/pylon_ros2_camera_interfaces/local/lib/python3.10/dist-packages/pylon_ros2_camera_interfaces/msg/_component_status.py'...\n"}
[42.506984] (pylon_ros2_camera_interfaces) StdoutLine: {'line': b"Compiling '/home/mcav/cam_dev_ws/install/pylon_ros2_camera_interfaces/local/lib/python3.10/dist-packages/pylon_ros2_camera_interfaces/msg/_current_params.py'...\n"}
[42.507050] (pylon_ros2_camera_interfaces) StdoutLine: {'line': b"Listing '/home/mcav/cam_dev_ws/install/pylon_ros2_camera_interfaces/local/lib/python3.10/dist-packages/pylon_ros2_camera_interfaces/srv'...\n"}
[42.507112] (pylon_ros2_camera_interfaces) StdoutLine: {'line': b"Compiling '/home/mcav/cam_dev_ws/install/pylon_ros2_camera_interfaces/local/lib/python3.10/dist-packages/pylon_ros2_camera_interfaces/srv/__init__.py'...\n"}
[42.507179] (pylon_ros2_camera_interfaces) StdoutLine: {'line': b"Compiling '/home/mcav/cam_dev_ws/install/pylon_ros2_camera_interfaces/local/lib/python3.10/dist-packages/pylon_ros2_camera_interfaces/srv/_get_float_value.py'...\n"}
[42.507242] (pylon_ros2_camera_interfaces) StdoutLine: {'line': b"Compiling '/home/mcav/cam_dev_ws/install/pylon_ros2_camera_interfaces/local/lib/python3.10/dist-packages/pylon_ros2_camera_interfaces/srv/_get_integer_value.py'...\n"}
[42.507309] (pylon_ros2_camera_interfaces) StdoutLine: {'line': b"Compiling '/home/mcav/cam_dev_ws/install/pylon_ros2_camera_interfaces/local/lib/python3.10/dist-packages/pylon_ros2_camera_interfaces/srv/_get_ptp_status.py'...\n"}
[42.507371] (pylon_ros2_camera_interfaces) StdoutLine: {'line': b"Compiling '/home/mcav/cam_dev_ws/install/pylon_ros2_camera_interfaces/local/lib/python3.10/dist-packages/pylon_ros2_camera_interfaces/srv/_get_string_value.py'...\n"}
[42.507433] (pylon_ros2_camera_interfaces) StdoutLine: {'line': b"Compiling '/home/mcav/cam_dev_ws/install/pylon_ros2_camera_interfaces/local/lib/python3.10/dist-packages/pylon_ros2_camera_interfaces/srv/_issue_action_command.py'...\n"}
[42.507496] (pylon_ros2_camera_interfaces) StdoutLine: {'line': b"Compiling '/home/mcav/cam_dev_ws/install/pylon_ros2_camera_interfaces/local/lib/python3.10/dist-packages/pylon_ros2_camera_interfaces/srv/_issue_scheduled_action_command.py'...\n"}
[42.507563] (pylon_ros2_camera_interfaces) StdoutLine: {'line': b"Compiling '/home/mcav/cam_dev_ws/install/pylon_ros2_camera_interfaces/local/lib/python3.10/dist-packages/pylon_ros2_camera_interfaces/srv/_set_action_trigger_configuration.py'...\n"}
[42.507627] (pylon_ros2_camera_interfaces) StdoutLine: {'line': b"Compiling '/home/mcav/cam_dev_ws/install/pylon_ros2_camera_interfaces/local/lib/python3.10/dist-packages/pylon_ros2_camera_interfaces/srv/_set_binning.py'...\n"}
[42.507689] (pylon_ros2_camera_interfaces) StdoutLine: {'line': b"Compiling '/home/mcav/cam_dev_ws/install/pylon_ros2_camera_interfaces/local/lib/python3.10/dist-packages/pylon_ros2_camera_interfaces/srv/_set_brightness.py'...\n"}
[42.507751] (pylon_ros2_camera_interfaces) StdoutLine: {'line': b"Compiling '/home/mcav/cam_dev_ws/install/pylon_ros2_camera_interfaces/local/lib/python3.10/dist-packages/pylon_ros2_camera_interfaces/srv/_set_exposure.py'...\n"}
[42.507813] (pylon_ros2_camera_interfaces) StdoutLine: {'line': b"Compiling '/home/mcav/cam_dev_ws/install/pylon_ros2_camera_interfaces/local/lib/python3.10/dist-packages/pylon_ros2_camera_interfaces/srv/_set_float_value.py'...\n"}
[42.507876] (pylon_ros2_camera_interfaces) StdoutLine: {'line': b"Compiling '/home/mcav/cam_dev_ws/install/pylon_ros2_camera_interfaces/local/lib/python3.10/dist-packages/pylon_ros2_camera_interfaces/srv/_set_gain.py'...\n"}
[42.507938] (pylon_ros2_camera_interfaces) StdoutLine: {'line': b"Compiling '/home/mcav/cam_dev_ws/install/pylon_ros2_camera_interfaces/local/lib/python3.10/dist-packages/pylon_ros2_camera_interfaces/srv/_set_gamma.py'...\n"}
[42.507999] (pylon_ros2_camera_interfaces) StdoutLine: {'line': b"Compiling '/home/mcav/cam_dev_ws/install/pylon_ros2_camera_interfaces/local/lib/python3.10/dist-packages/pylon_ros2_camera_interfaces/srv/_set_integer_value.py'...\n"}
[42.508061] (pylon_ros2_camera_interfaces) StdoutLine: {'line': b"Compiling '/home/mcav/cam_dev_ws/install/pylon_ros2_camera_interfaces/local/lib/python3.10/dist-packages/pylon_ros2_camera_interfaces/srv/_set_roi.py'...\n"}
[42.508123] (pylon_ros2_camera_interfaces) StdoutLine: {'line': b"Compiling '/home/mcav/cam_dev_ws/install/pylon_ros2_camera_interfaces/local/lib/python3.10/dist-packages/pylon_ros2_camera_interfaces/srv/_set_sleeping.py'...\n"}
[42.508185] (pylon_ros2_camera_interfaces) StdoutLine: {'line': b"Compiling '/home/mcav/cam_dev_ws/install/pylon_ros2_camera_interfaces/local/lib/python3.10/dist-packages/pylon_ros2_camera_interfaces/srv/_set_string_value.py'...\n"}
[42.508246] (pylon_ros2_camera_interfaces) StdoutLine: {'line': b"Compiling '/home/mcav/cam_dev_ws/install/pylon_ros2_camera_interfaces/local/lib/python3.10/dist-packages/pylon_ros2_camera_interfaces/srv/_set_white_balance.py'...\n"}
[42.512495] (pylon_ros2_camera_interfaces) StdoutLine: {'line': b'-- Installing: /home/mcav/cam_dev_ws/install/pylon_ros2_camera_interfaces/local/lib/python3.10/dist-packages/pylon_ros2_camera_interfaces/pylon_ros2_camera_interfaces_s__rosidl_typesupport_fastrtps_c.cpython-310-x86_64-linux-gnu.so\n'}
[42.513411] (pylon_ros2_camera_interfaces) StdoutLine: {'line': b'-- Set runtime path of "/home/mcav/cam_dev_ws/install/pylon_ros2_camera_interfaces/local/lib/python3.10/dist-packages/pylon_ros2_camera_interfaces/pylon_ros2_camera_interfaces_s__rosidl_typesupport_fastrtps_c.cpython-310-x86_64-linux-gnu.so" to ""\n'}
[42.513921] (pylon_ros2_camera_interfaces) StdoutLine: {'line': b'-- Installing: /home/mcav/cam_dev_ws/install/pylon_ros2_camera_interfaces/local/lib/python3.10/dist-packages/pylon_ros2_camera_interfaces/pylon_ros2_camera_interfaces_s__rosidl_typesupport_introspection_c.cpython-310-x86_64-linux-gnu.so\n'}
[42.514956] (pylon_ros2_camera_interfaces) StdoutLine: {'line': b'-- Set runtime path of "/home/mcav/cam_dev_ws/install/pylon_ros2_camera_interfaces/local/lib/python3.10/dist-packages/pylon_ros2_camera_interfaces/pylon_ros2_camera_interfaces_s__rosidl_typesupport_introspection_c.cpython-310-x86_64-linux-gnu.so" to ""\n'}
[42.515559] (pylon_ros2_camera_interfaces) StdoutLine: {'line': b'-- Installing: /home/mcav/cam_dev_ws/install/pylon_ros2_camera_interfaces/local/lib/python3.10/dist-packages/pylon_ros2_camera_interfaces/pylon_ros2_camera_interfaces_s__rosidl_typesupport_c.cpython-310-x86_64-linux-gnu.so\n'}
[42.516514] (pylon_ros2_camera_interfaces) StdoutLine: {'line': b'-- Set runtime path of "/home/mcav/cam_dev_ws/install/pylon_ros2_camera_interfaces/local/lib/python3.10/dist-packages/pylon_ros2_camera_interfaces/pylon_ros2_camera_interfaces_s__rosidl_typesupport_c.cpython-310-x86_64-linux-gnu.so" to ""\n'}
[42.516808] (pylon_ros2_camera_interfaces) StdoutLine: {'line': b'-- Installing: /home/mcav/cam_dev_ws/install/pylon_ros2_camera_interfaces/lib/libpylon_ros2_camera_interfaces__rosidl_generator_py.so\n'}
[42.517900] (pylon_ros2_camera_interfaces) StdoutLine: {'line': b'-- Set runtime path of "/home/mcav/cam_dev_ws/install/pylon_ros2_camera_interfaces/lib/libpylon_ros2_camera_interfaces__rosidl_generator_py.so" to ""\n'}
[42.518234] (pylon_ros2_camera_interfaces) StdoutLine: {'line': b'-- Installing: /home/mcav/cam_dev_ws/install/pylon_ros2_camera_interfaces/share/ament_index/resource_index/rust_packages/pylon_ros2_camera_interfaces\n'}
[42.518522] (pylon_ros2_camera_interfaces) StdoutLine: {'line': b'-- Installing: /home/mcav/cam_dev_ws/install/pylon_ros2_camera_interfaces/share/pylon_ros2_camera_interfaces/rust\n'}
[42.518828] (pylon_ros2_camera_interfaces) StdoutLine: {'line': b'-- Installing: /home/mcav/cam_dev_ws/install/pylon_ros2_camera_interfaces/share/pylon_ros2_camera_interfaces/rust/Cargo.toml\n'}
[42.519029] (pylon_ros2_camera_interfaces) StdoutLine: {'line': b'-- Installing: /home/mcav/cam_dev_ws/install/pylon_ros2_camera_interfaces/share/pylon_ros2_camera_interfaces/rust/src\n'}
[42.519244] (pylon_ros2_camera_interfaces) StdoutLine: {'line': b'-- Installing: /home/mcav/cam_dev_ws/install/pylon_ros2_camera_interfaces/share/pylon_ros2_camera_interfaces/rust/src/msg\n'}
[42.519429] (pylon_ros2_camera_interfaces) StdoutLine: {'line': b'-- Installing: /home/mcav/cam_dev_ws/install/pylon_ros2_camera_interfaces/share/pylon_ros2_camera_interfaces/rust/src/msg/rmw.rs\n'}
[42.519682] (pylon_ros2_camera_interfaces) StdoutLine: {'line': b'-- Installing: /home/mcav/cam_dev_ws/install/pylon_ros2_camera_interfaces/share/pylon_ros2_camera_interfaces/rust/src/action\n'}
[42.519891] (pylon_ros2_camera_interfaces) StdoutLine: {'line': b'-- Installing: /home/mcav/cam_dev_ws/install/pylon_ros2_camera_interfaces/share/pylon_ros2_camera_interfaces/rust/src/action/rmw.rs\n'}
[42.520126] (pylon_ros2_camera_interfaces) StdoutLine: {'line': b'-- Installing: /home/mcav/cam_dev_ws/install/pylon_ros2_camera_interfaces/share/pylon_ros2_camera_interfaces/rust/src/action.rs\n'}
[42.520305] (pylon_ros2_camera_interfaces) StdoutLine: {'line': b'-- Installing: /home/mcav/cam_dev_ws/install/pylon_ros2_camera_interfaces/share/pylon_ros2_camera_interfaces/rust/src/srv\n'}
[42.520526] (pylon_ros2_camera_interfaces) StdoutLine: {'line': b'-- Installing: /home/mcav/cam_dev_ws/install/pylon_ros2_camera_interfaces/share/pylon_ros2_camera_interfaces/rust/src/srv/rmw.rs\n'}
[42.520729] (pylon_ros2_camera_interfaces) StdoutLine: {'line': b'-- Installing: /home/mcav/cam_dev_ws/install/pylon_ros2_camera_interfaces/share/pylon_ros2_camera_interfaces/rust/src/msg.rs\n'}
[42.520935] (pylon_ros2_camera_interfaces) StdoutLine: {'line': b'-- Installing: /home/mcav/cam_dev_ws/install/pylon_ros2_camera_interfaces/share/pylon_ros2_camera_interfaces/rust/src/srv.rs\n'}
[42.521237] (pylon_ros2_camera_interfaces) StdoutLine: {'line': b'-- Installing: /home/mcav/cam_dev_ws/install/pylon_ros2_camera_interfaces/share/pylon_ros2_camera_interfaces/rust/src/lib.rs\n'}
[42.521436] (pylon_ros2_camera_interfaces) StdoutLine: {'line': b'-- Installing: /home/mcav/cam_dev_ws/install/pylon_ros2_camera_interfaces/share/pylon_ros2_camera_interfaces/rust/build.rs\n'}
[42.521689] (pylon_ros2_camera_interfaces) StdoutLine: {'line': b'-- Installing: /home/mcav/cam_dev_ws/install/pylon_ros2_camera_interfaces/share/pylon_ros2_camera_interfaces/msg/CurrentParams.idl\n'}
[42.522008] (pylon_ros2_camera_interfaces) StdoutLine: {'line': b'-- Installing: /home/mcav/cam_dev_ws/install/pylon_ros2_camera_interfaces/share/pylon_ros2_camera_interfaces/msg/ComponentStatus.idl\n'}
[42.522293] (pylon_ros2_camera_interfaces) StdoutLine: {'line': b'-- Installing: /home/mcav/cam_dev_ws/install/pylon_ros2_camera_interfaces/share/pylon_ros2_camera_interfaces/srv/GetIntegerValue.idl\n'}
[42.522562] (pylon_ros2_camera_interfaces) StdoutLine: {'line': b'-- Installing: /home/mcav/cam_dev_ws/install/pylon_ros2_camera_interfaces/share/pylon_ros2_camera_interfaces/srv/GetFloatValue.idl\n'}
[42.522786] (pylon_ros2_camera_interfaces) StdoutLine: {'line': b'-- Installing: /home/mcav/cam_dev_ws/install/pylon_ros2_camera_interfaces/share/pylon_ros2_camera_interfaces/srv/GetStringValue.idl\n'}
[42.522994] (pylon_ros2_camera_interfaces) StdoutLine: {'line': b'-- Installing: /home/mcav/cam_dev_ws/install/pylon_ros2_camera_interfaces/share/pylon_ros2_camera_interfaces/srv/GetPtpStatus.idl\n'}
[42.523226] (pylon_ros2_camera_interfaces) StdoutLine: {'line': b'-- Installing: /home/mcav/cam_dev_ws/install/pylon_ros2_camera_interfaces/share/pylon_ros2_camera_interfaces/srv/SetBinning.idl\n'}
[42.523444] (pylon_ros2_camera_interfaces) StdoutLine: {'line': b'-- Installing: /home/mcav/cam_dev_ws/install/pylon_ros2_camera_interfaces/share/pylon_ros2_camera_interfaces/srv/SetBrightness.idl\n'}
[42.523633] (pylon_ros2_camera_interfaces) StdoutLine: {'line': b'-- Installing: /home/mcav/cam_dev_ws/install/pylon_ros2_camera_interfaces/share/pylon_ros2_camera_interfaces/srv/SetExposure.idl\n'}
[42.523873] (pylon_ros2_camera_interfaces) StdoutLine: {'line': b'-- Installing: /home/mcav/cam_dev_ws/install/pylon_ros2_camera_interfaces/share/pylon_ros2_camera_interfaces/srv/SetGain.idl\n'}
[42.524070] (pylon_ros2_camera_interfaces) StdoutLine: {'line': b'-- Installing: /home/mcav/cam_dev_ws/install/pylon_ros2_camera_interfaces/share/pylon_ros2_camera_interfaces/srv/SetGamma.idl\n'}
[42.524230] (pylon_ros2_camera_interfaces) StdoutLine: {'line': b'-- Installing: /home/mcav/cam_dev_ws/install/pylon_ros2_camera_interfaces/share/pylon_ros2_camera_interfaces/srv/SetROI.idl\n'}
[42.524435] (pylon_ros2_camera_interfaces) StdoutLine: {'line': b'-- Installing: /home/mcav/cam_dev_ws/install/pylon_ros2_camera_interfaces/share/pylon_ros2_camera_interfaces/srv/SetSleeping.idl\n'}
[42.524628] (pylon_ros2_camera_interfaces) StdoutLine: {'line': b'-- Installing: /home/mcav/cam_dev_ws/install/pylon_ros2_camera_interfaces/share/pylon_ros2_camera_interfaces/srv/SetWhiteBalance.idl\n'}
[42.524893] (pylon_ros2_camera_interfaces) StdoutLine: {'line': b'-- Installing: /home/mcav/cam_dev_ws/install/pylon_ros2_camera_interfaces/share/pylon_ros2_camera_interfaces/srv/SetIntegerValue.idl\n'}
[42.525169] (pylon_ros2_camera_interfaces) StdoutLine: {'line': b'-- Installing: /home/mcav/cam_dev_ws/install/pylon_ros2_camera_interfaces/share/pylon_ros2_camera_interfaces/srv/SetFloatValue.idl\n'}
[42.525412] (pylon_ros2_camera_interfaces) StdoutLine: {'line': b'-- Installing: /home/mcav/cam_dev_ws/install/pylon_ros2_camera_interfaces/share/pylon_ros2_camera_interfaces/srv/SetStringValue.idl\n'}
[42.525613] (pylon_ros2_camera_interfaces) StdoutLine: {'line': b'-- Installing: /home/mcav/cam_dev_ws/install/pylon_ros2_camera_interfaces/share/pylon_ros2_camera_interfaces/srv/SetActionTriggerConfiguration.idl\n'}
[42.525885] (pylon_ros2_camera_interfaces) StdoutLine: {'line': b'-- Installing: /home/mcav/cam_dev_ws/install/pylon_ros2_camera_interfaces/share/pylon_ros2_camera_interfaces/srv/IssueActionCommand.idl\n'}
[42.526103] (pylon_ros2_camera_interfaces) StdoutLine: {'line': b'-- Installing: /home/mcav/cam_dev_ws/install/pylon_ros2_camera_interfaces/share/pylon_ros2_camera_interfaces/srv/IssueScheduledActionCommand.idl\n'}
[42.526521] (pylon_ros2_camera_interfaces) StdoutLine: {'line': b'-- Installing: /home/mcav/cam_dev_ws/install/pylon_ros2_camera_interfaces/share/pylon_ros2_camera_interfaces/action/GrabImages.idl\n'}
[42.526820] (pylon_ros2_camera_interfaces) StdoutLine: {'line': b'-- Installing: /home/mcav/cam_dev_ws/install/pylon_ros2_camera_interfaces/share/pylon_ros2_camera_interfaces/action/GrabBlazeData.idl\n'}
[42.527038] (pylon_ros2_camera_interfaces) StdoutLine: {'line': b'-- Installing: /home/mcav/cam_dev_ws/install/pylon_ros2_camera_interfaces/share/pylon_ros2_camera_interfaces/msg/CurrentParams.msg\n'}
[42.527295] (pylon_ros2_camera_interfaces) StdoutLine: {'line': b'-- Installing: /home/mcav/cam_dev_ws/install/pylon_ros2_camera_interfaces/share/pylon_ros2_camera_interfaces/msg/ComponentStatus.msg\n'}
[42.527557] (pylon_ros2_camera_interfaces) StdoutLine: {'line': b'-- Installing: /home/mcav/cam_dev_ws/install/pylon_ros2_camera_interfaces/share/pylon_ros2_camera_interfaces/srv/GetIntegerValue.srv\n'}
[42.527823] (pylon_ros2_camera_interfaces) StdoutLine: {'line': b'-- Installing: /home/mcav/cam_dev_ws/install/pylon_ros2_camera_interfaces/share/pylon_ros2_camera_interfaces/srv/GetIntegerValue_Request.msg\n'}
[42.528044] (pylon_ros2_camera_interfaces) StdoutLine: {'line': b'-- Installing: /home/mcav/cam_dev_ws/install/pylon_ros2_camera_interfaces/share/pylon_ros2_camera_interfaces/srv/GetIntegerValue_Response.msg\n'}
[42.528238] (pylon_ros2_camera_interfaces) StdoutLine: {'line': b'-- Installing: /home/mcav/cam_dev_ws/install/pylon_ros2_camera_interfaces/share/pylon_ros2_camera_interfaces/srv/GetFloatValue.srv\n'}
[42.528432] (pylon_ros2_camera_interfaces) StdoutLine: {'line': b'-- Installing: /home/mcav/cam_dev_ws/install/pylon_ros2_camera_interfaces/share/pylon_ros2_camera_interfaces/srv/GetFloatValue_Request.msg\n'}
[42.528614] (pylon_ros2_camera_interfaces) StdoutLine: {'line': b'-- Installing: /home/mcav/cam_dev_ws/install/pylon_ros2_camera_interfaces/share/pylon_ros2_camera_interfaces/srv/GetFloatValue_Response.msg\n'}
[42.528877] (pylon_ros2_camera_interfaces) StdoutLine: {'line': b'-- Installing: /home/mcav/cam_dev_ws/install/pylon_ros2_camera_interfaces/share/pylon_ros2_camera_interfaces/srv/GetStringValue.srv\n'}
[42.529031] (pylon_ros2_camera_interfaces) StdoutLine: {'line': b'-- Installing: /home/mcav/cam_dev_ws/install/pylon_ros2_camera_interfaces/share/pylon_ros2_camera_interfaces/srv/GetStringValue_Request.msg\n'}
[42.529204] (pylon_ros2_camera_interfaces) StdoutLine: {'line': b'-- Installing: /home/mcav/cam_dev_ws/install/pylon_ros2_camera_interfaces/share/pylon_ros2_camera_interfaces/srv/GetStringValue_Response.msg\n'}
[42.529358] (pylon_ros2_camera_interfaces) StdoutLine: {'line': b'-- Installing: /home/mcav/cam_dev_ws/install/pylon_ros2_camera_interfaces/share/pylon_ros2_camera_interfaces/srv/GetPtpStatus.srv\n'}
[42.529568] (pylon_ros2_camera_interfaces) StdoutLine: {'line': b'-- Installing: /home/mcav/cam_dev_ws/install/pylon_ros2_camera_interfaces/share/pylon_ros2_camera_interfaces/srv/GetPtpStatus_Request.msg\n'}
[42.529822] (pylon_ros2_camera_interfaces) StdoutLine: {'line': b'-- Installing: /home/mcav/cam_dev_ws/install/pylon_ros2_camera_interfaces/share/pylon_ros2_camera_interfaces/srv/GetPtpStatus_Response.msg\n'}
[42.529977] (pylon_ros2_camera_interfaces) StdoutLine: {'line': b'-- Installing: /home/mcav/cam_dev_ws/install/pylon_ros2_camera_interfaces/share/pylon_ros2_camera_interfaces/srv/SetBinning.srv\n'}
[42.530161] (pylon_ros2_camera_interfaces) StdoutLine: {'line': b'-- Installing: /home/mcav/cam_dev_ws/install/pylon_ros2_camera_interfaces/share/pylon_ros2_camera_interfaces/srv/SetBinning_Request.msg\n'}
[42.530308] (pylon_ros2_camera_interfaces) StdoutLine: {'line': b'-- Installing: /home/mcav/cam_dev_ws/install/pylon_ros2_camera_interfaces/share/pylon_ros2_camera_interfaces/srv/SetBinning_Response.msg\n'}
[42.530494] (pylon_ros2_camera_interfaces) StdoutLine: {'line': b'-- Installing: /home/mcav/cam_dev_ws/install/pylon_ros2_camera_interfaces/share/pylon_ros2_camera_interfaces/srv/SetBrightness.srv\n'}
[42.530674] (pylon_ros2_camera_interfaces) StdoutLine: {'line': b'-- Installing: /home/mcav/cam_dev_ws/install/pylon_ros2_camera_interfaces/share/pylon_ros2_camera_interfaces/srv/SetBrightness_Request.msg\n'}
[42.530848] (pylon_ros2_camera_interfaces) StdoutLine: {'line': b'-- Installing: /home/mcav/cam_dev_ws/install/pylon_ros2_camera_interfaces/share/pylon_ros2_camera_interfaces/srv/SetBrightness_Response.msg\n'}
[42.531012] (pylon_ros2_camera_interfaces) StdoutLine: {'line': b'-- Installing: /home/mcav/cam_dev_ws/install/pylon_ros2_camera_interfaces/share/pylon_ros2_camera_interfaces/srv/SetExposure.srv\n'}
[42.531186] (pylon_ros2_camera_interfaces) StdoutLine: {'line': b'-- Installing: /home/mcav/cam_dev_ws/install/pylon_ros2_camera_interfaces/share/pylon_ros2_camera_interfaces/srv/SetExposure_Request.msg\n'}
[42.531380] (pylon_ros2_camera_interfaces) StdoutLine: {'line': b'-- Installing: /home/mcav/cam_dev_ws/install/pylon_ros2_camera_interfaces/share/pylon_ros2_camera_interfaces/srv/SetExposure_Response.msg\n'}
[42.531617] (pylon_ros2_camera_interfaces) StdoutLine: {'line': b'-- Installing: /home/mcav/cam_dev_ws/install/pylon_ros2_camera_interfaces/share/pylon_ros2_camera_interfaces/srv/SetGain.srv\n'}
[42.531801] (pylon_ros2_camera_interfaces) StdoutLine: {'line': b'-- Installing: /home/mcav/cam_dev_ws/install/pylon_ros2_camera_interfaces/share/pylon_ros2_camera_interfaces/srv/SetGain_Request.msg\n'}
[42.531968] (pylon_ros2_camera_interfaces) StdoutLine: {'line': b'-- Installing: /home/mcav/cam_dev_ws/install/pylon_ros2_camera_interfaces/share/pylon_ros2_camera_interfaces/srv/SetGain_Response.msg\n'}
[42.532201] (pylon_ros2_camera_interfaces) StdoutLine: {'line': b'-- Installing: /home/mcav/cam_dev_ws/install/pylon_ros2_camera_interfaces/share/pylon_ros2_camera_interfaces/srv/SetGamma.srv\n'}
[42.532372] (pylon_ros2_camera_interfaces) StdoutLine: {'line': b'-- Installing: /home/mcav/cam_dev_ws/install/pylon_ros2_camera_interfaces/share/pylon_ros2_camera_interfaces/srv/SetGamma_Request.msg\n'}
[42.532563] (pylon_ros2_camera_interfaces) StdoutLine: {'line': b'-- Installing: /home/mcav/cam_dev_ws/install/pylon_ros2_camera_interfaces/share/pylon_ros2_camera_interfaces/srv/SetGamma_Response.msg\n'}
[42.532774] (pylon_ros2_camera_interfaces) StdoutLine: {'line': b'-- Installing: /home/mcav/cam_dev_ws/install/pylon_ros2_camera_interfaces/share/pylon_ros2_camera_interfaces/srv/SetROI.srv\n'}
[42.533026] (pylon_ros2_camera_interfaces) StdoutLine: {'line': b'-- Installing: /home/mcav/cam_dev_ws/install/pylon_ros2_camera_interfaces/share/pylon_ros2_camera_interfaces/srv/SetROI_Request.msg\n'}
[42.533235] (pylon_ros2_camera_interfaces) StdoutLine: {'line': b'-- Installing: /home/mcav/cam_dev_ws/install/pylon_ros2_camera_interfaces/share/pylon_ros2_camera_interfaces/srv/SetROI_Response.msg\n'}
[42.533498] (pylon_ros2_camera_interfaces) StdoutLine: {'line': b'-- Installing: /home/mcav/cam_dev_ws/install/pylon_ros2_camera_interfaces/share/pylon_ros2_camera_interfaces/srv/SetSleeping.srv\n'}
[42.533714] (pylon_ros2_camera_interfaces) StdoutLine: {'line': b'-- Installing: /home/mcav/cam_dev_ws/install/pylon_ros2_camera_interfaces/share/pylon_ros2_camera_interfaces/srv/SetSleeping_Request.msg\n'}
[42.533973] (pylon_ros2_camera_interfaces) StdoutLine: {'line': b'-- Installing: /home/mcav/cam_dev_ws/install/pylon_ros2_camera_interfaces/share/pylon_ros2_camera_interfaces/srv/SetSleeping_Response.msg\n'}
[42.534198] (pylon_ros2_camera_interfaces) StdoutLine: {'line': b'-- Installing: /home/mcav/cam_dev_ws/install/pylon_ros2_camera_interfaces/share/pylon_ros2_camera_interfaces/srv/SetWhiteBalance.srv\n'}
[42.534458] (pylon_ros2_camera_interfaces) StdoutLine: {'line': b'-- Installing: /home/mcav/cam_dev_ws/install/pylon_ros2_camera_interfaces/share/pylon_ros2_camera_interfaces/srv/SetWhiteBalance_Request.msg\n'}
[42.534684] (pylon_ros2_camera_interfaces) StdoutLine: {'line': b'-- Installing: /home/mcav/cam_dev_ws/install/pylon_ros2_camera_interfaces/share/pylon_ros2_camera_interfaces/srv/SetWhiteBalance_Response.msg\n'}
[42.534923] (pylon_ros2_camera_interfaces) StdoutLine: {'line': b'-- Installing: /home/mcav/cam_dev_ws/install/pylon_ros2_camera_interfaces/share/pylon_ros2_camera_interfaces/srv/SetIntegerValue.srv\n'}
[42.535189] (pylon_ros2_camera_interfaces) StdoutLine: {'line': b'-- Installing: /home/mcav/cam_dev_ws/install/pylon_ros2_camera_interfaces/share/pylon_ros2_camera_interfaces/srv/SetIntegerValue_Request.msg\n'}
[42.535405] (pylon_ros2_camera_interfaces) StdoutLine: {'line': b'-- Installing: /home/mcav/cam_dev_ws/install/pylon_ros2_camera_interfaces/share/pylon_ros2_camera_interfaces/srv/SetIntegerValue_Response.msg\n'}
[42.535614] (pylon_ros2_camera_interfaces) StdoutLine: {'line': b'-- Installing: /home/mcav/cam_dev_ws/install/pylon_ros2_camera_interfaces/share/pylon_ros2_camera_interfaces/srv/SetFloatValue.srv\n'}
[42.535855] (pylon_ros2_camera_interfaces) StdoutLine: {'line': b'-- Installing: /home/mcav/cam_dev_ws/install/pylon_ros2_camera_interfaces/share/pylon_ros2_camera_interfaces/srv/SetFloatValue_Request.msg\n'}
[42.536102] (pylon_ros2_camera_interfaces) StdoutLine: {'line': b'-- Installing: /home/mcav/cam_dev_ws/install/pylon_ros2_camera_interfaces/share/pylon_ros2_camera_interfaces/srv/SetFloatValue_Response.msg\n'}
[42.536364] (pylon_ros2_camera_interfaces) StdoutLine: {'line': b'-- Installing: /home/mcav/cam_dev_ws/install/pylon_ros2_camera_interfaces/share/pylon_ros2_camera_interfaces/srv/SetStringValue.srv\n'}
[42.536599] (pylon_ros2_camera_interfaces) StdoutLine: {'line': b'-- Installing: /home/mcav/cam_dev_ws/install/pylon_ros2_camera_interfaces/share/pylon_ros2_camera_interfaces/srv/SetStringValue_Request.msg\n'}
[42.536831] (pylon_ros2_camera_interfaces) StdoutLine: {'line': b'-- Installing: /home/mcav/cam_dev_ws/install/pylon_ros2_camera_interfaces/share/pylon_ros2_camera_interfaces/srv/SetStringValue_Response.msg\n'}
[42.537078] (pylon_ros2_camera_interfaces) StdoutLine: {'line': b'-- Installing: /home/mcav/cam_dev_ws/install/pylon_ros2_camera_interfaces/share/pylon_ros2_camera_interfaces/srv/SetActionTriggerConfiguration.srv\n'}
[42.537333] (pylon_ros2_camera_interfaces) StdoutLine: {'line': b'-- Installing: /home/mcav/cam_dev_ws/install/pylon_ros2_camera_interfaces/share/pylon_ros2_camera_interfaces/srv/SetActionTriggerConfiguration_Request.msg\n'}
[42.537532] (pylon_ros2_camera_interfaces) StdoutLine: {'line': b'-- Installing: /home/mcav/cam_dev_ws/install/pylon_ros2_camera_interfaces/share/pylon_ros2_camera_interfaces/srv/SetActionTriggerConfiguration_Response.msg\n'}
[42.537813] (pylon_ros2_camera_interfaces) StdoutLine: {'line': b'-- Installing: /home/mcav/cam_dev_ws/install/pylon_ros2_camera_interfaces/share/pylon_ros2_camera_interfaces/srv/IssueActionCommand.srv\n'}
[42.538031] (pylon_ros2_camera_interfaces) StdoutLine: {'line': b'-- Installing: /home/mcav/cam_dev_ws/install/pylon_ros2_camera_interfaces/share/pylon_ros2_camera_interfaces/srv/IssueActionCommand_Request.msg\n'}
[42.538278] (pylon_ros2_camera_interfaces) StdoutLine: {'line': b'-- Installing: /home/mcav/cam_dev_ws/install/pylon_ros2_camera_interfaces/share/pylon_ros2_camera_interfaces/srv/IssueActionCommand_Response.msg\n'}
[42.538502] (pylon_ros2_camera_interfaces) StdoutLine: {'line': b'-- Installing: /home/mcav/cam_dev_ws/install/pylon_ros2_camera_interfaces/share/pylon_ros2_camera_interfaces/srv/IssueScheduledActionCommand.srv\n'}
[42.538750] (pylon_ros2_camera_interfaces) StdoutLine: {'line': b'-- Installing: /home/mcav/cam_dev_ws/install/pylon_ros2_camera_interfaces/share/pylon_ros2_camera_interfaces/srv/IssueScheduledActionCommand_Request.msg\n'}
[42.538967] (pylon_ros2_camera_interfaces) StdoutLine: {'line': b'-- Installing: /home/mcav/cam_dev_ws/install/pylon_ros2_camera_interfaces/share/pylon_ros2_camera_interfaces/srv/IssueScheduledActionCommand_Response.msg\n'}
[42.539231] (pylon_ros2_camera_interfaces) StdoutLine: {'line': b'-- Installing: /home/mcav/cam_dev_ws/install/pylon_ros2_camera_interfaces/share/pylon_ros2_camera_interfaces/action/GrabImages.action\n'}
[42.539454] (pylon_ros2_camera_interfaces) StdoutLine: {'line': b'-- Installing: /home/mcav/cam_dev_ws/install/pylon_ros2_camera_interfaces/share/pylon_ros2_camera_interfaces/action/GrabBlazeData.action\n'}
[42.539774] (pylon_ros2_camera_interfaces) StdoutLine: {'line': b'-- Installing: /home/mcav/cam_dev_ws/install/pylon_ros2_camera_interfaces/share/ament_index/resource_index/package_run_dependencies/pylon_ros2_camera_interfaces\n'}
[42.540058] (pylon_ros2_camera_interfaces) StdoutLine: {'line': b'-- Installing: /home/mcav/cam_dev_ws/install/pylon_ros2_camera_interfaces/share/ament_index/resource_index/parent_prefix_path/pylon_ros2_camera_interfaces\n'}
[42.540295] (pylon_ros2_camera_interfaces) StdoutLine: {'line': b'-- Installing: /home/mcav/cam_dev_ws/install/pylon_ros2_camera_interfaces/share/pylon_ros2_camera_interfaces/environment/ament_prefix_path.sh\n'}
[42.540516] (pylon_ros2_camera_interfaces) StdoutLine: {'line': b'-- Installing: /home/mcav/cam_dev_ws/install/pylon_ros2_camera_interfaces/share/pylon_ros2_camera_interfaces/environment/ament_prefix_path.dsv\n'}
[42.540779] (pylon_ros2_camera_interfaces) StdoutLine: {'line': b'-- Installing: /home/mcav/cam_dev_ws/install/pylon_ros2_camera_interfaces/share/pylon_ros2_camera_interfaces/environment/path.sh\n'}
[42.540991] (pylon_ros2_camera_interfaces) StdoutLine: {'line': b'-- Installing: /home/mcav/cam_dev_ws/install/pylon_ros2_camera_interfaces/share/pylon_ros2_camera_interfaces/environment/path.dsv\n'}
[42.541226] (pylon_ros2_camera_interfaces) StdoutLine: {'line': b'-- Installing: /home/mcav/cam_dev_ws/install/pylon_ros2_camera_interfaces/share/pylon_ros2_camera_interfaces/local_setup.bash\n'}
[42.541491] (pylon_ros2_camera_interfaces) StdoutLine: {'line': b'-- Installing: /home/mcav/cam_dev_ws/install/pylon_ros2_camera_interfaces/share/pylon_ros2_camera_interfaces/local_setup.sh\n'}
[42.541731] (pylon_ros2_camera_interfaces) StdoutLine: {'line': b'-- Installing: /home/mcav/cam_dev_ws/install/pylon_ros2_camera_interfaces/share/pylon_ros2_camera_interfaces/local_setup.zsh\n'}
[42.541977] (pylon_ros2_camera_interfaces) StdoutLine: {'line': b'-- Installing: /home/mcav/cam_dev_ws/install/pylon_ros2_camera_interfaces/share/pylon_ros2_camera_interfaces/local_setup.dsv\n'}
[42.542202] (pylon_ros2_camera_interfaces) StdoutLine: {'line': b'-- Installing: /home/mcav/cam_dev_ws/install/pylon_ros2_camera_interfaces/share/pylon_ros2_camera_interfaces/package.dsv\n'}
[42.542500] (pylon_ros2_camera_interfaces) StdoutLine: {'line': b'-- Installing: /home/mcav/cam_dev_ws/install/pylon_ros2_camera_interfaces/share/ament_index/resource_index/packages/pylon_ros2_camera_interfaces\n'}
[42.542847] (pylon_ros2_camera_interfaces) StdoutLine: {'line': b'-- Installing: /home/mcav/cam_dev_ws/install/pylon_ros2_camera_interfaces/share/pylon_ros2_camera_interfaces/cmake/export_pylon_ros2_camera_interfaces__rosidl_generator_cExport.cmake\n'}
[42.543132] (pylon_ros2_camera_interfaces) StdoutLine: {'line': b'-- Installing: /home/mcav/cam_dev_ws/install/pylon_ros2_camera_interfaces/share/pylon_ros2_camera_interfaces/cmake/export_pylon_ros2_camera_interfaces__rosidl_generator_cExport-noconfig.cmake\n'}
[42.543473] (pylon_ros2_camera_interfaces) StdoutLine: {'line': b'-- Installing: /home/mcav/cam_dev_ws/install/pylon_ros2_camera_interfaces/share/pylon_ros2_camera_interfaces/cmake/export_pylon_ros2_camera_interfaces__rosidl_typesupport_fastrtps_cExport.cmake\n'}
[42.543760] (pylon_ros2_camera_interfaces) StdoutLine: {'line': b'-- Installing: /home/mcav/cam_dev_ws/install/pylon_ros2_camera_interfaces/share/pylon_ros2_camera_interfaces/cmake/export_pylon_ros2_camera_interfaces__rosidl_typesupport_fastrtps_cExport-noconfig.cmake\n'}
[42.544088] (pylon_ros2_camera_interfaces) StdoutLine: {'line': b'-- Installing: /home/mcav/cam_dev_ws/install/pylon_ros2_camera_interfaces/share/pylon_ros2_camera_interfaces/cmake/export_pylon_ros2_camera_interfaces__rosidl_generator_cppExport.cmake\n'}
[42.544348] (pylon_ros2_camera_interfaces) StdoutLine: {'line': b'-- Installing: /home/mcav/cam_dev_ws/install/pylon_ros2_camera_interfaces/share/pylon_ros2_camera_interfaces/cmake/export_pylon_ros2_camera_interfaces__rosidl_typesupport_fastrtps_cppExport.cmake\n'}
[42.544577] (pylon_ros2_camera_interfaces) StdoutLine: {'line': b'-- Installing: /home/mcav/cam_dev_ws/install/pylon_ros2_camera_interfaces/share/pylon_ros2_camera_interfaces/cmake/export_pylon_ros2_camera_interfaces__rosidl_typesupport_fastrtps_cppExport-noconfig.cmake\n'}
[42.544799] (pylon_ros2_camera_interfaces) StdoutLine: {'line': b'-- Installing: /home/mcav/cam_dev_ws/install/pylon_ros2_camera_interfaces/share/pylon_ros2_camera_interfaces/cmake/pylon_ros2_camera_interfaces__rosidl_typesupport_introspection_cExport.cmake\n'}
[42.545071] (pylon_ros2_camera_interfaces) StdoutLine: {'line': b'-- Installing: /home/mcav/cam_dev_ws/install/pylon_ros2_camera_interfaces/share/pylon_ros2_camera_interfaces/cmake/pylon_ros2_camera_interfaces__rosidl_typesupport_introspection_cExport-noconfig.cmake\n'}
[42.545209] (pylon_ros2_camera_interfaces) StdoutLine: {'line': b'-- Installing: /home/mcav/cam_dev_ws/install/pylon_ros2_camera_interfaces/share/pylon_ros2_camera_interfaces/cmake/pylon_ros2_camera_interfaces__rosidl_typesupport_cExport.cmake\n'}
[42.545406] (pylon_ros2_camera_interfaces) StdoutLine: {'line': b'-- Installing: /home/mcav/cam_dev_ws/install/pylon_ros2_camera_interfaces/share/pylon_ros2_camera_interfaces/cmake/pylon_ros2_camera_interfaces__rosidl_typesupport_cExport-noconfig.cmake\n'}
[42.545663] (pylon_ros2_camera_interfaces) StdoutLine: {'line': b'-- Installing: /home/mcav/cam_dev_ws/install/pylon_ros2_camera_interfaces/share/pylon_ros2_camera_interfaces/cmake/pylon_ros2_camera_interfaces__rosidl_typesupport_introspection_cppExport.cmake\n'}
[42.545934] (pylon_ros2_camera_interfaces) StdoutLine: {'line': b'-- Installing: /home/mcav/cam_dev_ws/install/pylon_ros2_camera_interfaces/share/pylon_ros2_camera_interfaces/cmake/pylon_ros2_camera_interfaces__rosidl_typesupport_introspection_cppExport-noconfig.cmake\n'}
[42.546119] (pylon_ros2_camera_interfaces) StdoutLine: {'line': b'-- Installing: /home/mcav/cam_dev_ws/install/pylon_ros2_camera_interfaces/share/pylon_ros2_camera_interfaces/cmake/pylon_ros2_camera_interfaces__rosidl_typesupport_cppExport.cmake\n'}
[42.546302] (pylon_ros2_camera_interfaces) StdoutLine: {'line': b'-- Installing: /home/mcav/cam_dev_ws/install/pylon_ros2_camera_interfaces/share/pylon_ros2_camera_interfaces/cmake/pylon_ros2_camera_interfaces__rosidl_typesupport_cppExport-noconfig.cmake\n'}
[42.546483] (pylon_ros2_camera_interfaces) StdoutLine: {'line': b'-- Installing: /home/mcav/cam_dev_ws/install/pylon_ros2_camera_interfaces/share/pylon_ros2_camera_interfaces/cmake/export_pylon_ros2_camera_interfaces__rosidl_generator_pyExport.cmake\n'}
[42.546675] (pylon_ros2_camera_interfaces) StdoutLine: {'line': b'-- Installing: /home/mcav/cam_dev_ws/install/pylon_ros2_camera_interfaces/share/pylon_ros2_camera_interfaces/cmake/export_pylon_ros2_camera_interfaces__rosidl_generator_pyExport-noconfig.cmake\n'}
[42.546878] (pylon_ros2_camera_interfaces) StdoutLine: {'line': b'-- Installing: /home/mcav/cam_dev_ws/install/pylon_ros2_camera_interfaces/share/pylon_ros2_camera_interfaces/cmake/rosidl_cmake-extras.cmake\n'}
[42.547052] (pylon_ros2_camera_interfaces) StdoutLine: {'line': b'-- Installing: /home/mcav/cam_dev_ws/install/pylon_ros2_camera_interfaces/share/pylon_ros2_camera_interfaces/cmake/ament_cmake_export_dependencies-extras.cmake\n'}
[42.547189] (pylon_ros2_camera_interfaces) StdoutLine: {'line': b'-- Installing: /home/mcav/cam_dev_ws/install/pylon_ros2_camera_interfaces/share/pylon_ros2_camera_interfaces/cmake/ament_cmake_export_include_directories-extras.cmake\n'}
[42.547413] (pylon_ros2_camera_interfaces) StdoutLine: {'line': b'-- Installing: /home/mcav/cam_dev_ws/install/pylon_ros2_camera_interfaces/share/pylon_ros2_camera_interfaces/cmake/ament_cmake_export_libraries-extras.cmake\n'}
[42.547644] (pylon_ros2_camera_interfaces) StdoutLine: {'line': b'-- Installing: /home/mcav/cam_dev_ws/install/pylon_ros2_camera_interfaces/share/pylon_ros2_camera_interfaces/cmake/ament_cmake_export_targets-extras.cmake\n'}
[42.547809] (pylon_ros2_camera_interfaces) StdoutLine: {'line': b'-- Installing: /home/mcav/cam_dev_ws/install/pylon_ros2_camera_interfaces/share/pylon_ros2_camera_interfaces/cmake/rosidl_cmake_export_typesupport_targets-extras.cmake\n'}
[42.547991] (pylon_ros2_camera_interfaces) StdoutLine: {'line': b'-- Installing: /home/mcav/cam_dev_ws/install/pylon_ros2_camera_interfaces/share/pylon_ros2_camera_interfaces/cmake/rosidl_cmake_export_typesupport_libraries-extras.cmake\n'}
[42.548202] (pylon_ros2_camera_interfaces) StdoutLine: {'line': b'-- Installing: /home/mcav/cam_dev_ws/install/pylon_ros2_camera_interfaces/share/pylon_ros2_camera_interfaces/cmake/rosidl_cmake_aggregate_target-extras.cmake\n'}
[42.548396] (pylon_ros2_camera_interfaces) StdoutLine: {'line': b'-- Installing: /home/mcav/cam_dev_ws/install/pylon_ros2_camera_interfaces/share/pylon_ros2_camera_interfaces/cmake/pylon_ros2_camera_interfacesConfig.cmake\n'}
[42.548530] (pylon_ros2_camera_interfaces) StdoutLine: {'line': b'-- Installing: /home/mcav/cam_dev_ws/install/pylon_ros2_camera_interfaces/share/pylon_ros2_camera_interfaces/cmake/pylon_ros2_camera_interfacesConfig-version.cmake\n'}
[42.548741] (pylon_ros2_camera_interfaces) StdoutLine: {'line': b'-- Installing: /home/mcav/cam_dev_ws/install/pylon_ros2_camera_interfaces/share/pylon_ros2_camera_interfaces/package.xml\n'}
[42.551541] (pylon_ros2_camera_interfaces) CommandEnded: {'returncode': 0}
[42.554436] (-) TimerEvent: {}
[42.584241] (pylon_ros2_camera_interfaces) JobEnded: {'identifier': 'pylon_ros2_camera_interfaces', 'rc': 0}
[42.586003] (pylon_ros2_camera_component) JobStarted: {'identifier': 'pylon_ros2_camera_component'}
[42.595818] (pylon_ros2_camera_component) JobProgress: {'identifier': 'pylon_ros2_camera_component', 'progress': 'cmake'}
[42.596381] (pylon_ros2_camera_component) Command: {'cmd': ['/opt/cmake-3.27/bin/cmake', '/home/mcav/cam_dev_ws/src/pylon_ros2_camera/pylon_ros2_camera_component', '-DCMAKE_INSTALL_PREFIX=/home/mcav/cam_dev_ws/install/pylon_ros2_camera_component'], 'cwd': '/home/mcav/cam_dev_ws/build/pylon_ros2_camera_component', 'env': OrderedDict([('LESSOPEN', '| /usr/bin/lesspipe %s'), ('USER', 'mcav'), ('SSH_CLIENT', '172.20.10.6 62398 22'), ('CCACHE_DIR', '/var/tmp/ccache'), ('CMAKE_COMMAND', '/opt/cmake-3.27/bin/cmake'), ('XDG_SESSION_TYPE', 'tty'), ('SHLVL', '1'), ('LD_LIBRARY_PATH', '/home/mcav/cam_dev_ws/install/pylon_ros2_camera_interfaces/lib:/usr/local/cuda/lib64:/usr/local/cuda/lib64:/opt/ros/humble/opt/rviz_ogre_vendor/lib:/opt/ros/humble/lib/x86_64-linux-gnu:/opt/ros/humble/lib'), ('MOTD_SHOWN', 'pam'), ('HOME', '/home/mcav'), ('OLDPWD', '/home/mcav/cam_dev_ws/src'), ('SSH_TTY', '/dev/pts/1'), ('ROS_PYTHON_VERSION', '3'), ('DBUS_SESSION_BUS_ADDRESS', 'unix:path=/run/user/1000/bus'), ('ROS_DISTRO', 'humble'), ('LOGNAME', 'mcav'), ('_', '/usr/bin/colcon'), ('ROS_VERSION', '2'), ('XDG_SESSION_CLASS', 'user'), ('TERM', 'xterm-ghostty'), ('XDG_SESSION_ID', '3'), ('ROS_LOCALHOST_ONLY', '0'), ('PATH', '/opt/cmake-3.27/bin:/home/mcav/.local/bin:/home/mcav/bin:/usr/local/cuda/bin:/usr/local/cuda/bin:/opt/ros/humble/bin:/usr/local/sbin:/usr/local/bin:/usr/sbin:/usr/bin:/sbin:/bin:/usr/games:/usr/local/games:/snap/bin:/home/mcav/.local/bin:/home/mcav/.local/bin'), ('XDG_RUNTIME_DIR', '/run/user/1000'), ('LANG', 'en_US.UTF-8'), ('RMW_IMPLEMENTATION', 'rmw_cyclonedds_cpp'), ('LS_COLORS', 'rs=0:di=01;34:ln=01;36:mh=00:pi=40;33:so=01;35:do=01;35:bd=40;33;01:cd=40;33;01:or=40;31;01:mi=00:su=37;41:sg=30;43:ca=30;41:tw=30;42:ow=34;42:st=37;44:ex=01;32:*.tar=01;31:*.tgz=01;31:*.arc=01;31:*.arj=01;31:*.taz=01;31:*.lha=01;31:*.lz4=01;31:*.lzh=01;31:*.lzma=01;31:*.tlz=01;31:*.txz=01;31:*.tzo=01;31:*.t7z=01;31:*.zip=01;31:*.z=01;31:*.dz=01;31:*.gz=01;31:*.lrz=01;31:*.lz=01;31:*.lzo=01;31:*.xz=01;31:*.zst=01;31:*.tzst=01;31:*.bz2=01;31:*.bz=01;31:*.tbz=01;31:*.tbz2=01;31:*.tz=01;31:*.deb=01;31:*.rpm=01;31:*.jar=01;31:*.war=01;31:*.ear=01;31:*.sar=01;31:*.rar=01;31:*.alz=01;31:*.ace=01;31:*.zoo=01;31:*.cpio=01;31:*.7z=01;31:*.rz=01;31:*.cab=01;31:*.wim=01;31:*.swm=01;31:*.dwm=01;31:*.esd=01;31:*.jpg=01;35:*.jpeg=01;35:*.mjpg=01;35:*.mjpeg=01;35:*.gif=01;35:*.bmp=01;35:*.pbm=01;35:*.pgm=01;35:*.ppm=01;35:*.tga=01;35:*.xbm=01;35:*.xpm=01;35:*.tif=01;35:*.tiff=01;35:*.png=01;35:*.svg=01;35:*.svgz=01;35:*.mng=01;35:*.pcx=01;35:*.mov=01;35:*.mpg=01;35:*.mpeg=01;35:*.m2v=01;35:*.mkv=01;35:*.webm=01;35:*.webp=01;35:*.ogm=01;35:*.mp4=01;35:*.m4v=01;35:*.mp4v=01;35:*.vob=01;35:*.qt=01;35:*.nuv=01;35:*.wmv=01;35:*.asf=01;35:*.rm=01;35:*.rmvb=01;35:*.flc=01;35:*.avi=01;35:*.fli=01;35:*.flv=01;35:*.gl=01;35:*.dl=01;35:*.xcf=01;35:*.xwd=01;35:*.yuv=01;35:*.cgm=01;35:*.emf=01;35:*.ogv=01;35:*.ogx=01;35:*.aac=00;36:*.au=00;36:*.flac=00;36:*.m4a=00;36:*.mid=00;36:*.midi=00;36:*.mka=00;36:*.mp3=00;36:*.mpc=00;36:*.ogg=00;36:*.ra=00;36:*.wav=00;36:*.oga=00;36:*.opus=00;36:*.spx=00;36:*.xspf=00;36:'), ('AMENT_PREFIX_PATH', '/home/mcav/cam_dev_ws/install/pylon_ros2_camera_interfaces:/opt/ros/humble'), ('SHELL', '/bin/bash'), ('CXX', '/usr/lib/ccache/g++'), ('LESSCLOSE', '/usr/bin/lesspipe %s %s'), ('PWD', '/home/mcav/cam_dev_ws/build/pylon_ros2_camera_component'), ('LC_ALL', 'en_US.UTF-8'), ('SSH_CONNECTION', '172.20.10.6 62398 172.20.10.14 22'), ('PYLON_ROOT', '/opt/pylon'), ('XDG_DATA_DIRS', '/usr/share/gnome:/usr/local/share:/usr/share:/var/lib/snapd/desktop'), ('PYTHONPATH', '/home/mcav/cam_dev_ws/install/pylon_ros2_camera_interfaces/local/lib/python3.10/dist-packages:/opt/ros/humble/lib/python3.10/site-packages:/opt/ros/humble/local/lib/python3.10/dist-packages'), ('CC', '/usr/lib/ccache/gcc'), ('COLCON', '1'), ('GENICAM_GENTL64_PATH', ':/opt/pylon/lib/gentlproducer/gtl:/opt/pylon/lib/pylonCXP/bin/'), ('CMAKE_PREFIX_PATH', '/home/mcav/cam_dev_ws/install/pylon_ros2_camera_interfaces:/opt/ros/humble')]), 'shell': False}
[42.654557] (-) TimerEvent: {}
[42.662873] (pylon_ros2_camera_component) StdoutLine: {'line': b'-- The C compiler identification is GNU 11.4.0\n'}
[42.745314] (pylon_ros2_camera_component) StdoutLine: {'line': b'-- The CXX compiler identification is GNU 11.4.0\n'}
[42.754664] (-) TimerEvent: {}
[42.769218] (pylon_ros2_camera_component) StdoutLine: {'line': b'-- Detecting C compiler ABI info\n'}
[42.833128] (pylon_ros2_camera_component) StdoutLine: {'line': b'-- Detecting C compiler ABI info - done\n'}
[42.848801] (pylon_ros2_camera_component) StdoutLine: {'line': b'-- Check for working C compiler: /usr/lib/ccache/gcc - skipped\n'}
[42.849118] (pylon_ros2_camera_component) StdoutLine: {'line': b'-- Detecting C compile features\n'}
[42.849541] (pylon_ros2_camera_component) StdoutLine: {'line': b'-- Detecting C compile features - done\n'}
[42.854742] (-) TimerEvent: {}
[42.864726] (pylon_ros2_camera_component) StdoutLine: {'line': b'-- Detecting CXX compiler ABI info\n'}
[42.943293] (pylon_ros2_camera_component) StdoutLine: {'line': b'-- Detecting CXX compiler ABI info - done\n'}
[42.954861] (-) TimerEvent: {}
[42.960557] (pylon_ros2_camera_component) StdoutLine: {'line': b'-- Check for working CXX compiler: /usr/lib/ccache/g++ - skipped\n'}
[42.961054] (pylon_ros2_camera_component) StdoutLine: {'line': b'-- Detecting CXX compile features\n'}
[42.961760] (pylon_ros2_camera_component) StdoutLine: {'line': b'-- Detecting CXX compile features - done\n'}
[42.978413] (pylon_ros2_camera_component) StdoutLine: {'line': b'-- Pylon blaze support: DISABLED (pylon/BlazeInstantCamera.h not found)\n'}
[42.980903] (pylon_ros2_camera_component) StdoutLine: {'line': b'-- Found ament_cmake: 1.3.14 (/opt/ros/humble/share/ament_cmake/cmake)\n'}
[43.054954] (-) TimerEvent: {}
[43.153917] (pylon_ros2_camera_component) StdoutLine: {'line': b'-- Found Python3: /usr/bin/python3 (found version "3.10.12") found components: Interpreter \n'}
[43.155019] (-) TimerEvent: {}
[43.255235] (-) TimerEvent: {}
[43.282680] (pylon_ros2_camera_component) StdoutLine: {'line': b'-- Found pylon_ros2_camera_interfaces: 1.1.0 (/home/mcav/cam_dev_ws/install/pylon_ros2_camera_interfaces/share/pylon_ros2_camera_interfaces/cmake)\n'}
[43.338737] (pylon_ros2_camera_component) StdoutLine: {'line': b'-- Found rosidl_generator_c: 3.1.9 (/opt/ros/humble/share/rosidl_generator_c/cmake)\n'}
[43.348912] (pylon_ros2_camera_component) StdoutLine: {'line': b'-- Found rosidl_adapter: 3.1.9 (/opt/ros/humble/share/rosidl_adapter/cmake)\n'}
[43.355379] (-) TimerEvent: {}
[43.366665] (pylon_ros2_camera_component) StdoutLine: {'line': b'-- Found rosidl_generator_cpp: 3.1.9 (/opt/ros/humble/share/rosidl_generator_cpp/cmake)\n'}
[43.388149] (pylon_ros2_camera_component) StdoutLine: {'line': b'-- Using all available rosidl_typesupport_c: rosidl_typesupport_fastrtps_c;rosidl_typesupport_introspection_c\n'}
[43.421430] (pylon_ros2_camera_component) StdoutLine: {'line': b'-- Using all available rosidl_typesupport_cpp: rosidl_typesupport_fastrtps_cpp;rosidl_typesupport_introspection_cpp\n'}
[43.455512] (-) TimerEvent: {}
[43.555816] (-) TimerEvent: {}
[43.656141] (-) TimerEvent: {}
[43.719349] (pylon_ros2_camera_component) StdoutLine: {'line': b'-- Found rclcpp: 16.0.19 (/opt/ros/humble/share/rclcpp/cmake)\n'}
[43.756242] (-) TimerEvent: {}
[43.810419] (pylon_ros2_camera_component) StdoutLine: {'line': b'-- Found rmw_implementation_cmake: 6.1.2 (/opt/ros/humble/share/rmw_implementation_cmake/cmake)\n'}
[43.817122] (pylon_ros2_camera_component) StdoutLine: {'line': b'-- Found rmw_cyclonedds_cpp: 1.3.4 (/opt/ros/humble/share/rmw_cyclonedds_cpp/cmake)\n'}
[43.856358] (-) TimerEvent: {}
[43.866644] (pylon_ros2_camera_component) StdoutLine: {'line': b"-- Using RMW implementation 'rmw_cyclonedds_cpp' as default\n"}
[43.888708] (pylon_ros2_camera_component) StdoutLine: {'line': b'-- Performing Test CMAKE_HAVE_LIBC_PTHREAD\n'}
[43.956486] (-) TimerEvent: {}
[43.998832] (pylon_ros2_camera_component) StdoutLine: {'line': b'-- Performing Test CMAKE_HAVE_LIBC_PTHREAD - Success\n'}
[44.000011] (pylon_ros2_camera_component) StdoutLine: {'line': b'-- Found Threads: TRUE  \n'}
[44.056592] (-) TimerEvent: {}
[44.112304] (pylon_ros2_camera_component) StdoutLine: {'line': b'-- Found rclcpp_action: 16.0.19 (/opt/ros/humble/share/rclcpp_action/cmake)\n'}
[44.142407] (pylon_ros2_camera_component) StdoutLine: {'line': b'-- Found rclcpp_components: 16.0.19 (/opt/ros/humble/share/rclcpp_components/cmake)\n'}
[44.156687] (-) TimerEvent: {}
[44.204438] (pylon_ros2_camera_component) StdoutLine: {'line': b'-- Found cv_bridge: 3.2.1 (/opt/ros/humble/share/cv_bridge/cmake)\n'}
[44.234675] (pylon_ros2_camera_component) StdoutLine: {'line': b'-- Found pcl_ros: 2.4.5 (/opt/ros/humble/share/pcl_ros/cmake)\n'}
[44.256799] (-) TimerEvent: {}
[44.339668] (pylon_ros2_camera_component) StderrLine: {'line': b'CMake Warning (dev) at /usr/lib/x86_64-linux-gnu/cmake/pcl/PCLConfig.cmake:146 (find_package):\n'}
[44.339884] (pylon_ros2_camera_component) StderrLine: {'line': b'  Policy CMP0144 is not set: find_package uses upper-case <PACKAGENAME>_ROOT\n'}
[44.340000] (pylon_ros2_camera_component) StderrLine: {'line': b'  variables.  Run "cmake --help-policy CMP0144" for policy details.  Use the\n'}
[44.340107] (pylon_ros2_camera_component) StderrLine: {'line': b'  cmake_policy command to set the policy and suppress this warning.\n'}
[44.340241] (pylon_ros2_camera_component) StderrLine: {'line': b'\n'}
[44.340345] (pylon_ros2_camera_component) StderrLine: {'line': b'  CMake variable EIGEN_ROOT is set to:\n'}
[44.340450] (pylon_ros2_camera_component) StderrLine: {'line': b'\n'}
[44.340554] (pylon_ros2_camera_component) StderrLine: {'line': b'    /usr/include/eigen3\n'}
[44.340667] (pylon_ros2_camera_component) StderrLine: {'line': b'\n'}
[44.340771] (pylon_ros2_camera_component) StderrLine: {'line': b'  For compatibility, find_package is ignoring the variable, but code in a\n'}
[44.340889] (pylon_ros2_camera_component) StderrLine: {'line': b'  .cmake module might still use it.\n'}
[44.340990] (pylon_ros2_camera_component) StderrLine: {'line': b'Call Stack (most recent call first):\n'}
[44.341137] (pylon_ros2_camera_component) StderrLine: {'line': b'  /usr/lib/x86_64-linux-gnu/cmake/pcl/PCLConfig.cmake:299 (find_eigen)\n'}
[44.341241] (pylon_ros2_camera_component) StderrLine: {'line': b'  /usr/lib/x86_64-linux-gnu/cmake/pcl/PCLConfig.cmake:543 (find_external_library)\n'}
[44.341360] (pylon_ros2_camera_component) StderrLine: {'line': b'  /opt/ros/humble/share/pcl_conversions/cmake/ament_cmake_export_dependencies-extras.cmake:21 (find_package)\n'}
[44.341480] (pylon_ros2_camera_component) StderrLine: {'line': b'  /opt/ros/humble/share/pcl_conversions/cmake/pcl_conversionsConfig.cmake:41 (include)\n'}
[44.341584] (pylon_ros2_camera_component) StderrLine: {'line': b'  /opt/ros/humble/share/pcl_ros/cmake/ament_cmake_export_dependencies-extras.cmake:21 (find_package)\n'}
[44.341720] (pylon_ros2_camera_component) StderrLine: {'line': b'  /opt/ros/humble/share/pcl_ros/cmake/pcl_rosConfig.cmake:41 (include)\n'}
[44.341823] (pylon_ros2_camera_component) StderrLine: {'line': b'  CMakeLists.txt:63 (find_package)\n'}
[44.341890] (pylon_ros2_camera_component) StderrLine: {'line': b'This warning is for project developers.  Use -Wno-dev to suppress it.\n'}
[44.341983] (pylon_ros2_camera_component) StderrLine: {'line': b'\n'}
[44.348411] (pylon_ros2_camera_component) StdoutLine: {'line': b"-- Checking for module 'eigen3'\n"}
[44.356894] (-) TimerEvent: {}
[44.364804] (pylon_ros2_camera_component) StdoutLine: {'line': b'--   Found eigen3, version 3.4.0\n'}
[44.400049] (pylon_ros2_camera_component) StdoutLine: {'line': b'-- Found Eigen: /usr/include/eigen3 (Required is at least version "3.1") \n'}
[44.400408] (pylon_ros2_camera_component) StdoutLine: {'line': b'-- Eigen found (include: /usr/include/eigen3, version: 3.4.0)\n'}
[44.457002] (-) TimerEvent: {}
[44.463388] (pylon_ros2_camera_component) StderrLine: {'line': b'CMake Warning (dev) at /usr/lib/x86_64-linux-gnu/cmake/pcl/Modules/FindFLANN.cmake:44 (find_package):\n'}
[44.463543] (pylon_ros2_camera_component) StderrLine: {'line': b'  Policy CMP0144 is not set: find_package uses upper-case <PACKAGENAME>_ROOT\n'}
[44.463612] (pylon_ros2_camera_component) StderrLine: {'line': b'  variables.  Run "cmake --help-policy CMP0144" for policy details.  Use the\n'}
[44.463703] (pylon_ros2_camera_component) StderrLine: {'line': b'  cmake_policy command to set the policy and suppress this warning.\n'}
[44.463765] (pylon_ros2_camera_component) StderrLine: {'line': b'\n'}
[44.463832] (pylon_ros2_camera_component) StderrLine: {'line': b'  CMake variable FLANN_ROOT is set to:\n'}
[44.463891] (pylon_ros2_camera_component) StderrLine: {'line': b'\n'}
[44.463963] (pylon_ros2_camera_component) StderrLine: {'line': b'    /usr\n'}
[44.464061] (pylon_ros2_camera_component) StderrLine: {'line': b'\n'}
[44.464121] (pylon_ros2_camera_component) StderrLine: {'line': b'  For compatibility, find_package is ignoring the variable, but code in a\n'}
[44.464182] (pylon_ros2_camera_component) StderrLine: {'line': b'  .cmake module might still use it.\n'}
[44.464242] (pylon_ros2_camera_component) StderrLine: {'line': b'Call Stack (most recent call first):\n'}
[44.464312] (pylon_ros2_camera_component) StderrLine: {'line': b'  /usr/lib/x86_64-linux-gnu/cmake/pcl/PCLConfig.cmake:256 (find_package)\n'}
[44.464387] (pylon_ros2_camera_component) StderrLine: {'line': b'  /usr/lib/x86_64-linux-gnu/cmake/pcl/PCLConfig.cmake:301 (find_flann)\n'}
[44.464465] (pylon_ros2_camera_component) StderrLine: {'line': b'  /usr/lib/x86_64-linux-gnu/cmake/pcl/PCLConfig.cmake:543 (find_external_library)\n'}
[44.464550] (pylon_ros2_camera_component) StderrLine: {'line': b'  /opt/ros/humble/share/pcl_conversions/cmake/ament_cmake_export_dependencies-extras.cmake:21 (find_package)\n'}
[44.464619] (pylon_ros2_camera_component) StderrLine: {'line': b'  /opt/ros/humble/share/pcl_conversions/cmake/pcl_conversionsConfig.cmake:41 (include)\n'}
[44.464681] (pylon_ros2_camera_component) StderrLine: {'line': b'  /opt/ros/humble/share/pcl_ros/cmake/ament_cmake_export_dependencies-extras.cmake:21 (find_package)\n'}
[44.464744] (pylon_ros2_camera_component) StderrLine: {'line': b'  /opt/ros/humble/share/pcl_ros/cmake/pcl_rosConfig.cmake:41 (include)\n'}
[44.464812] (pylon_ros2_camera_component) StderrLine: {'line': b'  CMakeLists.txt:63 (find_package)\n'}
[44.464902] (pylon_ros2_camera_component) StderrLine: {'line': b'This warning is for project developers.  Use -Wno-dev to suppress it.\n'}
[44.464964] (pylon_ros2_camera_component) StderrLine: {'line': b'\n'}
[44.487580] (pylon_ros2_camera_component) StdoutLine: {'line': b"-- Checking for module 'flann'\n"}
[44.504168] (pylon_ros2_camera_component) StdoutLine: {'line': b'--   Found flann, version 1.9.1\n'}
[44.557168] (-) TimerEvent: {}
[44.561570] (pylon_ros2_camera_component) StdoutLine: {'line': b'-- Found FLANN: /usr/lib/x86_64-linux-gnu/libflann_cpp.so  \n'}
[44.561836] (pylon_ros2_camera_component) StdoutLine: {'line': b'-- FLANN found (include: /usr/include, lib: /usr/lib/x86_64-linux-gnu/libflann_cpp.so)\n'}
[44.657274] (-) TimerEvent: {}
[44.757668] (-) TimerEvent: {}
[44.858007] (-) TimerEvent: {}
[44.958469] (-) TimerEvent: {}
[45.058917] (-) TimerEvent: {}
[45.159264] (-) TimerEvent: {}
[45.259599] (-) TimerEvent: {}
[45.359878] (-) TimerEvent: {}
[45.460138] (-) TimerEvent: {}
[45.560421] (-) TimerEvent: {}
[45.660752] (-) TimerEvent: {}
[45.761063] (-) TimerEvent: {}
[45.861346] (-) TimerEvent: {}
[45.961692] (-) TimerEvent: {}
[46.061952] (-) TimerEvent: {}
[46.162254] (-) TimerEvent: {}
[46.262677] (-) TimerEvent: {}
[46.363098] (-) TimerEvent: {}
[46.383954] (pylon_ros2_camera_component) StdoutLine: {'line': b"-- Checking for module 'libusb-1.0'\n"}
[46.402437] (pylon_ros2_camera_component) StdoutLine: {'line': b'--   Found libusb-1.0, version 1.0.25\n'}
[46.450149] (pylon_ros2_camera_component) StdoutLine: {'line': b'-- Found libusb: /usr/lib/x86_64-linux-gnu/libusb-1.0.so  \n'}
[46.452831] (pylon_ros2_camera_component) StdoutLine: {'line': b'-- OpenNI found (version: 1.5.4.0, include: /usr/include/ni, lib: /usr/lib/libOpenNI.so;libusb::libusb)\n'}
[46.463181] (-) TimerEvent: {}
[46.533031] (pylon_ros2_camera_component) StdoutLine: {'line': b'-- OpenNI2 found (version: 2.2.0.33, include: /usr/include/openni2, lib: /usr/lib/x86_64-linux-gnu/libOpenNI2.so;libusb::libusb)\n'}
[46.563277] (-) TimerEvent: {}
[46.663542] (-) TimerEvent: {}
[46.763898] (-) TimerEvent: {}
[46.864226] (-) TimerEvent: {}
[46.964513] (-) TimerEvent: {}
[47.039609] (pylon_ros2_camera_component) StdoutLine: {'line': b'-- Eigen found (include: /usr/include/eigen3, version: 3.4.0)\n'}
[47.049500] (pylon_ros2_camera_component) StdoutLine: {'line': b'-- OpenNI found (version: 1.5.4.0, include: /usr/include/ni, lib: /usr/lib/libOpenNI.so;libusb::libusb)\n'}
[47.059511] (pylon_ros2_camera_component) StdoutLine: {'line': b'-- OpenNI2 found (version: 2.2.0.33, include: /usr/include/openni2, lib: /usr/lib/x86_64-linux-gnu/libOpenNI2.so;libusb::libusb)\n'}
[47.064594] (-) TimerEvent: {}
[47.164850] (-) TimerEvent: {}
[47.265158] (-) TimerEvent: {}
[47.365457] (-) TimerEvent: {}
[47.465862] (-) TimerEvent: {}
[47.487003] (pylon_ros2_camera_component) StdoutLine: {'line': b'-- Found Qhull version 8.0.2\n'}
[47.565968] (-) TimerEvent: {}
[47.666265] (-) TimerEvent: {}
[47.766586] (-) TimerEvent: {}
[47.866953] (-) TimerEvent: {}
[47.967453] (-) TimerEvent: {}
[47.980472] (pylon_ros2_camera_component) StdoutLine: {'line': b'-- OpenNI found (version: 1.5.4.0, include: /usr/include/ni, lib: /usr/lib/libOpenNI.so;libusb::libusb)\n'}
[48.067564] (-) TimerEvent: {}
[48.167887] (-) TimerEvent: {}
[48.268277] (-) TimerEvent: {}
[48.368592] (-) TimerEvent: {}
[48.468942] (-) TimerEvent: {}
[48.545046] (pylon_ros2_camera_component) StdoutLine: {'line': b'-- Found PCL_COMMON: /usr/lib/x86_64-linux-gnu/libpcl_common.so  \n'}
[48.546799] (pylon_ros2_camera_component) StdoutLine: {'line': b'-- Found PCL_KDTREE: /usr/lib/x86_64-linux-gnu/libpcl_kdtree.so  \n'}
[48.548608] (pylon_ros2_camera_component) StdoutLine: {'line': b'-- Found PCL_OCTREE: /usr/lib/x86_64-linux-gnu/libpcl_octree.so  \n'}
[48.551342] (pylon_ros2_camera_component) StdoutLine: {'line': b'-- Found PCL_SEARCH: /usr/lib/x86_64-linux-gnu/libpcl_search.so  \n'}
[48.554362] (pylon_ros2_camera_component) StdoutLine: {'line': b'-- Found PCL_SAMPLE_CONSENSUS: /usr/lib/x86_64-linux-gnu/libpcl_sample_consensus.so  \n'}
[48.556370] (pylon_ros2_camera_component) StdoutLine: {'line': b'-- Found PCL_FILTERS: /usr/lib/x86_64-linux-gnu/libpcl_filters.so  \n'}
[48.557104] (pylon_ros2_camera_component) StdoutLine: {'line': b'-- Found PCL_2D: /usr/include/pcl-1.12  \n'}
[48.558026] (pylon_ros2_camera_component) StdoutLine: {'line': b'-- Found PCL_GEOMETRY: /usr/include/pcl-1.12  \n'}
[48.560070] (pylon_ros2_camera_component) StdoutLine: {'line': b'-- Found PCL_IO: /usr/lib/x86_64-linux-gnu/libpcl_io.so  \n'}
[48.561933] (pylon_ros2_camera_component) StdoutLine: {'line': b'-- Found PCL_FEATURES: /usr/lib/x86_64-linux-gnu/libpcl_features.so  \n'}
[48.563708] (pylon_ros2_camera_component) StdoutLine: {'line': b'-- Found PCL_ML: /usr/lib/x86_64-linux-gnu/libpcl_ml.so  \n'}
[48.565536] (pylon_ros2_camera_component) StdoutLine: {'line': b'-- Found PCL_SEGMENTATION: /usr/lib/x86_64-linux-gnu/libpcl_segmentation.so  \n'}
[48.567380] (pylon_ros2_camera_component) StdoutLine: {'line': b'-- Found PCL_VISUALIZATION: /usr/lib/x86_64-linux-gnu/libpcl_visualization.so  \n'}
[48.569021] (-) TimerEvent: {}
[48.569256] (pylon_ros2_camera_component) StdoutLine: {'line': b'-- Found PCL_SURFACE: /usr/lib/x86_64-linux-gnu/libpcl_surface.so  \n'}
[48.571316] (pylon_ros2_camera_component) StdoutLine: {'line': b'-- Found PCL_REGISTRATION: /usr/lib/x86_64-linux-gnu/libpcl_registration.so  \n'}
[48.573142] (pylon_ros2_camera_component) StdoutLine: {'line': b'-- Found PCL_KEYPOINTS: /usr/lib/x86_64-linux-gnu/libpcl_keypoints.so  \n'}
[48.575465] (pylon_ros2_camera_component) StdoutLine: {'line': b'-- Found PCL_TRACKING: /usr/lib/x86_64-linux-gnu/libpcl_tracking.so  \n'}
[48.577456] (pylon_ros2_camera_component) StdoutLine: {'line': b'-- Found PCL_RECOGNITION: /usr/lib/x86_64-linux-gnu/libpcl_recognition.so  \n'}
[48.579544] (pylon_ros2_camera_component) StdoutLine: {'line': b'-- Found PCL_STEREO: /usr/lib/x86_64-linux-gnu/libpcl_stereo.so  \n'}
[48.581096] (pylon_ros2_camera_component) StdoutLine: {'line': b'-- Found PCL_APPS: /usr/lib/x86_64-linux-gnu/libpcl_apps.so  \n'}
[48.582453] (pylon_ros2_camera_component) StdoutLine: {'line': b'-- Found PCL_IN_HAND_SCANNER: /usr/include/pcl-1.12  \n'}
[48.583081] (pylon_ros2_camera_component) StdoutLine: {'line': b'-- Found PCL_MODELER: /usr/include/pcl-1.12  \n'}
[48.584196] (pylon_ros2_camera_component) StdoutLine: {'line': b'-- Found PCL_POINT_CLOUD_EDITOR: /usr/include/pcl-1.12  \n'}
[48.585900] (pylon_ros2_camera_component) StdoutLine: {'line': b'-- Found PCL_OUTOFCORE: /usr/lib/x86_64-linux-gnu/libpcl_outofcore.so  \n'}
[48.587763] (pylon_ros2_camera_component) StdoutLine: {'line': b'-- Found PCL_PEOPLE: /usr/lib/x86_64-linux-gnu/libpcl_people.so  \n'}
[48.645879] (pylon_ros2_camera_component) StdoutLine: {'line': b'-- Found eigen3_cmake_module: 0.1.1 (/opt/ros/humble/share/eigen3_cmake_module/cmake)\n'}
[48.648567] (pylon_ros2_camera_component) StdoutLine: {'line': b'-- Found Eigen3: TRUE (found version "3.4.0") \n'}
[48.648887] (pylon_ros2_camera_component) StdoutLine: {'line': b'-- Ensuring Eigen3 include directory is part of orocos-kdl CMake target\n'}
[48.669127] (-) TimerEvent: {}
[48.735973] (pylon_ros2_camera_component) StdoutLine: {'line': b'-- Found camera_info_manager: 3.1.13 (/opt/ros/humble/share/camera_info_manager/cmake)\n'}
[48.762793] (pylon_ros2_camera_component) StdoutLine: {'line': b'-- Found image_geometry: 3.2.1 (/opt/ros/humble/share/image_geometry/cmake)\n'}
[48.769244] (-) TimerEvent: {}
[48.770619] (pylon_ros2_camera_component) StdoutLine: {'line': b'-- Found image_transport: 3.1.13 (/opt/ros/humble/share/image_transport/cmake)\n'}
[48.809902] (pylon_ros2_camera_component) StdoutLine: {'line': b'-- Found diagnostic_updater: 4.0.7 (/opt/ros/humble/share/diagnostic_updater/cmake)\n'}
[48.866028] (pylon_ros2_camera_component) StdoutLine: {'line': b'-- Found Boost: /usr/lib/x86_64-linux-gnu/cmake/Boost-1.74.0/BoostConfig.cmake (found version "1.74.0") found components: date_time \n'}
[48.869450] (-) TimerEvent: {}
[48.876656] (pylon_ros2_camera_component) StdoutLine: {'line': b'-- Found ament_lint_auto: 0.12.15 (/opt/ros/humble/share/ament_lint_auto/cmake)\n'}
[48.969534] (-) TimerEvent: {}
[49.070033] (-) TimerEvent: {}
[49.074291] (pylon_ros2_camera_component) StdoutLine: {'line': b'-- Found python_cmake_module: 0.10.0 (/opt/ros/humble/share/python_cmake_module/cmake)\n'}
[49.075323] (pylon_ros2_camera_component) StderrLine: {'line': b'CMake Warning (dev) at /opt/ros/humble/share/python_cmake_module/cmake/Modules/FindPythonExtra.cmake:52 (find_package):\n'}
[49.075516] (pylon_ros2_camera_component) StderrLine: {'line': b'  Policy CMP0148 is not set: The FindPythonInterp and FindPythonLibs modules\n'}
[49.075609] (pylon_ros2_camera_component) StderrLine: {'line': b'  are removed.  Run "cmake --help-policy CMP0148" for policy details.  Use\n'}
[49.075693] (pylon_ros2_camera_component) StderrLine: {'line': b'  the cmake_policy command to set the policy and suppress this warning.\n'}
[49.075761] (pylon_ros2_camera_component) StderrLine: {'line': b'\n'}
[49.075829] (pylon_ros2_camera_component) StderrLine: {'line': b'Call Stack (most recent call first):\n'}
[49.075897] (pylon_ros2_camera_component) StderrLine: {'line': b'  /opt/ros/humble/share/launch_testing_ament_cmake/cmake/launch_testing_ament_cmake-extras.cmake:18 (find_package)\n'}
[49.075978] (pylon_ros2_camera_component) StderrLine: {'line': b'  /opt/ros/humble/share/launch_testing_ament_cmake/cmake/launch_testing_ament_cmakeConfig.cmake:41 (include)\n'}
[49.076044] (pylon_ros2_camera_component) StderrLine: {'line': b'  /opt/ros/humble/share/ament_lint_auto/cmake/ament_lint_auto_find_test_dependencies.cmake:36 (find_package)\n'}
[49.076106] (pylon_ros2_camera_component) StderrLine: {'line': b'  CMakeLists.txt:193 (ament_lint_auto_find_test_dependencies)\n'}
[49.076256] (pylon_ros2_camera_component) StderrLine: {'line': b'This warning is for project developers.  Use -Wno-dev to suppress it.\n'}
[49.076320] (pylon_ros2_camera_component) StderrLine: {'line': b'\n'}
[49.106525] (pylon_ros2_camera_component) StdoutLine: {'line': b'-- Found PythonInterp: /usr/bin/python3 (found suitable version "3.10.12", minimum required is "3.6") \n'}
[49.107064] (pylon_ros2_camera_component) StderrLine: {'line': b'CMake Warning (dev) at /opt/ros/humble/share/python_cmake_module/cmake/Modules/FindPythonExtra.cmake:140 (find_package):\n'}
[49.107231] (pylon_ros2_camera_component) StderrLine: {'line': b'  Policy CMP0148 is not set: The FindPythonInterp and FindPythonLibs modules\n'}
[49.107345] (pylon_ros2_camera_component) StderrLine: {'line': b'  are removed.  Run "cmake --help-policy CMP0148" for policy details.  Use\n'}
[49.107461] (pylon_ros2_camera_component) StderrLine: {'line': b'  the cmake_policy command to set the policy and suppress this warning.\n'}
[49.107574] (pylon_ros2_camera_component) StderrLine: {'line': b'\n'}
[49.107655] (pylon_ros2_camera_component) StderrLine: {'line': b'Call Stack (most recent call first):\n'}
[49.107785] (pylon_ros2_camera_component) StderrLine: {'line': b'  /opt/ros/humble/share/launch_testing_ament_cmake/cmake/launch_testing_ament_cmake-extras.cmake:18 (find_package)\n'}
[49.107886] (pylon_ros2_camera_component) StderrLine: {'line': b'  /opt/ros/humble/share/launch_testing_ament_cmake/cmake/launch_testing_ament_cmakeConfig.cmake:41 (include)\n'}
[49.108003] (pylon_ros2_camera_component) StderrLine: {'line': b'  /opt/ros/humble/share/ament_lint_auto/cmake/ament_lint_auto_find_test_dependencies.cmake:36 (find_package)\n'}
[49.108134] (pylon_ros2_camera_component) StderrLine: {'line': b'  CMakeLists.txt:193 (ament_lint_auto_find_test_dependencies)\n'}
[49.108245] (pylon_ros2_camera_component) StderrLine: {'line': b'This warning is for project developers.  Use -Wno-dev to suppress it.\n'}
[49.108364] (pylon_ros2_camera_component) StderrLine: {'line': b'\n'}
[49.118485] (pylon_ros2_camera_component) StdoutLine: {'line': b'-- Found PythonLibs: /usr/lib/x86_64-linux-gnu/libpython3.10.so (found suitable version "3.10.12", minimum required is "3.5") \n'}
[49.118734] (pylon_ros2_camera_component) StdoutLine: {'line': b'-- Using PYTHON_EXECUTABLE: /usr/bin/python3\n'}
[49.118851] (pylon_ros2_camera_component) StdoutLine: {'line': b'-- Using PYTHON_INCLUDE_DIRS: /usr/include/python3.10\n'}
[49.118994] (pylon_ros2_camera_component) StdoutLine: {'line': b'-- Using PYTHON_LIBRARIES: /usr/lib/x86_64-linux-gnu/libpython3.10.so\n'}
[49.145516] (pylon_ros2_camera_component) StdoutLine: {'line': b'-- Found PythonExtra: .so  \n'}
[49.155234] (pylon_ros2_camera_component) StdoutLine: {'line': b"-- Added test 'copyright' to check source files copyright and LICENSE\n"}
[49.159170] (pylon_ros2_camera_component) StdoutLine: {'line': b"-- Added test 'cppcheck' to perform static code analysis on C / C++ code\n"}
[49.160115] (pylon_ros2_camera_component) StdoutLine: {'line': b'-- Configured cppcheck include dirs: $<BUILD_INTERFACE:/home/mcav/cam_dev_ws/src/pylon_ros2_camera/pylon_ros2_camera_component/include>\n'}
[49.160369] (pylon_ros2_camera_component) StdoutLine: {'line': b'-- Configured cppcheck exclude dirs and/or files: \n'}
[49.163239] (pylon_ros2_camera_component) StdoutLine: {'line': b"-- Added test 'cpplint' to check C / C++ code against the Google style\n"}
[49.163487] (pylon_ros2_camera_component) StdoutLine: {'line': b'-- Configured cpplint exclude dirs and/or files: \n'}
[49.165363] (pylon_ros2_camera_component) StdoutLine: {'line': b"-- Added test 'lint_cmake' to check CMake code style\n"}
[49.168611] (pylon_ros2_camera_component) StdoutLine: {'line': b"-- Added test 'uncrustify' to check C / C++ code style\n"}
[49.168828] (pylon_ros2_camera_component) StdoutLine: {'line': b'-- Configured uncrustify additional arguments: \n'}
[49.169898] (pylon_ros2_camera_component) StdoutLine: {'line': b"-- Added test 'xmllint' to check XML markup files\n"}
[49.170068] (-) TimerEvent: {}
[49.174129] (pylon_ros2_camera_component) StdoutLine: {'line': b'-- Configuring done (6.6s)\n'}
[49.270218] (-) TimerEvent: {}
[49.347149] (pylon_ros2_camera_component) StdoutLine: {'line': b'-- Generating done (0.1s)\n'}
[49.361226] (pylon_ros2_camera_component) StdoutLine: {'line': b'-- Build files have been written to: /home/mcav/cam_dev_ws/build/pylon_ros2_camera_component\n'}
[49.370619] (-) TimerEvent: {}
[49.405433] (pylon_ros2_camera_component) CommandEnded: {'returncode': 0}
[49.406138] (pylon_ros2_camera_component) JobProgress: {'identifier': 'pylon_ros2_camera_component', 'progress': 'build'}
[49.406184] (pylon_ros2_camera_component) Command: {'cmd': ['/opt/cmake-3.27/bin/cmake', '--build', '/home/mcav/cam_dev_ws/build/pylon_ros2_camera_component', '--', '-j8', '-l8'], 'cwd': '/home/mcav/cam_dev_ws/build/pylon_ros2_camera_component', 'env': OrderedDict([('LESSOPEN', '| /usr/bin/lesspipe %s'), ('USER', 'mcav'), ('SSH_CLIENT', '172.20.10.6 62398 22'), ('CCACHE_DIR', '/var/tmp/ccache'), ('CMAKE_COMMAND', '/opt/cmake-3.27/bin/cmake'), ('XDG_SESSION_TYPE', 'tty'), ('SHLVL', '1'), ('LD_LIBRARY_PATH', '/home/mcav/cam_dev_ws/install/pylon_ros2_camera_interfaces/lib:/usr/local/cuda/lib64:/usr/local/cuda/lib64:/opt/ros/humble/opt/rviz_ogre_vendor/lib:/opt/ros/humble/lib/x86_64-linux-gnu:/opt/ros/humble/lib'), ('MOTD_SHOWN', 'pam'), ('HOME', '/home/mcav'), ('OLDPWD', '/home/mcav/cam_dev_ws/src'), ('SSH_TTY', '/dev/pts/1'), ('ROS_PYTHON_VERSION', '3'), ('DBUS_SESSION_BUS_ADDRESS', 'unix:path=/run/user/1000/bus'), ('ROS_DISTRO', 'humble'), ('LOGNAME', 'mcav'), ('_', '/usr/bin/colcon'), ('ROS_VERSION', '2'), ('XDG_SESSION_CLASS', 'user'), ('TERM', 'xterm-ghostty'), ('XDG_SESSION_ID', '3'), ('ROS_LOCALHOST_ONLY', '0'), ('PATH', '/opt/cmake-3.27/bin:/home/mcav/.local/bin:/home/mcav/bin:/usr/local/cuda/bin:/usr/local/cuda/bin:/opt/ros/humble/bin:/usr/local/sbin:/usr/local/bin:/usr/sbin:/usr/bin:/sbin:/bin:/usr/games:/usr/local/games:/snap/bin:/home/mcav/.local/bin:/home/mcav/.local/bin'), ('XDG_RUNTIME_DIR', '/run/user/1000'), ('LANG', 'en_US.UTF-8'), ('RMW_IMPLEMENTATION', 'rmw_cyclonedds_cpp'), ('LS_COLORS', 'rs=0:di=01;34:ln=01;36:mh=00:pi=40;33:so=01;35:do=01;35:bd=40;33;01:cd=40;33;01:or=40;31;01:mi=00:su=37;41:sg=30;43:ca=30;41:tw=30;42:ow=34;42:st=37;44:ex=01;32:*.tar=01;31:*.tgz=01;31:*.arc=01;31:*.arj=01;31:*.taz=01;31:*.lha=01;31:*.lz4=01;31:*.lzh=01;31:*.lzma=01;31:*.tlz=01;31:*.txz=01;31:*.tzo=01;31:*.t7z=01;31:*.zip=01;31:*.z=01;31:*.dz=01;31:*.gz=01;31:*.lrz=01;31:*.lz=01;31:*.lzo=01;31:*.xz=01;31:*.zst=01;31:*.tzst=01;31:*.bz2=01;31:*.bz=01;31:*.tbz=01;31:*.tbz2=01;31:*.tz=01;31:*.deb=01;31:*.rpm=01;31:*.jar=01;31:*.war=01;31:*.ear=01;31:*.sar=01;31:*.rar=01;31:*.alz=01;31:*.ace=01;31:*.zoo=01;31:*.cpio=01;31:*.7z=01;31:*.rz=01;31:*.cab=01;31:*.wim=01;31:*.swm=01;31:*.dwm=01;31:*.esd=01;31:*.jpg=01;35:*.jpeg=01;35:*.mjpg=01;35:*.mjpeg=01;35:*.gif=01;35:*.bmp=01;35:*.pbm=01;35:*.pgm=01;35:*.ppm=01;35:*.tga=01;35:*.xbm=01;35:*.xpm=01;35:*.tif=01;35:*.tiff=01;35:*.png=01;35:*.svg=01;35:*.svgz=01;35:*.mng=01;35:*.pcx=01;35:*.mov=01;35:*.mpg=01;35:*.mpeg=01;35:*.m2v=01;35:*.mkv=01;35:*.webm=01;35:*.webp=01;35:*.ogm=01;35:*.mp4=01;35:*.m4v=01;35:*.mp4v=01;35:*.vob=01;35:*.qt=01;35:*.nuv=01;35:*.wmv=01;35:*.asf=01;35:*.rm=01;35:*.rmvb=01;35:*.flc=01;35:*.avi=01;35:*.fli=01;35:*.flv=01;35:*.gl=01;35:*.dl=01;35:*.xcf=01;35:*.xwd=01;35:*.yuv=01;35:*.cgm=01;35:*.emf=01;35:*.ogv=01;35:*.ogx=01;35:*.aac=00;36:*.au=00;36:*.flac=00;36:*.m4a=00;36:*.mid=00;36:*.midi=00;36:*.mka=00;36:*.mp3=00;36:*.mpc=00;36:*.ogg=00;36:*.ra=00;36:*.wav=00;36:*.oga=00;36:*.opus=00;36:*.spx=00;36:*.xspf=00;36:'), ('AMENT_PREFIX_PATH', '/home/mcav/cam_dev_ws/install/pylon_ros2_camera_interfaces:/opt/ros/humble'), ('SHELL', '/bin/bash'), ('CXX', '/usr/lib/ccache/g++'), ('LESSCLOSE', '/usr/bin/lesspipe %s %s'), ('PWD', '/home/mcav/cam_dev_ws/build/pylon_ros2_camera_component'), ('LC_ALL', 'en_US.UTF-8'), ('SSH_CONNECTION', '172.20.10.6 62398 172.20.10.14 22'), ('PYLON_ROOT', '/opt/pylon'), ('XDG_DATA_DIRS', '/usr/share/gnome:/usr/local/share:/usr/share:/var/lib/snapd/desktop'), ('PYTHONPATH', '/home/mcav/cam_dev_ws/install/pylon_ros2_camera_interfaces/local/lib/python3.10/dist-packages:/opt/ros/humble/lib/python3.10/site-packages:/opt/ros/humble/local/lib/python3.10/dist-packages'), ('CC', '/usr/lib/ccache/gcc'), ('COLCON', '1'), ('GENICAM_GENTL64_PATH', ':/opt/pylon/lib/gentlproducer/gtl:/opt/pylon/lib/pylonCXP/bin/'), ('CMAKE_PREFIX_PATH', '/home/mcav/cam_dev_ws/install/pylon_ros2_camera_interfaces:/opt/ros/humble')]), 'shell': False}
[49.446277] (pylon_ros2_camera_component) StdoutLine: {'line': b'[ 20%] \x1b[32mBuilding CXX object CMakeFiles/set_device_user_id.dir/src/tools/set_device_user_id.cpp.o\x1b[0m\n'}
[49.446578] (pylon_ros2_camera_component) StdoutLine: {'line': b'[ 20%] \x1b[32mBuilding CXX object CMakeFiles/ip_auto_config.dir/src/tools/ip_auto_config.cpp.o\x1b[0m\n'}
[49.451400] (pylon_ros2_camera_component) StdoutLine: {'line': b'[ 30%] \x1b[32mBuilding CXX object CMakeFiles/pylon_ros2_camera_component.dir/src/binary_exposure_search.cpp.o\x1b[0m\n'}
[49.451645] (pylon_ros2_camera_component) StdoutLine: {'line': b'[ 40%] \x1b[32mBuilding CXX object CMakeFiles/pylon_ros2_camera_component.dir/src/pylon_ros2_camera_node.cpp.o\x1b[0m\n'}
[49.451865] (pylon_ros2_camera_component) StdoutLine: {'line': b'[ 50%] \x1b[32mBuilding CXX object CMakeFiles/pylon_ros2_camera_component.dir/src/pylon_ros2_camera_parameter.cpp.o\x1b[0m\n'}
[49.453784] (pylon_ros2_camera_component) StdoutLine: {'line': b'[ 70%] \x1b[32mBuilding CXX object CMakeFiles/pylon_ros2_camera_component.dir/src/encoding_conversions.cpp.o\x1b[0m\n'}
[49.454034] (pylon_ros2_camera_component) StdoutLine: {'line': b'[ 70%] \x1b[32mBuilding CXX object CMakeFiles/pylon_ros2_camera_component.dir/src/pylon_ros2_camera.cpp.o\x1b[0m\n'}
[49.470731] (-) TimerEvent: {}
[49.571161] (-) TimerEvent: {}
[49.671704] (-) TimerEvent: {}
[49.772233] (-) TimerEvent: {}
[49.872586] (-) TimerEvent: {}
[49.972992] (-) TimerEvent: {}
[50.073343] (-) TimerEvent: {}
[50.173727] (-) TimerEvent: {}
[50.274109] (-) TimerEvent: {}
[50.374455] (-) TimerEvent: {}
[50.474827] (-) TimerEvent: {}
[50.575199] (-) TimerEvent: {}
[50.675568] (-) TimerEvent: {}
[50.775914] (-) TimerEvent: {}
[50.876557] (-) TimerEvent: {}
[50.976911] (-) TimerEvent: {}
[50.987636] (pylon_ros2_camera_component) StderrLine: {'line': b'\x1b[01m\x1b[K/home/mcav/cam_dev_ws/src/pylon_ros2_camera/pylon_ros2_camera_component/src/tools/set_device_user_id.cpp:\x1b[m\x1b[K In function \xe2\x80\x98\x1b[01m\x1b[Kint main(int, char**)\x1b[m\x1b[K\xe2\x80\x99:\n'}
[50.987865] (pylon_ros2_camera_component) StderrLine: {'line': b'\x1b[01m\x1b[K/home/mcav/cam_dev_ws/src/pylon_ros2_camera/pylon_ros2_camera_component/src/tools/set_device_user_id.cpp:165:18:\x1b[m\x1b[K \x1b[01;35m\x1b[Kwarning: \x1b[m\x1b[Kstatement has no effect [\x1b[01;35m\x1b[K-Wunused-value\x1b[m\x1b[K]\n'}
[50.988000] (pylon_ros2_camera_component) StderrLine: {'line': b'  165 |             for (\x1b[01;35m\x1b[Ki\x1b[m\x1b[K; i < devices.size(); i++)\n'}
[50.988121] (pylon_ros2_camera_component) StderrLine: {'line': b'      |                  \x1b[01;35m\x1b[K^\x1b[m\x1b[K\n'}
[50.996330] (pylon_ros2_camera_component) StdoutLine: {'line': b'[ 80%] \x1b[32m\x1b[1mLinking CXX executable set_device_user_id\x1b[0m\n'}
[51.077040] (-) TimerEvent: {}
[51.177411] (-) TimerEvent: {}
[51.217025] (pylon_ros2_camera_component) StdoutLine: {'line': b'[ 80%] Built target set_device_user_id\n'}
[51.277734] (-) TimerEvent: {}
[51.378290] (-) TimerEvent: {}
[51.478820] (-) TimerEvent: {}
[51.579210] (-) TimerEvent: {}
[51.679760] (-) TimerEvent: {}
[51.780249] (-) TimerEvent: {}
[51.880699] (-) TimerEvent: {}
[51.981042] (-) TimerEvent: {}
[52.081446] (-) TimerEvent: {}
[52.181815] (-) TimerEvent: {}
[52.283719] (-) TimerEvent: {}
[52.385223] (-) TimerEvent: {}
[52.485602] (-) TimerEvent: {}
[52.585993] (-) TimerEvent: {}
[52.686360] (-) TimerEvent: {}
[52.788242] (-) TimerEvent: {}
[52.890656] (-) TimerEvent: {}
[52.991035] (-) TimerEvent: {}
[53.091436] (-) TimerEvent: {}
[53.191830] (-) TimerEvent: {}
[53.292276] (-) TimerEvent: {}
[53.392927] (-) TimerEvent: {}
[53.493320] (-) TimerEvent: {}
[53.593725] (-) TimerEvent: {}
[53.694075] (-) TimerEvent: {}
[53.794437] (-) TimerEvent: {}
[53.894799] (-) TimerEvent: {}
[53.995159] (-) TimerEvent: {}
[54.101315] (-) TimerEvent: {}
[54.205720] (-) TimerEvent: {}
[54.306370] (-) TimerEvent: {}
[54.406810] (-) TimerEvent: {}
[54.507163] (-) TimerEvent: {}
[54.607521] (-) TimerEvent: {}
[54.707894] (-) TimerEvent: {}
[54.810687] (-) TimerEvent: {}
[54.911152] (-) TimerEvent: {}
[55.011764] (-) TimerEvent: {}
[55.114047] (-) TimerEvent: {}
[55.214494] (-) TimerEvent: {}
[55.317800] (-) TimerEvent: {}
[55.418204] (-) TimerEvent: {}
[55.518574] (-) TimerEvent: {}
[55.618943] (-) TimerEvent: {}
[55.719313] (-) TimerEvent: {}
[55.819663] (-) TimerEvent: {}
[55.919987] (-) TimerEvent: {}
[56.020282] (-) TimerEvent: {}
[56.120567] (-) TimerEvent: {}
[56.220890] (-) TimerEvent: {}
[56.321257] (-) TimerEvent: {}
[56.421653] (-) TimerEvent: {}
[56.522044] (-) TimerEvent: {}
[56.622350] (-) TimerEvent: {}
[56.722889] (-) TimerEvent: {}
[56.823226] (-) TimerEvent: {}
[56.923574] (-) TimerEvent: {}
[57.023904] (-) TimerEvent: {}
[57.124243] (-) TimerEvent: {}
[57.224639] (-) TimerEvent: {}
[57.325102] (-) TimerEvent: {}
[57.425518] (-) TimerEvent: {}
[57.525985] (-) TimerEvent: {}
[57.626377] (-) TimerEvent: {}
[57.726773] (-) TimerEvent: {}
[57.827134] (-) TimerEvent: {}
[57.927640] (-) TimerEvent: {}
[58.028082] (-) TimerEvent: {}
[58.128570] (-) TimerEvent: {}
[58.228985] (-) TimerEvent: {}
[58.329307] (-) TimerEvent: {}
[58.429668] (-) TimerEvent: {}
[58.530018] (-) TimerEvent: {}
[58.630402] (-) TimerEvent: {}
[58.730724] (-) TimerEvent: {}
[58.831111] (-) TimerEvent: {}
[58.931458] (-) TimerEvent: {}
[59.031796] (-) TimerEvent: {}
[59.132145] (-) TimerEvent: {}
[59.232476] (-) TimerEvent: {}
[59.332846] (-) TimerEvent: {}
[59.433179] (-) TimerEvent: {}
[59.533531] (-) TimerEvent: {}
[59.633873] (-) TimerEvent: {}
[59.734203] (-) TimerEvent: {}
[59.834527] (-) TimerEvent: {}
[59.934845] (-) TimerEvent: {}
[60.035169] (-) TimerEvent: {}
[60.135509] (-) TimerEvent: {}
[60.235855] (-) TimerEvent: {}
[60.336194] (-) TimerEvent: {}
[60.436517] (-) TimerEvent: {}
[60.536841] (-) TimerEvent: {}
[60.637186] (-) TimerEvent: {}
[60.737566] (-) TimerEvent: {}
[60.837940] (-) TimerEvent: {}
[60.938324] (-) TimerEvent: {}
[61.038820] (-) TimerEvent: {}
[61.139148] (-) TimerEvent: {}
[61.239483] (-) TimerEvent: {}
[61.339864] (-) TimerEvent: {}
[61.440198] (-) TimerEvent: {}
[61.540552] (-) TimerEvent: {}
[61.640874] (-) TimerEvent: {}
[61.741237] (-) TimerEvent: {}
[61.841577] (-) TimerEvent: {}
[61.941952] (-) TimerEvent: {}
[62.042365] (-) TimerEvent: {}
[62.142643] (-) TimerEvent: {}
[62.242982] (-) TimerEvent: {}
[62.343332] (-) TimerEvent: {}
[62.443641] (-) TimerEvent: {}
[62.544112] (-) TimerEvent: {}
[62.644432] (-) TimerEvent: {}
[62.744719] (-) TimerEvent: {}
[62.845030] (-) TimerEvent: {}
[62.945358] (-) TimerEvent: {}
[63.045714] (-) TimerEvent: {}
[63.146123] (-) TimerEvent: {}
[63.246406] (-) TimerEvent: {}
[63.346728] (-) TimerEvent: {}
[63.447040] (-) TimerEvent: {}
[63.547413] (-) TimerEvent: {}
[63.647743] (-) TimerEvent: {}
[63.748068] (-) TimerEvent: {}
[63.848383] (-) TimerEvent: {}
[63.948769] (-) TimerEvent: {}
[64.049068] (-) TimerEvent: {}
[64.149414] (-) TimerEvent: {}
[64.249716] (-) TimerEvent: {}
[64.350091] (-) TimerEvent: {}
[64.450364] (-) TimerEvent: {}
[64.550677] (-) TimerEvent: {}
[64.651050] (-) TimerEvent: {}
[64.751364] (-) TimerEvent: {}
[64.851769] (-) TimerEvent: {}
[64.952080] (-) TimerEvent: {}
[65.052417] (-) TimerEvent: {}
[65.152745] (-) TimerEvent: {}
[65.253077] (-) TimerEvent: {}
[65.353377] (-) TimerEvent: {}
[65.453694] (-) TimerEvent: {}
[65.553992] (-) TimerEvent: {}
[65.654328] (-) TimerEvent: {}
[65.754624] (-) TimerEvent: {}
[65.854917] (-) TimerEvent: {}
[65.955215] (-) TimerEvent: {}
[66.055495] (-) TimerEvent: {}
[66.155809] (-) TimerEvent: {}
[66.256192] (-) TimerEvent: {}
[66.356491] (-) TimerEvent: {}
[66.456844] (-) TimerEvent: {}
[66.557177] (-) TimerEvent: {}
[66.657490] (-) TimerEvent: {}
[66.757802] (-) TimerEvent: {}
[66.858110] (-) TimerEvent: {}
[66.958408] (-) TimerEvent: {}
[67.058690] (-) TimerEvent: {}
[67.158981] (-) TimerEvent: {}
[67.259268] (-) TimerEvent: {}
[67.359555] (-) TimerEvent: {}
[67.459840] (-) TimerEvent: {}
[67.560143] (-) TimerEvent: {}
[67.660444] (-) TimerEvent: {}
[67.760745] (-) TimerEvent: {}
[67.861151] (-) TimerEvent: {}
[67.961884] (-) TimerEvent: {}
[68.062247] (-) TimerEvent: {}
[68.162538] (-) TimerEvent: {}
[68.263007] (-) TimerEvent: {}
[68.363709] (-) TimerEvent: {}
[68.464067] (-) TimerEvent: {}
[68.564393] (-) TimerEvent: {}
[68.664726] (-) TimerEvent: {}
[68.765054] (-) TimerEvent: {}
[68.865398] (-) TimerEvent: {}
[68.965704] (-) TimerEvent: {}
[69.066056] (-) TimerEvent: {}
[69.166426] (-) TimerEvent: {}
[69.266770] (-) TimerEvent: {}
[69.367184] (-) TimerEvent: {}
[69.467632] (-) TimerEvent: {}
[69.567924] (-) TimerEvent: {}
[69.668292] (-) TimerEvent: {}
[69.768728] (-) TimerEvent: {}
[69.869018] (-) TimerEvent: {}
[69.969299] (-) TimerEvent: {}
[70.069563] (-) TimerEvent: {}
[70.169889] (-) TimerEvent: {}
[70.270227] (-) TimerEvent: {}
[70.370526] (-) TimerEvent: {}
[70.470854] (-) TimerEvent: {}
[70.571136] (-) TimerEvent: {}
[70.671480] (-) TimerEvent: {}
[70.771853] (-) TimerEvent: {}
[70.872145] (-) TimerEvent: {}
[70.972470] (-) TimerEvent: {}
[71.072823] (-) TimerEvent: {}
[71.173234] (-) TimerEvent: {}
[71.273700] (-) TimerEvent: {}
[71.374020] (-) TimerEvent: {}
[71.474293] (-) TimerEvent: {}
[71.574658] (-) TimerEvent: {}
[71.675071] (-) TimerEvent: {}
[71.775454] (-) TimerEvent: {}
[71.875759] (-) TimerEvent: {}
[71.976080] (-) TimerEvent: {}
[72.076397] (-) TimerEvent: {}
[72.176735] (-) TimerEvent: {}
[72.277053] (-) TimerEvent: {}
[72.377403] (-) TimerEvent: {}
[72.477737] (-) TimerEvent: {}
[72.578038] (-) TimerEvent: {}
[72.678340] (-) TimerEvent: {}
[72.778639] (-) TimerEvent: {}
[72.878940] (-) TimerEvent: {}
[72.979275] (-) TimerEvent: {}
[73.079609] (-) TimerEvent: {}
[73.179954] (-) TimerEvent: {}
[73.280292] (-) TimerEvent: {}
[73.380615] (-) TimerEvent: {}
[73.480941] (-) TimerEvent: {}
[73.581331] (-) TimerEvent: {}
[73.681725] (-) TimerEvent: {}
[73.782103] (-) TimerEvent: {}
[73.882413] (-) TimerEvent: {}
[73.982676] (-) TimerEvent: {}
[74.082972] (-) TimerEvent: {}
[74.183363] (-) TimerEvent: {}
[74.283695] (-) TimerEvent: {}
[74.383967] (-) TimerEvent: {}
[74.484325] (-) TimerEvent: {}
[74.584599] (-) TimerEvent: {}
[74.684917] (-) TimerEvent: {}
[74.785229] (-) TimerEvent: {}
[74.885542] (-) TimerEvent: {}
[74.985836] (-) TimerEvent: {}
[75.086167] (-) TimerEvent: {}
[75.186494] (-) TimerEvent: {}
[75.286818] (-) TimerEvent: {}
[75.387134] (-) TimerEvent: {}
[75.487457] (-) TimerEvent: {}
[75.587767] (-) TimerEvent: {}
[75.688104] (-) TimerEvent: {}
[75.788438] (-) TimerEvent: {}
[75.888753] (-) TimerEvent: {}
[75.989083] (-) TimerEvent: {}
[76.089476] (-) TimerEvent: {}
[76.189771] (-) TimerEvent: {}
[76.290042] (-) TimerEvent: {}
[76.390329] (-) TimerEvent: {}
[76.490718] (-) TimerEvent: {}
[76.591024] (-) TimerEvent: {}
[76.691328] (-) TimerEvent: {}
[76.791684] (-) TimerEvent: {}
[76.891999] (-) TimerEvent: {}
[76.993037] (-) TimerEvent: {}
[77.093362] (-) TimerEvent: {}
[77.193690] (-) TimerEvent: {}
[77.293984] (-) TimerEvent: {}
[77.394306] (-) TimerEvent: {}
[77.494670] (-) TimerEvent: {}
[77.594940] (-) TimerEvent: {}
[77.695296] (-) TimerEvent: {}
[77.795623] (-) TimerEvent: {}
[77.895912] (-) TimerEvent: {}
[77.996183] (-) TimerEvent: {}
[78.096509] (-) TimerEvent: {}
[78.196816] (-) TimerEvent: {}
[78.297097] (-) TimerEvent: {}
[78.397404] (-) TimerEvent: {}
[78.497780] (-) TimerEvent: {}
[78.598220] (-) TimerEvent: {}
[78.698537] (-) TimerEvent: {}
[78.798835] (-) TimerEvent: {}
[78.899129] (-) TimerEvent: {}
[78.999418] (-) TimerEvent: {}
[79.099708] (-) TimerEvent: {}
[79.199998] (-) TimerEvent: {}
[79.300294] (-) TimerEvent: {}
[79.400601] (-) TimerEvent: {}
[79.500925] (-) TimerEvent: {}
[79.601293] (-) TimerEvent: {}
[79.701711] (-) TimerEvent: {}
[79.802029] (-) TimerEvent: {}
[79.902422] (-) TimerEvent: {}
[80.002742] (-) TimerEvent: {}
[80.103068] (-) TimerEvent: {}
[80.203363] (-) TimerEvent: {}
[80.303665] (-) TimerEvent: {}
[80.403970] (-) TimerEvent: {}
[80.504246] (-) TimerEvent: {}
[80.604549] (-) TimerEvent: {}
[80.704853] (-) TimerEvent: {}
[80.805118] (-) TimerEvent: {}
[80.905410] (-) TimerEvent: {}
[81.005711] (-) TimerEvent: {}
[81.106007] (-) TimerEvent: {}
[81.206295] (-) TimerEvent: {}
[81.304650] (pylon_ros2_camera_component) StderrLine: {'line': b'In file included from \x1b[01m\x1b[K/home/mcav/cam_dev_ws/src/pylon_ros2_camera/pylon_ros2_camera_component/include/internal/pylon_ros2_camera_impl.hpp:474\x1b[m\x1b[K,\n'}
[81.304959] (pylon_ros2_camera_component) StderrLine: {'line': b'                 from \x1b[01m\x1b[K/home/mcav/cam_dev_ws/src/pylon_ros2_camera/pylon_ros2_camera_component/src/pylon_ros2_camera.cpp:29\x1b[m\x1b[K:\n'}
[81.305120] (pylon_ros2_camera_component) StderrLine: {'line': b'/home/mcav/cam_dev_ws/src/pylon_ros2_camera/pylon_ros2_camera_component/include/internal/impl/pylon_ros2_camera_base.hpp: In instantiation of \xe2\x80\x98\x1b[01m\x1b[Kbool pylon_ros2_camera::PylonROS2CameraImpl<CameraTraitT>::setExtendedBrightness(const int&, const float&) [with CameraTraitT = pylon_ros2_camera::GigECameraTrait]\x1b[m\x1b[K\xe2\x80\x99:\n'}
[81.305292] (pylon_ros2_camera_component) StderrLine: {'line': b'\x1b[01m\x1b[K/home/mcav/cam_dev_ws/src/pylon_ros2_camera/pylon_ros2_camera_component/include/internal/impl/pylon_ros2_camera_base.hpp:1327:6:\x1b[m\x1b[K   required from here\n'}
[81.305451] (pylon_ros2_camera_component) StderrLine: {'line': b'\x1b[01m\x1b[K/home/mcav/cam_dev_ws/src/pylon_ros2_camera/pylon_ros2_camera_component/include/internal/impl/pylon_ros2_camera_base.hpp:1331:11:\x1b[m\x1b[K \x1b[01;35m\x1b[Kwarning: \x1b[m\x1b[Kvariable \xe2\x80\x98\x1b[01m\x1b[KautoTargetBrightnessMax\x1b[m\x1b[K\xe2\x80\x99 set but not used [\x1b[01;35m\x1b[K-Wunused-but-set-variable\x1b[m\x1b[K]\n'}
[81.305606] (pylon_ros2_camera_component) StderrLine: {'line': b' 1331 |     float \x1b[01;35m\x1b[KautoTargetBrightnessMax\x1b[m\x1b[K = 0.0;\n'}
[81.305775] (pylon_ros2_camera_component) StderrLine: {'line': b'      |           \x1b[01;35m\x1b[K^~~~~~~~~~~~~~~~~~~~~~~\x1b[m\x1b[K\n'}
[81.305921] (pylon_ros2_camera_component) StderrLine: {'line': b'/home/mcav/cam_dev_ws/src/pylon_ros2_camera/pylon_ros2_camera_component/include/internal/impl/pylon_ros2_camera_base.hpp: In instantiation of \xe2\x80\x98\x1b[01m\x1b[Kbool pylon_ros2_camera::PylonROS2CameraImpl<CameraTraitT>::setExtendedBrightness(const int&, const float&) [with CameraTraitT = pylon_ros2_camera::USBCameraTrait]\x1b[m\x1b[K\xe2\x80\x99:\n'}
[81.306069] (pylon_ros2_camera_component) StderrLine: {'line': b'\x1b[01m\x1b[K/home/mcav/cam_dev_ws/src/pylon_ros2_camera/pylon_ros2_camera_component/include/internal/impl/pylon_ros2_camera_base.hpp:1327:6:\x1b[m\x1b[K   required from here\n'}
[81.306232] (pylon_ros2_camera_component) StderrLine: {'line': b'\x1b[01m\x1b[K/home/mcav/cam_dev_ws/src/pylon_ros2_camera/pylon_ros2_camera_component/include/internal/impl/pylon_ros2_camera_base.hpp:1331:11:\x1b[m\x1b[K \x1b[01;35m\x1b[Kwarning: \x1b[m\x1b[Kvariable \xe2\x80\x98\x1b[01m\x1b[KautoTargetBrightnessMax\x1b[m\x1b[K\xe2\x80\x99 set but not used [\x1b[01;35m\x1b[K-Wunused-but-set-variable\x1b[m\x1b[K]\n'}
[81.306373] (-) TimerEvent: {}
[81.306490] (pylon_ros2_camera_component) StderrLine: {'line': b'In file included from \x1b[01m\x1b[K/opt/pylon/include/pylon/BaslerUniversalInstantCamera.h:25\x1b[m\x1b[K,\n'}
[81.306573] (pylon_ros2_camera_component) StderrLine: {'line': b'                 from \x1b[01m\x1b[K/home/mcav/cam_dev_ws/src/pylon_ros2_camera/pylon_ros2_camera_component/include/internal/impl/pylon_ros2_camera_base.hpp:41\x1b[m\x1b[K,\n'}
[81.306644] (pylon_ros2_camera_component) StderrLine: {'line': b'                 from \x1b[01m\x1b[K/home/mcav/cam_dev_ws/src/pylon_ros2_camera/pylon_ros2_camera_component/include/internal/pylon_ros2_camera_impl.hpp:474\x1b[m\x1b[K,\n'}
[81.306712] (pylon_ros2_camera_component) StderrLine: {'line': b'                 from \x1b[01m\x1b[K/home/mcav/cam_dev_ws/src/pylon_ros2_camera/pylon_ros2_camera_component/src/pylon_ros2_camera.cpp:29\x1b[m\x1b[K:\n'}
[81.306780] (pylon_ros2_camera_component) StderrLine: {'line': b'/opt/pylon/include/pylon/private/DeviceSpecificInstantCamera.h: In instantiation of \xe2\x80\x98\x1b[01m\x1b[Kbool Pylon::CDeviceSpecificInstantCameraT<CameraTraitsT>::RetrieveResult(unsigned int, typename CameraTraitsT::GrabResultPtr_t&, Pylon::ETimeoutHandling) [with CameraTraitsT = Pylon::CBaslerUniversalInstantCameraTraits; typename CameraTraitsT::GrabResultPtr_t = Pylon::CBaslerUniversalGrabResultPtr]\x1b[m\x1b[K\xe2\x80\x99:\n'}
[81.306853] (pylon_ros2_camera_component) StderrLine: {'line': b'\x1b[01m\x1b[K/opt/pylon/include/pylon/private/DeviceSpecificInstantCamera.h:402:14:\x1b[m\x1b[K   required from here\n'}
[81.306921] (pylon_ros2_camera_component) StderrLine: {'line': b'\x1b[01m\x1b[K/opt/pylon/include/pylon/private/DeviceSpecificInstantCamera.h:411:24:\x1b[m\x1b[K \x1b[01;35m\x1b[Kwarning: \x1b[m\x1b[Kimplicitly-declared \xe2\x80\x98\x1b[01m\x1b[KPylon::CBaslerUniversalGrabResultPtr& Pylon::CBaslerUniversalGrabResultPtr::operator=(const Pylon::CBaslerUniversalGrabResultPtr&)\x1b[m\x1b[K\xe2\x80\x99 is deprecated [\x1b[01;35m\x1b[K-Wdeprecated-copy\x1b[m\x1b[K]\n'}
[81.306990] (pylon_ros2_camera_component) StderrLine: {'line': b'  411 |             \x1b[01;35m\x1b[KgrabResult = grabResultLocal\x1b[m\x1b[K;\n'}
[81.307057] (pylon_ros2_camera_component) StderrLine: {'line': b'      |             \x1b[01;35m\x1b[K~~~~~~~~~~~^~~~~~~~~~~~~~~~~\x1b[m\x1b[K\n'}
[81.307123] (pylon_ros2_camera_component) StderrLine: {'line': b'In file included from \x1b[01m\x1b[K/opt/pylon/include/pylon/BaslerUniversalGrabResultPtr.h:18\x1b[m\x1b[K,\n'}
[81.307199] (pylon_ros2_camera_component) StderrLine: {'line': b'                 from \x1b[01m\x1b[K/home/mcav/cam_dev_ws/src/pylon_ros2_camera/pylon_ros2_camera_component/include/internal/pylon_ros2_camera_impl.hpp:34\x1b[m\x1b[K,\n'}
[81.307273] (pylon_ros2_camera_component) StderrLine: {'line': b'                 from \x1b[01m\x1b[K/home/mcav/cam_dev_ws/src/pylon_ros2_camera/pylon_ros2_camera_component/src/pylon_ros2_camera.cpp:29\x1b[m\x1b[K:\n'}
[81.307345] (pylon_ros2_camera_component) StderrLine: {'line': b'\x1b[01m\x1b[K/opt/pylon/include/pylon/BaslerUniversalGrabResultPtr.h:27:51:\x1b[m\x1b[K \x1b[01;36m\x1b[Knote: \x1b[m\x1b[Kbecause \xe2\x80\x98\x1b[01m\x1b[KPylon::CBaslerUniversalGrabResultPtr\x1b[m\x1b[K\xe2\x80\x99 has user-provided \xe2\x80\x98\x1b[01m\x1b[KPylon::CBaslerUniversalGrabResultPtr::CBaslerUniversalGrabResultPtr(const Pylon::CBaslerUniversalGrabResultPtr&)\x1b[m\x1b[K\xe2\x80\x99\n'}
[81.307419] (pylon_ros2_camera_component) StderrLine: {'line': b'   27 |     PYLON_DEFINE_DEVICE_SPECIFIC_GRAB_RESULT_PTR( \x1b[01;36m\x1b[KCBaslerUniversalGrabResultPtr\x1b[m\x1b[K, CBaslerUniversalGrabResultData )\n'}
[81.307489] (pylon_ros2_camera_component) StderrLine: {'line': b'      |                                                   \x1b[01;36m\x1b[K^~~~~~~~~~~~~~~~~~~~~~~~~~~~~\x1b[m\x1b[K\n'}
[81.307556] (pylon_ros2_camera_component) StderrLine: {'line': b'\x1b[01m\x1b[K/opt/pylon/include/pylon/private/DeviceSpecificGrabResultPtr.h:40:13:\x1b[m\x1b[K \x1b[01;36m\x1b[Knote: \x1b[m\x1b[Kin definition of macro \xe2\x80\x98\x1b[01m\x1b[KPYLON_DEFINE_DEVICE_SPECIFIC_GRAB_RESULT_PTR\x1b[m\x1b[K\xe2\x80\x99\n'}
[81.307631] (pylon_ros2_camera_component) StderrLine: {'line': b'   40 |             \x1b[01;36m\x1b[KClassName\x1b[m\x1b[K( const ClassName& rhs ) \\\n'}
[81.307700] (pylon_ros2_camera_component) StderrLine: {'line': b'      |             \x1b[01;36m\x1b[K^~~~~~~~~\x1b[m\x1b[K\n'}
[81.307766] (pylon_ros2_camera_component) StderrLine: {'line': b'In file included from \x1b[01m\x1b[K/opt/pylon/include/pylon/BaslerUniversalInstantCamera.h:25\x1b[m\x1b[K,\n'}
[81.307833] (pylon_ros2_camera_component) StderrLine: {'line': b'                 from \x1b[01m\x1b[K/home/mcav/cam_dev_ws/src/pylon_ros2_camera/pylon_ros2_camera_component/include/internal/impl/pylon_ros2_camera_base.hpp:41\x1b[m\x1b[K,\n'}
[81.307900] (pylon_ros2_camera_component) StderrLine: {'line': b'                 from \x1b[01m\x1b[K/home/mcav/cam_dev_ws/src/pylon_ros2_camera/pylon_ros2_camera_component/include/internal/pylon_ros2_camera_impl.hpp:474\x1b[m\x1b[K,\n'}
[81.307966] (pylon_ros2_camera_component) StderrLine: {'line': b'                 from \x1b[01m\x1b[K/home/mcav/cam_dev_ws/src/pylon_ros2_camera/pylon_ros2_camera_component/src/pylon_ros2_camera.cpp:29\x1b[m\x1b[K:\n'}
[81.308032] (pylon_ros2_camera_component) StderrLine: {'line': b'/opt/pylon/include/pylon/private/DeviceSpecificInstantCamera.h: In instantiation of \xe2\x80\x98\x1b[01m\x1b[Kbool Pylon::CDeviceSpecificInstantCameraT<CameraTraitsT>::GrabOne(unsigned int, typename CameraTraitsT::GrabResultPtr_t&, Pylon::ETimeoutHandling) [with CameraTraitsT = Pylon::CBaslerUniversalInstantCameraTraits; typename CameraTraitsT::GrabResultPtr_t = Pylon::CBaslerUniversalGrabResultPtr]\x1b[m\x1b[K\xe2\x80\x99:\n'}
[81.308101] (pylon_ros2_camera_component) StderrLine: {'line': b'\x1b[01m\x1b[K/opt/pylon/include/pylon/private/DeviceSpecificInstantCamera.h:418:14:\x1b[m\x1b[K   required from here\n'}
[81.308167] (pylon_ros2_camera_component) StderrLine: {'line': b'\x1b[01m\x1b[K/opt/pylon/include/pylon/private/DeviceSpecificInstantCamera.h:427:24:\x1b[m\x1b[K \x1b[01;35m\x1b[Kwarning: \x1b[m\x1b[Kimplicitly-declared \xe2\x80\x98\x1b[01m\x1b[KPylon::CBaslerUniversalGrabResultPtr& Pylon::CBaslerUniversalGrabResultPtr::operator=(const Pylon::CBaslerUniversalGrabResultPtr&)\x1b[m\x1b[K\xe2\x80\x99 is deprecated [\x1b[01;35m\x1b[K-Wdeprecated-copy\x1b[m\x1b[K]\n'}
[81.308242] (pylon_ros2_camera_component) StderrLine: {'line': b'  427 |             \x1b[01;35m\x1b[KgrabResult = grabResultLocal\x1b[m\x1b[K;\n'}
[81.308307] (pylon_ros2_camera_component) StderrLine: {'line': b'      |             \x1b[01;35m\x1b[K~~~~~~~~~~~^~~~~~~~~~~~~~~~~\x1b[m\x1b[K\n'}
[81.308372] (pylon_ros2_camera_component) StderrLine: {'line': b'In file included from \x1b[01m\x1b[K/opt/pylon/include/pylon/BaslerUniversalGrabResultPtr.h:18\x1b[m\x1b[K,\n'}
[81.308438] (pylon_ros2_camera_component) StderrLine: {'line': b'                 from \x1b[01m\x1b[K/home/mcav/cam_dev_ws/src/pylon_ros2_camera/pylon_ros2_camera_component/include/internal/pylon_ros2_camera_impl.hpp:34\x1b[m\x1b[K,\n'}
[81.308504] (pylon_ros2_camera_component) StderrLine: {'line': b'                 from \x1b[01m\x1b[K/home/mcav/cam_dev_ws/src/pylon_ros2_camera/pylon_ros2_camera_component/src/pylon_ros2_camera.cpp:29\x1b[m\x1b[K:\n'}
[81.308568] (pylon_ros2_camera_component) StderrLine: {'line': b'\x1b[01m\x1b[K/opt/pylon/include/pylon/BaslerUniversalGrabResultPtr.h:27:51:\x1b[m\x1b[K \x1b[01;36m\x1b[Knote: \x1b[m\x1b[Kbecause \xe2\x80\x98\x1b[01m\x1b[KPylon::CBaslerUniversalGrabResultPtr\x1b[m\x1b[K\xe2\x80\x99 has user-provided \xe2\x80\x98\x1b[01m\x1b[KPylon::CBaslerUniversalGrabResultPtr::CBaslerUniversalGrabResultPtr(const Pylon::CBaslerUniversalGrabResultPtr&)\x1b[m\x1b[K\xe2\x80\x99\n'}
[81.308680] (pylon_ros2_camera_component) StderrLine: {'line': b'   27 |     PYLON_DEFINE_DEVICE_SPECIFIC_GRAB_RESULT_PTR( \x1b[01;36m\x1b[KCBaslerUniversalGrabResultPtr\x1b[m\x1b[K, CBaslerUniversalGrabResultData )\n'}
[81.308825] (pylon_ros2_camera_component) StderrLine: {'line': b'      |                                                   \x1b[01;36m\x1b[K^~~~~~~~~~~~~~~~~~~~~~~~~~~~~\x1b[m\x1b[K\n'}
[81.308901] (pylon_ros2_camera_component) StderrLine: {'line': b'\x1b[01m\x1b[K/opt/pylon/include/pylon/private/DeviceSpecificGrabResultPtr.h:40:13:\x1b[m\x1b[K \x1b[01;36m\x1b[Knote: \x1b[m\x1b[Kin definition of macro \xe2\x80\x98\x1b[01m\x1b[KPYLON_DEFINE_DEVICE_SPECIFIC_GRAB_RESULT_PTR\x1b[m\x1b[K\xe2\x80\x99\n'}
[81.308970] (pylon_ros2_camera_component) StderrLine: {'line': b'   40 |             \x1b[01;36m\x1b[KClassName\x1b[m\x1b[K( const ClassName& rhs ) \\\n'}
[81.309038] (pylon_ros2_camera_component) StderrLine: {'line': b'      |             \x1b[01;36m\x1b[K^~~~~~~~~\x1b[m\x1b[K\n'}
[81.406477] (-) TimerEvent: {}
[81.506794] (-) TimerEvent: {}
[81.607110] (-) TimerEvent: {}
[81.707368] (-) TimerEvent: {}
[81.807616] (-) TimerEvent: {}
[81.907874] (-) TimerEvent: {}
[82.008155] (-) TimerEvent: {}
[82.108403] (-) TimerEvent: {}
[82.208695] (-) TimerEvent: {}
[82.309016] (-) TimerEvent: {}
[82.409347] (-) TimerEvent: {}
[82.509698] (-) TimerEvent: {}
[82.610031] (-) TimerEvent: {}
[82.710346] (-) TimerEvent: {}
[82.810701] (-) TimerEvent: {}
[82.911029] (-) TimerEvent: {}
[83.011303] (-) TimerEvent: {}
[83.111618] (-) TimerEvent: {}
[83.211934] (-) TimerEvent: {}
[83.312246] (-) TimerEvent: {}
[83.412542] (-) TimerEvent: {}
[83.512874] (-) TimerEvent: {}
[83.613162] (-) TimerEvent: {}
[83.713493] (-) TimerEvent: {}
[83.813876] (-) TimerEvent: {}
[83.914322] (-) TimerEvent: {}
[84.014782] (-) TimerEvent: {}
[84.115074] (-) TimerEvent: {}
[84.215400] (-) TimerEvent: {}
[84.315721] (-) TimerEvent: {}
[84.416284] (-) TimerEvent: {}
[84.516648] (-) TimerEvent: {}
[84.616944] (-) TimerEvent: {}
[84.717211] (-) TimerEvent: {}
[84.817475] (-) TimerEvent: {}
[84.917746] (-) TimerEvent: {}
[85.018022] (-) TimerEvent: {}
[85.118279] (-) TimerEvent: {}
[85.218514] (-) TimerEvent: {}
[85.318805] (-) TimerEvent: {}
[85.419098] (-) TimerEvent: {}
[85.519450] (-) TimerEvent: {}
[85.619744] (-) TimerEvent: {}
[85.720170] (-) TimerEvent: {}
[85.820717] (-) TimerEvent: {}
[85.920990] (-) TimerEvent: {}
[86.021309] (-) TimerEvent: {}
[86.121737] (-) TimerEvent: {}
[86.222089] (-) TimerEvent: {}
[86.322413] (-) TimerEvent: {}
[86.422724] (-) TimerEvent: {}
[86.523040] (-) TimerEvent: {}
[86.623341] (-) TimerEvent: {}
[86.723658] (-) TimerEvent: {}
[86.824020] (-) TimerEvent: {}
[86.924436] (-) TimerEvent: {}
[87.024759] (-) TimerEvent: {}
[87.125104] (-) TimerEvent: {}
[87.225476] (-) TimerEvent: {}
[87.325817] (-) TimerEvent: {}
[87.426148] (-) TimerEvent: {}
[87.526488] (-) TimerEvent: {}
[87.626863] (-) TimerEvent: {}
[87.727210] (-) TimerEvent: {}
[87.827544] (-) TimerEvent: {}
[87.927793] (-) TimerEvent: {}
[88.028070] (-) TimerEvent: {}
[88.128340] (-) TimerEvent: {}
[88.228709] (-) TimerEvent: {}
[88.329041] (-) TimerEvent: {}
[88.429365] (-) TimerEvent: {}
[88.529704] (-) TimerEvent: {}
[88.630058] (-) TimerEvent: {}
[88.730394] (-) TimerEvent: {}
[88.830668] (-) TimerEvent: {}
[88.930994] (-) TimerEvent: {}
[89.031300] (-) TimerEvent: {}
[89.131602] (-) TimerEvent: {}
[89.231927] (-) TimerEvent: {}
[89.332244] (-) TimerEvent: {}
[89.432548] (-) TimerEvent: {}
[89.532867] (-) TimerEvent: {}
[89.633162] (-) TimerEvent: {}
[89.733514] (-) TimerEvent: {}
[89.833858] (-) TimerEvent: {}
[89.934156] (-) TimerEvent: {}
[90.034450] (-) TimerEvent: {}
[90.134753] (-) TimerEvent: {}
[90.235044] (-) TimerEvent: {}
[90.335368] (-) TimerEvent: {}
[90.435712] (-) TimerEvent: {}
[90.535961] (-) TimerEvent: {}
[90.636259] (-) TimerEvent: {}
[90.736576] (-) TimerEvent: {}
[90.836885] (-) TimerEvent: {}
[90.937172] (-) TimerEvent: {}
[91.037493] (-) TimerEvent: {}
[91.137826] (-) TimerEvent: {}
[91.238146] (-) TimerEvent: {}
[91.338435] (-) TimerEvent: {}
[91.438795] (-) TimerEvent: {}
[91.539203] (-) TimerEvent: {}
[91.639492] (-) TimerEvent: {}
[91.739764] (-) TimerEvent: {}
[91.840051] (-) TimerEvent: {}
[91.940318] (-) TimerEvent: {}
[92.040663] (-) TimerEvent: {}
[92.141008] (-) TimerEvent: {}
[92.241351] (-) TimerEvent: {}
[92.317664] (pylon_ros2_camera_component) StderrLine: {'line': b'In file included from \x1b[01m\x1b[K/opt/pylon/include/pylon/gige/BaslerGigEInstantCamera.h:26\x1b[m\x1b[K,\n'}
[92.317879] (pylon_ros2_camera_component) StderrLine: {'line': b'                 from \x1b[01m\x1b[K/home/mcav/cam_dev_ws/src/pylon_ros2_camera/pylon_ros2_camera_component/src/tools/ip_auto_config.cpp:30\x1b[m\x1b[K:\n'}
[92.318128] (pylon_ros2_camera_component) StderrLine: {'line': b'/opt/pylon/include/pylon/private/DeviceSpecificInstantCamera.h: In instantiation of \xe2\x80\x98\x1b[01m\x1b[Kbool Pylon::CDeviceSpecificInstantCameraT<CameraTraitsT>::RetrieveResult(unsigned int, typename CameraTraitsT::GrabResultPtr_t&, Pylon::ETimeoutHandling) [with CameraTraitsT = Pylon::CBaslerGigEInstantCameraTraits; typename CameraTraitsT::GrabResultPtr_t = Pylon::CBaslerGigEGrabResultPtr]\x1b[m\x1b[K\xe2\x80\x99:\n'}
[92.318268] (pylon_ros2_camera_component) StderrLine: {'line': b'\x1b[01m\x1b[K/opt/pylon/include/pylon/private/DeviceSpecificInstantCamera.h:402:14:\x1b[m\x1b[K   required from here\n'}
[92.318390] (pylon_ros2_camera_component) StderrLine: {'line': b'\x1b[01m\x1b[K/opt/pylon/include/pylon/private/DeviceSpecificInstantCamera.h:411:24:\x1b[m\x1b[K \x1b[01;35m\x1b[Kwarning: \x1b[m\x1b[Kimplicitly-declared \xe2\x80\x98\x1b[01m\x1b[KPylon::CBaslerGigEGrabResultPtr& Pylon::CBaslerGigEGrabResultPtr::operator=(const Pylon::CBaslerGigEGrabResultPtr&)\x1b[m\x1b[K\xe2\x80\x99 is deprecated [\x1b[01;35m\x1b[K-Wdeprecated-copy\x1b[m\x1b[K]\n'}
[92.318514] (pylon_ros2_camera_component) StderrLine: {'line': b'  411 |             \x1b[01;35m\x1b[KgrabResult = grabResultLocal\x1b[m\x1b[K;\n'}
[92.318635] (pylon_ros2_camera_component) StderrLine: {'line': b'      |             \x1b[01;35m\x1b[K~~~~~~~~~~~^~~~~~~~~~~~~~~~~\x1b[m\x1b[K\n'}
[92.318754] (pylon_ros2_camera_component) StderrLine: {'line': b'In file included from \x1b[01m\x1b[K/opt/pylon/include/pylon/gige/BaslerGigEGrabResultPtr.h:16\x1b[m\x1b[K,\n'}
[92.318874] (pylon_ros2_camera_component) StderrLine: {'line': b'                 from \x1b[01m\x1b[K/opt/pylon/include/pylon/gige/BaslerGigEImageEventHandler.h:21\x1b[m\x1b[K,\n'}
[92.318992] (pylon_ros2_camera_component) StderrLine: {'line': b'                 from \x1b[01m\x1b[K/opt/pylon/include/pylon/gige/BaslerGigEInstantCamera.h:23\x1b[m\x1b[K,\n'}
[92.319112] (pylon_ros2_camera_component) StderrLine: {'line': b'                 from \x1b[01m\x1b[K/home/mcav/cam_dev_ws/src/pylon_ros2_camera/pylon_ros2_camera_component/src/tools/ip_auto_config.cpp:30\x1b[m\x1b[K:\n'}
[92.319237] (pylon_ros2_camera_component) StderrLine: {'line': b'\x1b[01m\x1b[K/opt/pylon/include/pylon/gige/BaslerGigEGrabResultPtr.h:25:51:\x1b[m\x1b[K \x1b[01;36m\x1b[Knote: \x1b[m\x1b[Kbecause \xe2\x80\x98\x1b[01m\x1b[KPylon::CBaslerGigEGrabResultPtr\x1b[m\x1b[K\xe2\x80\x99 has user-provided \xe2\x80\x98\x1b[01m\x1b[KPylon::CBaslerGigEGrabResultPtr::CBaslerGigEGrabResultPtr(const Pylon::CBaslerGigEGrabResultPtr&)\x1b[m\x1b[K\xe2\x80\x99\n'}
[92.319361] (pylon_ros2_camera_component) StderrLine: {'line': b'   25 |     PYLON_DEFINE_DEVICE_SPECIFIC_GRAB_RESULT_PTR( \x1b[01;36m\x1b[KCBaslerGigEGrabResultPtr\x1b[m\x1b[K, CBaslerGigEGrabResultData )\n'}
[92.319481] (pylon_ros2_camera_component) StderrLine: {'line': b'      |                                                   \x1b[01;36m\x1b[K^~~~~~~~~~~~~~~~~~~~~~~~\x1b[m\x1b[K\n'}
[92.319600] (pylon_ros2_camera_component) StderrLine: {'line': b'\x1b[01m\x1b[K/opt/pylon/include/pylon/private/DeviceSpecificGrabResultPtr.h:40:13:\x1b[m\x1b[K \x1b[01;36m\x1b[Knote: \x1b[m\x1b[Kin definition of macro \xe2\x80\x98\x1b[01m\x1b[KPYLON_DEFINE_DEVICE_SPECIFIC_GRAB_RESULT_PTR\x1b[m\x1b[K\xe2\x80\x99\n'}
[92.319721] (pylon_ros2_camera_component) StderrLine: {'line': b'   40 |             \x1b[01;36m\x1b[KClassName\x1b[m\x1b[K( const ClassName& rhs ) \\\n'}
[92.319839] (pylon_ros2_camera_component) StderrLine: {'line': b'      |             \x1b[01;36m\x1b[K^~~~~~~~~\x1b[m\x1b[K\n'}
[92.319958] (pylon_ros2_camera_component) StderrLine: {'line': b'In file included from \x1b[01m\x1b[K/opt/pylon/include/pylon/gige/BaslerGigEInstantCamera.h:26\x1b[m\x1b[K,\n'}
[92.320077] (pylon_ros2_camera_component) StderrLine: {'line': b'                 from \x1b[01m\x1b[K/home/mcav/cam_dev_ws/src/pylon_ros2_camera/pylon_ros2_camera_component/src/tools/ip_auto_config.cpp:30\x1b[m\x1b[K:\n'}
[92.320201] (pylon_ros2_camera_component) StderrLine: {'line': b'/opt/pylon/include/pylon/private/DeviceSpecificInstantCamera.h: In instantiation of \xe2\x80\x98\x1b[01m\x1b[Kbool Pylon::CDeviceSpecificInstantCameraT<CameraTraitsT>::GrabOne(unsigned int, typename CameraTraitsT::GrabResultPtr_t&, Pylon::ETimeoutHandling) [with CameraTraitsT = Pylon::CBaslerGigEInstantCameraTraits; typename CameraTraitsT::GrabResultPtr_t = Pylon::CBaslerGigEGrabResultPtr]\x1b[m\x1b[K\xe2\x80\x99:\n'}
[92.320334] (pylon_ros2_camera_component) StderrLine: {'line': b'\x1b[01m\x1b[K/opt/pylon/include/pylon/private/DeviceSpecificInstantCamera.h:418:14:\x1b[m\x1b[K   required from here\n'}
[92.320476] (pylon_ros2_camera_component) StderrLine: {'line': b'\x1b[01m\x1b[K/opt/pylon/include/pylon/private/DeviceSpecificInstantCamera.h:427:24:\x1b[m\x1b[K \x1b[01;35m\x1b[Kwarning: \x1b[m\x1b[Kimplicitly-declared \xe2\x80\x98\x1b[01m\x1b[KPylon::CBaslerGigEGrabResultPtr& Pylon::CBaslerGigEGrabResultPtr::operator=(const Pylon::CBaslerGigEGrabResultPtr&)\x1b[m\x1b[K\xe2\x80\x99 is deprecated [\x1b[01;35m\x1b[K-Wdeprecated-copy\x1b[m\x1b[K]\n'}
[92.320603] (pylon_ros2_camera_component) StderrLine: {'line': b'  427 |             \x1b[01;35m\x1b[KgrabResult = grabResultLocal\x1b[m\x1b[K;\n'}
[92.320722] (pylon_ros2_camera_component) StderrLine: {'line': b'      |             \x1b[01;35m\x1b[K~~~~~~~~~~~^~~~~~~~~~~~~~~~~\x1b[m\x1b[K\n'}
[92.320842] (pylon_ros2_camera_component) StderrLine: {'line': b'In file included from \x1b[01m\x1b[K/opt/pylon/include/pylon/gige/BaslerGigEGrabResultPtr.h:16\x1b[m\x1b[K,\n'}
[92.320962] (pylon_ros2_camera_component) StderrLine: {'line': b'                 from \x1b[01m\x1b[K/opt/pylon/include/pylon/gige/BaslerGigEImageEventHandler.h:21\x1b[m\x1b[K,\n'}
[92.321082] (pylon_ros2_camera_component) StderrLine: {'line': b'                 from \x1b[01m\x1b[K/opt/pylon/include/pylon/gige/BaslerGigEInstantCamera.h:23\x1b[m\x1b[K,\n'}
[92.321204] (pylon_ros2_camera_component) StderrLine: {'line': b'                 from \x1b[01m\x1b[K/home/mcav/cam_dev_ws/src/pylon_ros2_camera/pylon_ros2_camera_component/src/tools/ip_auto_config.cpp:30\x1b[m\x1b[K:\n'}
[92.321339] (pylon_ros2_camera_component) StderrLine: {'line': b'\x1b[01m\x1b[K/opt/pylon/include/pylon/gige/BaslerGigEGrabResultPtr.h:25:51:\x1b[m\x1b[K \x1b[01;36m\x1b[Knote: \x1b[m\x1b[Kbecause \xe2\x80\x98\x1b[01m\x1b[KPylon::CBaslerGigEGrabResultPtr\x1b[m\x1b[K\xe2\x80\x99 has user-provided \xe2\x80\x98\x1b[01m\x1b[KPylon::CBaslerGigEGrabResultPtr::CBaslerGigEGrabResultPtr(const Pylon::CBaslerGigEGrabResultPtr&)\x1b[m\x1b[K\xe2\x80\x99\n'}
[92.321474] (pylon_ros2_camera_component) StderrLine: {'line': b'   25 |     PYLON_DEFINE_DEVICE_SPECIFIC_GRAB_RESULT_PTR( \x1b[01;36m\x1b[KCBaslerGigEGrabResultPtr\x1b[m\x1b[K, CBaslerGigEGrabResultData )\n'}
[92.321596] (pylon_ros2_camera_component) StderrLine: {'line': b'      |                                                   \x1b[01;36m\x1b[K^~~~~~~~~~~~~~~~~~~~~~~~\x1b[m\x1b[K\n'}
[92.321761] (pylon_ros2_camera_component) StderrLine: {'line': b'\x1b[01m\x1b[K/opt/pylon/include/pylon/private/DeviceSpecificGrabResultPtr.h:40:13:\x1b[m\x1b[K \x1b[01;36m\x1b[Knote: \x1b[m\x1b[Kin definition of macro \xe2\x80\x98\x1b[01m\x1b[KPYLON_DEFINE_DEVICE_SPECIFIC_GRAB_RESULT_PTR\x1b[m\x1b[K\xe2\x80\x99\n'}
[92.321881] (pylon_ros2_camera_component) StderrLine: {'line': b'   40 |             \x1b[01;36m\x1b[KClassName\x1b[m\x1b[K( const ClassName& rhs ) \\\n'}
[92.321956] (pylon_ros2_camera_component) StderrLine: {'line': b'      |             \x1b[01;36m\x1b[K^~~~~~~~~\x1b[m\x1b[K\n'}
[92.323864] (pylon_ros2_camera_component) StdoutLine: {'line': b'[ 90%] \x1b[32m\x1b[1mLinking CXX executable ip_auto_config\x1b[0m\n'}
[92.341456] (-) TimerEvent: {}
[92.441822] (-) TimerEvent: {}
[92.542164] (-) TimerEvent: {}
[92.640468] (pylon_ros2_camera_component) StdoutLine: {'line': b'[ 90%] Built target ip_auto_config\n'}
[92.642248] (-) TimerEvent: {}
[92.742496] (-) TimerEvent: {}
[92.842851] (-) TimerEvent: {}
[92.943354] (-) TimerEvent: {}
[93.043621] (-) TimerEvent: {}
[93.143940] (-) TimerEvent: {}
[93.244223] (-) TimerEvent: {}
[93.344542] (-) TimerEvent: {}
[93.444914] (-) TimerEvent: {}
[93.545198] (-) TimerEvent: {}
[93.645495] (-) TimerEvent: {}
[93.745802] (-) TimerEvent: {}
[93.846053] (-) TimerEvent: {}
[93.946483] (-) TimerEvent: {}
[94.046968] (-) TimerEvent: {}
[94.147289] (-) TimerEvent: {}
[94.247574] (-) TimerEvent: {}
[94.347898] (-) TimerEvent: {}
[94.448270] (-) TimerEvent: {}
[94.548533] (-) TimerEvent: {}
[94.648817] (-) TimerEvent: {}
[94.749099] (-) TimerEvent: {}
[94.849337] (-) TimerEvent: {}
[94.949591] (-) TimerEvent: {}
[95.050006] (-) TimerEvent: {}
[95.150314] (-) TimerEvent: {}
[95.250652] (-) TimerEvent: {}
[95.350974] (-) TimerEvent: {}
[95.451310] (-) TimerEvent: {}
[95.551583] (-) TimerEvent: {}
[95.651912] (-) TimerEvent: {}
[95.752192] (-) TimerEvent: {}
[95.852476] (-) TimerEvent: {}
[95.952778] (-) TimerEvent: {}
[96.053151] (-) TimerEvent: {}
[96.153534] (-) TimerEvent: {}
[96.253919] (-) TimerEvent: {}
[96.354202] (-) TimerEvent: {}
[96.454518] (-) TimerEvent: {}
[96.554777] (-) TimerEvent: {}
[96.655137] (-) TimerEvent: {}
[96.755482] (-) TimerEvent: {}
[96.855757] (-) TimerEvent: {}
[96.956142] (-) TimerEvent: {}
[97.056437] (-) TimerEvent: {}
[97.156736] (-) TimerEvent: {}
[97.257041] (-) TimerEvent: {}
[97.357336] (-) TimerEvent: {}
[97.457749] (-) TimerEvent: {}
[97.558194] (-) TimerEvent: {}
[97.658514] (-) TimerEvent: {}
[97.758840] (-) TimerEvent: {}
[97.859216] (-) TimerEvent: {}
[97.959556] (-) TimerEvent: {}
[98.059960] (-) TimerEvent: {}
[98.160308] (-) TimerEvent: {}
[98.260636] (-) TimerEvent: {}
[98.360914] (-) TimerEvent: {}
[98.461203] (-) TimerEvent: {}
[98.561495] (-) TimerEvent: {}
[98.571003] (pylon_ros2_camera_component) StdoutLine: {'line': b'[100%] \x1b[32m\x1b[1mLinking CXX shared library libpylon_ros2_camera_component.so\x1b[0m\n'}
[98.661640] (-) TimerEvent: {}
[98.762010] (-) TimerEvent: {}
[98.862300] (-) TimerEvent: {}
[98.962584] (-) TimerEvent: {}
[99.062875] (-) TimerEvent: {}
[99.163129] (-) TimerEvent: {}
[99.263474] (-) TimerEvent: {}
[99.363866] (-) TimerEvent: {}
[99.464178] (-) TimerEvent: {}
[99.564440] (-) TimerEvent: {}
[99.664755] (-) TimerEvent: {}
[99.765070] (-) TimerEvent: {}
[99.786940] (pylon_ros2_camera_component) StdoutLine: {'line': b'[100%] Built target pylon_ros2_camera_component\n'}
[99.791901] (pylon_ros2_camera_component) CommandEnded: {'returncode': 0}
[99.792759] (pylon_ros2_camera_component) JobProgress: {'identifier': 'pylon_ros2_camera_component', 'progress': 'install'}
[99.794564] (pylon_ros2_camera_component) Command: {'cmd': ['/opt/cmake-3.27/bin/cmake', '--install', '/home/mcav/cam_dev_ws/build/pylon_ros2_camera_component'], 'cwd': '/home/mcav/cam_dev_ws/build/pylon_ros2_camera_component', 'env': OrderedDict([('LESSOPEN', '| /usr/bin/lesspipe %s'), ('USER', 'mcav'), ('SSH_CLIENT', '172.20.10.6 62398 22'), ('CCACHE_DIR', '/var/tmp/ccache'), ('CMAKE_COMMAND', '/opt/cmake-3.27/bin/cmake'), ('XDG_SESSION_TYPE', 'tty'), ('SHLVL', '1'), ('LD_LIBRARY_PATH', '/home/mcav/cam_dev_ws/install/pylon_ros2_camera_interfaces/lib:/usr/local/cuda/lib64:/usr/local/cuda/lib64:/opt/ros/humble/opt/rviz_ogre_vendor/lib:/opt/ros/humble/lib/x86_64-linux-gnu:/opt/ros/humble/lib'), ('MOTD_SHOWN', 'pam'), ('HOME', '/home/mcav'), ('OLDPWD', '/home/mcav/cam_dev_ws/src'), ('SSH_TTY', '/dev/pts/1'), ('ROS_PYTHON_VERSION', '3'), ('DBUS_SESSION_BUS_ADDRESS', 'unix:path=/run/user/1000/bus'), ('ROS_DISTRO', 'humble'), ('LOGNAME', 'mcav'), ('_', '/usr/bin/colcon'), ('ROS_VERSION', '2'), ('XDG_SESSION_CLASS', 'user'), ('TERM', 'xterm-ghostty'), ('XDG_SESSION_ID', '3'), ('ROS_LOCALHOST_ONLY', '0'), ('PATH', '/opt/cmake-3.27/bin:/home/mcav/.local/bin:/home/mcav/bin:/usr/local/cuda/bin:/usr/local/cuda/bin:/opt/ros/humble/bin:/usr/local/sbin:/usr/local/bin:/usr/sbin:/usr/bin:/sbin:/bin:/usr/games:/usr/local/games:/snap/bin:/home/mcav/.local/bin:/home/mcav/.local/bin'), ('XDG_RUNTIME_DIR', '/run/user/1000'), ('LANG', 'en_US.UTF-8'), ('RMW_IMPLEMENTATION', 'rmw_cyclonedds_cpp'), ('LS_COLORS', 'rs=0:di=01;34:ln=01;36:mh=00:pi=40;33:so=01;35:do=01;35:bd=40;33;01:cd=40;33;01:or=40;31;01:mi=00:su=37;41:sg=30;43:ca=30;41:tw=30;42:ow=34;42:st=37;44:ex=01;32:*.tar=01;31:*.tgz=01;31:*.arc=01;31:*.arj=01;31:*.taz=01;31:*.lha=01;31:*.lz4=01;31:*.lzh=01;31:*.lzma=01;31:*.tlz=01;31:*.txz=01;31:*.tzo=01;31:*.t7z=01;31:*.zip=01;31:*.z=01;31:*.dz=01;31:*.gz=01;31:*.lrz=01;31:*.lz=01;31:*.lzo=01;31:*.xz=01;31:*.zst=01;31:*.tzst=01;31:*.bz2=01;31:*.bz=01;31:*.tbz=01;31:*.tbz2=01;31:*.tz=01;31:*.deb=01;31:*.rpm=01;31:*.jar=01;31:*.war=01;31:*.ear=01;31:*.sar=01;31:*.rar=01;31:*.alz=01;31:*.ace=01;31:*.zoo=01;31:*.cpio=01;31:*.7z=01;31:*.rz=01;31:*.cab=01;31:*.wim=01;31:*.swm=01;31:*.dwm=01;31:*.esd=01;31:*.jpg=01;35:*.jpeg=01;35:*.mjpg=01;35:*.mjpeg=01;35:*.gif=01;35:*.bmp=01;35:*.pbm=01;35:*.pgm=01;35:*.ppm=01;35:*.tga=01;35:*.xbm=01;35:*.xpm=01;35:*.tif=01;35:*.tiff=01;35:*.png=01;35:*.svg=01;35:*.svgz=01;35:*.mng=01;35:*.pcx=01;35:*.mov=01;35:*.mpg=01;35:*.mpeg=01;35:*.m2v=01;35:*.mkv=01;35:*.webm=01;35:*.webp=01;35:*.ogm=01;35:*.mp4=01;35:*.m4v=01;35:*.mp4v=01;35:*.vob=01;35:*.qt=01;35:*.nuv=01;35:*.wmv=01;35:*.asf=01;35:*.rm=01;35:*.rmvb=01;35:*.flc=01;35:*.avi=01;35:*.fli=01;35:*.flv=01;35:*.gl=01;35:*.dl=01;35:*.xcf=01;35:*.xwd=01;35:*.yuv=01;35:*.cgm=01;35:*.emf=01;35:*.ogv=01;35:*.ogx=01;35:*.aac=00;36:*.au=00;36:*.flac=00;36:*.m4a=00;36:*.mid=00;36:*.midi=00;36:*.mka=00;36:*.mp3=00;36:*.mpc=00;36:*.ogg=00;36:*.ra=00;36:*.wav=00;36:*.oga=00;36:*.opus=00;36:*.spx=00;36:*.xspf=00;36:'), ('AMENT_PREFIX_PATH', '/home/mcav/cam_dev_ws/install/pylon_ros2_camera_interfaces:/opt/ros/humble'), ('SHELL', '/bin/bash'), ('CXX', '/usr/lib/ccache/g++'), ('LESSCLOSE', '/usr/bin/lesspipe %s %s'), ('PWD', '/home/mcav/cam_dev_ws/build/pylon_ros2_camera_component'), ('LC_ALL', 'en_US.UTF-8'), ('SSH_CONNECTION', '172.20.10.6 62398 172.20.10.14 22'), ('PYLON_ROOT', '/opt/pylon'), ('XDG_DATA_DIRS', '/usr/share/gnome:/usr/local/share:/usr/share:/var/lib/snapd/desktop'), ('PYTHONPATH', '/home/mcav/cam_dev_ws/install/pylon_ros2_camera_interfaces/local/lib/python3.10/dist-packages:/opt/ros/humble/lib/python3.10/site-packages:/opt/ros/humble/local/lib/python3.10/dist-packages'), ('CC', '/usr/lib/ccache/gcc'), ('COLCON', '1'), ('GENICAM_GENTL64_PATH', ':/opt/pylon/lib/gentlproducer/gtl:/opt/pylon/lib/pylonCXP/bin/'), ('CMAKE_PREFIX_PATH', '/home/mcav/cam_dev_ws/install/pylon_ros2_camera_interfaces:/opt/ros/humble')]), 'shell': False}
[99.796962] (pylon_ros2_camera_component) StdoutLine: {'line': b'-- Install configuration: "Release"\n'}
[99.797210] (pylon_ros2_camera_component) StdoutLine: {'line': b'-- Installing: /home/mcav/cam_dev_ws/install/pylon_ros2_camera_component/lib/libpylon_ros2_camera_component.so\n'}
[99.804114] (pylon_ros2_camera_component) StdoutLine: {'line': b'-- Set runtime path of "/home/mcav/cam_dev_ws/install/pylon_ros2_camera_component/lib/libpylon_ros2_camera_component.so" to "/home/mcav/lib:/opt/pylon/lib:/home/mcav/cam_dev_ws/install/pylon_ros2_camera_interfaces/lib:/opt/ros/humble/lib/x86_64-linux-gnu:/opt/ros/humble/lib"\n'}
[99.804379] (pylon_ros2_camera_component) StdoutLine: {'line': b'-- Installing: /home/mcav/cam_dev_ws/install/pylon_ros2_camera_component/lib/pylon_ros2_camera_component/ip_auto_config\n'}
[99.808158] (pylon_ros2_camera_component) StdoutLine: {'line': b'-- Set runtime path of "/home/mcav/cam_dev_ws/install/pylon_ros2_camera_component/lib/pylon_ros2_camera_component/ip_auto_config" to "/home/mcav/lib:/opt/pylon/lib"\n'}
[99.808348] (pylon_ros2_camera_component) StdoutLine: {'line': b'-- Installing: /home/mcav/cam_dev_ws/install/pylon_ros2_camera_component/lib/pylon_ros2_camera_component/set_device_user_id\n'}
[99.808764] (pylon_ros2_camera_component) StdoutLine: {'line': b'-- Set runtime path of "/home/mcav/cam_dev_ws/install/pylon_ros2_camera_component/lib/pylon_ros2_camera_component/set_device_user_id" to "/home/mcav/lib:/opt/pylon/lib"\n'}
[99.808986] (pylon_ros2_camera_component) StdoutLine: {'line': b'-- Installing: /home/mcav/cam_dev_ws/install/pylon_ros2_camera_component/include/pylon_ros2_camera_component/\n'}
[99.809067] (pylon_ros2_camera_component) StdoutLine: {'line': b'-- Installing: /home/mcav/cam_dev_ws/install/pylon_ros2_camera_component/include/pylon_ros2_camera_component//pylon_ros2_camera_node.hpp\n'}
[99.809211] (pylon_ros2_camera_component) StdoutLine: {'line': b'-- Installing: /home/mcav/cam_dev_ws/install/pylon_ros2_camera_component/include/pylon_ros2_camera_component//pylon_ros2_camera_parameter.hpp\n'}
[99.809476] (pylon_ros2_camera_component) StdoutLine: {'line': b'-- Installing: /home/mcav/cam_dev_ws/install/pylon_ros2_camera_component/include/pylon_ros2_camera_component//visibility_control.hpp\n'}
[99.809602] (pylon_ros2_camera_component) StdoutLine: {'line': b'-- Installing: /home/mcav/cam_dev_ws/install/pylon_ros2_camera_component/include/pylon_ros2_camera_component//binary_exposure_search.hpp\n'}
[99.809753] (pylon_ros2_camera_component) StdoutLine: {'line': b'-- Installing: /home/mcav/cam_dev_ws/install/pylon_ros2_camera_component/include/pylon_ros2_camera_component//pylon_ros2_camera.hpp\n'}
[99.809904] (pylon_ros2_camera_component) StdoutLine: {'line': b'-- Installing: /home/mcav/cam_dev_ws/install/pylon_ros2_camera_component/include/pylon_ros2_camera_component//encoding_conversions.hpp\n'}
[99.810231] (pylon_ros2_camera_component) StdoutLine: {'line': b'-- Installing: /home/mcav/cam_dev_ws/install/pylon_ros2_camera_component/share/pylon_ros2_camera_component/environment/library_path.sh\n'}
[99.810490] (pylon_ros2_camera_component) StdoutLine: {'line': b'-- Installing: /home/mcav/cam_dev_ws/install/pylon_ros2_camera_component/share/pylon_ros2_camera_component/environment/library_path.dsv\n'}
[99.810737] (pylon_ros2_camera_component) StdoutLine: {'line': b'-- Installing: /home/mcav/cam_dev_ws/install/pylon_ros2_camera_component/share/ament_index/resource_index/package_run_dependencies/pylon_ros2_camera_component\n'}
[99.810994] (pylon_ros2_camera_component) StdoutLine: {'line': b'-- Installing: /home/mcav/cam_dev_ws/install/pylon_ros2_camera_component/share/ament_index/resource_index/parent_prefix_path/pylon_ros2_camera_component\n'}
[99.811208] (pylon_ros2_camera_component) StdoutLine: {'line': b'-- Installing: /home/mcav/cam_dev_ws/install/pylon_ros2_camera_component/share/pylon_ros2_camera_component/environment/ament_prefix_path.sh\n'}
[99.811477] (pylon_ros2_camera_component) StdoutLine: {'line': b'-- Installing: /home/mcav/cam_dev_ws/install/pylon_ros2_camera_component/share/pylon_ros2_camera_component/environment/ament_prefix_path.dsv\n'}
[99.811612] (pylon_ros2_camera_component) StdoutLine: {'line': b'-- Installing: /home/mcav/cam_dev_ws/install/pylon_ros2_camera_component/share/pylon_ros2_camera_component/environment/path.sh\n'}
[99.811774] (pylon_ros2_camera_component) StdoutLine: {'line': b'-- Installing: /home/mcav/cam_dev_ws/install/pylon_ros2_camera_component/share/pylon_ros2_camera_component/environment/path.dsv\n'}
[99.811923] (pylon_ros2_camera_component) StdoutLine: {'line': b'-- Installing: /home/mcav/cam_dev_ws/install/pylon_ros2_camera_component/share/pylon_ros2_camera_component/local_setup.bash\n'}
[99.812069] (pylon_ros2_camera_component) StdoutLine: {'line': b'-- Installing: /home/mcav/cam_dev_ws/install/pylon_ros2_camera_component/share/pylon_ros2_camera_component/local_setup.sh\n'}
[99.812201] (pylon_ros2_camera_component) StdoutLine: {'line': b'-- Installing: /home/mcav/cam_dev_ws/install/pylon_ros2_camera_component/share/pylon_ros2_camera_component/local_setup.zsh\n'}
[99.812324] (pylon_ros2_camera_component) StdoutLine: {'line': b'-- Installing: /home/mcav/cam_dev_ws/install/pylon_ros2_camera_component/share/pylon_ros2_camera_component/local_setup.dsv\n'}
[99.812464] (pylon_ros2_camera_component) StdoutLine: {'line': b'-- Installing: /home/mcav/cam_dev_ws/install/pylon_ros2_camera_component/share/pylon_ros2_camera_component/package.dsv\n'}
[99.812615] (pylon_ros2_camera_component) StdoutLine: {'line': b'-- Installing: /home/mcav/cam_dev_ws/install/pylon_ros2_camera_component/share/ament_index/resource_index/packages/pylon_ros2_camera_component\n'}
[99.812749] (pylon_ros2_camera_component) StdoutLine: {'line': b'-- Installing: /home/mcav/cam_dev_ws/install/pylon_ros2_camera_component/share/ament_index/resource_index/rclcpp_components/pylon_ros2_camera_component\n'}
[99.812819] (pylon_ros2_camera_component) StdoutLine: {'line': b'-- Installing: /home/mcav/cam_dev_ws/install/pylon_ros2_camera_component/share/pylon_ros2_camera_component/cmake/ament_cmake_export_include_directories-extras.cmake\n'}
[99.813078] (pylon_ros2_camera_component) StdoutLine: {'line': b'-- Installing: /home/mcav/cam_dev_ws/install/pylon_ros2_camera_component/share/pylon_ros2_camera_component/cmake/ament_cmake_export_libraries-extras.cmake\n'}
[99.813307] (pylon_ros2_camera_component) StdoutLine: {'line': b'-- Installing: /home/mcav/cam_dev_ws/install/pylon_ros2_camera_component/share/pylon_ros2_camera_component/cmake/ament_cmake_export_dependencies-extras.cmake\n'}
[99.813456] (pylon_ros2_camera_component) StdoutLine: {'line': b'-- Installing: /home/mcav/cam_dev_ws/install/pylon_ros2_camera_component/share/pylon_ros2_camera_component/cmake/pylon_ros2_camera_componentConfig.cmake\n'}
[99.813587] (pylon_ros2_camera_component) StdoutLine: {'line': b'-- Installing: /home/mcav/cam_dev_ws/install/pylon_ros2_camera_component/share/pylon_ros2_camera_component/cmake/pylon_ros2_camera_componentConfig-version.cmake\n'}
[99.813777] (pylon_ros2_camera_component) StdoutLine: {'line': b'-- Installing: /home/mcav/cam_dev_ws/install/pylon_ros2_camera_component/share/pylon_ros2_camera_component/package.xml\n'}
[99.815423] (pylon_ros2_camera_component) CommandEnded: {'returncode': 0}
[99.832814] (pylon_ros2_camera_component) JobEnded: {'identifier': 'pylon_ros2_camera_component', 'rc': 0}
[99.833749] (pylon_ros2_camera_wrapper) JobStarted: {'identifier': 'pylon_ros2_camera_wrapper'}
[99.843166] (pylon_ros2_camera_wrapper) JobProgress: {'identifier': 'pylon_ros2_camera_wrapper', 'progress': 'cmake'}
[99.844229] (pylon_ros2_camera_wrapper) Command: {'cmd': ['/opt/cmake-3.27/bin/cmake', '/home/mcav/cam_dev_ws/src/pylon_ros2_camera/pylon_ros2_camera_wrapper', '-DCMAKE_INSTALL_PREFIX=/home/mcav/cam_dev_ws/install/pylon_ros2_camera_wrapper'], 'cwd': '/home/mcav/cam_dev_ws/build/pylon_ros2_camera_wrapper', 'env': OrderedDict([('LESSOPEN', '| /usr/bin/lesspipe %s'), ('USER', 'mcav'), ('SSH_CLIENT', '172.20.10.6 62398 22'), ('CCACHE_DIR', '/var/tmp/ccache'), ('CMAKE_COMMAND', '/opt/cmake-3.27/bin/cmake'), ('XDG_SESSION_TYPE', 'tty'), ('SHLVL', '1'), ('LD_LIBRARY_PATH', '/home/mcav/cam_dev_ws/install/pylon_ros2_camera_component/lib:/home/mcav/cam_dev_ws/install/pylon_ros2_camera_interfaces/lib:/usr/local/cuda/lib64:/usr/local/cuda/lib64:/opt/ros/humble/opt/rviz_ogre_vendor/lib:/opt/ros/humble/lib/x86_64-linux-gnu:/opt/ros/humble/lib'), ('MOTD_SHOWN', 'pam'), ('HOME', '/home/mcav'), ('OLDPWD', '/home/mcav/cam_dev_ws/src'), ('SSH_TTY', '/dev/pts/1'), ('ROS_PYTHON_VERSION', '3'), ('DBUS_SESSION_BUS_ADDRESS', 'unix:path=/run/user/1000/bus'), ('ROS_DISTRO', 'humble'), ('LOGNAME', 'mcav'), ('_', '/usr/bin/colcon'), ('ROS_VERSION', '2'), ('XDG_SESSION_CLASS', 'user'), ('TERM', 'xterm-ghostty'), ('XDG_SESSION_ID', '3'), ('ROS_LOCALHOST_ONLY', '0'), ('PATH', '/opt/cmake-3.27/bin:/home/mcav/.local/bin:/home/mcav/bin:/usr/local/cuda/bin:/usr/local/cuda/bin:/opt/ros/humble/bin:/usr/local/sbin:/usr/local/bin:/usr/sbin:/usr/bin:/sbin:/bin:/usr/games:/usr/local/games:/snap/bin:/home/mcav/.local/bin:/home/mcav/.local/bin'), ('XDG_RUNTIME_DIR', '/run/user/1000'), ('LANG', 'en_US.UTF-8'), ('RMW_IMPLEMENTATION', 'rmw_cyclonedds_cpp'), ('LS_COLORS', 'rs=0:di=01;34:ln=01;36:mh=00:pi=40;33:so=01;35:do=01;35:bd=40;33;01:cd=40;33;01:or=40;31;01:mi=00:su=37;41:sg=30;43:ca=30;41:tw=30;42:ow=34;42:st=37;44:ex=01;32:*.tar=01;31:*.tgz=01;31:*.arc=01;31:*.arj=01;31:*.taz=01;31:*.lha=01;31:*.lz4=01;31:*.lzh=01;31:*.lzma=01;31:*.tlz=01;31:*.txz=01;31:*.tzo=01;31:*.t7z=01;31:*.zip=01;31:*.z=01;31:*.dz=01;31:*.gz=01;31:*.lrz=01;31:*.lz=01;31:*.lzo=01;31:*.xz=01;31:*.zst=01;31:*.tzst=01;31:*.bz2=01;31:*.bz=01;31:*.tbz=01;31:*.tbz2=01;31:*.tz=01;31:*.deb=01;31:*.rpm=01;31:*.jar=01;31:*.war=01;31:*.ear=01;31:*.sar=01;31:*.rar=01;31:*.alz=01;31:*.ace=01;31:*.zoo=01;31:*.cpio=01;31:*.7z=01;31:*.rz=01;31:*.cab=01;31:*.wim=01;31:*.swm=01;31:*.dwm=01;31:*.esd=01;31:*.jpg=01;35:*.jpeg=01;35:*.mjpg=01;35:*.mjpeg=01;35:*.gif=01;35:*.bmp=01;35:*.pbm=01;35:*.pgm=01;35:*.ppm=01;35:*.tga=01;35:*.xbm=01;35:*.xpm=01;35:*.tif=01;35:*.tiff=01;35:*.png=01;35:*.svg=01;35:*.svgz=01;35:*.mng=01;35:*.pcx=01;35:*.mov=01;35:*.mpg=01;35:*.mpeg=01;35:*.m2v=01;35:*.mkv=01;35:*.webm=01;35:*.webp=01;35:*.ogm=01;35:*.mp4=01;35:*.m4v=01;35:*.mp4v=01;35:*.vob=01;35:*.qt=01;35:*.nuv=01;35:*.wmv=01;35:*.asf=01;35:*.rm=01;35:*.rmvb=01;35:*.flc=01;35:*.avi=01;35:*.fli=01;35:*.flv=01;35:*.gl=01;35:*.dl=01;35:*.xcf=01;35:*.xwd=01;35:*.yuv=01;35:*.cgm=01;35:*.emf=01;35:*.ogv=01;35:*.ogx=01;35:*.aac=00;36:*.au=00;36:*.flac=00;36:*.m4a=00;36:*.mid=00;36:*.midi=00;36:*.mka=00;36:*.mp3=00;36:*.mpc=00;36:*.ogg=00;36:*.ra=00;36:*.wav=00;36:*.oga=00;36:*.opus=00;36:*.spx=00;36:*.xspf=00;36:'), ('AMENT_PREFIX_PATH', '/home/mcav/cam_dev_ws/install/pylon_ros2_camera_component:/home/mcav/cam_dev_ws/install/pylon_ros2_camera_interfaces:/opt/ros/humble'), ('SHELL', '/bin/bash'), ('CXX', '/usr/lib/ccache/g++'), ('LESSCLOSE', '/usr/bin/lesspipe %s %s'), ('PWD', '/home/mcav/cam_dev_ws/build/pylon_ros2_camera_wrapper'), ('LC_ALL', 'en_US.UTF-8'), ('SSH_CONNECTION', '172.20.10.6 62398 172.20.10.14 22'), ('PYLON_ROOT', '/opt/pylon'), ('XDG_DATA_DIRS', '/usr/share/gnome:/usr/local/share:/usr/share:/var/lib/snapd/desktop'), ('PYTHONPATH', '/home/mcav/cam_dev_ws/install/pylon_ros2_camera_interfaces/local/lib/python3.10/dist-packages:/opt/ros/humble/lib/python3.10/site-packages:/opt/ros/humble/local/lib/python3.10/dist-packages'), ('CC', '/usr/lib/ccache/gcc'), ('COLCON', '1'), ('GENICAM_GENTL64_PATH', ':/opt/pylon/lib/gentlproducer/gtl:/opt/pylon/lib/pylonCXP/bin/'), ('CMAKE_PREFIX_PATH', '/home/mcav/cam_dev_ws/install/pylon_ros2_camera_component:/home/mcav/cam_dev_ws/install/pylon_ros2_camera_interfaces:/opt/ros/humble')]), 'shell': False}
[99.865163] (-) TimerEvent: {}
[99.907608] (pylon_ros2_camera_wrapper) StdoutLine: {'line': b'-- The C compiler identification is GNU 11.4.0\n'}
[99.965287] (-) TimerEvent: {}
[99.986883] (pylon_ros2_camera_wrapper) StdoutLine: {'line': b'-- The CXX compiler identification is GNU 11.4.0\n'}
[100.012166] (pylon_ros2_camera_wrapper) StdoutLine: {'line': b'-- Detecting C compiler ABI info\n'}
[100.065405] (-) TimerEvent: {}
[100.074978] (pylon_ros2_camera_wrapper) StdoutLine: {'line': b'-- Detecting C compiler ABI info - done\n'}
[100.096723] (pylon_ros2_camera_wrapper) StdoutLine: {'line': b'-- Check for working C compiler: /usr/lib/ccache/gcc - skipped\n'}
[100.097384] (pylon_ros2_camera_wrapper) StdoutLine: {'line': b'-- Detecting C compile features\n'}
[100.098206] (pylon_ros2_camera_wrapper) StdoutLine: {'line': b'-- Detecting C compile features - done\n'}
[100.113032] (pylon_ros2_camera_wrapper) StdoutLine: {'line': b'-- Detecting CXX compiler ABI info\n'}
[100.165491] (-) TimerEvent: {}
[100.190038] (pylon_ros2_camera_wrapper) StdoutLine: {'line': b'-- Detecting CXX compiler ABI info - done\n'}
[100.210253] (pylon_ros2_camera_wrapper) StdoutLine: {'line': b'-- Check for working CXX compiler: /usr/lib/ccache/g++ - skipped\n'}
[100.210709] (pylon_ros2_camera_wrapper) StdoutLine: {'line': b'-- Detecting CXX compile features\n'}
[100.211604] (pylon_ros2_camera_wrapper) StdoutLine: {'line': b'-- Detecting CXX compile features - done\n'}
[100.215114] (pylon_ros2_camera_wrapper) StdoutLine: {'line': b'-- Found ament_cmake: 1.3.14 (/opt/ros/humble/share/ament_cmake/cmake)\n'}
[100.265600] (-) TimerEvent: {}
[100.365941] (-) TimerEvent: {}
[100.376242] (pylon_ros2_camera_wrapper) StdoutLine: {'line': b'-- Found Python3: /usr/bin/python3 (found version "3.10.12") found components: Interpreter \n'}
[100.466034] (-) TimerEvent: {}
[100.500163] (pylon_ros2_camera_wrapper) StdoutLine: {'line': b'-- Found rclcpp: 16.0.19 (/opt/ros/humble/share/rclcpp/cmake)\n'}
[100.566191] (-) TimerEvent: {}
[100.575701] (pylon_ros2_camera_wrapper) StdoutLine: {'line': b'-- Found rosidl_generator_c: 3.1.9 (/opt/ros/humble/share/rosidl_generator_c/cmake)\n'}
[100.584678] (pylon_ros2_camera_wrapper) StdoutLine: {'line': b'-- Found rosidl_adapter: 3.1.9 (/opt/ros/humble/share/rosidl_adapter/cmake)\n'}
[100.599751] (pylon_ros2_camera_wrapper) StdoutLine: {'line': b'-- Found rosidl_generator_cpp: 3.1.9 (/opt/ros/humble/share/rosidl_generator_cpp/cmake)\n'}
[100.625487] (pylon_ros2_camera_wrapper) StdoutLine: {'line': b'-- Using all available rosidl_typesupport_c: rosidl_typesupport_fastrtps_c;rosidl_typesupport_introspection_c\n'}
[100.656174] (pylon_ros2_camera_wrapper) StdoutLine: {'line': b'-- Using all available rosidl_typesupport_cpp: rosidl_typesupport_fastrtps_cpp;rosidl_typesupport_introspection_cpp\n'}
[100.666281] (-) TimerEvent: {}
[100.747800] (pylon_ros2_camera_wrapper) StdoutLine: {'line': b'-- Found rmw_implementation_cmake: 6.1.2 (/opt/ros/humble/share/rmw_implementation_cmake/cmake)\n'}
[100.752014] (pylon_ros2_camera_wrapper) StdoutLine: {'line': b'-- Found rmw_cyclonedds_cpp: 1.3.4 (/opt/ros/humble/share/rmw_cyclonedds_cpp/cmake)\n'}
[100.766384] (-) TimerEvent: {}
[100.791705] (pylon_ros2_camera_wrapper) StdoutLine: {'line': b"-- Using RMW implementation 'rmw_cyclonedds_cpp' as default\n"}
[100.805440] (pylon_ros2_camera_wrapper) StdoutLine: {'line': b'-- Performing Test CMAKE_HAVE_LIBC_PTHREAD\n'}
[100.866540] (-) TimerEvent: {}
[100.904466] (pylon_ros2_camera_wrapper) StdoutLine: {'line': b'-- Performing Test CMAKE_HAVE_LIBC_PTHREAD - Success\n'}
[100.906298] (pylon_ros2_camera_wrapper) StdoutLine: {'line': b'-- Found Threads: TRUE  \n'}
[100.966622] (-) TimerEvent: {}
[101.060176] (pylon_ros2_camera_wrapper) StdoutLine: {'line': b'-- Found rclcpp_components: 16.0.19 (/opt/ros/humble/share/rclcpp_components/cmake)\n'}
[101.066764] (-) TimerEvent: {}
[101.130176] (pylon_ros2_camera_wrapper) StdoutLine: {'line': b'-- Found pylon_ros2_camera_component: 1.1.0 (/home/mcav/cam_dev_ws/install/pylon_ros2_camera_component/share/pylon_ros2_camera_component/cmake)\n'}
[101.166897] (-) TimerEvent: {}
[101.267374] (-) TimerEvent: {}
[101.367676] (-) TimerEvent: {}
[101.467979] (-) TimerEvent: {}
[101.524112] (pylon_ros2_camera_wrapper) StderrLine: {'line': b'CMake Warning (dev) at /usr/lib/x86_64-linux-gnu/cmake/pcl/PCLConfig.cmake:146 (find_package):\n'}
[101.524298] (pylon_ros2_camera_wrapper) StderrLine: {'line': b'  Policy CMP0144 is not set: find_package uses upper-case <PACKAGENAME>_ROOT\n'}
[101.524408] (pylon_ros2_camera_wrapper) StderrLine: {'line': b'  variables.  Run "cmake --help-policy CMP0144" for policy details.  Use the\n'}
[101.524512] (pylon_ros2_camera_wrapper) StderrLine: {'line': b'  cmake_policy command to set the policy and suppress this warning.\n'}
[101.524614] (pylon_ros2_camera_wrapper) StderrLine: {'line': b'\n'}
[101.524746] (pylon_ros2_camera_wrapper) StderrLine: {'line': b'  CMake variable EIGEN_ROOT is set to:\n'}
[101.524814] (pylon_ros2_camera_wrapper) StderrLine: {'line': b'\n'}
[101.524876] (pylon_ros2_camera_wrapper) StderrLine: {'line': b'    /usr/include/eigen3\n'}
[101.524937] (pylon_ros2_camera_wrapper) StderrLine: {'line': b'\n'}
[101.524997] (pylon_ros2_camera_wrapper) StderrLine: {'line': b'  For compatibility, find_package is ignoring the variable, but code in a\n'}
[101.525061] (pylon_ros2_camera_wrapper) StderrLine: {'line': b'  .cmake module might still use it.\n'}
[101.525123] (pylon_ros2_camera_wrapper) StderrLine: {'line': b'Call Stack (most recent call first):\n'}
[101.525260] (pylon_ros2_camera_wrapper) StderrLine: {'line': b'  /usr/lib/x86_64-linux-gnu/cmake/pcl/PCLConfig.cmake:299 (find_eigen)\n'}
[101.525323] (pylon_ros2_camera_wrapper) StderrLine: {'line': b'  /usr/lib/x86_64-linux-gnu/cmake/pcl/PCLConfig.cmake:543 (find_external_library)\n'}
[101.525462] (pylon_ros2_camera_wrapper) StderrLine: {'line': b'  /opt/ros/humble/share/pcl_conversions/cmake/ament_cmake_export_dependencies-extras.cmake:21 (find_package)\n'}
[101.525582] (pylon_ros2_camera_wrapper) StderrLine: {'line': b'  /opt/ros/humble/share/pcl_conversions/cmake/pcl_conversionsConfig.cmake:41 (include)\n'}
[101.525750] (pylon_ros2_camera_wrapper) StderrLine: {'line': b'  /opt/ros/humble/share/pcl_ros/cmake/ament_cmake_export_dependencies-extras.cmake:21 (find_package)\n'}
[101.525860] (pylon_ros2_camera_wrapper) StderrLine: {'line': b'  /opt/ros/humble/share/pcl_ros/cmake/pcl_rosConfig.cmake:41 (include)\n'}
[101.525941] (pylon_ros2_camera_wrapper) StderrLine: {'line': b'  /home/mcav/cam_dev_ws/install/pylon_ros2_camera_component/share/pylon_ros2_camera_component/cmake/ament_cmake_export_dependencies-extras.cmake:21 (find_package)\n'}
[101.526004] (pylon_ros2_camera_wrapper) StderrLine: {'line': b'  /home/mcav/cam_dev_ws/install/pylon_ros2_camera_component/share/pylon_ros2_camera_component/cmake/pylon_ros2_camera_componentConfig.cmake:41 (include)\n'}
[101.526124] (pylon_ros2_camera_wrapper) StderrLine: {'line': b'  CMakeLists.txt:42 (find_package)\n'}
[101.526201] (pylon_ros2_camera_wrapper) StderrLine: {'line': b'This warning is for project developers.  Use -Wno-dev to suppress it.\n'}
[101.526262] (pylon_ros2_camera_wrapper) StderrLine: {'line': b'\n'}
[101.530411] (pylon_ros2_camera_wrapper) StdoutLine: {'line': b"-- Checking for module 'eigen3'\n"}
[101.544087] (pylon_ros2_camera_wrapper) StdoutLine: {'line': b'--   Found eigen3, version 3.4.0\n'}
[101.568089] (-) TimerEvent: {}
[101.576153] (pylon_ros2_camera_wrapper) StdoutLine: {'line': b'-- Found Eigen: /usr/include/eigen3 (Required is at least version "3.1") \n'}
[101.576311] (pylon_ros2_camera_wrapper) StdoutLine: {'line': b'-- Eigen found (include: /usr/include/eigen3, version: 3.4.0)\n'}
[101.612005] (pylon_ros2_camera_wrapper) StderrLine: {'line': b'CMake Warning (dev) at /usr/lib/x86_64-linux-gnu/cmake/pcl/Modules/FindFLANN.cmake:44 (find_package):\n'}
[101.612400] (pylon_ros2_camera_wrapper) StderrLine: {'line': b'  Policy CMP0144 is not set: find_package uses upper-case <PACKAGENAME>_ROOT\n'}
[101.612584] (pylon_ros2_camera_wrapper) StderrLine: {'line': b'  variables.  Run "cmake --help-policy CMP0144" for policy details.  Use the\n'}
[101.612764] (pylon_ros2_camera_wrapper) StderrLine: {'line': b'  cmake_policy command to set the policy and suppress this warning.\n'}
[101.612889] (pylon_ros2_camera_wrapper) StderrLine: {'line': b'\n'}
[101.613051] (pylon_ros2_camera_wrapper) StderrLine: {'line': b'  CMake variable FLANN_ROOT is set to:\n'}
[101.613209] (pylon_ros2_camera_wrapper) StderrLine: {'line': b'\n'}
[101.613340] (pylon_ros2_camera_wrapper) StderrLine: {'line': b'    /usr\n'}
[101.613464] (pylon_ros2_camera_wrapper) StderrLine: {'line': b'\n'}
[101.613597] (pylon_ros2_camera_wrapper) StderrLine: {'line': b'  For compatibility, find_package is ignoring the variable, but code in a\n'}
[101.613794] (pylon_ros2_camera_wrapper) StderrLine: {'line': b'  .cmake module might still use it.\n'}
[101.613952] (pylon_ros2_camera_wrapper) StderrLine: {'line': b'Call Stack (most recent call first):\n'}
[101.614062] (pylon_ros2_camera_wrapper) StderrLine: {'line': b'  /usr/lib/x86_64-linux-gnu/cmake/pcl/PCLConfig.cmake:256 (find_package)\n'}
[101.614261] (pylon_ros2_camera_wrapper) StderrLine: {'line': b'  /usr/lib/x86_64-linux-gnu/cmake/pcl/PCLConfig.cmake:301 (find_flann)\n'}
[101.614449] (pylon_ros2_camera_wrapper) StderrLine: {'line': b'  /usr/lib/x86_64-linux-gnu/cmake/pcl/PCLConfig.cmake:543 (find_external_library)\n'}
[101.614580] (pylon_ros2_camera_wrapper) StderrLine: {'line': b'  /opt/ros/humble/share/pcl_conversions/cmake/ament_cmake_export_dependencies-extras.cmake:21 (find_package)\n'}
[101.614698] (pylon_ros2_camera_wrapper) StderrLine: {'line': b'  /opt/ros/humble/share/pcl_conversions/cmake/pcl_conversionsConfig.cmake:41 (include)\n'}
[101.614832] (pylon_ros2_camera_wrapper) StderrLine: {'line': b'  /opt/ros/humble/share/pcl_ros/cmake/ament_cmake_export_dependencies-extras.cmake:21 (find_package)\n'}
[101.614966] (pylon_ros2_camera_wrapper) StderrLine: {'line': b'  /opt/ros/humble/share/pcl_ros/cmake/pcl_rosConfig.cmake:41 (include)\n'}
[101.615111] (pylon_ros2_camera_wrapper) StderrLine: {'line': b'  /home/mcav/cam_dev_ws/install/pylon_ros2_camera_component/share/pylon_ros2_camera_component/cmake/ament_cmake_export_dependencies-extras.cmake:21 (find_package)\n'}
[101.615244] (pylon_ros2_camera_wrapper) StderrLine: {'line': b'  /home/mcav/cam_dev_ws/install/pylon_ros2_camera_component/share/pylon_ros2_camera_component/cmake/pylon_ros2_camera_componentConfig.cmake:41 (include)\n'}
[101.615388] (pylon_ros2_camera_wrapper) StderrLine: {'line': b'  CMakeLists.txt:42 (find_package)\n'}
[101.615513] (pylon_ros2_camera_wrapper) StderrLine: {'line': b'This warning is for project developers.  Use -Wno-dev to suppress it.\n'}
[101.615656] (pylon_ros2_camera_wrapper) StderrLine: {'line': b'\n'}
[101.635785] (pylon_ros2_camera_wrapper) StdoutLine: {'line': b"-- Checking for module 'flann'\n"}
[101.651548] (pylon_ros2_camera_wrapper) StdoutLine: {'line': b'--   Found flann, version 1.9.1\n'}
[101.668192] (-) TimerEvent: {}
[101.702436] (pylon_ros2_camera_wrapper) StdoutLine: {'line': b'-- Found FLANN: /usr/lib/x86_64-linux-gnu/libflann_cpp.so  \n'}
[101.702642] (pylon_ros2_camera_wrapper) StdoutLine: {'line': b'-- FLANN found (include: /usr/include, lib: /usr/lib/x86_64-linux-gnu/libflann_cpp.so)\n'}
[101.768313] (-) TimerEvent: {}
[101.868725] (-) TimerEvent: {}
[101.969091] (-) TimerEvent: {}
[102.069401] (-) TimerEvent: {}
[102.169696] (-) TimerEvent: {}
[102.270028] (-) TimerEvent: {}
[102.370295] (-) TimerEvent: {}
[102.470536] (-) TimerEvent: {}
[102.570810] (-) TimerEvent: {}
[102.671120] (-) TimerEvent: {}
[102.771392] (-) TimerEvent: {}
[102.871668] (-) TimerEvent: {}
[102.972124] (-) TimerEvent: {}
[103.072402] (-) TimerEvent: {}
[103.172720] (-) TimerEvent: {}
[103.191548] (pylon_ros2_camera_wrapper) StdoutLine: {'line': b"-- Checking for module 'libusb-1.0'\n"}
[103.208291] (pylon_ros2_camera_wrapper) StdoutLine: {'line': b'--   Found libusb-1.0, version 1.0.25\n'}
[103.251290] (pylon_ros2_camera_wrapper) StdoutLine: {'line': b'-- Found libusb: /usr/lib/x86_64-linux-gnu/libusb-1.0.so  \n'}
[103.253414] (pylon_ros2_camera_wrapper) StdoutLine: {'line': b'-- OpenNI found (version: 1.5.4.0, include: /usr/include/ni, lib: /usr/lib/libOpenNI.so;libusb::libusb)\n'}
[103.272861] (-) TimerEvent: {}
[103.320695] (pylon_ros2_camera_wrapper) StdoutLine: {'line': b'-- OpenNI2 found (version: 2.2.0.33, include: /usr/include/openni2, lib: /usr/lib/x86_64-linux-gnu/libOpenNI2.so;libusb::libusb)\n'}
[103.372961] (-) TimerEvent: {}
[103.473375] (-) TimerEvent: {}
[103.573818] (-) TimerEvent: {}
[103.674097] (-) TimerEvent: {}
[103.774353] (-) TimerEvent: {}
[103.799838] (pylon_ros2_camera_wrapper) StdoutLine: {'line': b'-- Eigen found (include: /usr/include/eigen3, version: 3.4.0)\n'}
[103.810618] (pylon_ros2_camera_wrapper) StdoutLine: {'line': b'-- OpenNI found (version: 1.5.4.0, include: /usr/include/ni, lib: /usr/lib/libOpenNI.so;libusb::libusb)\n'}
[103.821998] (pylon_ros2_camera_wrapper) StdoutLine: {'line': b'-- OpenNI2 found (version: 2.2.0.33, include: /usr/include/openni2, lib: /usr/lib/x86_64-linux-gnu/libOpenNI2.so;libusb::libusb)\n'}
[103.874449] (-) TimerEvent: {}
[103.974799] (-) TimerEvent: {}
[104.075281] (-) TimerEvent: {}
[104.175646] (-) TimerEvent: {}
[104.275968] (-) TimerEvent: {}
[104.300821] (pylon_ros2_camera_wrapper) StdoutLine: {'line': b'-- Found Qhull version 8.0.2\n'}
[104.376079] (-) TimerEvent: {}
[104.476391] (-) TimerEvent: {}
[104.576672] (-) TimerEvent: {}
[104.676978] (-) TimerEvent: {}
[104.712679] (pylon_ros2_camera_wrapper) StdoutLine: {'line': b'-- OpenNI found (version: 1.5.4.0, include: /usr/include/ni, lib: /usr/lib/libOpenNI.so;libusb::libusb)\n'}
[104.777082] (-) TimerEvent: {}
[104.877442] (-) TimerEvent: {}
[104.977774] (-) TimerEvent: {}
[105.078145] (-) TimerEvent: {}
[105.172280] (pylon_ros2_camera_wrapper) StdoutLine: {'line': b'-- Found PCL_COMMON: /usr/lib/x86_64-linux-gnu/libpcl_common.so  \n'}
[105.176359] (pylon_ros2_camera_wrapper) StdoutLine: {'line': b'-- Found PCL_KDTREE: /usr/lib/x86_64-linux-gnu/libpcl_kdtree.so  \n'}
[105.178233] (-) TimerEvent: {}
[105.180365] (pylon_ros2_camera_wrapper) StdoutLine: {'line': b'-- Found PCL_OCTREE: /usr/lib/x86_64-linux-gnu/libpcl_octree.so  \n'}
[105.184080] (pylon_ros2_camera_wrapper) StdoutLine: {'line': b'-- Found PCL_SEARCH: /usr/lib/x86_64-linux-gnu/libpcl_search.so  \n'}
[105.187924] (pylon_ros2_camera_wrapper) StdoutLine: {'line': b'-- Found PCL_SAMPLE_CONSENSUS: /usr/lib/x86_64-linux-gnu/libpcl_sample_consensus.so  \n'}
[105.190733] (pylon_ros2_camera_wrapper) StdoutLine: {'line': b'-- Found PCL_FILTERS: /usr/lib/x86_64-linux-gnu/libpcl_filters.so  \n'}
[105.191951] (pylon_ros2_camera_wrapper) StdoutLine: {'line': b'-- Found PCL_2D: /usr/include/pcl-1.12  \n'}
[105.192940] (pylon_ros2_camera_wrapper) StdoutLine: {'line': b'-- Found PCL_GEOMETRY: /usr/include/pcl-1.12  \n'}
[105.194938] (pylon_ros2_camera_wrapper) StdoutLine: {'line': b'-- Found PCL_IO: /usr/lib/x86_64-linux-gnu/libpcl_io.so  \n'}
[105.197911] (pylon_ros2_camera_wrapper) StdoutLine: {'line': b'-- Found PCL_FEATURES: /usr/lib/x86_64-linux-gnu/libpcl_features.so  \n'}
[105.200617] (pylon_ros2_camera_wrapper) StdoutLine: {'line': b'-- Found PCL_ML: /usr/lib/x86_64-linux-gnu/libpcl_ml.so  \n'}
[105.204480] (pylon_ros2_camera_wrapper) StdoutLine: {'line': b'-- Found PCL_SEGMENTATION: /usr/lib/x86_64-linux-gnu/libpcl_segmentation.so  \n'}
[105.208822] (pylon_ros2_camera_wrapper) StdoutLine: {'line': b'-- Found PCL_VISUALIZATION: /usr/lib/x86_64-linux-gnu/libpcl_visualization.so  \n'}
[105.212753] (pylon_ros2_camera_wrapper) StdoutLine: {'line': b'-- Found PCL_SURFACE: /usr/lib/x86_64-linux-gnu/libpcl_surface.so  \n'}
[105.216779] (pylon_ros2_camera_wrapper) StdoutLine: {'line': b'-- Found PCL_REGISTRATION: /usr/lib/x86_64-linux-gnu/libpcl_registration.so  \n'}
[105.221210] (pylon_ros2_camera_wrapper) StdoutLine: {'line': b'-- Found PCL_KEYPOINTS: /usr/lib/x86_64-linux-gnu/libpcl_keypoints.so  \n'}
[105.225026] (pylon_ros2_camera_wrapper) StdoutLine: {'line': b'-- Found PCL_TRACKING: /usr/lib/x86_64-linux-gnu/libpcl_tracking.so  \n'}
[105.226876] (pylon_ros2_camera_wrapper) StdoutLine: {'line': b'-- Found PCL_RECOGNITION: /usr/lib/x86_64-linux-gnu/libpcl_recognition.so  \n'}
[105.229439] (pylon_ros2_camera_wrapper) StdoutLine: {'line': b'-- Found PCL_STEREO: /usr/lib/x86_64-linux-gnu/libpcl_stereo.so  \n'}
[105.231484] (pylon_ros2_camera_wrapper) StdoutLine: {'line': b'-- Found PCL_APPS: /usr/lib/x86_64-linux-gnu/libpcl_apps.so  \n'}
[105.233302] (pylon_ros2_camera_wrapper) StdoutLine: {'line': b'-- Found PCL_IN_HAND_SCANNER: /usr/include/pcl-1.12  \n'}
[105.234055] (pylon_ros2_camera_wrapper) StdoutLine: {'line': b'-- Found PCL_MODELER: /usr/include/pcl-1.12  \n'}
[105.235059] (pylon_ros2_camera_wrapper) StdoutLine: {'line': b'-- Found PCL_POINT_CLOUD_EDITOR: /usr/include/pcl-1.12  \n'}
[105.238210] (pylon_ros2_camera_wrapper) StdoutLine: {'line': b'-- Found PCL_OUTOFCORE: /usr/lib/x86_64-linux-gnu/libpcl_outofcore.so  \n'}
[105.241062] (pylon_ros2_camera_wrapper) StdoutLine: {'line': b'-- Found PCL_PEOPLE: /usr/lib/x86_64-linux-gnu/libpcl_people.so  \n'}
[105.278371] (-) TimerEvent: {}
[105.306270] (pylon_ros2_camera_wrapper) StdoutLine: {'line': b'-- Found eigen3_cmake_module: 0.1.1 (/opt/ros/humble/share/eigen3_cmake_module/cmake)\n'}
[105.309401] (pylon_ros2_camera_wrapper) StdoutLine: {'line': b'-- Found Eigen3: TRUE (found version "3.4.0") \n'}
[105.309844] (pylon_ros2_camera_wrapper) StdoutLine: {'line': b'-- Ensuring Eigen3 include directory is part of orocos-kdl CMake target\n'}
[105.378476] (-) TimerEvent: {}
[105.478779] (-) TimerEvent: {}
[105.551955] (pylon_ros2_camera_wrapper) StdoutLine: {'line': b'-- Found Boost: /usr/lib/x86_64-linux-gnu/cmake/Boost-1.74.0/BoostConfig.cmake (found version "1.74.0") found components: date_time \n'}
[105.578904] (-) TimerEvent: {}
[105.679181] (-) TimerEvent: {}
[105.750084] (pylon_ros2_camera_wrapper) StdoutLine: {'line': b'-- Configuring done (5.9s)\n'}
[105.779269] (-) TimerEvent: {}
[105.879591] (-) TimerEvent: {}
[105.979898] (-) TimerEvent: {}
[106.080257] (-) TimerEvent: {}
[106.167364] (pylon_ros2_camera_wrapper) StdoutLine: {'line': b'-- Generating done (0.4s)\n'}
[106.180344] (-) TimerEvent: {}
[106.195269] (pylon_ros2_camera_wrapper) StdoutLine: {'line': b'-- Build files have been written to: /home/mcav/cam_dev_ws/build/pylon_ros2_camera_wrapper\n'}
[106.229205] (pylon_ros2_camera_wrapper) CommandEnded: {'returncode': 0}
[106.230294] (pylon_ros2_camera_wrapper) JobProgress: {'identifier': 'pylon_ros2_camera_wrapper', 'progress': 'build'}
[106.231556] (pylon_ros2_camera_wrapper) Command: {'cmd': ['/opt/cmake-3.27/bin/cmake', '--build', '/home/mcav/cam_dev_ws/build/pylon_ros2_camera_wrapper', '--', '-j8', '-l8'], 'cwd': '/home/mcav/cam_dev_ws/build/pylon_ros2_camera_wrapper', 'env': OrderedDict([('LESSOPEN', '| /usr/bin/lesspipe %s'), ('USER', 'mcav'), ('SSH_CLIENT', '172.20.10.6 62398 22'), ('CCACHE_DIR', '/var/tmp/ccache'), ('CMAKE_COMMAND', '/opt/cmake-3.27/bin/cmake'), ('XDG_SESSION_TYPE', 'tty'), ('SHLVL', '1'), ('LD_LIBRARY_PATH', '/home/mcav/cam_dev_ws/install/pylon_ros2_camera_component/lib:/home/mcav/cam_dev_ws/install/pylon_ros2_camera_interfaces/lib:/usr/local/cuda/lib64:/usr/local/cuda/lib64:/opt/ros/humble/opt/rviz_ogre_vendor/lib:/opt/ros/humble/lib/x86_64-linux-gnu:/opt/ros/humble/lib'), ('MOTD_SHOWN', 'pam'), ('HOME', '/home/mcav'), ('OLDPWD', '/home/mcav/cam_dev_ws/src'), ('SSH_TTY', '/dev/pts/1'), ('ROS_PYTHON_VERSION', '3'), ('DBUS_SESSION_BUS_ADDRESS', 'unix:path=/run/user/1000/bus'), ('ROS_DISTRO', 'humble'), ('LOGNAME', 'mcav'), ('_', '/usr/bin/colcon'), ('ROS_VERSION', '2'), ('XDG_SESSION_CLASS', 'user'), ('TERM', 'xterm-ghostty'), ('XDG_SESSION_ID', '3'), ('ROS_LOCALHOST_ONLY', '0'), ('PATH', '/opt/cmake-3.27/bin:/home/mcav/.local/bin:/home/mcav/bin:/usr/local/cuda/bin:/usr/local/cuda/bin:/opt/ros/humble/bin:/usr/local/sbin:/usr/local/bin:/usr/sbin:/usr/bin:/sbin:/bin:/usr/games:/usr/local/games:/snap/bin:/home/mcav/.local/bin:/home/mcav/.local/bin'), ('XDG_RUNTIME_DIR', '/run/user/1000'), ('LANG', 'en_US.UTF-8'), ('RMW_IMPLEMENTATION', 'rmw_cyclonedds_cpp'), ('LS_COLORS', 'rs=0:di=01;34:ln=01;36:mh=00:pi=40;33:so=01;35:do=01;35:bd=40;33;01:cd=40;33;01:or=40;31;01:mi=00:su=37;41:sg=30;43:ca=30;41:tw=30;42:ow=34;42:st=37;44:ex=01;32:*.tar=01;31:*.tgz=01;31:*.arc=01;31:*.arj=01;31:*.taz=01;31:*.lha=01;31:*.lz4=01;31:*.lzh=01;31:*.lzma=01;31:*.tlz=01;31:*.txz=01;31:*.tzo=01;31:*.t7z=01;31:*.zip=01;31:*.z=01;31:*.dz=01;31:*.gz=01;31:*.lrz=01;31:*.lz=01;31:*.lzo=01;31:*.xz=01;31:*.zst=01;31:*.tzst=01;31:*.bz2=01;31:*.bz=01;31:*.tbz=01;31:*.tbz2=01;31:*.tz=01;31:*.deb=01;31:*.rpm=01;31:*.jar=01;31:*.war=01;31:*.ear=01;31:*.sar=01;31:*.rar=01;31:*.alz=01;31:*.ace=01;31:*.zoo=01;31:*.cpio=01;31:*.7z=01;31:*.rz=01;31:*.cab=01;31:*.wim=01;31:*.swm=01;31:*.dwm=01;31:*.esd=01;31:*.jpg=01;35:*.jpeg=01;35:*.mjpg=01;35:*.mjpeg=01;35:*.gif=01;35:*.bmp=01;35:*.pbm=01;35:*.pgm=01;35:*.ppm=01;35:*.tga=01;35:*.xbm=01;35:*.xpm=01;35:*.tif=01;35:*.tiff=01;35:*.png=01;35:*.svg=01;35:*.svgz=01;35:*.mng=01;35:*.pcx=01;35:*.mov=01;35:*.mpg=01;35:*.mpeg=01;35:*.m2v=01;35:*.mkv=01;35:*.webm=01;35:*.webp=01;35:*.ogm=01;35:*.mp4=01;35:*.m4v=01;35:*.mp4v=01;35:*.vob=01;35:*.qt=01;35:*.nuv=01;35:*.wmv=01;35:*.asf=01;35:*.rm=01;35:*.rmvb=01;35:*.flc=01;35:*.avi=01;35:*.fli=01;35:*.flv=01;35:*.gl=01;35:*.dl=01;35:*.xcf=01;35:*.xwd=01;35:*.yuv=01;35:*.cgm=01;35:*.emf=01;35:*.ogv=01;35:*.ogx=01;35:*.aac=00;36:*.au=00;36:*.flac=00;36:*.m4a=00;36:*.mid=00;36:*.midi=00;36:*.mka=00;36:*.mp3=00;36:*.mpc=00;36:*.ogg=00;36:*.ra=00;36:*.wav=00;36:*.oga=00;36:*.opus=00;36:*.spx=00;36:*.xspf=00;36:'), ('AMENT_PREFIX_PATH', '/home/mcav/cam_dev_ws/install/pylon_ros2_camera_component:/home/mcav/cam_dev_ws/install/pylon_ros2_camera_interfaces:/opt/ros/humble'), ('SHELL', '/bin/bash'), ('CXX', '/usr/lib/ccache/g++'), ('LESSCLOSE', '/usr/bin/lesspipe %s %s'), ('PWD', '/home/mcav/cam_dev_ws/build/pylon_ros2_camera_wrapper'), ('LC_ALL', 'en_US.UTF-8'), ('SSH_CONNECTION', '172.20.10.6 62398 172.20.10.14 22'), ('PYLON_ROOT', '/opt/pylon'), ('XDG_DATA_DIRS', '/usr/share/gnome:/usr/local/share:/usr/share:/var/lib/snapd/desktop'), ('PYTHONPATH', '/home/mcav/cam_dev_ws/install/pylon_ros2_camera_interfaces/local/lib/python3.10/dist-packages:/opt/ros/humble/lib/python3.10/site-packages:/opt/ros/humble/local/lib/python3.10/dist-packages'), ('CC', '/usr/lib/ccache/gcc'), ('COLCON', '1'), ('GENICAM_GENTL64_PATH', ':/opt/pylon/lib/gentlproducer/gtl:/opt/pylon/lib/pylonCXP/bin/'), ('CMAKE_PREFIX_PATH', '/home/mcav/cam_dev_ws/install/pylon_ros2_camera_component:/home/mcav/cam_dev_ws/install/pylon_ros2_camera_interfaces:/opt/ros/humble')]), 'shell': False}
[106.266244] (pylon_ros2_camera_wrapper) StdoutLine: {'line': b'[ 10%] \x1b[32mBuilding CXX object CMakeFiles/test_grab_image_action_client.dir/rclcpp_components/node_main_test_grab_image_action_client.cpp.o\x1b[0m\n'}
[106.267933] (pylon_ros2_camera_wrapper) StdoutLine: {'line': b'[ 20%] \x1b[32mBuilding CXX object CMakeFiles/test_grab_blaze_data_action_client.dir/rclcpp_components/node_main_test_grab_blaze_data_action_client.cpp.o\x1b[0m\n'}
[106.268553] (pylon_ros2_camera_wrapper) StdoutLine: {'line': b'[ 30%] \x1b[32mBuilding CXX object CMakeFiles/action_client_test_grab_images.dir/test/test_grab_images_action_client.cpp.o\x1b[0m\n'}
[106.269161] (pylon_ros2_camera_wrapper) StdoutLine: {'line': b'[ 40%] \x1b[32mBuilding CXX object CMakeFiles/pylon_ros2_camera_wrapper.dir/src/pylon_ros2_camera_wrapper.cpp.o\x1b[0m\n'}
[106.271273] (pylon_ros2_camera_wrapper) StdoutLine: {'line': b'[ 50%] \x1b[32mBuilding CXX object CMakeFiles/action_client_test_grab_blaze_data.dir/test/test_grab_blaze_data_action_client.cpp.o\x1b[0m\n'}
[106.280487] (-) TimerEvent: {}
[106.380839] (-) TimerEvent: {}
[106.481891] (-) TimerEvent: {}
[106.582444] (-) TimerEvent: {}
[106.682864] (-) TimerEvent: {}
[106.783271] (-) TimerEvent: {}
[106.883840] (-) TimerEvent: {}
[106.984138] (-) TimerEvent: {}
[107.084519] (-) TimerEvent: {}
[107.184809] (-) TimerEvent: {}
[107.285120] (-) TimerEvent: {}
[107.385445] (-) TimerEvent: {}
[107.486355] (-) TimerEvent: {}
[107.586728] (-) TimerEvent: {}
[107.687287] (-) TimerEvent: {}
[107.787660] (-) TimerEvent: {}
[107.888042] (-) TimerEvent: {}
[107.988506] (-) TimerEvent: {}
[108.088873] (-) TimerEvent: {}
[108.189209] (-) TimerEvent: {}
[108.300146] (-) TimerEvent: {}
[108.400545] (-) TimerEvent: {}
[108.501080] (-) TimerEvent: {}
[108.601547] (-) TimerEvent: {}
[108.701914] (-) TimerEvent: {}
[108.802436] (-) TimerEvent: {}
[108.903012] (-) TimerEvent: {}
[109.003396] (-) TimerEvent: {}
[109.103806] (-) TimerEvent: {}
[109.204220] (-) TimerEvent: {}
[109.304591] (-) TimerEvent: {}
[109.404998] (-) TimerEvent: {}
[109.505568] (-) TimerEvent: {}
[109.605968] (-) TimerEvent: {}
[109.706329] (-) TimerEvent: {}
[109.807071] (-) TimerEvent: {}
[109.909583] (-) TimerEvent: {}
[110.009989] (-) TimerEvent: {}
[110.110661] (-) TimerEvent: {}
[110.211030] (-) TimerEvent: {}
[110.311453] (-) TimerEvent: {}
[110.413988] (-) TimerEvent: {}
[110.514736] (-) TimerEvent: {}
[110.615109] (-) TimerEvent: {}
[110.715484] (-) TimerEvent: {}
[110.816483] (-) TimerEvent: {}
[110.917109] (-) TimerEvent: {}
[111.017474] (-) TimerEvent: {}
[111.117890] (-) TimerEvent: {}
[111.218234] (-) TimerEvent: {}
[111.321738] (-) TimerEvent: {}
[111.422099] (-) TimerEvent: {}
[111.522395] (-) TimerEvent: {}
[111.622818] (-) TimerEvent: {}
[111.723395] (-) TimerEvent: {}
[111.823936] (-) TimerEvent: {}
[111.924287] (-) TimerEvent: {}
[112.024572] (-) TimerEvent: {}
[112.124904] (-) TimerEvent: {}
[112.225190] (-) TimerEvent: {}
[112.325487] (-) TimerEvent: {}
[112.425835] (-) TimerEvent: {}
[112.526158] (-) TimerEvent: {}
[112.626475] (-) TimerEvent: {}
[112.726889] (-) TimerEvent: {}
[112.827403] (-) TimerEvent: {}
[112.879444] (pylon_ros2_camera_wrapper) StdoutLine: {'line': b'[ 60%] \x1b[32m\x1b[1mLinking CXX executable test_grab_image_action_client\x1b[0m\n'}
[112.927520] (-) TimerEvent: {}
[112.968979] (pylon_ros2_camera_wrapper) StdoutLine: {'line': b'[ 70%] \x1b[32m\x1b[1mLinking CXX executable test_grab_blaze_data_action_client\x1b[0m\n'}
[113.027657] (-) TimerEvent: {}
[113.087698] (pylon_ros2_camera_wrapper) StdoutLine: {'line': b'[ 70%] Built target test_grab_image_action_client\n'}
[113.127767] (-) TimerEvent: {}
[113.174780] (pylon_ros2_camera_wrapper) StdoutLine: {'line': b'[ 70%] Built target test_grab_blaze_data_action_client\n'}
[113.227864] (-) TimerEvent: {}
[113.328146] (-) TimerEvent: {}
[113.428413] (-) TimerEvent: {}
[113.528681] (-) TimerEvent: {}
[113.629130] (-) TimerEvent: {}
[113.729545] (-) TimerEvent: {}
[113.829940] (-) TimerEvent: {}
[113.930302] (-) TimerEvent: {}
[114.030666] (-) TimerEvent: {}
[114.131057] (-) TimerEvent: {}
[114.231430] (-) TimerEvent: {}
[114.331858] (-) TimerEvent: {}
[114.432215] (-) TimerEvent: {}
[114.532643] (-) TimerEvent: {}
[114.633024] (-) TimerEvent: {}
[114.733379] (-) TimerEvent: {}
[114.833715] (-) TimerEvent: {}
[114.934055] (-) TimerEvent: {}
[115.034418] (-) TimerEvent: {}
[115.134769] (-) TimerEvent: {}
[115.235150] (-) TimerEvent: {}
[115.335506] (-) TimerEvent: {}
[115.435849] (-) TimerEvent: {}
[115.536220] (-) TimerEvent: {}
[115.636583] (-) TimerEvent: {}
[115.737066] (-) TimerEvent: {}
[115.837665] (-) TimerEvent: {}
[115.938103] (-) TimerEvent: {}
[116.038446] (-) TimerEvent: {}
[116.138793] (-) TimerEvent: {}
[116.239172] (-) TimerEvent: {}
[116.339557] (-) TimerEvent: {}
[116.430455] (pylon_ros2_camera_wrapper) StdoutLine: {'line': b'[ 80%] \x1b[32m\x1b[1mLinking CXX executable pylon_ros2_camera_wrapper\x1b[0m\n'}
[116.439731] (-) TimerEvent: {}
[116.540071] (-) TimerEvent: {}
[116.640481] (-) TimerEvent: {}
[116.740791] (-) TimerEvent: {}
[116.841080] (-) TimerEvent: {}
[116.941413] (-) TimerEvent: {}
[117.041761] (-) TimerEvent: {}
[117.142194] (-) TimerEvent: {}
[117.242530] (-) TimerEvent: {}
[117.342898] (-) TimerEvent: {}
[117.443249] (-) TimerEvent: {}
[117.543720] (-) TimerEvent: {}
[117.644575] (-) TimerEvent: {}
[117.744943] (-) TimerEvent: {}
[117.823582] (pylon_ros2_camera_wrapper) StdoutLine: {'line': b'[ 80%] Built target pylon_ros2_camera_wrapper\n'}
[117.845056] (-) TimerEvent: {}
[117.945394] (-) TimerEvent: {}
[118.045716] (-) TimerEvent: {}
[118.146046] (-) TimerEvent: {}
[118.246375] (-) TimerEvent: {}
[118.346723] (-) TimerEvent: {}
[118.447067] (-) TimerEvent: {}
[118.547379] (-) TimerEvent: {}
[118.647714] (-) TimerEvent: {}
[118.748014] (-) TimerEvent: {}
[118.848366] (-) TimerEvent: {}
[118.936954] (pylon_ros2_camera_wrapper) StdoutLine: {'line': b'[ 90%] \x1b[32m\x1b[1mLinking CXX shared library libaction_client_test_grab_images.so\x1b[0m\n'}
[118.948441] (-) TimerEvent: {}
[119.048732] (-) TimerEvent: {}
[119.149034] (-) TimerEvent: {}
[119.249328] (-) TimerEvent: {}
[119.349680] (-) TimerEvent: {}
[119.450016] (-) TimerEvent: {}
[119.532373] (pylon_ros2_camera_wrapper) StdoutLine: {'line': b'[ 90%] Built target action_client_test_grab_images\n'}
[119.550131] (-) TimerEvent: {}
[119.650411] (-) TimerEvent: {}
[119.750683] (-) TimerEvent: {}
[119.850963] (-) TimerEvent: {}
[119.951411] (-) TimerEvent: {}
[120.051722] (-) TimerEvent: {}
[120.133101] (pylon_ros2_camera_wrapper) StdoutLine: {'line': b'[100%] \x1b[32m\x1b[1mLinking CXX shared library libaction_client_test_grab_blaze_data.so\x1b[0m\n'}
[120.151844] (-) TimerEvent: {}
[120.252126] (-) TimerEvent: {}
[120.352422] (-) TimerEvent: {}
[120.452723] (-) TimerEvent: {}
[120.553024] (-) TimerEvent: {}
[120.653323] (-) TimerEvent: {}
[120.718478] (pylon_ros2_camera_wrapper) StdoutLine: {'line': b'[100%] Built target action_client_test_grab_blaze_data\n'}
[120.723722] (pylon_ros2_camera_wrapper) CommandEnded: {'returncode': 0}
[120.724561] (pylon_ros2_camera_wrapper) JobProgress: {'identifier': 'pylon_ros2_camera_wrapper', 'progress': 'install'}
[120.725532] (pylon_ros2_camera_wrapper) Command: {'cmd': ['/opt/cmake-3.27/bin/cmake', '--install', '/home/mcav/cam_dev_ws/build/pylon_ros2_camera_wrapper'], 'cwd': '/home/mcav/cam_dev_ws/build/pylon_ros2_camera_wrapper', 'env': OrderedDict([('LESSOPEN', '| /usr/bin/lesspipe %s'), ('USER', 'mcav'), ('SSH_CLIENT', '172.20.10.6 62398 22'), ('CCACHE_DIR', '/var/tmp/ccache'), ('CMAKE_COMMAND', '/opt/cmake-3.27/bin/cmake'), ('XDG_SESSION_TYPE', 'tty'), ('SHLVL', '1'), ('LD_LIBRARY_PATH', '/home/mcav/cam_dev_ws/install/pylon_ros2_camera_component/lib:/home/mcav/cam_dev_ws/install/pylon_ros2_camera_interfaces/lib:/usr/local/cuda/lib64:/usr/local/cuda/lib64:/opt/ros/humble/opt/rviz_ogre_vendor/lib:/opt/ros/humble/lib/x86_64-linux-gnu:/opt/ros/humble/lib'), ('MOTD_SHOWN', 'pam'), ('HOME', '/home/mcav'), ('OLDPWD', '/home/mcav/cam_dev_ws/src'), ('SSH_TTY', '/dev/pts/1'), ('ROS_PYTHON_VERSION', '3'), ('DBUS_SESSION_BUS_ADDRESS', 'unix:path=/run/user/1000/bus'), ('ROS_DISTRO', 'humble'), ('LOGNAME', 'mcav'), ('_', '/usr/bin/colcon'), ('ROS_VERSION', '2'), ('XDG_SESSION_CLASS', 'user'), ('TERM', 'xterm-ghostty'), ('XDG_SESSION_ID', '3'), ('ROS_LOCALHOST_ONLY', '0'), ('PATH', '/opt/cmake-3.27/bin:/home/mcav/.local/bin:/home/mcav/bin:/usr/local/cuda/bin:/usr/local/cuda/bin:/opt/ros/humble/bin:/usr/local/sbin:/usr/local/bin:/usr/sbin:/usr/bin:/sbin:/bin:/usr/games:/usr/local/games:/snap/bin:/home/mcav/.local/bin:/home/mcav/.local/bin'), ('XDG_RUNTIME_DIR', '/run/user/1000'), ('LANG', 'en_US.UTF-8'), ('RMW_IMPLEMENTATION', 'rmw_cyclonedds_cpp'), ('LS_COLORS', 'rs=0:di=01;34:ln=01;36:mh=00:pi=40;33:so=01;35:do=01;35:bd=40;33;01:cd=40;33;01:or=40;31;01:mi=00:su=37;41:sg=30;43:ca=30;41:tw=30;42:ow=34;42:st=37;44:ex=01;32:*.tar=01;31:*.tgz=01;31:*.arc=01;31:*.arj=01;31:*.taz=01;31:*.lha=01;31:*.lz4=01;31:*.lzh=01;31:*.lzma=01;31:*.tlz=01;31:*.txz=01;31:*.tzo=01;31:*.t7z=01;31:*.zip=01;31:*.z=01;31:*.dz=01;31:*.gz=01;31:*.lrz=01;31:*.lz=01;31:*.lzo=01;31:*.xz=01;31:*.zst=01;31:*.tzst=01;31:*.bz2=01;31:*.bz=01;31:*.tbz=01;31:*.tbz2=01;31:*.tz=01;31:*.deb=01;31:*.rpm=01;31:*.jar=01;31:*.war=01;31:*.ear=01;31:*.sar=01;31:*.rar=01;31:*.alz=01;31:*.ace=01;31:*.zoo=01;31:*.cpio=01;31:*.7z=01;31:*.rz=01;31:*.cab=01;31:*.wim=01;31:*.swm=01;31:*.dwm=01;31:*.esd=01;31:*.jpg=01;35:*.jpeg=01;35:*.mjpg=01;35:*.mjpeg=01;35:*.gif=01;35:*.bmp=01;35:*.pbm=01;35:*.pgm=01;35:*.ppm=01;35:*.tga=01;35:*.xbm=01;35:*.xpm=01;35:*.tif=01;35:*.tiff=01;35:*.png=01;35:*.svg=01;35:*.svgz=01;35:*.mng=01;35:*.pcx=01;35:*.mov=01;35:*.mpg=01;35:*.mpeg=01;35:*.m2v=01;35:*.mkv=01;35:*.webm=01;35:*.webp=01;35:*.ogm=01;35:*.mp4=01;35:*.m4v=01;35:*.mp4v=01;35:*.vob=01;35:*.qt=01;35:*.nuv=01;35:*.wmv=01;35:*.asf=01;35:*.rm=01;35:*.rmvb=01;35:*.flc=01;35:*.avi=01;35:*.fli=01;35:*.flv=01;35:*.gl=01;35:*.dl=01;35:*.xcf=01;35:*.xwd=01;35:*.yuv=01;35:*.cgm=01;35:*.emf=01;35:*.ogv=01;35:*.ogx=01;35:*.aac=00;36:*.au=00;36:*.flac=00;36:*.m4a=00;36:*.mid=00;36:*.midi=00;36:*.mka=00;36:*.mp3=00;36:*.mpc=00;36:*.ogg=00;36:*.ra=00;36:*.wav=00;36:*.oga=00;36:*.opus=00;36:*.spx=00;36:*.xspf=00;36:'), ('AMENT_PREFIX_PATH', '/home/mcav/cam_dev_ws/install/pylon_ros2_camera_component:/home/mcav/cam_dev_ws/install/pylon_ros2_camera_interfaces:/opt/ros/humble'), ('SHELL', '/bin/bash'), ('CXX', '/usr/lib/ccache/g++'), ('LESSCLOSE', '/usr/bin/lesspipe %s %s'), ('PWD', '/home/mcav/cam_dev_ws/build/pylon_ros2_camera_wrapper'), ('LC_ALL', 'en_US.UTF-8'), ('SSH_CONNECTION', '172.20.10.6 62398 172.20.10.14 22'), ('PYLON_ROOT', '/opt/pylon'), ('XDG_DATA_DIRS', '/usr/share/gnome:/usr/local/share:/usr/share:/var/lib/snapd/desktop'), ('PYTHONPATH', '/home/mcav/cam_dev_ws/install/pylon_ros2_camera_interfaces/local/lib/python3.10/dist-packages:/opt/ros/humble/lib/python3.10/site-packages:/opt/ros/humble/local/lib/python3.10/dist-packages'), ('CC', '/usr/lib/ccache/gcc'), ('COLCON', '1'), ('GENICAM_GENTL64_PATH', ':/opt/pylon/lib/gentlproducer/gtl:/opt/pylon/lib/pylonCXP/bin/'), ('CMAKE_PREFIX_PATH', '/home/mcav/cam_dev_ws/install/pylon_ros2_camera_component:/home/mcav/cam_dev_ws/install/pylon_ros2_camera_interfaces:/opt/ros/humble')]), 'shell': False}
[120.728741] (pylon_ros2_camera_wrapper) StdoutLine: {'line': b'-- Install configuration: "Release"\n'}
[120.729035] (pylon_ros2_camera_wrapper) StdoutLine: {'line': b'-- Installing: /home/mcav/cam_dev_ws/install/pylon_ros2_camera_wrapper/lib/pylon_ros2_camera_wrapper/test_grab_image_action_client\n'}
[120.729808] (pylon_ros2_camera_wrapper) StdoutLine: {'line': b'-- Set runtime path of "/home/mcav/cam_dev_ws/install/pylon_ros2_camera_wrapper/lib/pylon_ros2_camera_wrapper/test_grab_image_action_client" to ""\n'}
[120.730012] (pylon_ros2_camera_wrapper) StdoutLine: {'line': b'-- Installing: /home/mcav/cam_dev_ws/install/pylon_ros2_camera_wrapper/lib/pylon_ros2_camera_wrapper/test_grab_blaze_data_action_client\n'}
[120.730658] (pylon_ros2_camera_wrapper) StdoutLine: {'line': b'-- Set runtime path of "/home/mcav/cam_dev_ws/install/pylon_ros2_camera_wrapper/lib/pylon_ros2_camera_wrapper/test_grab_blaze_data_action_client" to ""\n'}
[120.730853] (pylon_ros2_camera_wrapper) StdoutLine: {'line': b'-- Installing: /home/mcav/cam_dev_ws/install/pylon_ros2_camera_wrapper/lib/pylon_ros2_camera_wrapper/pylon_ros2_camera_wrapper\n'}
[120.731505] (pylon_ros2_camera_wrapper) StdoutLine: {'line': b'-- Set runtime path of "/home/mcav/cam_dev_ws/install/pylon_ros2_camera_wrapper/lib/pylon_ros2_camera_wrapper/pylon_ros2_camera_wrapper" to ""\n'}
[120.731701] (pylon_ros2_camera_wrapper) StdoutLine: {'line': b'-- Installing: /home/mcav/cam_dev_ws/install/pylon_ros2_camera_wrapper/lib/libaction_client_test_grab_images.so\n'}
[120.732748] (pylon_ros2_camera_wrapper) StdoutLine: {'line': b'-- Set runtime path of "/home/mcav/cam_dev_ws/install/pylon_ros2_camera_wrapper/lib/libaction_client_test_grab_images.so" to ""\n'}
[120.732929] (pylon_ros2_camera_wrapper) StdoutLine: {'line': b'-- Installing: /home/mcav/cam_dev_ws/install/pylon_ros2_camera_wrapper/lib/libaction_client_test_grab_blaze_data.so\n'}
[120.734042] (pylon_ros2_camera_wrapper) StdoutLine: {'line': b'-- Set runtime path of "/home/mcav/cam_dev_ws/install/pylon_ros2_camera_wrapper/lib/libaction_client_test_grab_blaze_data.so" to ""\n'}
[120.734235] (pylon_ros2_camera_wrapper) StdoutLine: {'line': b'-- Installing: /home/mcav/cam_dev_ws/install/pylon_ros2_camera_wrapper/share/pylon_ros2_camera_wrapper/config\n'}
[120.734400] (pylon_ros2_camera_wrapper) StdoutLine: {'line': b'-- Installing: /home/mcav/cam_dev_ws/install/pylon_ros2_camera_wrapper/share/pylon_ros2_camera_wrapper/config/my_blaze.yaml\n'}
[120.734514] (pylon_ros2_camera_wrapper) StdoutLine: {'line': b'-- Installing: /home/mcav/cam_dev_ws/install/pylon_ros2_camera_wrapper/share/pylon_ros2_camera_wrapper/config/default.yaml\n'}
[120.734798] (pylon_ros2_camera_wrapper) StdoutLine: {'line': b'-- Installing: /home/mcav/cam_dev_ws/install/pylon_ros2_camera_wrapper/share/pylon_ros2_camera_wrapper/launch\n'}
[120.734923] (pylon_ros2_camera_wrapper) StdoutLine: {'line': b'-- Installing: /home/mcav/cam_dev_ws/install/pylon_ros2_camera_wrapper/share/pylon_ros2_camera_wrapper/launch/pylon_ros2_camera.launch.py\n'}
[120.734998] (pylon_ros2_camera_wrapper) StdoutLine: {'line': b'-- Installing: /home/mcav/cam_dev_ws/install/pylon_ros2_camera_wrapper/share/pylon_ros2_camera_wrapper/launch/my_blaze.launch.py\n'}
[120.735069] (pylon_ros2_camera_wrapper) StdoutLine: {'line': b'-- Installing: /home/mcav/cam_dev_ws/install/pylon_ros2_camera_wrapper/share/pylon_ros2_camera_wrapper/launch/ip_configuration.launch.py\n'}
[120.735191] (pylon_ros2_camera_wrapper) StdoutLine: {'line': b'-- Installing: /home/mcav/cam_dev_ws/install/pylon_ros2_camera_wrapper/share/ament_index/resource_index/package_run_dependencies/pylon_ros2_camera_wrapper\n'}
[120.735342] (pylon_ros2_camera_wrapper) StdoutLine: {'line': b'-- Installing: /home/mcav/cam_dev_ws/install/pylon_ros2_camera_wrapper/share/ament_index/resource_index/parent_prefix_path/pylon_ros2_camera_wrapper\n'}
[120.735557] (pylon_ros2_camera_wrapper) StdoutLine: {'line': b'-- Installing: /home/mcav/cam_dev_ws/install/pylon_ros2_camera_wrapper/share/pylon_ros2_camera_wrapper/environment/ament_prefix_path.sh\n'}
[120.735740] (pylon_ros2_camera_wrapper) StdoutLine: {'line': b'-- Installing: /home/mcav/cam_dev_ws/install/pylon_ros2_camera_wrapper/share/pylon_ros2_camera_wrapper/environment/ament_prefix_path.dsv\n'}
[120.735899] (pylon_ros2_camera_wrapper) StdoutLine: {'line': b'-- Installing: /home/mcav/cam_dev_ws/install/pylon_ros2_camera_wrapper/share/pylon_ros2_camera_wrapper/environment/path.sh\n'}
[120.736070] (pylon_ros2_camera_wrapper) StdoutLine: {'line': b'-- Installing: /home/mcav/cam_dev_ws/install/pylon_ros2_camera_wrapper/share/pylon_ros2_camera_wrapper/environment/path.dsv\n'}
[120.736235] (pylon_ros2_camera_wrapper) StdoutLine: {'line': b'-- Installing: /home/mcav/cam_dev_ws/install/pylon_ros2_camera_wrapper/share/pylon_ros2_camera_wrapper/local_setup.bash\n'}
[120.736392] (pylon_ros2_camera_wrapper) StdoutLine: {'line': b'-- Installing: /home/mcav/cam_dev_ws/install/pylon_ros2_camera_wrapper/share/pylon_ros2_camera_wrapper/local_setup.sh\n'}
[120.736567] (pylon_ros2_camera_wrapper) StdoutLine: {'line': b'-- Installing: /home/mcav/cam_dev_ws/install/pylon_ros2_camera_wrapper/share/pylon_ros2_camera_wrapper/local_setup.zsh\n'}
[120.736738] (pylon_ros2_camera_wrapper) StdoutLine: {'line': b'-- Installing: /home/mcav/cam_dev_ws/install/pylon_ros2_camera_wrapper/share/pylon_ros2_camera_wrapper/local_setup.dsv\n'}
[120.736925] (pylon_ros2_camera_wrapper) StdoutLine: {'line': b'-- Installing: /home/mcav/cam_dev_ws/install/pylon_ros2_camera_wrapper/share/pylon_ros2_camera_wrapper/package.dsv\n'}
[120.737091] (pylon_ros2_camera_wrapper) StdoutLine: {'line': b'-- Installing: /home/mcav/cam_dev_ws/install/pylon_ros2_camera_wrapper/share/ament_index/resource_index/packages/pylon_ros2_camera_wrapper\n'}
[120.737267] (pylon_ros2_camera_wrapper) StdoutLine: {'line': b'-- Installing: /home/mcav/cam_dev_ws/install/pylon_ros2_camera_wrapper/share/ament_index/resource_index/rclcpp_components/pylon_ros2_camera_wrapper\n'}
[120.737508] (pylon_ros2_camera_wrapper) StdoutLine: {'line': b'-- Installing: /home/mcav/cam_dev_ws/install/pylon_ros2_camera_wrapper/share/pylon_ros2_camera_wrapper/cmake/pylon_ros2_camera_wrapperConfig.cmake\n'}
[120.737757] (pylon_ros2_camera_wrapper) StdoutLine: {'line': b'-- Installing: /home/mcav/cam_dev_ws/install/pylon_ros2_camera_wrapper/share/pylon_ros2_camera_wrapper/cmake/pylon_ros2_camera_wrapperConfig-version.cmake\n'}
[120.737920] (pylon_ros2_camera_wrapper) StdoutLine: {'line': b'-- Installing: /home/mcav/cam_dev_ws/install/pylon_ros2_camera_wrapper/share/pylon_ros2_camera_wrapper/package.xml\n'}
[120.739349] (pylon_ros2_camera_wrapper) CommandEnded: {'returncode': 0}
[120.753429] (-) TimerEvent: {}
[120.759826] (pylon_ros2_camera_wrapper) JobEnded: {'identifier': 'pylon_ros2_camera_wrapper', 'rc': 0}
[120.760914] (-) EventReactorShutdown: {}
