[0.000000] (-) TimerEvent: {}
[0.000240] (pylon_ros2_camera_interfaces) JobQueued: {'identifier': 'pylon_ros2_camera_interfaces', 'dependencies': OrderedDict()}
[0.000317] (pylon_ros2_camera_component) JobQueued: {'identifier': 'pylon_ros2_camera_component', 'dependencies': OrderedDict([('pylon_ros2_camera_interfaces', '/home/mcav/cam_dev_ws/install/pylon_ros2_camera_interfaces')])}
[0.000373] (pylon_ros2_camera_wrapper) JobQueued: {'identifier': 'pylon_ros2_camera_wrapper', 'dependencies': OrderedDict([('pylon_ros2_camera_interfaces', '/home/mcav/cam_dev_ws/install/pylon_ros2_camera_interfaces'), ('pylon_ros2_camera_component', '/home/mcav/cam_dev_ws/install/pylon_ros2_camera_component')])}
[0.000772] (pylon_ros2_camera_interfaces) JobStarted: {'identifier': 'pylon_ros2_camera_interfaces'}
[0.010219] (pylon_ros2_camera_interfaces) JobProgress: {'identifier': 'pylon_ros2_camera_interfaces', 'progress': 'cmake'}
[0.010875] (pylon_ros2_camera_interfaces) JobProgress: {'identifier': 'pylon_ros2_camera_interfaces', 'progress': 'build'}
[0.011617] (pylon_ros2_camera_interfaces) Command: {'cmd': ['/usr/local/bin/cmake', '--build', '/home/mcav/cam_dev_ws/build/pylon_ros2_camera_interfaces', '--', '-j8', '-l8'], 'cwd': '/home/mcav/cam_dev_ws/build/pylon_ros2_camera_interfaces', 'env': OrderedDict([('LESSOPEN', '| /usr/bin/lesspipe %s'), ('USER', 'mcav'), ('CCACHE_DIR', '/var/tmp/ccache'), ('XDG_SESSION_TYPE', 'x11'), ('SHLVL', '1'), ('LD_LIBRARY_PATH', '/home/mcav/cam_dev_ws/install/pylon_ros2_camera_wrapper/lib:/home/mcav/cam_dev_ws/install/pylon_ros2_camera_component/lib:/home/mcav/cam_dev_ws/install/pylon_ros2_camera_interfaces/lib:/usr/local/cuda/lib64:/usr/local/cuda/lib64:/opt/ros/humble/opt/rviz_ogre_vendor/lib:/opt/ros/humble/lib/x86_64-linux-gnu:/opt/ros/humble/lib'), ('HOME', '/home/mcav'), ('OLDPWD', '/home/mcav'), ('DESKTOP_SESSION', 'ubuntu'), ('ROS_PYTHON_VERSION', '3'), ('GNOME_SHELL_SESSION_MODE', 'ubuntu'), ('GTK_MODULES', 'gail:atk-bridge'), ('SYSTEMD_EXEC_PID', '1955'), ('DBUS_SESSION_BUS_ADDRESS', 'unix:path=/run/user/1000/bus'), ('COLORTERM', 'truecolor'), ('IM_CONFIG_PHASE', '1'), ('COLCON_PREFIX_PATH', '/home/mcav/cam_dev_ws/install'), ('ROS_DISTRO', 'humble'), ('GTK_IM_MODULE', 'ibus'), ('LOGNAME', 'mcav'), ('_', '/usr/bin/colcon'), ('ROS_VERSION', '2'), ('XDG_SESSION_CLASS', 'user'), ('USERNAME', 'mcav'), ('TERM', 'xterm-256color'), ('GNOME_DESKTOP_SESSION_ID', 'this-is-deprecated'), ('ROS_LOCALHOST_ONLY', '0'), ('WINDOWPATH', '2'), ('PATH', '/usr/local/cuda/bin:/usr/local/cuda/bin:/opt/ros/humble/bin:/home/mcav/.local/bin:/home/mcav/bin:/usr/local/sbin:/usr/local/bin:/usr/sbin:/usr/bin:/sbin:/bin:/usr/games:/usr/local/games:/snap/bin:/snap/bin:/home/mcav/.local/bin:/home/mcav/.local/bin'), ('SESSION_MANAGER', 'local/mcav:@/tmp/.ICE-unix/1927,unix/mcav:/tmp/.ICE-unix/1927'), ('XDG_MENU_PREFIX', 'gnome-'), ('GNOME_TERMINAL_SCREEN', '/org/gnome/Terminal/screen/330e1385_32d4_47b0_8129_9d64e7625cb6'), ('XDG_RUNTIME_DIR', '/run/user/1000'), ('DISPLAY', ':0'), ('LANG', 'en_US.UTF-8'), ('XDG_CURRENT_DESKTOP', 'ubuntu:GNOME'), ('RMW_IMPLEMENTATION', 'rmw_cyclonedds_cpp'), ('XMODIFIERS', '@im=ibus'), ('XDG_SESSION_DESKTOP', 'ubuntu'), ('XAUTHORITY', '/run/user/1000/gdm/Xauthority'), ('LS_COLORS', 'rs=0:di=01;34:ln=01;36:mh=00:pi=40;33:so=01;35:do=01;35:bd=40;33;01:cd=40;33;01:or=40;31;01:mi=00:su=37;41:sg=30;43:ca=30;41:tw=30;42:ow=34;42:st=37;44:ex=01;32:*.tar=01;31:*.tgz=01;31:*.arc=01;31:*.arj=01;31:*.taz=01;31:*.lha=01;31:*.lz4=01;31:*.lzh=01;31:*.lzma=01;31:*.tlz=01;31:*.txz=01;31:*.tzo=01;31:*.t7z=01;31:*.zip=01;31:*.z=01;31:*.dz=01;31:*.gz=01;31:*.lrz=01;31:*.lz=01;31:*.lzo=01;31:*.xz=01;31:*.zst=01;31:*.tzst=01;31:*.bz2=01;31:*.bz=01;31:*.tbz=01;31:*.tbz2=01;31:*.tz=01;31:*.deb=01;31:*.rpm=01;31:*.jar=01;31:*.war=01;31:*.ear=01;31:*.sar=01;31:*.rar=01;31:*.alz=01;31:*.ace=01;31:*.zoo=01;31:*.cpio=01;31:*.7z=01;31:*.rz=01;31:*.cab=01;31:*.wim=01;31:*.swm=01;31:*.dwm=01;31:*.esd=01;31:*.jpg=01;35:*.jpeg=01;35:*.mjpg=01;35:*.mjpeg=01;35:*.gif=01;35:*.bmp=01;35:*.pbm=01;35:*.pgm=01;35:*.ppm=01;35:*.tga=01;35:*.xbm=01;35:*.xpm=01;35:*.tif=01;35:*.tiff=01;35:*.png=01;35:*.svg=01;35:*.svgz=01;35:*.mng=01;35:*.pcx=01;35:*.mov=01;35:*.mpg=01;35:*.mpeg=01;35:*.m2v=01;35:*.mkv=01;35:*.webm=01;35:*.webp=01;35:*.ogm=01;35:*.mp4=01;35:*.m4v=01;35:*.mp4v=01;35:*.vob=01;35:*.qt=01;35:*.nuv=01;35:*.wmv=01;35:*.asf=01;35:*.rm=01;35:*.rmvb=01;35:*.flc=01;35:*.avi=01;35:*.fli=01;35:*.flv=01;35:*.gl=01;35:*.dl=01;35:*.xcf=01;35:*.xwd=01;35:*.yuv=01;35:*.cgm=01;35:*.emf=01;35:*.ogv=01;35:*.ogx=01;35:*.aac=00;36:*.au=00;36:*.flac=00;36:*.m4a=00;36:*.mid=00;36:*.midi=00;36:*.mka=00;36:*.mp3=00;36:*.mpc=00;36:*.ogg=00;36:*.ra=00;36:*.wav=00;36:*.oga=00;36:*.opus=00;36:*.spx=00;36:*.xspf=00;36:'), ('GNOME_TERMINAL_SERVICE', ':1.113'), ('SSH_AGENT_LAUNCHER', 'gnome-keyring'), ('SSH_AUTH_SOCK', '/run/user/1000/keyring/ssh'), ('AMENT_PREFIX_PATH', '/home/mcav/cam_dev_ws/install/pylon_ros2_camera_wrapper:/home/mcav/cam_dev_ws/install/pylon_ros2_camera_component:/home/mcav/cam_dev_ws/install/pylon_ros2_camera_interfaces:/opt/ros/humble'), ('SHELL', '/bin/bash'), ('QT_ACCESSIBILITY', '1'), ('CXX', '/usr/lib/ccache/g++'), ('GDMSESSION', 'ubuntu'), ('LESSCLOSE', '/usr/bin/lesspipe %s %s'), ('GPG_AGENT_INFO', '/run/user/1000/gnupg/S.gpg-agent:0:1'), ('QT_IM_MODULE', 'ibus'), ('PWD', '/home/mcav/cam_dev_ws/build/pylon_ros2_camera_interfaces'), ('LC_ALL', 'en_US.UTF-8'), ('XDG_CONFIG_DIRS', '/etc/xdg/xdg-ubuntu:/etc/xdg'), ('PYLON_ROOT', '/opt/pylon'), ('XDG_DATA_DIRS', '/usr/share/ubuntu:/usr/share/gnome:/usr/local/share/:/usr/share/:/var/lib/snapd/desktop'), ('PYTHONPATH', '/home/mcav/cam_dev_ws/install/pylon_ros2_camera_interfaces/local/lib/python3.10/dist-packages:/opt/ros/humble/lib/python3.10/site-packages:/opt/ros/humble/local/lib/python3.10/dist-packages'), ('CC', '/usr/lib/ccache/gcc'), ('COLCON', '1'), ('GENICAM_GENTL64_PATH', ':/opt/pylon/lib/gentlproducer/gtl:/opt/pylon/lib/pylonCXP/bin/'), ('VTE_VERSION', '6800'), ('CMAKE_PREFIX_PATH', '/home/mcav/cam_dev_ws/install/pylon_ros2_camera_wrapper:/home/mcav/cam_dev_ws/install/pylon_ros2_camera_component:/home/mcav/cam_dev_ws/install/pylon_ros2_camera_interfaces:/opt/ros/humble')]), 'shell': False}
[0.050666] (pylon_ros2_camera_interfaces) StdoutLine: {'line': b'[  1%] Built target pylon_ros2_camera_interfaces__rs\n'}
[0.055180] (pylon_ros2_camera_interfaces) StdoutLine: {'line': b'[  1%] Built target pylon_ros2_camera_interfaces__cpp\n'}
[0.061539] (pylon_ros2_camera_interfaces) StdoutLine: {'line': b'[ 13%] Built target pylon_ros2_camera_interfaces__rosidl_generator_c\n'}
[0.062108] (pylon_ros2_camera_interfaces) StdoutLine: {'line': b'[ 13%] Built target ament_cmake_python_copy_pylon_ros2_camera_interfaces\n'}
[0.085353] (pylon_ros2_camera_interfaces) StdoutLine: {'line': b'[ 25%] Built target pylon_ros2_camera_interfaces__rosidl_typesupport_cpp\n'}
[0.087975] (pylon_ros2_camera_interfaces) StdoutLine: {'line': b'[ 37%] Built target pylon_ros2_camera_interfaces__rosidl_typesupport_c\n'}
[0.090949] (pylon_ros2_camera_interfaces) StdoutLine: {'line': b'[ 49%] Built target pylon_ros2_camera_interfaces__rosidl_typesupport_introspection_c\n'}
[0.095685] (pylon_ros2_camera_interfaces) StdoutLine: {'line': b'[ 61%] Built target pylon_ros2_camera_interfaces__rosidl_typesupport_introspection_cpp\n'}
[0.098585] (pylon_ros2_camera_interfaces) StdoutLine: {'line': b'[ 73%] Built target pylon_ros2_camera_interfaces__rosidl_typesupport_fastrtps_cpp\n'}
[0.099456] (-) TimerEvent: {}
[0.104554] (pylon_ros2_camera_interfaces) StdoutLine: {'line': b'[ 85%] Built target pylon_ros2_camera_interfaces__rosidl_typesupport_fastrtps_c\n'}
[0.116046] (pylon_ros2_camera_interfaces) StdoutLine: {'line': b'[ 85%] Built target pylon_ros2_camera_interfaces\n'}
[0.130471] (pylon_ros2_camera_interfaces) StdoutLine: {'line': b'[ 86%] Built target pylon_ros2_camera_interfaces__py\n'}
[0.160918] (pylon_ros2_camera_interfaces) StdoutLine: {'line': b'[ 97%] Built target pylon_ros2_camera_interfaces__rosidl_generator_py\n'}
[0.174421] (pylon_ros2_camera_interfaces) StdoutLine: {'line': b'[ 99%] Built target pylon_ros2_camera_interfaces__rosidl_typesupport_introspection_c__pyext\n'}
[0.174682] (pylon_ros2_camera_interfaces) StdoutLine: {'line': b'[ 99%] Built target pylon_ros2_camera_interfaces__rosidl_typesupport_fastrtps_c__pyext\n'}
[0.174919] (pylon_ros2_camera_interfaces) StdoutLine: {'line': b'[100%] Built target pylon_ros2_camera_interfaces__rosidl_typesupport_c__pyext\n'}
[0.199572] (-) TimerEvent: {}
[0.299865] (-) TimerEvent: {}
[0.400097] (-) TimerEvent: {}
[0.438207] (pylon_ros2_camera_interfaces) StdoutLine: {'line': b'running egg_info\n'}
[0.438856] (pylon_ros2_camera_interfaces) StdoutLine: {'line': b'writing pylon_ros2_camera_interfaces.egg-info/PKG-INFO\n'}
[0.439126] (pylon_ros2_camera_interfaces) StdoutLine: {'line': b'writing dependency_links to pylon_ros2_camera_interfaces.egg-info/dependency_links.txt\n'}
[0.439373] (pylon_ros2_camera_interfaces) StdoutLine: {'line': b'writing top-level names to pylon_ros2_camera_interfaces.egg-info/top_level.txt\n'}
[0.442659] (pylon_ros2_camera_interfaces) StdoutLine: {'line': b"reading manifest file 'pylon_ros2_camera_interfaces.egg-info/SOURCES.txt'\n"}
[0.443710] (pylon_ros2_camera_interfaces) StdoutLine: {'line': b"writing manifest file 'pylon_ros2_camera_interfaces.egg-info/SOURCES.txt'\n"}
[0.467109] (pylon_ros2_camera_interfaces) StdoutLine: {'line': b'[100%] Built target ament_cmake_python_build_pylon_ros2_camera_interfaces_egg\n'}
[0.473175] (pylon_ros2_camera_interfaces) CommandEnded: {'returncode': 0}
[0.473925] (pylon_ros2_camera_interfaces) JobProgress: {'identifier': 'pylon_ros2_camera_interfaces', 'progress': 'install'}
[0.478388] (pylon_ros2_camera_interfaces) Command: {'cmd': ['/usr/local/bin/cmake', '--install', '/home/mcav/cam_dev_ws/build/pylon_ros2_camera_interfaces'], 'cwd': '/home/mcav/cam_dev_ws/build/pylon_ros2_camera_interfaces', 'env': OrderedDict([('LESSOPEN', '| /usr/bin/lesspipe %s'), ('USER', 'mcav'), ('CCACHE_DIR', '/var/tmp/ccache'), ('XDG_SESSION_TYPE', 'x11'), ('SHLVL', '1'), ('LD_LIBRARY_PATH', '/home/mcav/cam_dev_ws/install/pylon_ros2_camera_wrapper/lib:/home/mcav/cam_dev_ws/install/pylon_ros2_camera_component/lib:/home/mcav/cam_dev_ws/install/pylon_ros2_camera_interfaces/lib:/usr/local/cuda/lib64:/usr/local/cuda/lib64:/opt/ros/humble/opt/rviz_ogre_vendor/lib:/opt/ros/humble/lib/x86_64-linux-gnu:/opt/ros/humble/lib'), ('HOME', '/home/mcav'), ('OLDPWD', '/home/mcav'), ('DESKTOP_SESSION', 'ubuntu'), ('ROS_PYTHON_VERSION', '3'), ('GNOME_SHELL_SESSION_MODE', 'ubuntu'), ('GTK_MODULES', 'gail:atk-bridge'), ('SYSTEMD_EXEC_PID', '1955'), ('DBUS_SESSION_BUS_ADDRESS', 'unix:path=/run/user/1000/bus'), ('COLORTERM', 'truecolor'), ('IM_CONFIG_PHASE', '1'), ('COLCON_PREFIX_PATH', '/home/mcav/cam_dev_ws/install'), ('ROS_DISTRO', 'humble'), ('GTK_IM_MODULE', 'ibus'), ('LOGNAME', 'mcav'), ('_', '/usr/bin/colcon'), ('ROS_VERSION', '2'), ('XDG_SESSION_CLASS', 'user'), ('USERNAME', 'mcav'), ('TERM', 'xterm-256color'), ('GNOME_DESKTOP_SESSION_ID', 'this-is-deprecated'), ('ROS_LOCALHOST_ONLY', '0'), ('WINDOWPATH', '2'), ('PATH', '/usr/local/cuda/bin:/usr/local/cuda/bin:/opt/ros/humble/bin:/home/mcav/.local/bin:/home/mcav/bin:/usr/local/sbin:/usr/local/bin:/usr/sbin:/usr/bin:/sbin:/bin:/usr/games:/usr/local/games:/snap/bin:/snap/bin:/home/mcav/.local/bin:/home/mcav/.local/bin'), ('SESSION_MANAGER', 'local/mcav:@/tmp/.ICE-unix/1927,unix/mcav:/tmp/.ICE-unix/1927'), ('XDG_MENU_PREFIX', 'gnome-'), ('GNOME_TERMINAL_SCREEN', '/org/gnome/Terminal/screen/330e1385_32d4_47b0_8129_9d64e7625cb6'), ('XDG_RUNTIME_DIR', '/run/user/1000'), ('DISPLAY', ':0'), ('LANG', 'en_US.UTF-8'), ('XDG_CURRENT_DESKTOP', 'ubuntu:GNOME'), ('RMW_IMPLEMENTATION', 'rmw_cyclonedds_cpp'), ('XMODIFIERS', '@im=ibus'), ('XDG_SESSION_DESKTOP', 'ubuntu'), ('XAUTHORITY', '/run/user/1000/gdm/Xauthority'), ('LS_COLORS', 'rs=0:di=01;34:ln=01;36:mh=00:pi=40;33:so=01;35:do=01;35:bd=40;33;01:cd=40;33;01:or=40;31;01:mi=00:su=37;41:sg=30;43:ca=30;41:tw=30;42:ow=34;42:st=37;44:ex=01;32:*.tar=01;31:*.tgz=01;31:*.arc=01;31:*.arj=01;31:*.taz=01;31:*.lha=01;31:*.lz4=01;31:*.lzh=01;31:*.lzma=01;31:*.tlz=01;31:*.txz=01;31:*.tzo=01;31:*.t7z=01;31:*.zip=01;31:*.z=01;31:*.dz=01;31:*.gz=01;31:*.lrz=01;31:*.lz=01;31:*.lzo=01;31:*.xz=01;31:*.zst=01;31:*.tzst=01;31:*.bz2=01;31:*.bz=01;31:*.tbz=01;31:*.tbz2=01;31:*.tz=01;31:*.deb=01;31:*.rpm=01;31:*.jar=01;31:*.war=01;31:*.ear=01;31:*.sar=01;31:*.rar=01;31:*.alz=01;31:*.ace=01;31:*.zoo=01;31:*.cpio=01;31:*.7z=01;31:*.rz=01;31:*.cab=01;31:*.wim=01;31:*.swm=01;31:*.dwm=01;31:*.esd=01;31:*.jpg=01;35:*.jpeg=01;35:*.mjpg=01;35:*.mjpeg=01;35:*.gif=01;35:*.bmp=01;35:*.pbm=01;35:*.pgm=01;35:*.ppm=01;35:*.tga=01;35:*.xbm=01;35:*.xpm=01;35:*.tif=01;35:*.tiff=01;35:*.png=01;35:*.svg=01;35:*.svgz=01;35:*.mng=01;35:*.pcx=01;35:*.mov=01;35:*.mpg=01;35:*.mpeg=01;35:*.m2v=01;35:*.mkv=01;35:*.webm=01;35:*.webp=01;35:*.ogm=01;35:*.mp4=01;35:*.m4v=01;35:*.mp4v=01;35:*.vob=01;35:*.qt=01;35:*.nuv=01;35:*.wmv=01;35:*.asf=01;35:*.rm=01;35:*.rmvb=01;35:*.flc=01;35:*.avi=01;35:*.fli=01;35:*.flv=01;35:*.gl=01;35:*.dl=01;35:*.xcf=01;35:*.xwd=01;35:*.yuv=01;35:*.cgm=01;35:*.emf=01;35:*.ogv=01;35:*.ogx=01;35:*.aac=00;36:*.au=00;36:*.flac=00;36:*.m4a=00;36:*.mid=00;36:*.midi=00;36:*.mka=00;36:*.mp3=00;36:*.mpc=00;36:*.ogg=00;36:*.ra=00;36:*.wav=00;36:*.oga=00;36:*.opus=00;36:*.spx=00;36:*.xspf=00;36:'), ('GNOME_TERMINAL_SERVICE', ':1.113'), ('SSH_AGENT_LAUNCHER', 'gnome-keyring'), ('SSH_AUTH_SOCK', '/run/user/1000/keyring/ssh'), ('AMENT_PREFIX_PATH', '/home/mcav/cam_dev_ws/install/pylon_ros2_camera_wrapper:/home/mcav/cam_dev_ws/install/pylon_ros2_camera_component:/home/mcav/cam_dev_ws/install/pylon_ros2_camera_interfaces:/opt/ros/humble'), ('SHELL', '/bin/bash'), ('QT_ACCESSIBILITY', '1'), ('CXX', '/usr/lib/ccache/g++'), ('GDMSESSION', 'ubuntu'), ('LESSCLOSE', '/usr/bin/lesspipe %s %s'), ('GPG_AGENT_INFO', '/run/user/1000/gnupg/S.gpg-agent:0:1'), ('QT_IM_MODULE', 'ibus'), ('PWD', '/home/mcav/cam_dev_ws/build/pylon_ros2_camera_interfaces'), ('LC_ALL', 'en_US.UTF-8'), ('XDG_CONFIG_DIRS', '/etc/xdg/xdg-ubuntu:/etc/xdg'), ('PYLON_ROOT', '/opt/pylon'), ('XDG_DATA_DIRS', '/usr/share/ubuntu:/usr/share/gnome:/usr/local/share/:/usr/share/:/var/lib/snapd/desktop'), ('PYTHONPATH', '/home/mcav/cam_dev_ws/install/pylon_ros2_camera_interfaces/local/lib/python3.10/dist-packages:/opt/ros/humble/lib/python3.10/site-packages:/opt/ros/humble/local/lib/python3.10/dist-packages'), ('CC', '/usr/lib/ccache/gcc'), ('COLCON', '1'), ('GENICAM_GENTL64_PATH', ':/opt/pylon/lib/gentlproducer/gtl:/opt/pylon/lib/pylonCXP/bin/'), ('VTE_VERSION', '6800'), ('CMAKE_PREFIX_PATH', '/home/mcav/cam_dev_ws/install/pylon_ros2_camera_wrapper:/home/mcav/cam_dev_ws/install/pylon_ros2_camera_component:/home/mcav/cam_dev_ws/install/pylon_ros2_camera_interfaces:/opt/ros/humble')]), 'shell': False}
[0.481795] (pylon_ros2_camera_interfaces) StdoutLine: {'line': b'-- Install configuration: ""\n'}
[0.482123] (pylon_ros2_camera_interfaces) StdoutLine: {'line': b'-- Up-to-date: /home/mcav/cam_dev_ws/install/pylon_ros2_camera_interfaces/share/ament_index/resource_index/rosidl_interfaces/pylon_ros2_camera_interfaces\n'}
[0.482520] (pylon_ros2_camera_interfaces) StdoutLine: {'line': b'-- Up-to-date: /home/mcav/cam_dev_ws/install/pylon_ros2_camera_interfaces/include/pylon_ros2_camera_interfaces/pylon_ros2_camera_interfaces\n'}
[0.482951] (pylon_ros2_camera_interfaces) StdoutLine: {'line': b'-- Up-to-date: /home/mcav/cam_dev_ws/install/pylon_ros2_camera_interfaces/include/pylon_ros2_camera_interfaces/pylon_ros2_camera_interfaces/msg\n'}
[0.483329] (pylon_ros2_camera_interfaces) StdoutLine: {'line': b'-- Up-to-date: /home/mcav/cam_dev_ws/install/pylon_ros2_camera_interfaces/include/pylon_ros2_camera_interfaces/pylon_ros2_camera_interfaces/msg/rosidl_generator_c__visibility_control.h\n'}
[0.483633] (pylon_ros2_camera_interfaces) StdoutLine: {'line': b'-- Up-to-date: /home/mcav/cam_dev_ws/install/pylon_ros2_camera_interfaces/include/pylon_ros2_camera_interfaces/pylon_ros2_camera_interfaces/msg/detail\n'}
[0.484032] (pylon_ros2_camera_interfaces) StdoutLine: {'line': b'-- Up-to-date: /home/mcav/cam_dev_ws/install/pylon_ros2_camera_interfaces/include/pylon_ros2_camera_interfaces/pylon_ros2_camera_interfaces/msg/detail/component_status__functions.h\n'}
[0.484420] (pylon_ros2_camera_interfaces) StdoutLine: {'line': b'-- Up-to-date: /home/mcav/cam_dev_ws/install/pylon_ros2_camera_interfaces/include/pylon_ros2_camera_interfaces/pylon_ros2_camera_interfaces/msg/detail/current_params__functions.h\n'}
[0.484817] (pylon_ros2_camera_interfaces) StdoutLine: {'line': b'-- Up-to-date: /home/mcav/cam_dev_ws/install/pylon_ros2_camera_interfaces/include/pylon_ros2_camera_interfaces/pylon_ros2_camera_interfaces/msg/detail/component_status__functions.c\n'}
[0.485278] (pylon_ros2_camera_interfaces) StdoutLine: {'line': b'-- Up-to-date: /home/mcav/cam_dev_ws/install/pylon_ros2_camera_interfaces/include/pylon_ros2_camera_interfaces/pylon_ros2_camera_interfaces/msg/detail/current_params__type_support.h\n'}
[0.485868] (pylon_ros2_camera_interfaces) StdoutLine: {'line': b'-- Up-to-date: /home/mcav/cam_dev_ws/install/pylon_ros2_camera_interfaces/include/pylon_ros2_camera_interfaces/pylon_ros2_camera_interfaces/msg/detail/component_status__struct.h\n'}
[0.486312] (pylon_ros2_camera_interfaces) StdoutLine: {'line': b'-- Up-to-date: /home/mcav/cam_dev_ws/install/pylon_ros2_camera_interfaces/include/pylon_ros2_camera_interfaces/pylon_ros2_camera_interfaces/msg/detail/current_params__struct.h\n'}
[0.486522] (pylon_ros2_camera_interfaces) StdoutLine: {'line': b'-- Up-to-date: /home/mcav/cam_dev_ws/install/pylon_ros2_camera_interfaces/include/pylon_ros2_camera_interfaces/pylon_ros2_camera_interfaces/msg/detail/component_status__type_support.h\n'}
[0.486652] (pylon_ros2_camera_interfaces) StdoutLine: {'line': b'-- Up-to-date: /home/mcav/cam_dev_ws/install/pylon_ros2_camera_interfaces/include/pylon_ros2_camera_interfaces/pylon_ros2_camera_interfaces/msg/detail/current_params__functions.c\n'}
[0.486780] (pylon_ros2_camera_interfaces) StdoutLine: {'line': b'-- Up-to-date: /home/mcav/cam_dev_ws/install/pylon_ros2_camera_interfaces/include/pylon_ros2_camera_interfaces/pylon_ros2_camera_interfaces/msg/current_params.h\n'}
[0.486938] (pylon_ros2_camera_interfaces) StdoutLine: {'line': b'-- Up-to-date: /home/mcav/cam_dev_ws/install/pylon_ros2_camera_interfaces/include/pylon_ros2_camera_interfaces/pylon_ros2_camera_interfaces/msg/component_status.h\n'}
[0.487077] (pylon_ros2_camera_interfaces) StdoutLine: {'line': b'-- Up-to-date: /home/mcav/cam_dev_ws/install/pylon_ros2_camera_interfaces/include/pylon_ros2_camera_interfaces/pylon_ros2_camera_interfaces/action\n'}
[0.487413] (pylon_ros2_camera_interfaces) StdoutLine: {'line': b'-- Up-to-date: /home/mcav/cam_dev_ws/install/pylon_ros2_camera_interfaces/include/pylon_ros2_camera_interfaces/pylon_ros2_camera_interfaces/action/grab_images.h\n'}
[0.487680] (pylon_ros2_camera_interfaces) StdoutLine: {'line': b'-- Up-to-date: /home/mcav/cam_dev_ws/install/pylon_ros2_camera_interfaces/include/pylon_ros2_camera_interfaces/pylon_ros2_camera_interfaces/action/detail\n'}
[0.488079] (pylon_ros2_camera_interfaces) StdoutLine: {'line': b'-- Up-to-date: /home/mcav/cam_dev_ws/install/pylon_ros2_camera_interfaces/include/pylon_ros2_camera_interfaces/pylon_ros2_camera_interfaces/action/detail/grab_images__type_support.h\n'}
[0.488355] (pylon_ros2_camera_interfaces) StdoutLine: {'line': b'-- Up-to-date: /home/mcav/cam_dev_ws/install/pylon_ros2_camera_interfaces/include/pylon_ros2_camera_interfaces/pylon_ros2_camera_interfaces/action/detail/grab_images__struct.h\n'}
[0.488482] (pylon_ros2_camera_interfaces) StdoutLine: {'line': b'-- Up-to-date: /home/mcav/cam_dev_ws/install/pylon_ros2_camera_interfaces/include/pylon_ros2_camera_interfaces/pylon_ros2_camera_interfaces/action/detail/grab_images__functions.h\n'}
[0.488625] (pylon_ros2_camera_interfaces) StdoutLine: {'line': b'-- Up-to-date: /home/mcav/cam_dev_ws/install/pylon_ros2_camera_interfaces/include/pylon_ros2_camera_interfaces/pylon_ros2_camera_interfaces/action/detail/grab_blaze_data__type_support.h\n'}
[0.488806] (pylon_ros2_camera_interfaces) StdoutLine: {'line': b'-- Up-to-date: /home/mcav/cam_dev_ws/install/pylon_ros2_camera_interfaces/include/pylon_ros2_camera_interfaces/pylon_ros2_camera_interfaces/action/detail/grab_blaze_data__functions.c\n'}
[0.488942] (pylon_ros2_camera_interfaces) StdoutLine: {'line': b'-- Up-to-date: /home/mcav/cam_dev_ws/install/pylon_ros2_camera_interfaces/include/pylon_ros2_camera_interfaces/pylon_ros2_camera_interfaces/action/detail/grab_blaze_data__struct.h\n'}
[0.489368] (pylon_ros2_camera_interfaces) StdoutLine: {'line': b'-- Up-to-date: /home/mcav/cam_dev_ws/install/pylon_ros2_camera_interfaces/include/pylon_ros2_camera_interfaces/pylon_ros2_camera_interfaces/action/detail/grab_images__functions.c\n'}
[0.489737] (pylon_ros2_camera_interfaces) StdoutLine: {'line': b'-- Up-to-date: /home/mcav/cam_dev_ws/install/pylon_ros2_camera_interfaces/include/pylon_ros2_camera_interfaces/pylon_ros2_camera_interfaces/action/detail/grab_blaze_data__functions.h\n'}
[0.490132] (pylon_ros2_camera_interfaces) StdoutLine: {'line': b'-- Up-to-date: /home/mcav/cam_dev_ws/install/pylon_ros2_camera_interfaces/include/pylon_ros2_camera_interfaces/pylon_ros2_camera_interfaces/action/grab_blaze_data.h\n'}
[0.490476] (pylon_ros2_camera_interfaces) StdoutLine: {'line': b'-- Up-to-date: /home/mcav/cam_dev_ws/install/pylon_ros2_camera_interfaces/include/pylon_ros2_camera_interfaces/pylon_ros2_camera_interfaces/srv\n'}
[0.490849] (pylon_ros2_camera_interfaces) StdoutLine: {'line': b'-- Up-to-date: /home/mcav/cam_dev_ws/install/pylon_ros2_camera_interfaces/include/pylon_ros2_camera_interfaces/pylon_ros2_camera_interfaces/srv/issue_scheduled_action_command.h\n'}
[0.491206] (pylon_ros2_camera_interfaces) StdoutLine: {'line': b'-- Up-to-date: /home/mcav/cam_dev_ws/install/pylon_ros2_camera_interfaces/include/pylon_ros2_camera_interfaces/pylon_ros2_camera_interfaces/srv/set_exposure.h\n'}
[0.491537] (pylon_ros2_camera_interfaces) StdoutLine: {'line': b'-- Up-to-date: /home/mcav/cam_dev_ws/install/pylon_ros2_camera_interfaces/include/pylon_ros2_camera_interfaces/pylon_ros2_camera_interfaces/srv/get_integer_value.h\n'}
[0.491927] (pylon_ros2_camera_interfaces) StdoutLine: {'line': b'-- Up-to-date: /home/mcav/cam_dev_ws/install/pylon_ros2_camera_interfaces/include/pylon_ros2_camera_interfaces/pylon_ros2_camera_interfaces/srv/detail\n'}
[0.492266] (pylon_ros2_camera_interfaces) StdoutLine: {'line': b'-- Up-to-date: /home/mcav/cam_dev_ws/install/pylon_ros2_camera_interfaces/include/pylon_ros2_camera_interfaces/pylon_ros2_camera_interfaces/srv/detail/get_ptp_status__functions.c\n'}
[0.492601] (pylon_ros2_camera_interfaces) StdoutLine: {'line': b'-- Up-to-date: /home/mcav/cam_dev_ws/install/pylon_ros2_camera_interfaces/include/pylon_ros2_camera_interfaces/pylon_ros2_camera_interfaces/srv/detail/set_exposure__functions.c\n'}
[0.492930] (pylon_ros2_camera_interfaces) StdoutLine: {'line': b'-- Up-to-date: /home/mcav/cam_dev_ws/install/pylon_ros2_camera_interfaces/include/pylon_ros2_camera_interfaces/pylon_ros2_camera_interfaces/srv/detail/set_exposure__struct.h\n'}
[0.493242] (pylon_ros2_camera_interfaces) StdoutLine: {'line': b'-- Up-to-date: /home/mcav/cam_dev_ws/install/pylon_ros2_camera_interfaces/include/pylon_ros2_camera_interfaces/pylon_ros2_camera_interfaces/srv/detail/get_ptp_status__struct.h\n'}
[0.493578] (pylon_ros2_camera_interfaces) StdoutLine: {'line': b'-- Up-to-date: /home/mcav/cam_dev_ws/install/pylon_ros2_camera_interfaces/include/pylon_ros2_camera_interfaces/pylon_ros2_camera_interfaces/srv/detail/issue_scheduled_action_command__functions.h\n'}
[0.493767] (pylon_ros2_camera_interfaces) StdoutLine: {'line': b'-- Up-to-date: /home/mcav/cam_dev_ws/install/pylon_ros2_camera_interfaces/include/pylon_ros2_camera_interfaces/pylon_ros2_camera_interfaces/srv/detail/get_float_value__functions.c\n'}
[0.494079] (pylon_ros2_camera_interfaces) StdoutLine: {'line': b'-- Up-to-date: /home/mcav/cam_dev_ws/install/pylon_ros2_camera_interfaces/include/pylon_ros2_camera_interfaces/pylon_ros2_camera_interfaces/srv/detail/issue_scheduled_action_command__functions.c\n'}
[0.494333] (pylon_ros2_camera_interfaces) StdoutLine: {'line': b'-- Up-to-date: /home/mcav/cam_dev_ws/install/pylon_ros2_camera_interfaces/include/pylon_ros2_camera_interfaces/pylon_ros2_camera_interfaces/srv/detail/set_string_value__functions.c\n'}
[0.494684] (pylon_ros2_camera_interfaces) StdoutLine: {'line': b'-- Up-to-date: /home/mcav/cam_dev_ws/install/pylon_ros2_camera_interfaces/include/pylon_ros2_camera_interfaces/pylon_ros2_camera_interfaces/srv/detail/get_string_value__functions.h\n'}
[0.494861] (pylon_ros2_camera_interfaces) StdoutLine: {'line': b'-- Up-to-date: /home/mcav/cam_dev_ws/install/pylon_ros2_camera_interfaces/include/pylon_ros2_camera_interfaces/pylon_ros2_camera_interfaces/srv/detail/set_integer_value__functions.c\n'}
[0.495173] (pylon_ros2_camera_interfaces) StdoutLine: {'line': b'-- Up-to-date: /home/mcav/cam_dev_ws/install/pylon_ros2_camera_interfaces/include/pylon_ros2_camera_interfaces/pylon_ros2_camera_interfaces/srv/detail/set_sleeping__functions.c\n'}
[0.495320] (pylon_ros2_camera_interfaces) StdoutLine: {'line': b'-- Up-to-date: /home/mcav/cam_dev_ws/install/pylon_ros2_camera_interfaces/include/pylon_ros2_camera_interfaces/pylon_ros2_camera_interfaces/srv/detail/set_gamma__functions.c\n'}
[0.495433] (pylon_ros2_camera_interfaces) StdoutLine: {'line': b'-- Up-to-date: /home/mcav/cam_dev_ws/install/pylon_ros2_camera_interfaces/include/pylon_ros2_camera_interfaces/pylon_ros2_camera_interfaces/srv/detail/set_exposure__type_support.h\n'}
[0.495595] (pylon_ros2_camera_interfaces) StdoutLine: {'line': b'-- Up-to-date: /home/mcav/cam_dev_ws/install/pylon_ros2_camera_interfaces/include/pylon_ros2_camera_interfaces/pylon_ros2_camera_interfaces/srv/detail/set_float_value__type_support.h\n'}
[0.495708] (pylon_ros2_camera_interfaces) StdoutLine: {'line': b'-- Up-to-date: /home/mcav/cam_dev_ws/install/pylon_ros2_camera_interfaces/include/pylon_ros2_camera_interfaces/pylon_ros2_camera_interfaces/srv/detail/set_white_balance__functions.c\n'}
[0.495820] (pylon_ros2_camera_interfaces) StdoutLine: {'line': b'-- Up-to-date: /home/mcav/cam_dev_ws/install/pylon_ros2_camera_interfaces/include/pylon_ros2_camera_interfaces/pylon_ros2_camera_interfaces/srv/detail/set_roi__struct.h\n'}
[0.496056] (pylon_ros2_camera_interfaces) StdoutLine: {'line': b'-- Up-to-date: /home/mcav/cam_dev_ws/install/pylon_ros2_camera_interfaces/include/pylon_ros2_camera_interfaces/pylon_ros2_camera_interfaces/srv/detail/set_brightness__struct.h\n'}
[0.496461] (pylon_ros2_camera_interfaces) StdoutLine: {'line': b'-- Up-to-date: /home/mcav/cam_dev_ws/install/pylon_ros2_camera_interfaces/include/pylon_ros2_camera_interfaces/pylon_ros2_camera_interfaces/srv/detail/issue_scheduled_action_command__struct.h\n'}
[0.496711] (pylon_ros2_camera_interfaces) StdoutLine: {'line': b'-- Up-to-date: /home/mcav/cam_dev_ws/install/pylon_ros2_camera_interfaces/include/pylon_ros2_camera_interfaces/pylon_ros2_camera_interfaces/srv/detail/get_float_value__functions.h\n'}
[0.497052] (pylon_ros2_camera_interfaces) StdoutLine: {'line': b'-- Up-to-date: /home/mcav/cam_dev_ws/install/pylon_ros2_camera_interfaces/include/pylon_ros2_camera_interfaces/pylon_ros2_camera_interfaces/srv/detail/set_roi__type_support.h\n'}
[0.497372] (pylon_ros2_camera_interfaces) StdoutLine: {'line': b'-- Up-to-date: /home/mcav/cam_dev_ws/install/pylon_ros2_camera_interfaces/include/pylon_ros2_camera_interfaces/pylon_ros2_camera_interfaces/srv/detail/set_gain__functions.c\n'}
[0.497932] (pylon_ros2_camera_interfaces) StdoutLine: {'line': b'-- Up-to-date: /home/mcav/cam_dev_ws/install/pylon_ros2_camera_interfaces/include/pylon_ros2_camera_interfaces/pylon_ros2_camera_interfaces/srv/detail/issue_action_command__struct.h\n'}
[0.498193] (pylon_ros2_camera_interfaces) StdoutLine: {'line': b'-- Up-to-date: /home/mcav/cam_dev_ws/install/pylon_ros2_camera_interfaces/include/pylon_ros2_camera_interfaces/pylon_ros2_camera_interfaces/srv/detail/get_string_value__type_support.h\n'}
[0.498305] (pylon_ros2_camera_interfaces) StdoutLine: {'line': b'-- Up-to-date: /home/mcav/cam_dev_ws/install/pylon_ros2_camera_interfaces/include/pylon_ros2_camera_interfaces/pylon_ros2_camera_interfaces/srv/detail/get_float_value__struct.h\n'}
[0.498414] (pylon_ros2_camera_interfaces) StdoutLine: {'line': b'-- Up-to-date: /home/mcav/cam_dev_ws/install/pylon_ros2_camera_interfaces/include/pylon_ros2_camera_interfaces/pylon_ros2_camera_interfaces/srv/detail/set_exposure__functions.h\n'}
[0.498598] (pylon_ros2_camera_interfaces) StdoutLine: {'line': b'-- Up-to-date: /home/mcav/cam_dev_ws/install/pylon_ros2_camera_interfaces/include/pylon_ros2_camera_interfaces/pylon_ros2_camera_interfaces/srv/detail/get_string_value__struct.h\n'}
[0.498707] (pylon_ros2_camera_interfaces) StdoutLine: {'line': b'-- Up-to-date: /home/mcav/cam_dev_ws/install/pylon_ros2_camera_interfaces/include/pylon_ros2_camera_interfaces/pylon_ros2_camera_interfaces/srv/detail/set_binning__functions.h\n'}
[0.498815] (pylon_ros2_camera_interfaces) StdoutLine: {'line': b'-- Up-to-date: /home/mcav/cam_dev_ws/install/pylon_ros2_camera_interfaces/include/pylon_ros2_camera_interfaces/pylon_ros2_camera_interfaces/srv/detail/get_integer_value__type_support.h\n'}
[0.498922] (pylon_ros2_camera_interfaces) StdoutLine: {'line': b'-- Up-to-date: /home/mcav/cam_dev_ws/install/pylon_ros2_camera_interfaces/include/pylon_ros2_camera_interfaces/pylon_ros2_camera_interfaces/srv/detail/get_ptp_status__type_support.h\n'}
[0.499066] (pylon_ros2_camera_interfaces) StdoutLine: {'line': b'-- Up-to-date: /home/mcav/cam_dev_ws/install/pylon_ros2_camera_interfaces/include/pylon_ros2_camera_interfaces/pylon_ros2_camera_interfaces/srv/detail/set_brightness__functions.h\n'}
[0.499212] (pylon_ros2_camera_interfaces) StdoutLine: {'line': b'-- Up-to-date: /home/mcav/cam_dev_ws/install/pylon_ros2_camera_interfaces/include/pylon_ros2_camera_interfaces/pylon_ros2_camera_interfaces/srv/detail/set_white_balance__type_support.h\n'}
[0.499367] (pylon_ros2_camera_interfaces) StdoutLine: {'line': b'-- Up-to-date: /home/mcav/cam_dev_ws/install/pylon_ros2_camera_interfaces/include/pylon_ros2_camera_interfaces/pylon_ros2_camera_interfaces/srv/detail/set_float_value__struct.h\n'}
[0.499762] (pylon_ros2_camera_interfaces) StdoutLine: {'line': b'-- Up-to-date: /home/mcav/cam_dev_ws/install/pylon_ros2_camera_interfaces/include/pylon_ros2_camera_interfaces/pylon_ros2_camera_interfaces/srv/detail/set_string_value__functions.h\n'}
[0.500098] (-) TimerEvent: {}
[0.500303] (pylon_ros2_camera_interfaces) StdoutLine: {'line': b'-- Up-to-date: /home/mcav/cam_dev_ws/install/pylon_ros2_camera_interfaces/include/pylon_ros2_camera_interfaces/pylon_ros2_camera_interfaces/srv/detail/set_roi__functions.c\n'}
[0.500654] (pylon_ros2_camera_interfaces) StdoutLine: {'line': b'-- Up-to-date: /home/mcav/cam_dev_ws/install/pylon_ros2_camera_interfaces/include/pylon_ros2_camera_interfaces/pylon_ros2_camera_interfaces/srv/detail/set_float_value__functions.c\n'}
[0.500997] (pylon_ros2_camera_interfaces) StdoutLine: {'line': b'-- Up-to-date: /home/mcav/cam_dev_ws/install/pylon_ros2_camera_interfaces/include/pylon_ros2_camera_interfaces/pylon_ros2_camera_interfaces/srv/detail/set_gain__struct.h\n'}
[0.501387] (pylon_ros2_camera_interfaces) StdoutLine: {'line': b'-- Up-to-date: /home/mcav/cam_dev_ws/install/pylon_ros2_camera_interfaces/include/pylon_ros2_camera_interfaces/pylon_ros2_camera_interfaces/srv/detail/set_float_value__functions.h\n'}
[0.501553] (pylon_ros2_camera_interfaces) StdoutLine: {'line': b'-- Up-to-date: /home/mcav/cam_dev_ws/install/pylon_ros2_camera_interfaces/include/pylon_ros2_camera_interfaces/pylon_ros2_camera_interfaces/srv/detail/issue_action_command__functions.h\n'}
[0.501664] (pylon_ros2_camera_interfaces) StdoutLine: {'line': b'-- Up-to-date: /home/mcav/cam_dev_ws/install/pylon_ros2_camera_interfaces/include/pylon_ros2_camera_interfaces/pylon_ros2_camera_interfaces/srv/detail/get_integer_value__functions.c\n'}
[0.501776] (pylon_ros2_camera_interfaces) StdoutLine: {'line': b'-- Up-to-date: /home/mcav/cam_dev_ws/install/pylon_ros2_camera_interfaces/include/pylon_ros2_camera_interfaces/pylon_ros2_camera_interfaces/srv/detail/set_brightness__type_support.h\n'}
[0.501947] (pylon_ros2_camera_interfaces) StdoutLine: {'line': b'-- Up-to-date: /home/mcav/cam_dev_ws/install/pylon_ros2_camera_interfaces/include/pylon_ros2_camera_interfaces/pylon_ros2_camera_interfaces/srv/detail/set_string_value__type_support.h\n'}
[0.502061] (pylon_ros2_camera_interfaces) StdoutLine: {'line': b'-- Up-to-date: /home/mcav/cam_dev_ws/install/pylon_ros2_camera_interfaces/include/pylon_ros2_camera_interfaces/pylon_ros2_camera_interfaces/srv/detail/set_binning__functions.c\n'}
[0.502169] (pylon_ros2_camera_interfaces) StdoutLine: {'line': b'-- Up-to-date: /home/mcav/cam_dev_ws/install/pylon_ros2_camera_interfaces/include/pylon_ros2_camera_interfaces/pylon_ros2_camera_interfaces/srv/detail/set_action_trigger_configuration__functions.h\n'}
[0.502310] (pylon_ros2_camera_interfaces) StdoutLine: {'line': b'-- Up-to-date: /home/mcav/cam_dev_ws/install/pylon_ros2_camera_interfaces/include/pylon_ros2_camera_interfaces/pylon_ros2_camera_interfaces/srv/detail/set_roi__functions.h\n'}
[0.502493] (pylon_ros2_camera_interfaces) StdoutLine: {'line': b'-- Up-to-date: /home/mcav/cam_dev_ws/install/pylon_ros2_camera_interfaces/include/pylon_ros2_camera_interfaces/pylon_ros2_camera_interfaces/srv/detail/set_sleeping__struct.h\n'}
[0.502659] (pylon_ros2_camera_interfaces) StdoutLine: {'line': b'-- Up-to-date: /home/mcav/cam_dev_ws/install/pylon_ros2_camera_interfaces/include/pylon_ros2_camera_interfaces/pylon_ros2_camera_interfaces/srv/detail/issue_scheduled_action_command__type_support.h\n'}
[0.502774] (pylon_ros2_camera_interfaces) StdoutLine: {'line': b'-- Up-to-date: /home/mcav/cam_dev_ws/install/pylon_ros2_camera_interfaces/include/pylon_ros2_camera_interfaces/pylon_ros2_camera_interfaces/srv/detail/set_action_trigger_configuration__type_support.h\n'}
[0.502956] (pylon_ros2_camera_interfaces) StdoutLine: {'line': b'-- Up-to-date: /home/mcav/cam_dev_ws/install/pylon_ros2_camera_interfaces/include/pylon_ros2_camera_interfaces/pylon_ros2_camera_interfaces/srv/detail/set_white_balance__functions.h\n'}
[0.503136] (pylon_ros2_camera_interfaces) StdoutLine: {'line': b'-- Up-to-date: /home/mcav/cam_dev_ws/install/pylon_ros2_camera_interfaces/include/pylon_ros2_camera_interfaces/pylon_ros2_camera_interfaces/srv/detail/get_integer_value__functions.h\n'}
[0.503280] (pylon_ros2_camera_interfaces) StdoutLine: {'line': b'-- Up-to-date: /home/mcav/cam_dev_ws/install/pylon_ros2_camera_interfaces/include/pylon_ros2_camera_interfaces/pylon_ros2_camera_interfaces/srv/detail/set_sleeping__type_support.h\n'}
[0.503428] (pylon_ros2_camera_interfaces) StdoutLine: {'line': b'-- Up-to-date: /home/mcav/cam_dev_ws/install/pylon_ros2_camera_interfaces/include/pylon_ros2_camera_interfaces/pylon_ros2_camera_interfaces/srv/detail/set_integer_value__functions.h\n'}
[0.503576] (pylon_ros2_camera_interfaces) StdoutLine: {'line': b'-- Up-to-date: /home/mcav/cam_dev_ws/install/pylon_ros2_camera_interfaces/include/pylon_ros2_camera_interfaces/pylon_ros2_camera_interfaces/srv/detail/set_white_balance__struct.h\n'}
[0.503714] (pylon_ros2_camera_interfaces) StdoutLine: {'line': b'-- Up-to-date: /home/mcav/cam_dev_ws/install/pylon_ros2_camera_interfaces/include/pylon_ros2_camera_interfaces/pylon_ros2_camera_interfaces/srv/detail/set_sleeping__functions.h\n'}
[0.504000] (pylon_ros2_camera_interfaces) StdoutLine: {'line': b'-- Up-to-date: /home/mcav/cam_dev_ws/install/pylon_ros2_camera_interfaces/include/pylon_ros2_camera_interfaces/pylon_ros2_camera_interfaces/srv/detail/set_action_trigger_configuration__struct.h\n'}
[0.504353] (pylon_ros2_camera_interfaces) StdoutLine: {'line': b'-- Up-to-date: /home/mcav/cam_dev_ws/install/pylon_ros2_camera_interfaces/include/pylon_ros2_camera_interfaces/pylon_ros2_camera_interfaces/srv/detail/set_gamma__functions.h\n'}
[0.504689] (pylon_ros2_camera_interfaces) StdoutLine: {'line': b'-- Up-to-date: /home/mcav/cam_dev_ws/install/pylon_ros2_camera_interfaces/include/pylon_ros2_camera_interfaces/pylon_ros2_camera_interfaces/srv/detail/issue_action_command__functions.c\n'}
[0.505034] (pylon_ros2_camera_interfaces) StdoutLine: {'line': b'-- Up-to-date: /home/mcav/cam_dev_ws/install/pylon_ros2_camera_interfaces/include/pylon_ros2_camera_interfaces/pylon_ros2_camera_interfaces/srv/detail/get_ptp_status__functions.h\n'}
[0.505182] (pylon_ros2_camera_interfaces) StdoutLine: {'line': b'-- Up-to-date: /home/mcav/cam_dev_ws/install/pylon_ros2_camera_interfaces/include/pylon_ros2_camera_interfaces/pylon_ros2_camera_interfaces/srv/detail/set_gamma__struct.h\n'}
[0.505408] (pylon_ros2_camera_interfaces) StdoutLine: {'line': b'-- Up-to-date: /home/mcav/cam_dev_ws/install/pylon_ros2_camera_interfaces/include/pylon_ros2_camera_interfaces/pylon_ros2_camera_interfaces/srv/detail/set_gain__type_support.h\n'}
[0.505605] (pylon_ros2_camera_interfaces) StdoutLine: {'line': b'-- Up-to-date: /home/mcav/cam_dev_ws/install/pylon_ros2_camera_interfaces/include/pylon_ros2_camera_interfaces/pylon_ros2_camera_interfaces/srv/detail/set_action_trigger_configuration__functions.c\n'}
[0.505793] (pylon_ros2_camera_interfaces) StdoutLine: {'line': b'-- Up-to-date: /home/mcav/cam_dev_ws/install/pylon_ros2_camera_interfaces/include/pylon_ros2_camera_interfaces/pylon_ros2_camera_interfaces/srv/detail/get_string_value__functions.c\n'}
[0.505983] (pylon_ros2_camera_interfaces) StdoutLine: {'line': b'-- Up-to-date: /home/mcav/cam_dev_ws/install/pylon_ros2_camera_interfaces/include/pylon_ros2_camera_interfaces/pylon_ros2_camera_interfaces/srv/detail/set_brightness__functions.c\n'}
[0.506171] (pylon_ros2_camera_interfaces) StdoutLine: {'line': b'-- Up-to-date: /home/mcav/cam_dev_ws/install/pylon_ros2_camera_interfaces/include/pylon_ros2_camera_interfaces/pylon_ros2_camera_interfaces/srv/detail/get_integer_value__struct.h\n'}
[0.506299] (pylon_ros2_camera_interfaces) StdoutLine: {'line': b'-- Up-to-date: /home/mcav/cam_dev_ws/install/pylon_ros2_camera_interfaces/include/pylon_ros2_camera_interfaces/pylon_ros2_camera_interfaces/srv/detail/get_float_value__type_support.h\n'}
[0.506412] (pylon_ros2_camera_interfaces) StdoutLine: {'line': b'-- Up-to-date: /home/mcav/cam_dev_ws/install/pylon_ros2_camera_interfaces/include/pylon_ros2_camera_interfaces/pylon_ros2_camera_interfaces/srv/detail/set_integer_value__type_support.h\n'}
[0.506529] (pylon_ros2_camera_interfaces) StdoutLine: {'line': b'-- Up-to-date: /home/mcav/cam_dev_ws/install/pylon_ros2_camera_interfaces/include/pylon_ros2_camera_interfaces/pylon_ros2_camera_interfaces/srv/detail/set_binning__type_support.h\n'}
[0.506642] (pylon_ros2_camera_interfaces) StdoutLine: {'line': b'-- Up-to-date: /home/mcav/cam_dev_ws/install/pylon_ros2_camera_interfaces/include/pylon_ros2_camera_interfaces/pylon_ros2_camera_interfaces/srv/detail/set_string_value__struct.h\n'}
[0.506754] (pylon_ros2_camera_interfaces) StdoutLine: {'line': b'-- Up-to-date: /home/mcav/cam_dev_ws/install/pylon_ros2_camera_interfaces/include/pylon_ros2_camera_interfaces/pylon_ros2_camera_interfaces/srv/detail/set_binning__struct.h\n'}
[0.506866] (pylon_ros2_camera_interfaces) StdoutLine: {'line': b'-- Up-to-date: /home/mcav/cam_dev_ws/install/pylon_ros2_camera_interfaces/include/pylon_ros2_camera_interfaces/pylon_ros2_camera_interfaces/srv/detail/set_gain__functions.h\n'}
[0.506978] (pylon_ros2_camera_interfaces) StdoutLine: {'line': b'-- Up-to-date: /home/mcav/cam_dev_ws/install/pylon_ros2_camera_interfaces/include/pylon_ros2_camera_interfaces/pylon_ros2_camera_interfaces/srv/detail/set_integer_value__struct.h\n'}
[0.507089] (pylon_ros2_camera_interfaces) StdoutLine: {'line': b'-- Up-to-date: /home/mcav/cam_dev_ws/install/pylon_ros2_camera_interfaces/include/pylon_ros2_camera_interfaces/pylon_ros2_camera_interfaces/srv/detail/issue_action_command__type_support.h\n'}
[0.507202] (pylon_ros2_camera_interfaces) StdoutLine: {'line': b'-- Up-to-date: /home/mcav/cam_dev_ws/install/pylon_ros2_camera_interfaces/include/pylon_ros2_camera_interfaces/pylon_ros2_camera_interfaces/srv/detail/set_gamma__type_support.h\n'}
[0.507313] (pylon_ros2_camera_interfaces) StdoutLine: {'line': b'-- Up-to-date: /home/mcav/cam_dev_ws/install/pylon_ros2_camera_interfaces/include/pylon_ros2_camera_interfaces/pylon_ros2_camera_interfaces/srv/set_brightness.h\n'}
[0.507424] (pylon_ros2_camera_interfaces) StdoutLine: {'line': b'-- Up-to-date: /home/mcav/cam_dev_ws/install/pylon_ros2_camera_interfaces/include/pylon_ros2_camera_interfaces/pylon_ros2_camera_interfaces/srv/set_gain.h\n'}
[0.507547] (pylon_ros2_camera_interfaces) StdoutLine: {'line': b'-- Up-to-date: /home/mcav/cam_dev_ws/install/pylon_ros2_camera_interfaces/include/pylon_ros2_camera_interfaces/pylon_ros2_camera_interfaces/srv/set_gamma.h\n'}
[0.507672] (pylon_ros2_camera_interfaces) StdoutLine: {'line': b'-- Up-to-date: /home/mcav/cam_dev_ws/install/pylon_ros2_camera_interfaces/include/pylon_ros2_camera_interfaces/pylon_ros2_camera_interfaces/srv/issue_action_command.h\n'}
[0.507788] (pylon_ros2_camera_interfaces) StdoutLine: {'line': b'-- Up-to-date: /home/mcav/cam_dev_ws/install/pylon_ros2_camera_interfaces/include/pylon_ros2_camera_interfaces/pylon_ros2_camera_interfaces/srv/get_ptp_status.h\n'}
[0.507903] (pylon_ros2_camera_interfaces) StdoutLine: {'line': b'-- Up-to-date: /home/mcav/cam_dev_ws/install/pylon_ros2_camera_interfaces/include/pylon_ros2_camera_interfaces/pylon_ros2_camera_interfaces/srv/set_integer_value.h\n'}
[0.508018] (pylon_ros2_camera_interfaces) StdoutLine: {'line': b'-- Up-to-date: /home/mcav/cam_dev_ws/install/pylon_ros2_camera_interfaces/include/pylon_ros2_camera_interfaces/pylon_ros2_camera_interfaces/srv/set_sleeping.h\n'}
[0.508134] (pylon_ros2_camera_interfaces) StdoutLine: {'line': b'-- Up-to-date: /home/mcav/cam_dev_ws/install/pylon_ros2_camera_interfaces/include/pylon_ros2_camera_interfaces/pylon_ros2_camera_interfaces/srv/set_binning.h\n'}
[0.508248] (pylon_ros2_camera_interfaces) StdoutLine: {'line': b'-- Up-to-date: /home/mcav/cam_dev_ws/install/pylon_ros2_camera_interfaces/include/pylon_ros2_camera_interfaces/pylon_ros2_camera_interfaces/srv/get_float_value.h\n'}
[0.508362] (pylon_ros2_camera_interfaces) StdoutLine: {'line': b'-- Up-to-date: /home/mcav/cam_dev_ws/install/pylon_ros2_camera_interfaces/include/pylon_ros2_camera_interfaces/pylon_ros2_camera_interfaces/srv/set_action_trigger_configuration.h\n'}
[0.508477] (pylon_ros2_camera_interfaces) StdoutLine: {'line': b'-- Up-to-date: /home/mcav/cam_dev_ws/install/pylon_ros2_camera_interfaces/include/pylon_ros2_camera_interfaces/pylon_ros2_camera_interfaces/srv/set_white_balance.h\n'}
[0.508592] (pylon_ros2_camera_interfaces) StdoutLine: {'line': b'-- Up-to-date: /home/mcav/cam_dev_ws/install/pylon_ros2_camera_interfaces/include/pylon_ros2_camera_interfaces/pylon_ros2_camera_interfaces/srv/set_string_value.h\n'}
[0.508705] (pylon_ros2_camera_interfaces) StdoutLine: {'line': b'-- Up-to-date: /home/mcav/cam_dev_ws/install/pylon_ros2_camera_interfaces/include/pylon_ros2_camera_interfaces/pylon_ros2_camera_interfaces/srv/set_float_value.h\n'}
[0.508820] (pylon_ros2_camera_interfaces) StdoutLine: {'line': b'-- Up-to-date: /home/mcav/cam_dev_ws/install/pylon_ros2_camera_interfaces/include/pylon_ros2_camera_interfaces/pylon_ros2_camera_interfaces/srv/get_string_value.h\n'}
[0.508933] (pylon_ros2_camera_interfaces) StdoutLine: {'line': b'-- Up-to-date: /home/mcav/cam_dev_ws/install/pylon_ros2_camera_interfaces/include/pylon_ros2_camera_interfaces/pylon_ros2_camera_interfaces/srv/set_roi.h\n'}
[0.509074] (pylon_ros2_camera_interfaces) StdoutLine: {'line': b'-- Up-to-date: /home/mcav/cam_dev_ws/install/pylon_ros2_camera_interfaces/share/pylon_ros2_camera_interfaces/environment/library_path.sh\n'}
[0.509259] (pylon_ros2_camera_interfaces) StdoutLine: {'line': b'-- Up-to-date: /home/mcav/cam_dev_ws/install/pylon_ros2_camera_interfaces/share/pylon_ros2_camera_interfaces/environment/library_path.dsv\n'}
[0.509365] (pylon_ros2_camera_interfaces) StdoutLine: {'line': b'-- Up-to-date: /home/mcav/cam_dev_ws/install/pylon_ros2_camera_interfaces/lib/libpylon_ros2_camera_interfaces__rosidl_generator_c.so\n'}
[0.509469] (pylon_ros2_camera_interfaces) StdoutLine: {'line': b'-- Up-to-date: /home/mcav/cam_dev_ws/install/pylon_ros2_camera_interfaces/include/pylon_ros2_camera_interfaces/pylon_ros2_camera_interfaces\n'}
[0.509574] (pylon_ros2_camera_interfaces) StdoutLine: {'line': b'-- Up-to-date: /home/mcav/cam_dev_ws/install/pylon_ros2_camera_interfaces/include/pylon_ros2_camera_interfaces/pylon_ros2_camera_interfaces/msg\n'}
[0.509682] (pylon_ros2_camera_interfaces) StdoutLine: {'line': b'-- Up-to-date: /home/mcav/cam_dev_ws/install/pylon_ros2_camera_interfaces/include/pylon_ros2_camera_interfaces/pylon_ros2_camera_interfaces/msg/detail\n'}
[0.509831] (pylon_ros2_camera_interfaces) StdoutLine: {'line': b'-- Up-to-date: /home/mcav/cam_dev_ws/install/pylon_ros2_camera_interfaces/include/pylon_ros2_camera_interfaces/pylon_ros2_camera_interfaces/msg/detail/component_status__rosidl_typesupport_fastrtps_c.h\n'}
[0.509964] (pylon_ros2_camera_interfaces) StdoutLine: {'line': b'-- Up-to-date: /home/mcav/cam_dev_ws/install/pylon_ros2_camera_interfaces/include/pylon_ros2_camera_interfaces/pylon_ros2_camera_interfaces/msg/detail/current_params__rosidl_typesupport_fastrtps_c.h\n'}
[0.510069] (pylon_ros2_camera_interfaces) StdoutLine: {'line': b'-- Up-to-date: /home/mcav/cam_dev_ws/install/pylon_ros2_camera_interfaces/include/pylon_ros2_camera_interfaces/pylon_ros2_camera_interfaces/msg/rosidl_typesupport_fastrtps_c__visibility_control.h\n'}
[0.510174] (pylon_ros2_camera_interfaces) StdoutLine: {'line': b'-- Up-to-date: /home/mcav/cam_dev_ws/install/pylon_ros2_camera_interfaces/include/pylon_ros2_camera_interfaces/pylon_ros2_camera_interfaces/action\n'}
[0.510278] (pylon_ros2_camera_interfaces) StdoutLine: {'line': b'-- Up-to-date: /home/mcav/cam_dev_ws/install/pylon_ros2_camera_interfaces/include/pylon_ros2_camera_interfaces/pylon_ros2_camera_interfaces/action/detail\n'}
[0.510382] (pylon_ros2_camera_interfaces) StdoutLine: {'line': b'-- Up-to-date: /home/mcav/cam_dev_ws/install/pylon_ros2_camera_interfaces/include/pylon_ros2_camera_interfaces/pylon_ros2_camera_interfaces/action/detail/grab_blaze_data__rosidl_typesupport_fastrtps_c.h\n'}
[0.510546] (pylon_ros2_camera_interfaces) StdoutLine: {'line': b'-- Up-to-date: /home/mcav/cam_dev_ws/install/pylon_ros2_camera_interfaces/include/pylon_ros2_camera_interfaces/pylon_ros2_camera_interfaces/action/detail/grab_images__rosidl_typesupport_fastrtps_c.h\n'}
[0.510658] (pylon_ros2_camera_interfaces) StdoutLine: {'line': b'-- Up-to-date: /home/mcav/cam_dev_ws/install/pylon_ros2_camera_interfaces/include/pylon_ros2_camera_interfaces/pylon_ros2_camera_interfaces/srv\n'}
[0.510763] (pylon_ros2_camera_interfaces) StdoutLine: {'line': b'-- Up-to-date: /home/mcav/cam_dev_ws/install/pylon_ros2_camera_interfaces/include/pylon_ros2_camera_interfaces/pylon_ros2_camera_interfaces/srv/detail\n'}
[0.510868] (pylon_ros2_camera_interfaces) StdoutLine: {'line': b'-- Up-to-date: /home/mcav/cam_dev_ws/install/pylon_ros2_camera_interfaces/include/pylon_ros2_camera_interfaces/pylon_ros2_camera_interfaces/srv/detail/set_white_balance__rosidl_typesupport_fastrtps_c.h\n'}
[0.510973] (pylon_ros2_camera_interfaces) StdoutLine: {'line': b'-- Up-to-date: /home/mcav/cam_dev_ws/install/pylon_ros2_camera_interfaces/include/pylon_ros2_camera_interfaces/pylon_ros2_camera_interfaces/srv/detail/issue_action_command__rosidl_typesupport_fastrtps_c.h\n'}
[0.511079] (pylon_ros2_camera_interfaces) StdoutLine: {'line': b'-- Up-to-date: /home/mcav/cam_dev_ws/install/pylon_ros2_camera_interfaces/include/pylon_ros2_camera_interfaces/pylon_ros2_camera_interfaces/srv/detail/issue_scheduled_action_command__rosidl_typesupport_fastrtps_c.h\n'}
[0.511242] (pylon_ros2_camera_interfaces) StdoutLine: {'line': b'-- Up-to-date: /home/mcav/cam_dev_ws/install/pylon_ros2_camera_interfaces/include/pylon_ros2_camera_interfaces/pylon_ros2_camera_interfaces/srv/detail/get_ptp_status__rosidl_typesupport_fastrtps_c.h\n'}
[0.511347] (pylon_ros2_camera_interfaces) StdoutLine: {'line': b'-- Up-to-date: /home/mcav/cam_dev_ws/install/pylon_ros2_camera_interfaces/include/pylon_ros2_camera_interfaces/pylon_ros2_camera_interfaces/srv/detail/set_sleeping__rosidl_typesupport_fastrtps_c.h\n'}
[0.511452] (pylon_ros2_camera_interfaces) StdoutLine: {'line': b'-- Up-to-date: /home/mcav/cam_dev_ws/install/pylon_ros2_camera_interfaces/include/pylon_ros2_camera_interfaces/pylon_ros2_camera_interfaces/srv/detail/set_gain__rosidl_typesupport_fastrtps_c.h\n'}
[0.511570] (pylon_ros2_camera_interfaces) StdoutLine: {'line': b'-- Up-to-date: /home/mcav/cam_dev_ws/install/pylon_ros2_camera_interfaces/include/pylon_ros2_camera_interfaces/pylon_ros2_camera_interfaces/srv/detail/set_gamma__rosidl_typesupport_fastrtps_c.h\n'}
[0.511677] (pylon_ros2_camera_interfaces) StdoutLine: {'line': b'-- Up-to-date: /home/mcav/cam_dev_ws/install/pylon_ros2_camera_interfaces/include/pylon_ros2_camera_interfaces/pylon_ros2_camera_interfaces/srv/detail/set_float_value__rosidl_typesupport_fastrtps_c.h\n'}
[0.511845] (pylon_ros2_camera_interfaces) StdoutLine: {'line': b'-- Up-to-date: /home/mcav/cam_dev_ws/install/pylon_ros2_camera_interfaces/include/pylon_ros2_camera_interfaces/pylon_ros2_camera_interfaces/srv/detail/set_binning__rosidl_typesupport_fastrtps_c.h\n'}
[0.511965] (pylon_ros2_camera_interfaces) StdoutLine: {'line': b'-- Up-to-date: /home/mcav/cam_dev_ws/install/pylon_ros2_camera_interfaces/include/pylon_ros2_camera_interfaces/pylon_ros2_camera_interfaces/srv/detail/set_integer_value__rosidl_typesupport_fastrtps_c.h\n'}
[0.512071] (pylon_ros2_camera_interfaces) StdoutLine: {'line': b'-- Up-to-date: /home/mcav/cam_dev_ws/install/pylon_ros2_camera_interfaces/include/pylon_ros2_camera_interfaces/pylon_ros2_camera_interfaces/srv/detail/set_action_trigger_configuration__rosidl_typesupport_fastrtps_c.h\n'}
[0.512176] (pylon_ros2_camera_interfaces) StdoutLine: {'line': b'-- Up-to-date: /home/mcav/cam_dev_ws/install/pylon_ros2_camera_interfaces/include/pylon_ros2_camera_interfaces/pylon_ros2_camera_interfaces/srv/detail/set_exposure__rosidl_typesupport_fastrtps_c.h\n'}
[0.512285] (pylon_ros2_camera_interfaces) StdoutLine: {'line': b'-- Up-to-date: /home/mcav/cam_dev_ws/install/pylon_ros2_camera_interfaces/include/pylon_ros2_camera_interfaces/pylon_ros2_camera_interfaces/srv/detail/set_brightness__rosidl_typesupport_fastrtps_c.h\n'}
[0.512393] (pylon_ros2_camera_interfaces) StdoutLine: {'line': b'-- Up-to-date: /home/mcav/cam_dev_ws/install/pylon_ros2_camera_interfaces/include/pylon_ros2_camera_interfaces/pylon_ros2_camera_interfaces/srv/detail/get_float_value__rosidl_typesupport_fastrtps_c.h\n'}
[0.512557] (pylon_ros2_camera_interfaces) StdoutLine: {'line': b'-- Up-to-date: /home/mcav/cam_dev_ws/install/pylon_ros2_camera_interfaces/include/pylon_ros2_camera_interfaces/pylon_ros2_camera_interfaces/srv/detail/get_integer_value__rosidl_typesupport_fastrtps_c.h\n'}
[0.512676] (pylon_ros2_camera_interfaces) StdoutLine: {'line': b'-- Up-to-date: /home/mcav/cam_dev_ws/install/pylon_ros2_camera_interfaces/include/pylon_ros2_camera_interfaces/pylon_ros2_camera_interfaces/srv/detail/set_roi__rosidl_typesupport_fastrtps_c.h\n'}
[0.512780] (pylon_ros2_camera_interfaces) StdoutLine: {'line': b'-- Up-to-date: /home/mcav/cam_dev_ws/install/pylon_ros2_camera_interfaces/include/pylon_ros2_camera_interfaces/pylon_ros2_camera_interfaces/srv/detail/get_string_value__rosidl_typesupport_fastrtps_c.h\n'}
[0.512885] (pylon_ros2_camera_interfaces) StdoutLine: {'line': b'-- Up-to-date: /home/mcav/cam_dev_ws/install/pylon_ros2_camera_interfaces/include/pylon_ros2_camera_interfaces/pylon_ros2_camera_interfaces/srv/detail/set_string_value__rosidl_typesupport_fastrtps_c.h\n'}
[0.513031] (pylon_ros2_camera_interfaces) StdoutLine: {'line': b'-- Up-to-date: /home/mcav/cam_dev_ws/install/pylon_ros2_camera_interfaces/lib/libpylon_ros2_camera_interfaces__rosidl_typesupport_fastrtps_c.so\n'}
[0.513151] (pylon_ros2_camera_interfaces) StdoutLine: {'line': b'-- Up-to-date: /home/mcav/cam_dev_ws/install/pylon_ros2_camera_interfaces/include/pylon_ros2_camera_interfaces/pylon_ros2_camera_interfaces\n'}
[0.513230] (pylon_ros2_camera_interfaces) StdoutLine: {'line': b'-- Up-to-date: /home/mcav/cam_dev_ws/install/pylon_ros2_camera_interfaces/include/pylon_ros2_camera_interfaces/pylon_ros2_camera_interfaces/msg\n'}
[0.513304] (pylon_ros2_camera_interfaces) StdoutLine: {'line': b'-- Up-to-date: /home/mcav/cam_dev_ws/install/pylon_ros2_camera_interfaces/include/pylon_ros2_camera_interfaces/pylon_ros2_camera_interfaces/msg/current_params.hpp\n'}
[0.513369] (pylon_ros2_camera_interfaces) StdoutLine: {'line': b'-- Up-to-date: /home/mcav/cam_dev_ws/install/pylon_ros2_camera_interfaces/include/pylon_ros2_camera_interfaces/pylon_ros2_camera_interfaces/msg/detail\n'}
[0.513431] (pylon_ros2_camera_interfaces) StdoutLine: {'line': b'-- Up-to-date: /home/mcav/cam_dev_ws/install/pylon_ros2_camera_interfaces/include/pylon_ros2_camera_interfaces/pylon_ros2_camera_interfaces/msg/detail/current_params__builder.hpp\n'}
[0.513491] (pylon_ros2_camera_interfaces) StdoutLine: {'line': b'-- Up-to-date: /home/mcav/cam_dev_ws/install/pylon_ros2_camera_interfaces/include/pylon_ros2_camera_interfaces/pylon_ros2_camera_interfaces/msg/detail/component_status__traits.hpp\n'}
[0.513553] (pylon_ros2_camera_interfaces) StdoutLine: {'line': b'-- Up-to-date: /home/mcav/cam_dev_ws/install/pylon_ros2_camera_interfaces/include/pylon_ros2_camera_interfaces/pylon_ros2_camera_interfaces/msg/detail/current_params__struct.hpp\n'}
[0.513614] (pylon_ros2_camera_interfaces) StdoutLine: {'line': b'-- Up-to-date: /home/mcav/cam_dev_ws/install/pylon_ros2_camera_interfaces/include/pylon_ros2_camera_interfaces/pylon_ros2_camera_interfaces/msg/detail/component_status__type_support.hpp\n'}
[0.513675] (pylon_ros2_camera_interfaces) StdoutLine: {'line': b'-- Up-to-date: /home/mcav/cam_dev_ws/install/pylon_ros2_camera_interfaces/include/pylon_ros2_camera_interfaces/pylon_ros2_camera_interfaces/msg/detail/current_params__traits.hpp\n'}
[0.513735] (pylon_ros2_camera_interfaces) StdoutLine: {'line': b'-- Up-to-date: /home/mcav/cam_dev_ws/install/pylon_ros2_camera_interfaces/include/pylon_ros2_camera_interfaces/pylon_ros2_camera_interfaces/msg/detail/component_status__builder.hpp\n'}
[0.513858] (pylon_ros2_camera_interfaces) StdoutLine: {'line': b'-- Up-to-date: /home/mcav/cam_dev_ws/install/pylon_ros2_camera_interfaces/include/pylon_ros2_camera_interfaces/pylon_ros2_camera_interfaces/msg/detail/current_params__type_support.hpp\n'}
[0.513933] (pylon_ros2_camera_interfaces) StdoutLine: {'line': b'-- Up-to-date: /home/mcav/cam_dev_ws/install/pylon_ros2_camera_interfaces/include/pylon_ros2_camera_interfaces/pylon_ros2_camera_interfaces/msg/detail/component_status__struct.hpp\n'}
[0.513993] (pylon_ros2_camera_interfaces) StdoutLine: {'line': b'-- Up-to-date: /home/mcav/cam_dev_ws/install/pylon_ros2_camera_interfaces/include/pylon_ros2_camera_interfaces/pylon_ros2_camera_interfaces/msg/component_status.hpp\n'}
[0.514054] (pylon_ros2_camera_interfaces) StdoutLine: {'line': b'-- Up-to-date: /home/mcav/cam_dev_ws/install/pylon_ros2_camera_interfaces/include/pylon_ros2_camera_interfaces/pylon_ros2_camera_interfaces/msg/rosidl_generator_cpp__visibility_control.hpp\n'}
[0.514115] (pylon_ros2_camera_interfaces) StdoutLine: {'line': b'-- Up-to-date: /home/mcav/cam_dev_ws/install/pylon_ros2_camera_interfaces/include/pylon_ros2_camera_interfaces/pylon_ros2_camera_interfaces/action\n'}
[0.514176] (pylon_ros2_camera_interfaces) StdoutLine: {'line': b'-- Up-to-date: /home/mcav/cam_dev_ws/install/pylon_ros2_camera_interfaces/include/pylon_ros2_camera_interfaces/pylon_ros2_camera_interfaces/action/grab_images.hpp\n'}
[0.514236] (pylon_ros2_camera_interfaces) StdoutLine: {'line': b'-- Up-to-date: /home/mcav/cam_dev_ws/install/pylon_ros2_camera_interfaces/include/pylon_ros2_camera_interfaces/pylon_ros2_camera_interfaces/action/detail\n'}
[0.514416] (pylon_ros2_camera_interfaces) StdoutLine: {'line': b'-- Up-to-date: /home/mcav/cam_dev_ws/install/pylon_ros2_camera_interfaces/include/pylon_ros2_camera_interfaces/pylon_ros2_camera_interfaces/action/detail/grab_blaze_data__type_support.hpp\n'}
[0.514523] (pylon_ros2_camera_interfaces) StdoutLine: {'line': b'-- Up-to-date: /home/mcav/cam_dev_ws/install/pylon_ros2_camera_interfaces/include/pylon_ros2_camera_interfaces/pylon_ros2_camera_interfaces/action/detail/grab_images__type_support.hpp\n'}
[0.514598] (pylon_ros2_camera_interfaces) StdoutLine: {'line': b'-- Up-to-date: /home/mcav/cam_dev_ws/install/pylon_ros2_camera_interfaces/include/pylon_ros2_camera_interfaces/pylon_ros2_camera_interfaces/action/detail/grab_blaze_data__struct.hpp\n'}
[0.514707] (pylon_ros2_camera_interfaces) StdoutLine: {'line': b'-- Up-to-date: /home/mcav/cam_dev_ws/install/pylon_ros2_camera_interfaces/include/pylon_ros2_camera_interfaces/pylon_ros2_camera_interfaces/action/detail/grab_images__traits.hpp\n'}
[0.514768] (pylon_ros2_camera_interfaces) StdoutLine: {'line': b'-- Up-to-date: /home/mcav/cam_dev_ws/install/pylon_ros2_camera_interfaces/include/pylon_ros2_camera_interfaces/pylon_ros2_camera_interfaces/action/detail/grab_blaze_data__traits.hpp\n'}
[0.514829] (pylon_ros2_camera_interfaces) StdoutLine: {'line': b'-- Up-to-date: /home/mcav/cam_dev_ws/install/pylon_ros2_camera_interfaces/include/pylon_ros2_camera_interfaces/pylon_ros2_camera_interfaces/action/detail/grab_images__builder.hpp\n'}
[0.514890] (pylon_ros2_camera_interfaces) StdoutLine: {'line': b'-- Up-to-date: /home/mcav/cam_dev_ws/install/pylon_ros2_camera_interfaces/include/pylon_ros2_camera_interfaces/pylon_ros2_camera_interfaces/action/detail/grab_blaze_data__builder.hpp\n'}
[0.514958] (pylon_ros2_camera_interfaces) StdoutLine: {'line': b'-- Up-to-date: /home/mcav/cam_dev_ws/install/pylon_ros2_camera_interfaces/include/pylon_ros2_camera_interfaces/pylon_ros2_camera_interfaces/action/detail/grab_images__struct.hpp\n'}
[0.515019] (pylon_ros2_camera_interfaces) StdoutLine: {'line': b'-- Up-to-date: /home/mcav/cam_dev_ws/install/pylon_ros2_camera_interfaces/include/pylon_ros2_camera_interfaces/pylon_ros2_camera_interfaces/action/grab_blaze_data.hpp\n'}
[0.515096] (pylon_ros2_camera_interfaces) StdoutLine: {'line': b'-- Up-to-date: /home/mcav/cam_dev_ws/install/pylon_ros2_camera_interfaces/include/pylon_ros2_camera_interfaces/pylon_ros2_camera_interfaces/srv\n'}
[0.515199] (pylon_ros2_camera_interfaces) StdoutLine: {'line': b'-- Up-to-date: /home/mcav/cam_dev_ws/install/pylon_ros2_camera_interfaces/include/pylon_ros2_camera_interfaces/pylon_ros2_camera_interfaces/srv/set_brightness.hpp\n'}
[0.515259] (pylon_ros2_camera_interfaces) StdoutLine: {'line': b'-- Up-to-date: /home/mcav/cam_dev_ws/install/pylon_ros2_camera_interfaces/include/pylon_ros2_camera_interfaces/pylon_ros2_camera_interfaces/srv/set_gamma.hpp\n'}
[0.515320] (pylon_ros2_camera_interfaces) StdoutLine: {'line': b'-- Up-to-date: /home/mcav/cam_dev_ws/install/pylon_ros2_camera_interfaces/include/pylon_ros2_camera_interfaces/pylon_ros2_camera_interfaces/srv/set_integer_value.hpp\n'}
[0.515380] (pylon_ros2_camera_interfaces) StdoutLine: {'line': b'-- Up-to-date: /home/mcav/cam_dev_ws/install/pylon_ros2_camera_interfaces/include/pylon_ros2_camera_interfaces/pylon_ros2_camera_interfaces/srv/get_string_value.hpp\n'}
[0.515440] (pylon_ros2_camera_interfaces) StdoutLine: {'line': b'-- Up-to-date: /home/mcav/cam_dev_ws/install/pylon_ros2_camera_interfaces/include/pylon_ros2_camera_interfaces/pylon_ros2_camera_interfaces/srv/get_integer_value.hpp\n'}
[0.515500] (pylon_ros2_camera_interfaces) StdoutLine: {'line': b'-- Up-to-date: /home/mcav/cam_dev_ws/install/pylon_ros2_camera_interfaces/include/pylon_ros2_camera_interfaces/pylon_ros2_camera_interfaces/srv/issue_scheduled_action_command.hpp\n'}
[0.515564] (pylon_ros2_camera_interfaces) StdoutLine: {'line': b'-- Up-to-date: /home/mcav/cam_dev_ws/install/pylon_ros2_camera_interfaces/include/pylon_ros2_camera_interfaces/pylon_ros2_camera_interfaces/srv/set_float_value.hpp\n'}
[0.515625] (pylon_ros2_camera_interfaces) StdoutLine: {'line': b'-- Up-to-date: /home/mcav/cam_dev_ws/install/pylon_ros2_camera_interfaces/include/pylon_ros2_camera_interfaces/pylon_ros2_camera_interfaces/srv/set_exposure.hpp\n'}
[0.515684] (pylon_ros2_camera_interfaces) StdoutLine: {'line': b'-- Up-to-date: /home/mcav/cam_dev_ws/install/pylon_ros2_camera_interfaces/include/pylon_ros2_camera_interfaces/pylon_ros2_camera_interfaces/srv/detail\n'}
[0.515761] (pylon_ros2_camera_interfaces) StdoutLine: {'line': b'-- Up-to-date: /home/mcav/cam_dev_ws/install/pylon_ros2_camera_interfaces/include/pylon_ros2_camera_interfaces/pylon_ros2_camera_interfaces/srv/detail/set_gamma__builder.hpp\n'}
[0.515867] (pylon_ros2_camera_interfaces) StdoutLine: {'line': b'-- Up-to-date: /home/mcav/cam_dev_ws/install/pylon_ros2_camera_interfaces/include/pylon_ros2_camera_interfaces/pylon_ros2_camera_interfaces/srv/detail/set_action_trigger_configuration__type_support.hpp\n'}
[0.515927] (pylon_ros2_camera_interfaces) StdoutLine: {'line': b'-- Up-to-date: /home/mcav/cam_dev_ws/install/pylon_ros2_camera_interfaces/include/pylon_ros2_camera_interfaces/pylon_ros2_camera_interfaces/srv/detail/set_float_value__struct.hpp\n'}
[0.515987] (pylon_ros2_camera_interfaces) StdoutLine: {'line': b'-- Up-to-date: /home/mcav/cam_dev_ws/install/pylon_ros2_camera_interfaces/include/pylon_ros2_camera_interfaces/pylon_ros2_camera_interfaces/srv/detail/set_binning__type_support.hpp\n'}
[0.516046] (pylon_ros2_camera_interfaces) StdoutLine: {'line': b'-- Up-to-date: /home/mcav/cam_dev_ws/install/pylon_ros2_camera_interfaces/include/pylon_ros2_camera_interfaces/pylon_ros2_camera_interfaces/srv/detail/set_sleeping__traits.hpp\n'}
[0.516106] (pylon_ros2_camera_interfaces) StdoutLine: {'line': b'-- Up-to-date: /home/mcav/cam_dev_ws/install/pylon_ros2_camera_interfaces/include/pylon_ros2_camera_interfaces/pylon_ros2_camera_interfaces/srv/detail/set_string_value__struct.hpp\n'}
[0.516166] (pylon_ros2_camera_interfaces) StdoutLine: {'line': b'-- Up-to-date: /home/mcav/cam_dev_ws/install/pylon_ros2_camera_interfaces/include/pylon_ros2_camera_interfaces/pylon_ros2_camera_interfaces/srv/detail/set_binning__struct.hpp\n'}
[0.516226] (pylon_ros2_camera_interfaces) StdoutLine: {'line': b'-- Up-to-date: /home/mcav/cam_dev_ws/install/pylon_ros2_camera_interfaces/include/pylon_ros2_camera_interfaces/pylon_ros2_camera_interfaces/srv/detail/set_white_balance__type_support.hpp\n'}
[0.516285] (pylon_ros2_camera_interfaces) StdoutLine: {'line': b'-- Up-to-date: /home/mcav/cam_dev_ws/install/pylon_ros2_camera_interfaces/include/pylon_ros2_camera_interfaces/pylon_ros2_camera_interfaces/srv/detail/set_sleeping__builder.hpp\n'}
[0.516345] (pylon_ros2_camera_interfaces) StdoutLine: {'line': b'-- Up-to-date: /home/mcav/cam_dev_ws/install/pylon_ros2_camera_interfaces/include/pylon_ros2_camera_interfaces/pylon_ros2_camera_interfaces/srv/detail/get_string_value__builder.hpp\n'}
[0.516421] (pylon_ros2_camera_interfaces) StdoutLine: {'line': b'-- Up-to-date: /home/mcav/cam_dev_ws/install/pylon_ros2_camera_interfaces/include/pylon_ros2_camera_interfaces/pylon_ros2_camera_interfaces/srv/detail/get_ptp_status__builder.hpp\n'}
[0.516539] (pylon_ros2_camera_interfaces) StdoutLine: {'line': b'-- Up-to-date: /home/mcav/cam_dev_ws/install/pylon_ros2_camera_interfaces/include/pylon_ros2_camera_interfaces/pylon_ros2_camera_interfaces/srv/detail/issue_action_command__builder.hpp\n'}
[0.516608] (pylon_ros2_camera_interfaces) StdoutLine: {'line': b'-- Up-to-date: /home/mcav/cam_dev_ws/install/pylon_ros2_camera_interfaces/include/pylon_ros2_camera_interfaces/pylon_ros2_camera_interfaces/srv/detail/set_white_balance__traits.hpp\n'}
[0.516669] (pylon_ros2_camera_interfaces) StdoutLine: {'line': b'-- Up-to-date: /home/mcav/cam_dev_ws/install/pylon_ros2_camera_interfaces/include/pylon_ros2_camera_interfaces/pylon_ros2_camera_interfaces/srv/detail/set_float_value__builder.hpp\n'}
[0.516729] (pylon_ros2_camera_interfaces) StdoutLine: {'line': b'-- Up-to-date: /home/mcav/cam_dev_ws/install/pylon_ros2_camera_interfaces/include/pylon_ros2_camera_interfaces/pylon_ros2_camera_interfaces/srv/detail/issue_action_command__traits.hpp\n'}
[0.516789] (pylon_ros2_camera_interfaces) StdoutLine: {'line': b'-- Up-to-date: /home/mcav/cam_dev_ws/install/pylon_ros2_camera_interfaces/include/pylon_ros2_camera_interfaces/pylon_ros2_camera_interfaces/srv/detail/set_exposure__traits.hpp\n'}
[0.516848] (pylon_ros2_camera_interfaces) StdoutLine: {'line': b'-- Up-to-date: /home/mcav/cam_dev_ws/install/pylon_ros2_camera_interfaces/include/pylon_ros2_camera_interfaces/pylon_ros2_camera_interfaces/srv/detail/get_ptp_status__type_support.hpp\n'}
[0.516908] (pylon_ros2_camera_interfaces) StdoutLine: {'line': b'-- Up-to-date: /home/mcav/cam_dev_ws/install/pylon_ros2_camera_interfaces/include/pylon_ros2_camera_interfaces/pylon_ros2_camera_interfaces/srv/detail/get_integer_value__type_support.hpp\n'}
[0.517019] (pylon_ros2_camera_interfaces) StdoutLine: {'line': b'-- Up-to-date: /home/mcav/cam_dev_ws/install/pylon_ros2_camera_interfaces/include/pylon_ros2_camera_interfaces/pylon_ros2_camera_interfaces/srv/detail/set_integer_value__builder.hpp\n'}
[0.517158] (pylon_ros2_camera_interfaces) StdoutLine: {'line': b'-- Up-to-date: /home/mcav/cam_dev_ws/install/pylon_ros2_camera_interfaces/include/pylon_ros2_camera_interfaces/pylon_ros2_camera_interfaces/srv/detail/get_ptp_status__struct.hpp\n'}
[0.517234] (pylon_ros2_camera_interfaces) StdoutLine: {'line': b'-- Up-to-date: /home/mcav/cam_dev_ws/install/pylon_ros2_camera_interfaces/include/pylon_ros2_camera_interfaces/pylon_ros2_camera_interfaces/srv/detail/get_float_value__type_support.hpp\n'}
[0.517295] (pylon_ros2_camera_interfaces) StdoutLine: {'line': b'-- Up-to-date: /home/mcav/cam_dev_ws/install/pylon_ros2_camera_interfaces/include/pylon_ros2_camera_interfaces/pylon_ros2_camera_interfaces/srv/detail/set_sleeping__struct.hpp\n'}
[0.517355] (pylon_ros2_camera_interfaces) StdoutLine: {'line': b'-- Up-to-date: /home/mcav/cam_dev_ws/install/pylon_ros2_camera_interfaces/include/pylon_ros2_camera_interfaces/pylon_ros2_camera_interfaces/srv/detail/get_string_value__struct.hpp\n'}
[0.517416] (pylon_ros2_camera_interfaces) StdoutLine: {'line': b'-- Up-to-date: /home/mcav/cam_dev_ws/install/pylon_ros2_camera_interfaces/include/pylon_ros2_camera_interfaces/pylon_ros2_camera_interfaces/srv/detail/set_brightness__traits.hpp\n'}
[0.517476] (pylon_ros2_camera_interfaces) StdoutLine: {'line': b'-- Up-to-date: /home/mcav/cam_dev_ws/install/pylon_ros2_camera_interfaces/include/pylon_ros2_camera_interfaces/pylon_ros2_camera_interfaces/srv/detail/set_gain__traits.hpp\n'}
[0.517582] (pylon_ros2_camera_interfaces) StdoutLine: {'line': b'-- Up-to-date: /home/mcav/cam_dev_ws/install/pylon_ros2_camera_interfaces/include/pylon_ros2_camera_interfaces/pylon_ros2_camera_interfaces/srv/detail/set_integer_value__type_support.hpp\n'}
[0.517661] (pylon_ros2_camera_interfaces) StdoutLine: {'line': b'-- Up-to-date: /home/mcav/cam_dev_ws/install/pylon_ros2_camera_interfaces/include/pylon_ros2_camera_interfaces/pylon_ros2_camera_interfaces/srv/detail/set_brightness__builder.hpp\n'}
[0.517770] (pylon_ros2_camera_interfaces) StdoutLine: {'line': b'-- Up-to-date: /home/mcav/cam_dev_ws/install/pylon_ros2_camera_interfaces/include/pylon_ros2_camera_interfaces/pylon_ros2_camera_interfaces/srv/detail/issue_scheduled_action_command__builder.hpp\n'}
[0.517859] (pylon_ros2_camera_interfaces) StdoutLine: {'line': b'-- Up-to-date: /home/mcav/cam_dev_ws/install/pylon_ros2_camera_interfaces/include/pylon_ros2_camera_interfaces/pylon_ros2_camera_interfaces/srv/detail/set_exposure__type_support.hpp\n'}
[0.517920] (pylon_ros2_camera_interfaces) StdoutLine: {'line': b'-- Up-to-date: /home/mcav/cam_dev_ws/install/pylon_ros2_camera_interfaces/include/pylon_ros2_camera_interfaces/pylon_ros2_camera_interfaces/srv/detail/set_string_value__type_support.hpp\n'}
[0.517980] (pylon_ros2_camera_interfaces) StdoutLine: {'line': b'-- Up-to-date: /home/mcav/cam_dev_ws/install/pylon_ros2_camera_interfaces/include/pylon_ros2_camera_interfaces/pylon_ros2_camera_interfaces/srv/detail/get_ptp_status__traits.hpp\n'}
[0.518040] (pylon_ros2_camera_interfaces) StdoutLine: {'line': b'-- Up-to-date: /home/mcav/cam_dev_ws/install/pylon_ros2_camera_interfaces/include/pylon_ros2_camera_interfaces/pylon_ros2_camera_interfaces/srv/detail/get_float_value__builder.hpp\n'}
[0.518100] (pylon_ros2_camera_interfaces) StdoutLine: {'line': b'-- Up-to-date: /home/mcav/cam_dev_ws/install/pylon_ros2_camera_interfaces/include/pylon_ros2_camera_interfaces/pylon_ros2_camera_interfaces/srv/detail/set_brightness__struct.hpp\n'}
[0.518161] (pylon_ros2_camera_interfaces) StdoutLine: {'line': b'-- Up-to-date: /home/mcav/cam_dev_ws/install/pylon_ros2_camera_interfaces/include/pylon_ros2_camera_interfaces/pylon_ros2_camera_interfaces/srv/detail/issue_action_command__type_support.hpp\n'}
[0.518226] (pylon_ros2_camera_interfaces) StdoutLine: {'line': b'-- Up-to-date: /home/mcav/cam_dev_ws/install/pylon_ros2_camera_interfaces/include/pylon_ros2_camera_interfaces/pylon_ros2_camera_interfaces/srv/detail/get_string_value__traits.hpp\n'}
[0.518291] (pylon_ros2_camera_interfaces) StdoutLine: {'line': b'-- Up-to-date: /home/mcav/cam_dev_ws/install/pylon_ros2_camera_interfaces/include/pylon_ros2_camera_interfaces/pylon_ros2_camera_interfaces/srv/detail/set_gain__struct.hpp\n'}
[0.518352] (pylon_ros2_camera_interfaces) StdoutLine: {'line': b'-- Up-to-date: /home/mcav/cam_dev_ws/install/pylon_ros2_camera_interfaces/include/pylon_ros2_camera_interfaces/pylon_ros2_camera_interfaces/srv/detail/set_binning__traits.hpp\n'}
[0.518457] (pylon_ros2_camera_interfaces) StdoutLine: {'line': b'-- Up-to-date: /home/mcav/cam_dev_ws/install/pylon_ros2_camera_interfaces/include/pylon_ros2_camera_interfaces/pylon_ros2_camera_interfaces/srv/detail/set_integer_value__struct.hpp\n'}
[0.518533] (pylon_ros2_camera_interfaces) StdoutLine: {'line': b'-- Up-to-date: /home/mcav/cam_dev_ws/install/pylon_ros2_camera_interfaces/include/pylon_ros2_camera_interfaces/pylon_ros2_camera_interfaces/srv/detail/set_roi__traits.hpp\n'}
[0.518606] (pylon_ros2_camera_interfaces) StdoutLine: {'line': b'-- Up-to-date: /home/mcav/cam_dev_ws/install/pylon_ros2_camera_interfaces/include/pylon_ros2_camera_interfaces/pylon_ros2_camera_interfaces/srv/detail/set_white_balance__struct.hpp\n'}
[0.518667] (pylon_ros2_camera_interfaces) StdoutLine: {'line': b'-- Up-to-date: /home/mcav/cam_dev_ws/install/pylon_ros2_camera_interfaces/include/pylon_ros2_camera_interfaces/pylon_ros2_camera_interfaces/srv/detail/get_integer_value__struct.hpp\n'}
[0.518731] (pylon_ros2_camera_interfaces) StdoutLine: {'line': b'-- Up-to-date: /home/mcav/cam_dev_ws/install/pylon_ros2_camera_interfaces/include/pylon_ros2_camera_interfaces/pylon_ros2_camera_interfaces/srv/detail/get_float_value__traits.hpp\n'}
[0.518792] (pylon_ros2_camera_interfaces) StdoutLine: {'line': b'-- Up-to-date: /home/mcav/cam_dev_ws/install/pylon_ros2_camera_interfaces/include/pylon_ros2_camera_interfaces/pylon_ros2_camera_interfaces/srv/detail/get_integer_value__builder.hpp\n'}
[0.518852] (pylon_ros2_camera_interfaces) StdoutLine: {'line': b'-- Up-to-date: /home/mcav/cam_dev_ws/install/pylon_ros2_camera_interfaces/include/pylon_ros2_camera_interfaces/pylon_ros2_camera_interfaces/srv/detail/get_float_value__struct.hpp\n'}
[0.518912] (pylon_ros2_camera_interfaces) StdoutLine: {'line': b'-- Up-to-date: /home/mcav/cam_dev_ws/install/pylon_ros2_camera_interfaces/include/pylon_ros2_camera_interfaces/pylon_ros2_camera_interfaces/srv/detail/issue_action_command__struct.hpp\n'}
[0.518972] (pylon_ros2_camera_interfaces) StdoutLine: {'line': b'-- Up-to-date: /home/mcav/cam_dev_ws/install/pylon_ros2_camera_interfaces/include/pylon_ros2_camera_interfaces/pylon_ros2_camera_interfaces/srv/detail/set_gamma__traits.hpp\n'}
[0.519031] (pylon_ros2_camera_interfaces) StdoutLine: {'line': b'-- Up-to-date: /home/mcav/cam_dev_ws/install/pylon_ros2_camera_interfaces/include/pylon_ros2_camera_interfaces/pylon_ros2_camera_interfaces/srv/detail/set_roi__struct.hpp\n'}
[0.519137] (pylon_ros2_camera_interfaces) StdoutLine: {'line': b'-- Up-to-date: /home/mcav/cam_dev_ws/install/pylon_ros2_camera_interfaces/include/pylon_ros2_camera_interfaces/pylon_ros2_camera_interfaces/srv/detail/set_brightness__type_support.hpp\n'}
[0.519210] (pylon_ros2_camera_interfaces) StdoutLine: {'line': b'-- Up-to-date: /home/mcav/cam_dev_ws/install/pylon_ros2_camera_interfaces/include/pylon_ros2_camera_interfaces/pylon_ros2_camera_interfaces/srv/detail/set_gamma__struct.hpp\n'}
[0.519270] (pylon_ros2_camera_interfaces) StdoutLine: {'line': b'-- Up-to-date: /home/mcav/cam_dev_ws/install/pylon_ros2_camera_interfaces/include/pylon_ros2_camera_interfaces/pylon_ros2_camera_interfaces/srv/detail/set_string_value__builder.hpp\n'}
[0.519334] (pylon_ros2_camera_interfaces) StdoutLine: {'line': b'-- Up-to-date: /home/mcav/cam_dev_ws/install/pylon_ros2_camera_interfaces/include/pylon_ros2_camera_interfaces/pylon_ros2_camera_interfaces/srv/detail/set_binning__builder.hpp\n'}
[0.519394] (pylon_ros2_camera_interfaces) StdoutLine: {'line': b'-- Up-to-date: /home/mcav/cam_dev_ws/install/pylon_ros2_camera_interfaces/include/pylon_ros2_camera_interfaces/pylon_ros2_camera_interfaces/srv/detail/set_string_value__traits.hpp\n'}
[0.519454] (pylon_ros2_camera_interfaces) StdoutLine: {'line': b'-- Up-to-date: /home/mcav/cam_dev_ws/install/pylon_ros2_camera_interfaces/include/pylon_ros2_camera_interfaces/pylon_ros2_camera_interfaces/srv/detail/set_roi__type_support.hpp\n'}
[0.519514] (pylon_ros2_camera_interfaces) StdoutLine: {'line': b'-- Up-to-date: /home/mcav/cam_dev_ws/install/pylon_ros2_camera_interfaces/include/pylon_ros2_camera_interfaces/pylon_ros2_camera_interfaces/srv/detail/set_gamma__type_support.hpp\n'}
[0.519574] (pylon_ros2_camera_interfaces) StdoutLine: {'line': b'-- Up-to-date: /home/mcav/cam_dev_ws/install/pylon_ros2_camera_interfaces/include/pylon_ros2_camera_interfaces/pylon_ros2_camera_interfaces/srv/detail/issue_scheduled_action_command__traits.hpp\n'}
[0.519635] (pylon_ros2_camera_interfaces) StdoutLine: {'line': b'-- Up-to-date: /home/mcav/cam_dev_ws/install/pylon_ros2_camera_interfaces/include/pylon_ros2_camera_interfaces/pylon_ros2_camera_interfaces/srv/detail/set_gain__type_support.hpp\n'}
[0.519695] (pylon_ros2_camera_interfaces) StdoutLine: {'line': b'-- Up-to-date: /home/mcav/cam_dev_ws/install/pylon_ros2_camera_interfaces/include/pylon_ros2_camera_interfaces/pylon_ros2_camera_interfaces/srv/detail/set_float_value__type_support.hpp\n'}
[0.519827] (pylon_ros2_camera_interfaces) StdoutLine: {'line': b'-- Up-to-date: /home/mcav/cam_dev_ws/install/pylon_ros2_camera_interfaces/include/pylon_ros2_camera_interfaces/pylon_ros2_camera_interfaces/srv/detail/issue_scheduled_action_command__struct.hpp\n'}
[0.519889] (pylon_ros2_camera_interfaces) StdoutLine: {'line': b'-- Up-to-date: /home/mcav/cam_dev_ws/install/pylon_ros2_camera_interfaces/include/pylon_ros2_camera_interfaces/pylon_ros2_camera_interfaces/srv/detail/set_gain__builder.hpp\n'}
[0.519949] (pylon_ros2_camera_interfaces) StdoutLine: {'line': b'-- Up-to-date: /home/mcav/cam_dev_ws/install/pylon_ros2_camera_interfaces/include/pylon_ros2_camera_interfaces/pylon_ros2_camera_interfaces/srv/detail/set_action_trigger_configuration__traits.hpp\n'}
[0.520010] (pylon_ros2_camera_interfaces) StdoutLine: {'line': b'-- Up-to-date: /home/mcav/cam_dev_ws/install/pylon_ros2_camera_interfaces/include/pylon_ros2_camera_interfaces/pylon_ros2_camera_interfaces/srv/detail/get_string_value__type_support.hpp\n'}
[0.520070] (pylon_ros2_camera_interfaces) StdoutLine: {'line': b'-- Up-to-date: /home/mcav/cam_dev_ws/install/pylon_ros2_camera_interfaces/include/pylon_ros2_camera_interfaces/pylon_ros2_camera_interfaces/srv/detail/set_float_value__traits.hpp\n'}
[0.520134] (pylon_ros2_camera_interfaces) StdoutLine: {'line': b'-- Up-to-date: /home/mcav/cam_dev_ws/install/pylon_ros2_camera_interfaces/include/pylon_ros2_camera_interfaces/pylon_ros2_camera_interfaces/srv/detail/issue_scheduled_action_command__type_support.hpp\n'}
[0.520195] (pylon_ros2_camera_interfaces) StdoutLine: {'line': b'-- Up-to-date: /home/mcav/cam_dev_ws/install/pylon_ros2_camera_interfaces/include/pylon_ros2_camera_interfaces/pylon_ros2_camera_interfaces/srv/detail/set_integer_value__traits.hpp\n'}
[0.520256] (pylon_ros2_camera_interfaces) StdoutLine: {'line': b'-- Up-to-date: /home/mcav/cam_dev_ws/install/pylon_ros2_camera_interfaces/include/pylon_ros2_camera_interfaces/pylon_ros2_camera_interfaces/srv/detail/set_sleeping__type_support.hpp\n'}
[0.520316] (pylon_ros2_camera_interfaces) StdoutLine: {'line': b'-- Up-to-date: /home/mcav/cam_dev_ws/install/pylon_ros2_camera_interfaces/include/pylon_ros2_camera_interfaces/pylon_ros2_camera_interfaces/srv/detail/set_exposure__struct.hpp\n'}
[0.520391] (pylon_ros2_camera_interfaces) StdoutLine: {'line': b'-- Up-to-date: /home/mcav/cam_dev_ws/install/pylon_ros2_camera_interfaces/include/pylon_ros2_camera_interfaces/pylon_ros2_camera_interfaces/srv/detail/set_exposure__builder.hpp\n'}
[0.520513] (pylon_ros2_camera_interfaces) StdoutLine: {'line': b'-- Up-to-date: /home/mcav/cam_dev_ws/install/pylon_ros2_camera_interfaces/include/pylon_ros2_camera_interfaces/pylon_ros2_camera_interfaces/srv/detail/set_roi__builder.hpp\n'}
[0.520573] (pylon_ros2_camera_interfaces) StdoutLine: {'line': b'-- Up-to-date: /home/mcav/cam_dev_ws/install/pylon_ros2_camera_interfaces/include/pylon_ros2_camera_interfaces/pylon_ros2_camera_interfaces/srv/detail/set_white_balance__builder.hpp\n'}
[0.520633] (pylon_ros2_camera_interfaces) StdoutLine: {'line': b'-- Up-to-date: /home/mcav/cam_dev_ws/install/pylon_ros2_camera_interfaces/include/pylon_ros2_camera_interfaces/pylon_ros2_camera_interfaces/srv/detail/get_integer_value__traits.hpp\n'}
[0.520693] (pylon_ros2_camera_interfaces) StdoutLine: {'line': b'-- Up-to-date: /home/mcav/cam_dev_ws/install/pylon_ros2_camera_interfaces/include/pylon_ros2_camera_interfaces/pylon_ros2_camera_interfaces/srv/detail/set_action_trigger_configuration__struct.hpp\n'}
[0.520754] (pylon_ros2_camera_interfaces) StdoutLine: {'line': b'-- Up-to-date: /home/mcav/cam_dev_ws/install/pylon_ros2_camera_interfaces/include/pylon_ros2_camera_interfaces/pylon_ros2_camera_interfaces/srv/detail/set_action_trigger_configuration__builder.hpp\n'}
[0.520815] (pylon_ros2_camera_interfaces) StdoutLine: {'line': b'-- Up-to-date: /home/mcav/cam_dev_ws/install/pylon_ros2_camera_interfaces/include/pylon_ros2_camera_interfaces/pylon_ros2_camera_interfaces/srv/set_action_trigger_configuration.hpp\n'}
[0.520875] (pylon_ros2_camera_interfaces) StdoutLine: {'line': b'-- Up-to-date: /home/mcav/cam_dev_ws/install/pylon_ros2_camera_interfaces/include/pylon_ros2_camera_interfaces/pylon_ros2_camera_interfaces/srv/get_ptp_status.hpp\n'}
[0.520935] (pylon_ros2_camera_interfaces) StdoutLine: {'line': b'-- Up-to-date: /home/mcav/cam_dev_ws/install/pylon_ros2_camera_interfaces/include/pylon_ros2_camera_interfaces/pylon_ros2_camera_interfaces/srv/set_string_value.hpp\n'}
[0.521149] (pylon_ros2_camera_interfaces) StdoutLine: {'line': b'-- Up-to-date: /home/mcav/cam_dev_ws/install/pylon_ros2_camera_interfaces/include/pylon_ros2_camera_interfaces/pylon_ros2_camera_interfaces/srv/get_float_value.hpp\n'}
[0.521282] (pylon_ros2_camera_interfaces) StdoutLine: {'line': b'-- Up-to-date: /home/mcav/cam_dev_ws/install/pylon_ros2_camera_interfaces/include/pylon_ros2_camera_interfaces/pylon_ros2_camera_interfaces/srv/set_binning.hpp\n'}
[0.521401] (pylon_ros2_camera_interfaces) StdoutLine: {'line': b'-- Up-to-date: /home/mcav/cam_dev_ws/install/pylon_ros2_camera_interfaces/include/pylon_ros2_camera_interfaces/pylon_ros2_camera_interfaces/srv/issue_action_command.hpp\n'}
[0.521506] (pylon_ros2_camera_interfaces) StdoutLine: {'line': b'-- Up-to-date: /home/mcav/cam_dev_ws/install/pylon_ros2_camera_interfaces/include/pylon_ros2_camera_interfaces/pylon_ros2_camera_interfaces/srv/set_gain.hpp\n'}
[0.521630] (pylon_ros2_camera_interfaces) StdoutLine: {'line': b'-- Up-to-date: /home/mcav/cam_dev_ws/install/pylon_ros2_camera_interfaces/include/pylon_ros2_camera_interfaces/pylon_ros2_camera_interfaces/srv/set_roi.hpp\n'}
[0.521813] (pylon_ros2_camera_interfaces) StdoutLine: {'line': b'-- Up-to-date: /home/mcav/cam_dev_ws/install/pylon_ros2_camera_interfaces/include/pylon_ros2_camera_interfaces/pylon_ros2_camera_interfaces/srv/set_sleeping.hpp\n'}
[0.521941] (pylon_ros2_camera_interfaces) StdoutLine: {'line': b'-- Up-to-date: /home/mcav/cam_dev_ws/install/pylon_ros2_camera_interfaces/include/pylon_ros2_camera_interfaces/pylon_ros2_camera_interfaces/srv/set_white_balance.hpp\n'}
[0.522055] (pylon_ros2_camera_interfaces) StdoutLine: {'line': b'-- Up-to-date: /home/mcav/cam_dev_ws/install/pylon_ros2_camera_interfaces/include/pylon_ros2_camera_interfaces/pylon_ros2_camera_interfaces\n'}
[0.522165] (pylon_ros2_camera_interfaces) StdoutLine: {'line': b'-- Up-to-date: /home/mcav/cam_dev_ws/install/pylon_ros2_camera_interfaces/include/pylon_ros2_camera_interfaces/pylon_ros2_camera_interfaces/msg\n'}
[0.522239] (pylon_ros2_camera_interfaces) StdoutLine: {'line': b'-- Up-to-date: /home/mcav/cam_dev_ws/install/pylon_ros2_camera_interfaces/include/pylon_ros2_camera_interfaces/pylon_ros2_camera_interfaces/msg/detail\n'}
[0.522305] (pylon_ros2_camera_interfaces) StdoutLine: {'line': b'-- Up-to-date: /home/mcav/cam_dev_ws/install/pylon_ros2_camera_interfaces/include/pylon_ros2_camera_interfaces/pylon_ros2_camera_interfaces/msg/detail/component_status__rosidl_typesupport_fastrtps_cpp.hpp\n'}
[0.522383] (pylon_ros2_camera_interfaces) StdoutLine: {'line': b'-- Up-to-date: /home/mcav/cam_dev_ws/install/pylon_ros2_camera_interfaces/include/pylon_ros2_camera_interfaces/pylon_ros2_camera_interfaces/msg/detail/dds_fastrtps\n'}
[0.522488] (pylon_ros2_camera_interfaces) StdoutLine: {'line': b'-- Up-to-date: /home/mcav/cam_dev_ws/install/pylon_ros2_camera_interfaces/include/pylon_ros2_camera_interfaces/pylon_ros2_camera_interfaces/msg/detail/current_params__rosidl_typesupport_fastrtps_cpp.hpp\n'}
[0.522563] (pylon_ros2_camera_interfaces) StdoutLine: {'line': b'-- Up-to-date: /home/mcav/cam_dev_ws/install/pylon_ros2_camera_interfaces/include/pylon_ros2_camera_interfaces/pylon_ros2_camera_interfaces/msg/rosidl_typesupport_fastrtps_cpp__visibility_control.h\n'}
[0.522624] (pylon_ros2_camera_interfaces) StdoutLine: {'line': b'-- Up-to-date: /home/mcav/cam_dev_ws/install/pylon_ros2_camera_interfaces/include/pylon_ros2_camera_interfaces/pylon_ros2_camera_interfaces/action\n'}
[0.522684] (pylon_ros2_camera_interfaces) StdoutLine: {'line': b'-- Up-to-date: /home/mcav/cam_dev_ws/install/pylon_ros2_camera_interfaces/include/pylon_ros2_camera_interfaces/pylon_ros2_camera_interfaces/action/detail\n'}
[0.522744] (pylon_ros2_camera_interfaces) StdoutLine: {'line': b'-- Up-to-date: /home/mcav/cam_dev_ws/install/pylon_ros2_camera_interfaces/include/pylon_ros2_camera_interfaces/pylon_ros2_camera_interfaces/action/detail/grab_images__rosidl_typesupport_fastrtps_cpp.hpp\n'}
[0.522804] (pylon_ros2_camera_interfaces) StdoutLine: {'line': b'-- Up-to-date: /home/mcav/cam_dev_ws/install/pylon_ros2_camera_interfaces/include/pylon_ros2_camera_interfaces/pylon_ros2_camera_interfaces/action/detail/grab_blaze_data__rosidl_typesupport_fastrtps_cpp.hpp\n'}
[0.522866] (pylon_ros2_camera_interfaces) StdoutLine: {'line': b'-- Up-to-date: /home/mcav/cam_dev_ws/install/pylon_ros2_camera_interfaces/include/pylon_ros2_camera_interfaces/pylon_ros2_camera_interfaces/action/detail/dds_fastrtps\n'}
[0.522926] (pylon_ros2_camera_interfaces) StdoutLine: {'line': b'-- Up-to-date: /home/mcav/cam_dev_ws/install/pylon_ros2_camera_interfaces/include/pylon_ros2_camera_interfaces/pylon_ros2_camera_interfaces/srv\n'}
[0.522987] (pylon_ros2_camera_interfaces) StdoutLine: {'line': b'-- Up-to-date: /home/mcav/cam_dev_ws/install/pylon_ros2_camera_interfaces/include/pylon_ros2_camera_interfaces/pylon_ros2_camera_interfaces/srv/detail\n'}
[0.523063] (pylon_ros2_camera_interfaces) StdoutLine: {'line': b'-- Up-to-date: /home/mcav/cam_dev_ws/install/pylon_ros2_camera_interfaces/include/pylon_ros2_camera_interfaces/pylon_ros2_camera_interfaces/srv/detail/get_integer_value__rosidl_typesupport_fastrtps_cpp.hpp\n'}
[0.523166] (pylon_ros2_camera_interfaces) StdoutLine: {'line': b'-- Up-to-date: /home/mcav/cam_dev_ws/install/pylon_ros2_camera_interfaces/include/pylon_ros2_camera_interfaces/pylon_ros2_camera_interfaces/srv/detail/set_gamma__rosidl_typesupport_fastrtps_cpp.hpp\n'}
[0.523227] (pylon_ros2_camera_interfaces) StdoutLine: {'line': b'-- Up-to-date: /home/mcav/cam_dev_ws/install/pylon_ros2_camera_interfaces/include/pylon_ros2_camera_interfaces/pylon_ros2_camera_interfaces/srv/detail/set_brightness__rosidl_typesupport_fastrtps_cpp.hpp\n'}
[0.523289] (pylon_ros2_camera_interfaces) StdoutLine: {'line': b'-- Up-to-date: /home/mcav/cam_dev_ws/install/pylon_ros2_camera_interfaces/include/pylon_ros2_camera_interfaces/pylon_ros2_camera_interfaces/srv/detail/issue_action_command__rosidl_typesupport_fastrtps_cpp.hpp\n'}
[0.523354] (pylon_ros2_camera_interfaces) StdoutLine: {'line': b'-- Up-to-date: /home/mcav/cam_dev_ws/install/pylon_ros2_camera_interfaces/include/pylon_ros2_camera_interfaces/pylon_ros2_camera_interfaces/srv/detail/get_string_value__rosidl_typesupport_fastrtps_cpp.hpp\n'}
[0.523414] (pylon_ros2_camera_interfaces) StdoutLine: {'line': b'-- Up-to-date: /home/mcav/cam_dev_ws/install/pylon_ros2_camera_interfaces/include/pylon_ros2_camera_interfaces/pylon_ros2_camera_interfaces/srv/detail/set_float_value__rosidl_typesupport_fastrtps_cpp.hpp\n'}
[0.523475] (pylon_ros2_camera_interfaces) StdoutLine: {'line': b'-- Up-to-date: /home/mcav/cam_dev_ws/install/pylon_ros2_camera_interfaces/include/pylon_ros2_camera_interfaces/pylon_ros2_camera_interfaces/srv/detail/get_float_value__rosidl_typesupport_fastrtps_cpp.hpp\n'}
[0.523542] (pylon_ros2_camera_interfaces) StdoutLine: {'line': b'-- Up-to-date: /home/mcav/cam_dev_ws/install/pylon_ros2_camera_interfaces/include/pylon_ros2_camera_interfaces/pylon_ros2_camera_interfaces/srv/detail/set_integer_value__rosidl_typesupport_fastrtps_cpp.hpp\n'}
[0.523603] (pylon_ros2_camera_interfaces) StdoutLine: {'line': b'-- Up-to-date: /home/mcav/cam_dev_ws/install/pylon_ros2_camera_interfaces/include/pylon_ros2_camera_interfaces/pylon_ros2_camera_interfaces/srv/detail/dds_fastrtps\n'}
[0.523664] (pylon_ros2_camera_interfaces) StdoutLine: {'line': b'-- Up-to-date: /home/mcav/cam_dev_ws/install/pylon_ros2_camera_interfaces/include/pylon_ros2_camera_interfaces/pylon_ros2_camera_interfaces/srv/detail/set_string_value__rosidl_typesupport_fastrtps_cpp.hpp\n'}
[0.523772] (pylon_ros2_camera_interfaces) StdoutLine: {'line': b'-- Up-to-date: /home/mcav/cam_dev_ws/install/pylon_ros2_camera_interfaces/include/pylon_ros2_camera_interfaces/pylon_ros2_camera_interfaces/srv/detail/issue_scheduled_action_command__rosidl_typesupport_fastrtps_cpp.hpp\n'}
[0.523847] (pylon_ros2_camera_interfaces) StdoutLine: {'line': b'-- Up-to-date: /home/mcav/cam_dev_ws/install/pylon_ros2_camera_interfaces/include/pylon_ros2_camera_interfaces/pylon_ros2_camera_interfaces/srv/detail/get_ptp_status__rosidl_typesupport_fastrtps_cpp.hpp\n'}
[0.523908] (pylon_ros2_camera_interfaces) StdoutLine: {'line': b'-- Up-to-date: /home/mcav/cam_dev_ws/install/pylon_ros2_camera_interfaces/include/pylon_ros2_camera_interfaces/pylon_ros2_camera_interfaces/srv/detail/set_white_balance__rosidl_typesupport_fastrtps_cpp.hpp\n'}
[0.523969] (pylon_ros2_camera_interfaces) StdoutLine: {'line': b'-- Up-to-date: /home/mcav/cam_dev_ws/install/pylon_ros2_camera_interfaces/include/pylon_ros2_camera_interfaces/pylon_ros2_camera_interfaces/srv/detail/set_sleeping__rosidl_typesupport_fastrtps_cpp.hpp\n'}
[0.524030] (pylon_ros2_camera_interfaces) StdoutLine: {'line': b'-- Up-to-date: /home/mcav/cam_dev_ws/install/pylon_ros2_camera_interfaces/include/pylon_ros2_camera_interfaces/pylon_ros2_camera_interfaces/srv/detail/set_binning__rosidl_typesupport_fastrtps_cpp.hpp\n'}
[0.524091] (pylon_ros2_camera_interfaces) StdoutLine: {'line': b'-- Up-to-date: /home/mcav/cam_dev_ws/install/pylon_ros2_camera_interfaces/include/pylon_ros2_camera_interfaces/pylon_ros2_camera_interfaces/srv/detail/set_roi__rosidl_typesupport_fastrtps_cpp.hpp\n'}
[0.524151] (pylon_ros2_camera_interfaces) StdoutLine: {'line': b'-- Up-to-date: /home/mcav/cam_dev_ws/install/pylon_ros2_camera_interfaces/include/pylon_ros2_camera_interfaces/pylon_ros2_camera_interfaces/srv/detail/set_exposure__rosidl_typesupport_fastrtps_cpp.hpp\n'}
[0.524211] (pylon_ros2_camera_interfaces) StdoutLine: {'line': b'-- Up-to-date: /home/mcav/cam_dev_ws/install/pylon_ros2_camera_interfaces/include/pylon_ros2_camera_interfaces/pylon_ros2_camera_interfaces/srv/detail/set_gain__rosidl_typesupport_fastrtps_cpp.hpp\n'}
[0.524272] (pylon_ros2_camera_interfaces) StdoutLine: {'line': b'-- Up-to-date: /home/mcav/cam_dev_ws/install/pylon_ros2_camera_interfaces/include/pylon_ros2_camera_interfaces/pylon_ros2_camera_interfaces/srv/detail/set_action_trigger_configuration__rosidl_typesupport_fastrtps_cpp.hpp\n'}
[0.524336] (pylon_ros2_camera_interfaces) StdoutLine: {'line': b'-- Up-to-date: /home/mcav/cam_dev_ws/install/pylon_ros2_camera_interfaces/lib/libpylon_ros2_camera_interfaces__rosidl_typesupport_fastrtps_cpp.so\n'}
[0.524441] (pylon_ros2_camera_interfaces) StdoutLine: {'line': b'-- Up-to-date: /home/mcav/cam_dev_ws/install/pylon_ros2_camera_interfaces/include/pylon_ros2_camera_interfaces/pylon_ros2_camera_interfaces\n'}
[0.524528] (pylon_ros2_camera_interfaces) StdoutLine: {'line': b'-- Up-to-date: /home/mcav/cam_dev_ws/install/pylon_ros2_camera_interfaces/include/pylon_ros2_camera_interfaces/pylon_ros2_camera_interfaces/msg\n'}
[0.524588] (pylon_ros2_camera_interfaces) StdoutLine: {'line': b'-- Up-to-date: /home/mcav/cam_dev_ws/install/pylon_ros2_camera_interfaces/include/pylon_ros2_camera_interfaces/pylon_ros2_camera_interfaces/msg/rosidl_typesupport_introspection_c__visibility_control.h\n'}
[0.524648] (pylon_ros2_camera_interfaces) StdoutLine: {'line': b'-- Up-to-date: /home/mcav/cam_dev_ws/install/pylon_ros2_camera_interfaces/include/pylon_ros2_camera_interfaces/pylon_ros2_camera_interfaces/msg/detail\n'}
[0.524708] (pylon_ros2_camera_interfaces) StdoutLine: {'line': b'-- Up-to-date: /home/mcav/cam_dev_ws/install/pylon_ros2_camera_interfaces/include/pylon_ros2_camera_interfaces/pylon_ros2_camera_interfaces/msg/detail/current_params__rosidl_typesupport_introspection_c.h\n'}
[0.524768] (pylon_ros2_camera_interfaces) StdoutLine: {'line': b'-- Up-to-date: /home/mcav/cam_dev_ws/install/pylon_ros2_camera_interfaces/include/pylon_ros2_camera_interfaces/pylon_ros2_camera_interfaces/msg/detail/component_status__type_support.c\n'}
[0.524829] (pylon_ros2_camera_interfaces) StdoutLine: {'line': b'-- Up-to-date: /home/mcav/cam_dev_ws/install/pylon_ros2_camera_interfaces/include/pylon_ros2_camera_interfaces/pylon_ros2_camera_interfaces/msg/detail/current_params__type_support.c\n'}
[0.524889] (pylon_ros2_camera_interfaces) StdoutLine: {'line': b'-- Up-to-date: /home/mcav/cam_dev_ws/install/pylon_ros2_camera_interfaces/include/pylon_ros2_camera_interfaces/pylon_ros2_camera_interfaces/msg/detail/component_status__rosidl_typesupport_introspection_c.h\n'}
[0.524956] (pylon_ros2_camera_interfaces) StdoutLine: {'line': b'-- Up-to-date: /home/mcav/cam_dev_ws/install/pylon_ros2_camera_interfaces/include/pylon_ros2_camera_interfaces/pylon_ros2_camera_interfaces/action\n'}
[0.525111] (pylon_ros2_camera_interfaces) StdoutLine: {'line': b'-- Up-to-date: /home/mcav/cam_dev_ws/install/pylon_ros2_camera_interfaces/include/pylon_ros2_camera_interfaces/pylon_ros2_camera_interfaces/action/detail\n'}
[0.525174] (pylon_ros2_camera_interfaces) StdoutLine: {'line': b'-- Up-to-date: /home/mcav/cam_dev_ws/install/pylon_ros2_camera_interfaces/include/pylon_ros2_camera_interfaces/pylon_ros2_camera_interfaces/action/detail/grab_blaze_data__rosidl_typesupport_introspection_c.h\n'}
[0.525252] (pylon_ros2_camera_interfaces) StdoutLine: {'line': b'-- Up-to-date: /home/mcav/cam_dev_ws/install/pylon_ros2_camera_interfaces/include/pylon_ros2_camera_interfaces/pylon_ros2_camera_interfaces/action/detail/grab_blaze_data__type_support.c\n'}
[0.525313] (pylon_ros2_camera_interfaces) StdoutLine: {'line': b'-- Up-to-date: /home/mcav/cam_dev_ws/install/pylon_ros2_camera_interfaces/include/pylon_ros2_camera_interfaces/pylon_ros2_camera_interfaces/action/detail/grab_images__rosidl_typesupport_introspection_c.h\n'}
[0.525374] (pylon_ros2_camera_interfaces) StdoutLine: {'line': b'-- Up-to-date: /home/mcav/cam_dev_ws/install/pylon_ros2_camera_interfaces/include/pylon_ros2_camera_interfaces/pylon_ros2_camera_interfaces/action/detail/grab_images__type_support.c\n'}
[0.525449] (pylon_ros2_camera_interfaces) StdoutLine: {'line': b'-- Up-to-date: /home/mcav/cam_dev_ws/install/pylon_ros2_camera_interfaces/include/pylon_ros2_camera_interfaces/pylon_ros2_camera_interfaces/srv\n'}
[0.525524] (pylon_ros2_camera_interfaces) StdoutLine: {'line': b'-- Up-to-date: /home/mcav/cam_dev_ws/install/pylon_ros2_camera_interfaces/include/pylon_ros2_camera_interfaces/pylon_ros2_camera_interfaces/srv/detail\n'}
[0.525589] (pylon_ros2_camera_interfaces) StdoutLine: {'line': b'-- Up-to-date: /home/mcav/cam_dev_ws/install/pylon_ros2_camera_interfaces/include/pylon_ros2_camera_interfaces/pylon_ros2_camera_interfaces/srv/detail/set_binning__rosidl_typesupport_introspection_c.h\n'}
[0.525651] (pylon_ros2_camera_interfaces) StdoutLine: {'line': b'-- Up-to-date: /home/mcav/cam_dev_ws/install/pylon_ros2_camera_interfaces/include/pylon_ros2_camera_interfaces/pylon_ros2_camera_interfaces/srv/detail/set_exposure__rosidl_typesupport_introspection_c.h\n'}
[0.525770] (pylon_ros2_camera_interfaces) StdoutLine: {'line': b'-- Up-to-date: /home/mcav/cam_dev_ws/install/pylon_ros2_camera_interfaces/include/pylon_ros2_camera_interfaces/pylon_ros2_camera_interfaces/srv/detail/issue_action_command__rosidl_typesupport_introspection_c.h\n'}
[0.525859] (pylon_ros2_camera_interfaces) StdoutLine: {'line': b'-- Up-to-date: /home/mcav/cam_dev_ws/install/pylon_ros2_camera_interfaces/include/pylon_ros2_camera_interfaces/pylon_ros2_camera_interfaces/srv/detail/set_gain__type_support.c\n'}
[0.525919] (pylon_ros2_camera_interfaces) StdoutLine: {'line': b'-- Up-to-date: /home/mcav/cam_dev_ws/install/pylon_ros2_camera_interfaces/include/pylon_ros2_camera_interfaces/pylon_ros2_camera_interfaces/srv/detail/set_float_value__type_support.c\n'}
[0.525979] (pylon_ros2_camera_interfaces) StdoutLine: {'line': b'-- Up-to-date: /home/mcav/cam_dev_ws/install/pylon_ros2_camera_interfaces/include/pylon_ros2_camera_interfaces/pylon_ros2_camera_interfaces/srv/detail/set_float_value__rosidl_typesupport_introspection_c.h\n'}
[0.526039] (pylon_ros2_camera_interfaces) StdoutLine: {'line': b'-- Up-to-date: /home/mcav/cam_dev_ws/install/pylon_ros2_camera_interfaces/include/pylon_ros2_camera_interfaces/pylon_ros2_camera_interfaces/srv/detail/issue_action_command__type_support.c\n'}
[0.526100] (pylon_ros2_camera_interfaces) StdoutLine: {'line': b'-- Up-to-date: /home/mcav/cam_dev_ws/install/pylon_ros2_camera_interfaces/include/pylon_ros2_camera_interfaces/pylon_ros2_camera_interfaces/srv/detail/get_string_value__type_support.c\n'}
[0.526160] (pylon_ros2_camera_interfaces) StdoutLine: {'line': b'-- Up-to-date: /home/mcav/cam_dev_ws/install/pylon_ros2_camera_interfaces/include/pylon_ros2_camera_interfaces/pylon_ros2_camera_interfaces/srv/detail/get_float_value__type_support.c\n'}
[0.526220] (pylon_ros2_camera_interfaces) StdoutLine: {'line': b'-- Up-to-date: /home/mcav/cam_dev_ws/install/pylon_ros2_camera_interfaces/include/pylon_ros2_camera_interfaces/pylon_ros2_camera_interfaces/srv/detail/set_gamma__type_support.c\n'}
[0.526280] (pylon_ros2_camera_interfaces) StdoutLine: {'line': b'-- Up-to-date: /home/mcav/cam_dev_ws/install/pylon_ros2_camera_interfaces/include/pylon_ros2_camera_interfaces/pylon_ros2_camera_interfaces/srv/detail/get_integer_value__rosidl_typesupport_introspection_c.h\n'}
[0.526340] (pylon_ros2_camera_interfaces) StdoutLine: {'line': b'-- Up-to-date: /home/mcav/cam_dev_ws/install/pylon_ros2_camera_interfaces/include/pylon_ros2_camera_interfaces/pylon_ros2_camera_interfaces/srv/detail/get_ptp_status__type_support.c\n'}
[0.526459] (pylon_ros2_camera_interfaces) StdoutLine: {'line': b'-- Up-to-date: /home/mcav/cam_dev_ws/install/pylon_ros2_camera_interfaces/include/pylon_ros2_camera_interfaces/pylon_ros2_camera_interfaces/srv/detail/set_string_value__type_support.c\n'}
[0.526534] (pylon_ros2_camera_interfaces) StdoutLine: {'line': b'-- Up-to-date: /home/mcav/cam_dev_ws/install/pylon_ros2_camera_interfaces/include/pylon_ros2_camera_interfaces/pylon_ros2_camera_interfaces/srv/detail/set_action_trigger_configuration__type_support.c\n'}
[0.526594] (pylon_ros2_camera_interfaces) StdoutLine: {'line': b'-- Up-to-date: /home/mcav/cam_dev_ws/install/pylon_ros2_camera_interfaces/include/pylon_ros2_camera_interfaces/pylon_ros2_camera_interfaces/srv/detail/issue_scheduled_action_command__type_support.c\n'}
[0.526662] (pylon_ros2_camera_interfaces) StdoutLine: {'line': b'-- Up-to-date: /home/mcav/cam_dev_ws/install/pylon_ros2_camera_interfaces/include/pylon_ros2_camera_interfaces/pylon_ros2_camera_interfaces/srv/detail/set_sleeping__rosidl_typesupport_introspection_c.h\n'}
[0.526729] (pylon_ros2_camera_interfaces) StdoutLine: {'line': b'-- Up-to-date: /home/mcav/cam_dev_ws/install/pylon_ros2_camera_interfaces/include/pylon_ros2_camera_interfaces/pylon_ros2_camera_interfaces/srv/detail/get_string_value__rosidl_typesupport_introspection_c.h\n'}
[0.526791] (pylon_ros2_camera_interfaces) StdoutLine: {'line': b'-- Up-to-date: /home/mcav/cam_dev_ws/install/pylon_ros2_camera_interfaces/include/pylon_ros2_camera_interfaces/pylon_ros2_camera_interfaces/srv/detail/set_brightness__rosidl_typesupport_introspection_c.h\n'}
[0.526851] (pylon_ros2_camera_interfaces) StdoutLine: {'line': b'-- Up-to-date: /home/mcav/cam_dev_ws/install/pylon_ros2_camera_interfaces/include/pylon_ros2_camera_interfaces/pylon_ros2_camera_interfaces/srv/detail/get_ptp_status__rosidl_typesupport_introspection_c.h\n'}
[0.526912] (pylon_ros2_camera_interfaces) StdoutLine: {'line': b'-- Up-to-date: /home/mcav/cam_dev_ws/install/pylon_ros2_camera_interfaces/include/pylon_ros2_camera_interfaces/pylon_ros2_camera_interfaces/srv/detail/get_integer_value__type_support.c\n'}
[0.526971] (pylon_ros2_camera_interfaces) StdoutLine: {'line': b'-- Up-to-date: /home/mcav/cam_dev_ws/install/pylon_ros2_camera_interfaces/include/pylon_ros2_camera_interfaces/pylon_ros2_camera_interfaces/srv/detail/issue_scheduled_action_command__rosidl_typesupport_introspection_c.h\n'}
[0.527064] (pylon_ros2_camera_interfaces) StdoutLine: {'line': b'-- Up-to-date: /home/mcav/cam_dev_ws/install/pylon_ros2_camera_interfaces/include/pylon_ros2_camera_interfaces/pylon_ros2_camera_interfaces/srv/detail/set_roi__type_support.c\n'}
[0.527166] (pylon_ros2_camera_interfaces) StdoutLine: {'line': b'-- Up-to-date: /home/mcav/cam_dev_ws/install/pylon_ros2_camera_interfaces/include/pylon_ros2_camera_interfaces/pylon_ros2_camera_interfaces/srv/detail/set_exposure__type_support.c\n'}
[0.527226] (pylon_ros2_camera_interfaces) StdoutLine: {'line': b'-- Up-to-date: /home/mcav/cam_dev_ws/install/pylon_ros2_camera_interfaces/include/pylon_ros2_camera_interfaces/pylon_ros2_camera_interfaces/srv/detail/set_sleeping__type_support.c\n'}
[0.527286] (pylon_ros2_camera_interfaces) StdoutLine: {'line': b'-- Up-to-date: /home/mcav/cam_dev_ws/install/pylon_ros2_camera_interfaces/include/pylon_ros2_camera_interfaces/pylon_ros2_camera_interfaces/srv/detail/set_gamma__rosidl_typesupport_introspection_c.h\n'}
[0.527346] (pylon_ros2_camera_interfaces) StdoutLine: {'line': b'-- Up-to-date: /home/mcav/cam_dev_ws/install/pylon_ros2_camera_interfaces/include/pylon_ros2_camera_interfaces/pylon_ros2_camera_interfaces/srv/detail/set_binning__type_support.c\n'}
[0.527406] (pylon_ros2_camera_interfaces) StdoutLine: {'line': b'-- Up-to-date: /home/mcav/cam_dev_ws/install/pylon_ros2_camera_interfaces/include/pylon_ros2_camera_interfaces/pylon_ros2_camera_interfaces/srv/detail/set_gain__rosidl_typesupport_introspection_c.h\n'}
[0.527465] (pylon_ros2_camera_interfaces) StdoutLine: {'line': b'-- Up-to-date: /home/mcav/cam_dev_ws/install/pylon_ros2_camera_interfaces/include/pylon_ros2_camera_interfaces/pylon_ros2_camera_interfaces/srv/detail/set_integer_value__type_support.c\n'}
[0.527525] (pylon_ros2_camera_interfaces) StdoutLine: {'line': b'-- Up-to-date: /home/mcav/cam_dev_ws/install/pylon_ros2_camera_interfaces/include/pylon_ros2_camera_interfaces/pylon_ros2_camera_interfaces/srv/detail/set_roi__rosidl_typesupport_introspection_c.h\n'}
[0.527585] (pylon_ros2_camera_interfaces) StdoutLine: {'line': b'-- Up-to-date: /home/mcav/cam_dev_ws/install/pylon_ros2_camera_interfaces/include/pylon_ros2_camera_interfaces/pylon_ros2_camera_interfaces/srv/detail/set_brightness__type_support.c\n'}
[0.527643] (pylon_ros2_camera_interfaces) StdoutLine: {'line': b'-- Up-to-date: /home/mcav/cam_dev_ws/install/pylon_ros2_camera_interfaces/include/pylon_ros2_camera_interfaces/pylon_ros2_camera_interfaces/srv/detail/set_integer_value__rosidl_typesupport_introspection_c.h\n'}
[0.527747] (pylon_ros2_camera_interfaces) StdoutLine: {'line': b'-- Up-to-date: /home/mcav/cam_dev_ws/install/pylon_ros2_camera_interfaces/include/pylon_ros2_camera_interfaces/pylon_ros2_camera_interfaces/srv/detail/set_string_value__rosidl_typesupport_introspection_c.h\n'}
[0.527840] (pylon_ros2_camera_interfaces) StdoutLine: {'line': b'-- Up-to-date: /home/mcav/cam_dev_ws/install/pylon_ros2_camera_interfaces/include/pylon_ros2_camera_interfaces/pylon_ros2_camera_interfaces/srv/detail/set_white_balance__rosidl_typesupport_introspection_c.h\n'}
[0.527906] (pylon_ros2_camera_interfaces) StdoutLine: {'line': b'-- Up-to-date: /home/mcav/cam_dev_ws/install/pylon_ros2_camera_interfaces/include/pylon_ros2_camera_interfaces/pylon_ros2_camera_interfaces/srv/detail/set_white_balance__type_support.c\n'}
[0.528026] (pylon_ros2_camera_interfaces) StdoutLine: {'line': b'-- Up-to-date: /home/mcav/cam_dev_ws/install/pylon_ros2_camera_interfaces/include/pylon_ros2_camera_interfaces/pylon_ros2_camera_interfaces/srv/detail/set_action_trigger_configuration__rosidl_typesupport_introspection_c.h\n'}
[0.528135] (pylon_ros2_camera_interfaces) StdoutLine: {'line': b'-- Up-to-date: /home/mcav/cam_dev_ws/install/pylon_ros2_camera_interfaces/include/pylon_ros2_camera_interfaces/pylon_ros2_camera_interfaces/srv/detail/get_float_value__rosidl_typesupport_introspection_c.h\n'}
[0.528256] (pylon_ros2_camera_interfaces) StdoutLine: {'line': b'-- Up-to-date: /home/mcav/cam_dev_ws/install/pylon_ros2_camera_interfaces/lib/libpylon_ros2_camera_interfaces__rosidl_typesupport_introspection_c.so\n'}
[0.528405] (pylon_ros2_camera_interfaces) StdoutLine: {'line': b'-- Up-to-date: /home/mcav/cam_dev_ws/install/pylon_ros2_camera_interfaces/lib/libpylon_ros2_camera_interfaces__rosidl_typesupport_c.so\n'}
[0.528534] (pylon_ros2_camera_interfaces) StdoutLine: {'line': b'-- Up-to-date: /home/mcav/cam_dev_ws/install/pylon_ros2_camera_interfaces/include/pylon_ros2_camera_interfaces/pylon_ros2_camera_interfaces\n'}
[0.528673] (pylon_ros2_camera_interfaces) StdoutLine: {'line': b'-- Up-to-date: /home/mcav/cam_dev_ws/install/pylon_ros2_camera_interfaces/include/pylon_ros2_camera_interfaces/pylon_ros2_camera_interfaces/msg\n'}
[0.528798] (pylon_ros2_camera_interfaces) StdoutLine: {'line': b'-- Up-to-date: /home/mcav/cam_dev_ws/install/pylon_ros2_camera_interfaces/include/pylon_ros2_camera_interfaces/pylon_ros2_camera_interfaces/msg/detail\n'}
[0.528923] (pylon_ros2_camera_interfaces) StdoutLine: {'line': b'-- Up-to-date: /home/mcav/cam_dev_ws/install/pylon_ros2_camera_interfaces/include/pylon_ros2_camera_interfaces/pylon_ros2_camera_interfaces/msg/detail/component_status__rosidl_typesupport_introspection_cpp.hpp\n'}
[0.529056] (pylon_ros2_camera_interfaces) StdoutLine: {'line': b'-- Up-to-date: /home/mcav/cam_dev_ws/install/pylon_ros2_camera_interfaces/include/pylon_ros2_camera_interfaces/pylon_ros2_camera_interfaces/msg/detail/current_params__rosidl_typesupport_introspection_cpp.hpp\n'}
[0.529124] (pylon_ros2_camera_interfaces) StdoutLine: {'line': b'-- Up-to-date: /home/mcav/cam_dev_ws/install/pylon_ros2_camera_interfaces/include/pylon_ros2_camera_interfaces/pylon_ros2_camera_interfaces/msg/detail/component_status__type_support.cpp\n'}
[0.529188] (pylon_ros2_camera_interfaces) StdoutLine: {'line': b'-- Up-to-date: /home/mcav/cam_dev_ws/install/pylon_ros2_camera_interfaces/include/pylon_ros2_camera_interfaces/pylon_ros2_camera_interfaces/msg/detail/current_params__type_support.cpp\n'}
[0.529251] (pylon_ros2_camera_interfaces) StdoutLine: {'line': b'-- Up-to-date: /home/mcav/cam_dev_ws/install/pylon_ros2_camera_interfaces/include/pylon_ros2_camera_interfaces/pylon_ros2_camera_interfaces/action\n'}
[0.529333] (pylon_ros2_camera_interfaces) StdoutLine: {'line': b'-- Up-to-date: /home/mcav/cam_dev_ws/install/pylon_ros2_camera_interfaces/include/pylon_ros2_camera_interfaces/pylon_ros2_camera_interfaces/action/detail\n'}
[0.529413] (pylon_ros2_camera_interfaces) StdoutLine: {'line': b'-- Up-to-date: /home/mcav/cam_dev_ws/install/pylon_ros2_camera_interfaces/include/pylon_ros2_camera_interfaces/pylon_ros2_camera_interfaces/action/detail/grab_blaze_data__type_support.cpp\n'}
[0.529543] (pylon_ros2_camera_interfaces) StdoutLine: {'line': b'-- Up-to-date: /home/mcav/cam_dev_ws/install/pylon_ros2_camera_interfaces/include/pylon_ros2_camera_interfaces/pylon_ros2_camera_interfaces/action/detail/grab_blaze_data__rosidl_typesupport_introspection_cpp.hpp\n'}
[0.529613] (pylon_ros2_camera_interfaces) StdoutLine: {'line': b'-- Up-to-date: /home/mcav/cam_dev_ws/install/pylon_ros2_camera_interfaces/include/pylon_ros2_camera_interfaces/pylon_ros2_camera_interfaces/action/detail/grab_images__type_support.cpp\n'}
[0.529693] (pylon_ros2_camera_interfaces) StdoutLine: {'line': b'-- Up-to-date: /home/mcav/cam_dev_ws/install/pylon_ros2_camera_interfaces/include/pylon_ros2_camera_interfaces/pylon_ros2_camera_interfaces/action/detail/grab_images__rosidl_typesupport_introspection_cpp.hpp\n'}
[0.529771] (pylon_ros2_camera_interfaces) StdoutLine: {'line': b'-- Up-to-date: /home/mcav/cam_dev_ws/install/pylon_ros2_camera_interfaces/include/pylon_ros2_camera_interfaces/pylon_ros2_camera_interfaces/srv\n'}
[0.529837] (pylon_ros2_camera_interfaces) StdoutLine: {'line': b'-- Up-to-date: /home/mcav/cam_dev_ws/install/pylon_ros2_camera_interfaces/include/pylon_ros2_camera_interfaces/pylon_ros2_camera_interfaces/srv/detail\n'}
[0.529949] (pylon_ros2_camera_interfaces) StdoutLine: {'line': b'-- Up-to-date: /home/mcav/cam_dev_ws/install/pylon_ros2_camera_interfaces/include/pylon_ros2_camera_interfaces/pylon_ros2_camera_interfaces/srv/detail/set_integer_value__type_support.cpp\n'}
[0.530017] (pylon_ros2_camera_interfaces) StdoutLine: {'line': b'-- Up-to-date: /home/mcav/cam_dev_ws/install/pylon_ros2_camera_interfaces/include/pylon_ros2_camera_interfaces/pylon_ros2_camera_interfaces/srv/detail/get_integer_value__rosidl_typesupport_introspection_cpp.hpp\n'}
[0.530083] (pylon_ros2_camera_interfaces) StdoutLine: {'line': b'-- Up-to-date: /home/mcav/cam_dev_ws/install/pylon_ros2_camera_interfaces/include/pylon_ros2_camera_interfaces/pylon_ros2_camera_interfaces/srv/detail/set_float_value__type_support.cpp\n'}
[0.530147] (pylon_ros2_camera_interfaces) StdoutLine: {'line': b'-- Up-to-date: /home/mcav/cam_dev_ws/install/pylon_ros2_camera_interfaces/include/pylon_ros2_camera_interfaces/pylon_ros2_camera_interfaces/srv/detail/set_string_value__rosidl_typesupport_introspection_cpp.hpp\n'}
[0.530211] (pylon_ros2_camera_interfaces) StdoutLine: {'line': b'-- Up-to-date: /home/mcav/cam_dev_ws/install/pylon_ros2_camera_interfaces/include/pylon_ros2_camera_interfaces/pylon_ros2_camera_interfaces/srv/detail/set_sleeping__type_support.cpp\n'}
[0.530279] (pylon_ros2_camera_interfaces) StdoutLine: {'line': b'-- Up-to-date: /home/mcav/cam_dev_ws/install/pylon_ros2_camera_interfaces/include/pylon_ros2_camera_interfaces/pylon_ros2_camera_interfaces/srv/detail/issue_action_command__rosidl_typesupport_introspection_cpp.hpp\n'}
[0.530448] (pylon_ros2_camera_interfaces) StdoutLine: {'line': b'-- Up-to-date: /home/mcav/cam_dev_ws/install/pylon_ros2_camera_interfaces/include/pylon_ros2_camera_interfaces/pylon_ros2_camera_interfaces/srv/detail/issue_scheduled_action_command__rosidl_typesupport_introspection_cpp.hpp\n'}
[0.530582] (pylon_ros2_camera_interfaces) StdoutLine: {'line': b'-- Up-to-date: /home/mcav/cam_dev_ws/install/pylon_ros2_camera_interfaces/include/pylon_ros2_camera_interfaces/pylon_ros2_camera_interfaces/srv/detail/set_binning__rosidl_typesupport_introspection_cpp.hpp\n'}
[0.530682] (pylon_ros2_camera_interfaces) StdoutLine: {'line': b'-- Up-to-date: /home/mcav/cam_dev_ws/install/pylon_ros2_camera_interfaces/include/pylon_ros2_camera_interfaces/pylon_ros2_camera_interfaces/srv/detail/set_exposure__type_support.cpp\n'}
[0.530747] (pylon_ros2_camera_interfaces) StdoutLine: {'line': b'-- Up-to-date: /home/mcav/cam_dev_ws/install/pylon_ros2_camera_interfaces/include/pylon_ros2_camera_interfaces/pylon_ros2_camera_interfaces/srv/detail/get_float_value__type_support.cpp\n'}
[0.530810] (pylon_ros2_camera_interfaces) StdoutLine: {'line': b'-- Up-to-date: /home/mcav/cam_dev_ws/install/pylon_ros2_camera_interfaces/include/pylon_ros2_camera_interfaces/pylon_ros2_camera_interfaces/srv/detail/set_gain__rosidl_typesupport_introspection_cpp.hpp\n'}
[0.530879] (pylon_ros2_camera_interfaces) StdoutLine: {'line': b'-- Up-to-date: /home/mcav/cam_dev_ws/install/pylon_ros2_camera_interfaces/include/pylon_ros2_camera_interfaces/pylon_ros2_camera_interfaces/srv/detail/set_action_trigger_configuration__type_support.cpp\n'}
[0.531058] (pylon_ros2_camera_interfaces) StdoutLine: {'line': b'-- Up-to-date: /home/mcav/cam_dev_ws/install/pylon_ros2_camera_interfaces/include/pylon_ros2_camera_interfaces/pylon_ros2_camera_interfaces/srv/detail/get_float_value__rosidl_typesupport_introspection_cpp.hpp\n'}
[0.531139] (pylon_ros2_camera_interfaces) StdoutLine: {'line': b'-- Up-to-date: /home/mcav/cam_dev_ws/install/pylon_ros2_camera_interfaces/include/pylon_ros2_camera_interfaces/pylon_ros2_camera_interfaces/srv/detail/set_float_value__rosidl_typesupport_introspection_cpp.hpp\n'}
[0.531213] (pylon_ros2_camera_interfaces) StdoutLine: {'line': b'-- Up-to-date: /home/mcav/cam_dev_ws/install/pylon_ros2_camera_interfaces/include/pylon_ros2_camera_interfaces/pylon_ros2_camera_interfaces/srv/detail/set_exposure__rosidl_typesupport_introspection_cpp.hpp\n'}
[0.531290] (pylon_ros2_camera_interfaces) StdoutLine: {'line': b'-- Up-to-date: /home/mcav/cam_dev_ws/install/pylon_ros2_camera_interfaces/include/pylon_ros2_camera_interfaces/pylon_ros2_camera_interfaces/srv/detail/get_string_value__type_support.cpp\n'}
[0.531351] (pylon_ros2_camera_interfaces) StdoutLine: {'line': b'-- Up-to-date: /home/mcav/cam_dev_ws/install/pylon_ros2_camera_interfaces/include/pylon_ros2_camera_interfaces/pylon_ros2_camera_interfaces/srv/detail/issue_action_command__type_support.cpp\n'}
[0.531413] (pylon_ros2_camera_interfaces) StdoutLine: {'line': b'-- Up-to-date: /home/mcav/cam_dev_ws/install/pylon_ros2_camera_interfaces/include/pylon_ros2_camera_interfaces/pylon_ros2_camera_interfaces/srv/detail/get_integer_value__type_support.cpp\n'}
[0.531474] (pylon_ros2_camera_interfaces) StdoutLine: {'line': b'-- Up-to-date: /home/mcav/cam_dev_ws/install/pylon_ros2_camera_interfaces/include/pylon_ros2_camera_interfaces/pylon_ros2_camera_interfaces/srv/detail/get_string_value__rosidl_typesupport_introspection_cpp.hpp\n'}
[0.531535] (pylon_ros2_camera_interfaces) StdoutLine: {'line': b'-- Up-to-date: /home/mcav/cam_dev_ws/install/pylon_ros2_camera_interfaces/include/pylon_ros2_camera_interfaces/pylon_ros2_camera_interfaces/srv/detail/set_roi__rosidl_typesupport_introspection_cpp.hpp\n'}
[0.531595] (pylon_ros2_camera_interfaces) StdoutLine: {'line': b'-- Up-to-date: /home/mcav/cam_dev_ws/install/pylon_ros2_camera_interfaces/include/pylon_ros2_camera_interfaces/pylon_ros2_camera_interfaces/srv/detail/set_roi__type_support.cpp\n'}
[0.531656] (pylon_ros2_camera_interfaces) StdoutLine: {'line': b'-- Up-to-date: /home/mcav/cam_dev_ws/install/pylon_ros2_camera_interfaces/include/pylon_ros2_camera_interfaces/pylon_ros2_camera_interfaces/srv/detail/set_white_balance__rosidl_typesupport_introspection_cpp.hpp\n'}
[0.531775] (pylon_ros2_camera_interfaces) StdoutLine: {'line': b'-- Up-to-date: /home/mcav/cam_dev_ws/install/pylon_ros2_camera_interfaces/include/pylon_ros2_camera_interfaces/pylon_ros2_camera_interfaces/srv/detail/set_string_value__type_support.cpp\n'}
[0.531849] (pylon_ros2_camera_interfaces) StdoutLine: {'line': b'-- Up-to-date: /home/mcav/cam_dev_ws/install/pylon_ros2_camera_interfaces/include/pylon_ros2_camera_interfaces/pylon_ros2_camera_interfaces/srv/detail/set_gamma__rosidl_typesupport_introspection_cpp.hpp\n'}
[0.531915] (pylon_ros2_camera_interfaces) StdoutLine: {'line': b'-- Up-to-date: /home/mcav/cam_dev_ws/install/pylon_ros2_camera_interfaces/include/pylon_ros2_camera_interfaces/pylon_ros2_camera_interfaces/srv/detail/get_ptp_status__rosidl_typesupport_introspection_cpp.hpp\n'}
[0.531977] (pylon_ros2_camera_interfaces) StdoutLine: {'line': b'-- Up-to-date: /home/mcav/cam_dev_ws/install/pylon_ros2_camera_interfaces/include/pylon_ros2_camera_interfaces/pylon_ros2_camera_interfaces/srv/detail/set_binning__type_support.cpp\n'}
[0.532041] (pylon_ros2_camera_interfaces) StdoutLine: {'line': b'-- Up-to-date: /home/mcav/cam_dev_ws/install/pylon_ros2_camera_interfaces/include/pylon_ros2_camera_interfaces/pylon_ros2_camera_interfaces/srv/detail/set_gain__type_support.cpp\n'}
[0.532109] (pylon_ros2_camera_interfaces) StdoutLine: {'line': b'-- Up-to-date: /home/mcav/cam_dev_ws/install/pylon_ros2_camera_interfaces/include/pylon_ros2_camera_interfaces/pylon_ros2_camera_interfaces/srv/detail/set_brightness__type_support.cpp\n'}
[0.532170] (pylon_ros2_camera_interfaces) StdoutLine: {'line': b'-- Up-to-date: /home/mcav/cam_dev_ws/install/pylon_ros2_camera_interfaces/include/pylon_ros2_camera_interfaces/pylon_ros2_camera_interfaces/srv/detail/set_action_trigger_configuration__rosidl_typesupport_introspection_cpp.hpp\n'}
[0.532232] (pylon_ros2_camera_interfaces) StdoutLine: {'line': b'-- Up-to-date: /home/mcav/cam_dev_ws/install/pylon_ros2_camera_interfaces/include/pylon_ros2_camera_interfaces/pylon_ros2_camera_interfaces/srv/detail/get_ptp_status__type_support.cpp\n'}
[0.532292] (pylon_ros2_camera_interfaces) StdoutLine: {'line': b'-- Up-to-date: /home/mcav/cam_dev_ws/install/pylon_ros2_camera_interfaces/include/pylon_ros2_camera_interfaces/pylon_ros2_camera_interfaces/srv/detail/set_integer_value__rosidl_typesupport_introspection_cpp.hpp\n'}
[0.532396] (pylon_ros2_camera_interfaces) StdoutLine: {'line': b'-- Up-to-date: /home/mcav/cam_dev_ws/install/pylon_ros2_camera_interfaces/include/pylon_ros2_camera_interfaces/pylon_ros2_camera_interfaces/srv/detail/set_sleeping__rosidl_typesupport_introspection_cpp.hpp\n'}
[0.532470] (pylon_ros2_camera_interfaces) StdoutLine: {'line': b'-- Up-to-date: /home/mcav/cam_dev_ws/install/pylon_ros2_camera_interfaces/include/pylon_ros2_camera_interfaces/pylon_ros2_camera_interfaces/srv/detail/set_white_balance__type_support.cpp\n'}
[0.532531] (pylon_ros2_camera_interfaces) StdoutLine: {'line': b'-- Up-to-date: /home/mcav/cam_dev_ws/install/pylon_ros2_camera_interfaces/include/pylon_ros2_camera_interfaces/pylon_ros2_camera_interfaces/srv/detail/set_brightness__rosidl_typesupport_introspection_cpp.hpp\n'}
[0.532591] (pylon_ros2_camera_interfaces) StdoutLine: {'line': b'-- Up-to-date: /home/mcav/cam_dev_ws/install/pylon_ros2_camera_interfaces/include/pylon_ros2_camera_interfaces/pylon_ros2_camera_interfaces/srv/detail/issue_scheduled_action_command__type_support.cpp\n'}
[0.532652] (pylon_ros2_camera_interfaces) StdoutLine: {'line': b'-- Up-to-date: /home/mcav/cam_dev_ws/install/pylon_ros2_camera_interfaces/include/pylon_ros2_camera_interfaces/pylon_ros2_camera_interfaces/srv/detail/set_gamma__type_support.cpp\n'}
[0.532712] (pylon_ros2_camera_interfaces) StdoutLine: {'line': b'-- Up-to-date: /home/mcav/cam_dev_ws/install/pylon_ros2_camera_interfaces/lib/libpylon_ros2_camera_interfaces__rosidl_typesupport_introspection_cpp.so\n'}
[0.532771] (pylon_ros2_camera_interfaces) StdoutLine: {'line': b'-- Up-to-date: /home/mcav/cam_dev_ws/install/pylon_ros2_camera_interfaces/lib/libpylon_ros2_camera_interfaces__rosidl_typesupport_cpp.so\n'}
[0.532831] (pylon_ros2_camera_interfaces) StdoutLine: {'line': b'-- Up-to-date: /home/mcav/cam_dev_ws/install/pylon_ros2_camera_interfaces/share/pylon_ros2_camera_interfaces/environment/pythonpath.sh\n'}
[0.532891] (pylon_ros2_camera_interfaces) StdoutLine: {'line': b'-- Up-to-date: /home/mcav/cam_dev_ws/install/pylon_ros2_camera_interfaces/share/pylon_ros2_camera_interfaces/environment/pythonpath.dsv\n'}
[0.532961] (pylon_ros2_camera_interfaces) StdoutLine: {'line': b'-- Up-to-date: /home/mcav/cam_dev_ws/install/pylon_ros2_camera_interfaces/local/lib/python3.10/dist-packages/pylon_ros2_camera_interfaces-1.1.0-py3.10.egg-info\n'}
[0.533067] (pylon_ros2_camera_interfaces) StdoutLine: {'line': b'-- Installing: /home/mcav/cam_dev_ws/install/pylon_ros2_camera_interfaces/local/lib/python3.10/dist-packages/pylon_ros2_camera_interfaces-1.1.0-py3.10.egg-info/top_level.txt\n'}
[0.533155] (pylon_ros2_camera_interfaces) StdoutLine: {'line': b'-- Installing: /home/mcav/cam_dev_ws/install/pylon_ros2_camera_interfaces/local/lib/python3.10/dist-packages/pylon_ros2_camera_interfaces-1.1.0-py3.10.egg-info/dependency_links.txt\n'}
[0.533220] (pylon_ros2_camera_interfaces) StdoutLine: {'line': b'-- Installing: /home/mcav/cam_dev_ws/install/pylon_ros2_camera_interfaces/local/lib/python3.10/dist-packages/pylon_ros2_camera_interfaces-1.1.0-py3.10.egg-info/PKG-INFO\n'}
[0.533281] (pylon_ros2_camera_interfaces) StdoutLine: {'line': b'-- Installing: /home/mcav/cam_dev_ws/install/pylon_ros2_camera_interfaces/local/lib/python3.10/dist-packages/pylon_ros2_camera_interfaces-1.1.0-py3.10.egg-info/SOURCES.txt\n'}
[0.533341] (pylon_ros2_camera_interfaces) StdoutLine: {'line': b'-- Up-to-date: /home/mcav/cam_dev_ws/install/pylon_ros2_camera_interfaces/local/lib/python3.10/dist-packages/pylon_ros2_camera_interfaces\n'}
[0.533405] (pylon_ros2_camera_interfaces) StdoutLine: {'line': b'-- Up-to-date: /home/mcav/cam_dev_ws/install/pylon_ros2_camera_interfaces/local/lib/python3.10/dist-packages/pylon_ros2_camera_interfaces/msg\n'}
[0.533466] (pylon_ros2_camera_interfaces) StdoutLine: {'line': b'-- Up-to-date: /home/mcav/cam_dev_ws/install/pylon_ros2_camera_interfaces/local/lib/python3.10/dist-packages/pylon_ros2_camera_interfaces/msg/_current_params_s.c\n'}
[0.533526] (pylon_ros2_camera_interfaces) StdoutLine: {'line': b'-- Up-to-date: /home/mcav/cam_dev_ws/install/pylon_ros2_camera_interfaces/local/lib/python3.10/dist-packages/pylon_ros2_camera_interfaces/msg/__init__.py\n'}
[0.533586] (pylon_ros2_camera_interfaces) StdoutLine: {'line': b'-- Up-to-date: /home/mcav/cam_dev_ws/install/pylon_ros2_camera_interfaces/local/lib/python3.10/dist-packages/pylon_ros2_camera_interfaces/msg/_component_status.py\n'}
[0.533669] (pylon_ros2_camera_interfaces) StdoutLine: {'line': b'-- Up-to-date: /home/mcav/cam_dev_ws/install/pylon_ros2_camera_interfaces/local/lib/python3.10/dist-packages/pylon_ros2_camera_interfaces/msg/_current_params.py\n'}
[0.533774] (pylon_ros2_camera_interfaces) StdoutLine: {'line': b'-- Up-to-date: /home/mcav/cam_dev_ws/install/pylon_ros2_camera_interfaces/local/lib/python3.10/dist-packages/pylon_ros2_camera_interfaces/msg/_component_status_s.c\n'}
[0.533848] (pylon_ros2_camera_interfaces) StdoutLine: {'line': b'-- Up-to-date: /home/mcav/cam_dev_ws/install/pylon_ros2_camera_interfaces/local/lib/python3.10/dist-packages/pylon_ros2_camera_interfaces/action\n'}
[0.533908] (pylon_ros2_camera_interfaces) StdoutLine: {'line': b'-- Up-to-date: /home/mcav/cam_dev_ws/install/pylon_ros2_camera_interfaces/local/lib/python3.10/dist-packages/pylon_ros2_camera_interfaces/action/_grab_blaze_data.py\n'}
[0.533968] (pylon_ros2_camera_interfaces) StdoutLine: {'line': b'-- Up-to-date: /home/mcav/cam_dev_ws/install/pylon_ros2_camera_interfaces/local/lib/python3.10/dist-packages/pylon_ros2_camera_interfaces/action/_grab_images_s.c\n'}
[0.534028] (pylon_ros2_camera_interfaces) StdoutLine: {'line': b'-- Up-to-date: /home/mcav/cam_dev_ws/install/pylon_ros2_camera_interfaces/local/lib/python3.10/dist-packages/pylon_ros2_camera_interfaces/action/__init__.py\n'}
[0.534088] (pylon_ros2_camera_interfaces) StdoutLine: {'line': b'-- Up-to-date: /home/mcav/cam_dev_ws/install/pylon_ros2_camera_interfaces/local/lib/python3.10/dist-packages/pylon_ros2_camera_interfaces/action/_grab_images.py\n'}
[0.534147] (pylon_ros2_camera_interfaces) StdoutLine: {'line': b'-- Up-to-date: /home/mcav/cam_dev_ws/install/pylon_ros2_camera_interfaces/local/lib/python3.10/dist-packages/pylon_ros2_camera_interfaces/action/_grab_blaze_data_s.c\n'}
[0.534207] (pylon_ros2_camera_interfaces) StdoutLine: {'line': b'-- Up-to-date: /home/mcav/cam_dev_ws/install/pylon_ros2_camera_interfaces/local/lib/python3.10/dist-packages/pylon_ros2_camera_interfaces/_pylon_ros2_camera_interfaces_s.ep.rosidl_typesupport_introspection_c.c\n'}
[0.534269] (pylon_ros2_camera_interfaces) StdoutLine: {'line': b'-- Up-to-date: /home/mcav/cam_dev_ws/install/pylon_ros2_camera_interfaces/local/lib/python3.10/dist-packages/pylon_ros2_camera_interfaces/pylon_ros2_camera_interfaces_s__rosidl_typesupport_c.cpython-310-x86_64-linux-gnu.so\n'}
[0.534364] (pylon_ros2_camera_interfaces) StdoutLine: {'line': b'-- Up-to-date: /home/mcav/cam_dev_ws/install/pylon_ros2_camera_interfaces/local/lib/python3.10/dist-packages/pylon_ros2_camera_interfaces/_pylon_ros2_camera_interfaces_s.ep.rosidl_typesupport_fastrtps_c.c\n'}
[0.534454] (pylon_ros2_camera_interfaces) StdoutLine: {'line': b'-- Up-to-date: /home/mcav/cam_dev_ws/install/pylon_ros2_camera_interfaces/local/lib/python3.10/dist-packages/pylon_ros2_camera_interfaces/__init__.py\n'}
[0.534527] (pylon_ros2_camera_interfaces) StdoutLine: {'line': b'-- Up-to-date: /home/mcav/cam_dev_ws/install/pylon_ros2_camera_interfaces/local/lib/python3.10/dist-packages/pylon_ros2_camera_interfaces/pylon_ros2_camera_interfaces_s__rosidl_typesupport_introspection_c.cpython-310-x86_64-linux-gnu.so\n'}
[0.534589] (pylon_ros2_camera_interfaces) StdoutLine: {'line': b'-- Up-to-date: /home/mcav/cam_dev_ws/install/pylon_ros2_camera_interfaces/local/lib/python3.10/dist-packages/pylon_ros2_camera_interfaces/srv\n'}
[0.534649] (pylon_ros2_camera_interfaces) StdoutLine: {'line': b'-- Up-to-date: /home/mcav/cam_dev_ws/install/pylon_ros2_camera_interfaces/local/lib/python3.10/dist-packages/pylon_ros2_camera_interfaces/srv/_set_gain.py\n'}
[0.534708] (pylon_ros2_camera_interfaces) StdoutLine: {'line': b'-- Up-to-date: /home/mcav/cam_dev_ws/install/pylon_ros2_camera_interfaces/local/lib/python3.10/dist-packages/pylon_ros2_camera_interfaces/srv/_get_string_value.py\n'}
[0.534768] (pylon_ros2_camera_interfaces) StdoutLine: {'line': b'-- Up-to-date: /home/mcav/cam_dev_ws/install/pylon_ros2_camera_interfaces/local/lib/python3.10/dist-packages/pylon_ros2_camera_interfaces/srv/_set_roi.py\n'}
[0.534828] (pylon_ros2_camera_interfaces) StdoutLine: {'line': b'-- Up-to-date: /home/mcav/cam_dev_ws/install/pylon_ros2_camera_interfaces/local/lib/python3.10/dist-packages/pylon_ros2_camera_interfaces/srv/_set_brightness_s.c\n'}
[0.534889] (pylon_ros2_camera_interfaces) StdoutLine: {'line': b'-- Up-to-date: /home/mcav/cam_dev_ws/install/pylon_ros2_camera_interfaces/local/lib/python3.10/dist-packages/pylon_ros2_camera_interfaces/srv/_set_white_balance_s.c\n'}
[0.534952] (pylon_ros2_camera_interfaces) StdoutLine: {'line': b'-- Up-to-date: /home/mcav/cam_dev_ws/install/pylon_ros2_camera_interfaces/local/lib/python3.10/dist-packages/pylon_ros2_camera_interfaces/srv/_set_sleeping.py\n'}
[0.535056] (pylon_ros2_camera_interfaces) StdoutLine: {'line': b'-- Up-to-date: /home/mcav/cam_dev_ws/install/pylon_ros2_camera_interfaces/local/lib/python3.10/dist-packages/pylon_ros2_camera_interfaces/srv/_set_exposure.py\n'}
[0.535130] (pylon_ros2_camera_interfaces) StdoutLine: {'line': b'-- Up-to-date: /home/mcav/cam_dev_ws/install/pylon_ros2_camera_interfaces/local/lib/python3.10/dist-packages/pylon_ros2_camera_interfaces/srv/_get_integer_value.py\n'}
[0.535189] (pylon_ros2_camera_interfaces) StdoutLine: {'line': b'-- Up-to-date: /home/mcav/cam_dev_ws/install/pylon_ros2_camera_interfaces/local/lib/python3.10/dist-packages/pylon_ros2_camera_interfaces/srv/_issue_scheduled_action_command_s.c\n'}
[0.535249] (pylon_ros2_camera_interfaces) StdoutLine: {'line': b'-- Up-to-date: /home/mcav/cam_dev_ws/install/pylon_ros2_camera_interfaces/local/lib/python3.10/dist-packages/pylon_ros2_camera_interfaces/srv/_set_integer_value_s.c\n'}
[0.535308] (pylon_ros2_camera_interfaces) StdoutLine: {'line': b'-- Up-to-date: /home/mcav/cam_dev_ws/install/pylon_ros2_camera_interfaces/local/lib/python3.10/dist-packages/pylon_ros2_camera_interfaces/srv/_set_exposure_s.c\n'}
[0.535376] (pylon_ros2_camera_interfaces) StdoutLine: {'line': b'-- Up-to-date: /home/mcav/cam_dev_ws/install/pylon_ros2_camera_interfaces/local/lib/python3.10/dist-packages/pylon_ros2_camera_interfaces/srv/_set_integer_value.py\n'}
[0.535436] (pylon_ros2_camera_interfaces) StdoutLine: {'line': b'-- Up-to-date: /home/mcav/cam_dev_ws/install/pylon_ros2_camera_interfaces/local/lib/python3.10/dist-packages/pylon_ros2_camera_interfaces/srv/_get_ptp_status_s.c\n'}
[0.535496] (pylon_ros2_camera_interfaces) StdoutLine: {'line': b'-- Up-to-date: /home/mcav/cam_dev_ws/install/pylon_ros2_camera_interfaces/local/lib/python3.10/dist-packages/pylon_ros2_camera_interfaces/srv/_set_string_value_s.c\n'}
[0.535559] (pylon_ros2_camera_interfaces) StdoutLine: {'line': b'-- Up-to-date: /home/mcav/cam_dev_ws/install/pylon_ros2_camera_interfaces/local/lib/python3.10/dist-packages/pylon_ros2_camera_interfaces/srv/_set_binning_s.c\n'}
[0.535620] (pylon_ros2_camera_interfaces) StdoutLine: {'line': b'-- Up-to-date: /home/mcav/cam_dev_ws/install/pylon_ros2_camera_interfaces/local/lib/python3.10/dist-packages/pylon_ros2_camera_interfaces/srv/_set_roi_s.c\n'}
[0.535723] (pylon_ros2_camera_interfaces) StdoutLine: {'line': b'-- Up-to-date: /home/mcav/cam_dev_ws/install/pylon_ros2_camera_interfaces/local/lib/python3.10/dist-packages/pylon_ros2_camera_interfaces/srv/_set_float_value.py\n'}
[0.535796] (pylon_ros2_camera_interfaces) StdoutLine: {'line': b'-- Up-to-date: /home/mcav/cam_dev_ws/install/pylon_ros2_camera_interfaces/local/lib/python3.10/dist-packages/pylon_ros2_camera_interfaces/srv/_set_gamma_s.c\n'}
[0.535855] (pylon_ros2_camera_interfaces) StdoutLine: {'line': b'-- Up-to-date: /home/mcav/cam_dev_ws/install/pylon_ros2_camera_interfaces/local/lib/python3.10/dist-packages/pylon_ros2_camera_interfaces/srv/__init__.py\n'}
[0.535943] (pylon_ros2_camera_interfaces) StdoutLine: {'line': b'-- Up-to-date: /home/mcav/cam_dev_ws/install/pylon_ros2_camera_interfaces/local/lib/python3.10/dist-packages/pylon_ros2_camera_interfaces/srv/_issue_action_command.py\n'}
[0.536002] (pylon_ros2_camera_interfaces) StdoutLine: {'line': b'-- Up-to-date: /home/mcav/cam_dev_ws/install/pylon_ros2_camera_interfaces/local/lib/python3.10/dist-packages/pylon_ros2_camera_interfaces/srv/_get_string_value_s.c\n'}
[0.536061] (pylon_ros2_camera_interfaces) StdoutLine: {'line': b'-- Up-to-date: /home/mcav/cam_dev_ws/install/pylon_ros2_camera_interfaces/local/lib/python3.10/dist-packages/pylon_ros2_camera_interfaces/srv/_issue_action_command_s.c\n'}
[0.536120] (pylon_ros2_camera_interfaces) StdoutLine: {'line': b'-- Up-to-date: /home/mcav/cam_dev_ws/install/pylon_ros2_camera_interfaces/local/lib/python3.10/dist-packages/pylon_ros2_camera_interfaces/srv/_set_gain_s.c\n'}
[0.536179] (pylon_ros2_camera_interfaces) StdoutLine: {'line': b'-- Up-to-date: /home/mcav/cam_dev_ws/install/pylon_ros2_camera_interfaces/local/lib/python3.10/dist-packages/pylon_ros2_camera_interfaces/srv/_get_float_value.py\n'}
[0.536238] (pylon_ros2_camera_interfaces) StdoutLine: {'line': b'-- Up-to-date: /home/mcav/cam_dev_ws/install/pylon_ros2_camera_interfaces/local/lib/python3.10/dist-packages/pylon_ros2_camera_interfaces/srv/_set_brightness.py\n'}
[0.536297] (pylon_ros2_camera_interfaces) StdoutLine: {'line': b'-- Up-to-date: /home/mcav/cam_dev_ws/install/pylon_ros2_camera_interfaces/local/lib/python3.10/dist-packages/pylon_ros2_camera_interfaces/srv/_set_sleeping_s.c\n'}
[0.536416] (pylon_ros2_camera_interfaces) StdoutLine: {'line': b'-- Up-to-date: /home/mcav/cam_dev_ws/install/pylon_ros2_camera_interfaces/local/lib/python3.10/dist-packages/pylon_ros2_camera_interfaces/srv/_get_integer_value_s.c\n'}
[0.536489] (pylon_ros2_camera_interfaces) StdoutLine: {'line': b'-- Up-to-date: /home/mcav/cam_dev_ws/install/pylon_ros2_camera_interfaces/local/lib/python3.10/dist-packages/pylon_ros2_camera_interfaces/srv/_set_binning.py\n'}
[0.536548] (pylon_ros2_camera_interfaces) StdoutLine: {'line': b'-- Up-to-date: /home/mcav/cam_dev_ws/install/pylon_ros2_camera_interfaces/local/lib/python3.10/dist-packages/pylon_ros2_camera_interfaces/srv/_get_float_value_s.c\n'}
[0.536611] (pylon_ros2_camera_interfaces) StdoutLine: {'line': b'-- Up-to-date: /home/mcav/cam_dev_ws/install/pylon_ros2_camera_interfaces/local/lib/python3.10/dist-packages/pylon_ros2_camera_interfaces/srv/_get_ptp_status.py\n'}
[0.536670] (pylon_ros2_camera_interfaces) StdoutLine: {'line': b'-- Up-to-date: /home/mcav/cam_dev_ws/install/pylon_ros2_camera_interfaces/local/lib/python3.10/dist-packages/pylon_ros2_camera_interfaces/srv/_set_action_trigger_configuration_s.c\n'}
[0.536733] (pylon_ros2_camera_interfaces) StdoutLine: {'line': b'-- Up-to-date: /home/mcav/cam_dev_ws/install/pylon_ros2_camera_interfaces/local/lib/python3.10/dist-packages/pylon_ros2_camera_interfaces/srv/_set_gamma.py\n'}
[0.536793] (pylon_ros2_camera_interfaces) StdoutLine: {'line': b'-- Up-to-date: /home/mcav/cam_dev_ws/install/pylon_ros2_camera_interfaces/local/lib/python3.10/dist-packages/pylon_ros2_camera_interfaces/srv/_set_float_value_s.c\n'}
[0.536853] (pylon_ros2_camera_interfaces) StdoutLine: {'line': b'-- Up-to-date: /home/mcav/cam_dev_ws/install/pylon_ros2_camera_interfaces/local/lib/python3.10/dist-packages/pylon_ros2_camera_interfaces/srv/_set_string_value.py\n'}
[0.536912] (pylon_ros2_camera_interfaces) StdoutLine: {'line': b'-- Up-to-date: /home/mcav/cam_dev_ws/install/pylon_ros2_camera_interfaces/local/lib/python3.10/dist-packages/pylon_ros2_camera_interfaces/srv/_set_white_balance.py\n'}
[0.537002] (pylon_ros2_camera_interfaces) StdoutLine: {'line': b'-- Up-to-date: /home/mcav/cam_dev_ws/install/pylon_ros2_camera_interfaces/local/lib/python3.10/dist-packages/pylon_ros2_camera_interfaces/srv/_set_action_trigger_configuration.py\n'}
[0.537113] (pylon_ros2_camera_interfaces) StdoutLine: {'line': b'-- Up-to-date: /home/mcav/cam_dev_ws/install/pylon_ros2_camera_interfaces/local/lib/python3.10/dist-packages/pylon_ros2_camera_interfaces/srv/_issue_scheduled_action_command.py\n'}
[0.537172] (pylon_ros2_camera_interfaces) StdoutLine: {'line': b'-- Up-to-date: /home/mcav/cam_dev_ws/install/pylon_ros2_camera_interfaces/local/lib/python3.10/dist-packages/pylon_ros2_camera_interfaces/libpylon_ros2_camera_interfaces__rosidl_generator_py.so\n'}
[0.537233] (pylon_ros2_camera_interfaces) StdoutLine: {'line': b'-- Up-to-date: /home/mcav/cam_dev_ws/install/pylon_ros2_camera_interfaces/local/lib/python3.10/dist-packages/pylon_ros2_camera_interfaces/pylon_ros2_camera_interfaces_s__rosidl_typesupport_fastrtps_c.cpython-310-x86_64-linux-gnu.so\n'}
[0.537294] (pylon_ros2_camera_interfaces) StdoutLine: {'line': b'-- Up-to-date: /home/mcav/cam_dev_ws/install/pylon_ros2_camera_interfaces/local/lib/python3.10/dist-packages/pylon_ros2_camera_interfaces/_pylon_ros2_camera_interfaces_s.ep.rosidl_typesupport_c.c\n'}
[0.545189] (pylon_ros2_camera_interfaces) StdoutLine: {'line': b"Listing '/home/mcav/cam_dev_ws/install/pylon_ros2_camera_interfaces/local/lib/python3.10/dist-packages/pylon_ros2_camera_interfaces'...\n"}
[0.545359] (pylon_ros2_camera_interfaces) StdoutLine: {'line': b"Listing '/home/mcav/cam_dev_ws/install/pylon_ros2_camera_interfaces/local/lib/python3.10/dist-packages/pylon_ros2_camera_interfaces/action'...\n"}
[0.545438] (pylon_ros2_camera_interfaces) StdoutLine: {'line': b"Listing '/home/mcav/cam_dev_ws/install/pylon_ros2_camera_interfaces/local/lib/python3.10/dist-packages/pylon_ros2_camera_interfaces/msg'...\n"}
[0.545505] (pylon_ros2_camera_interfaces) StdoutLine: {'line': b"Listing '/home/mcav/cam_dev_ws/install/pylon_ros2_camera_interfaces/local/lib/python3.10/dist-packages/pylon_ros2_camera_interfaces/srv'...\n"}
[0.550522] (pylon_ros2_camera_interfaces) StdoutLine: {'line': b'-- Up-to-date: /home/mcav/cam_dev_ws/install/pylon_ros2_camera_interfaces/local/lib/python3.10/dist-packages/pylon_ros2_camera_interfaces/pylon_ros2_camera_interfaces_s__rosidl_typesupport_fastrtps_c.cpython-310-x86_64-linux-gnu.so\n'}
[0.551127] (pylon_ros2_camera_interfaces) StdoutLine: {'line': b'-- Up-to-date: /home/mcav/cam_dev_ws/install/pylon_ros2_camera_interfaces/local/lib/python3.10/dist-packages/pylon_ros2_camera_interfaces/pylon_ros2_camera_interfaces_s__rosidl_typesupport_introspection_c.cpython-310-x86_64-linux-gnu.so\n'}
[0.551705] (pylon_ros2_camera_interfaces) StdoutLine: {'line': b'-- Up-to-date: /home/mcav/cam_dev_ws/install/pylon_ros2_camera_interfaces/local/lib/python3.10/dist-packages/pylon_ros2_camera_interfaces/pylon_ros2_camera_interfaces_s__rosidl_typesupport_c.cpython-310-x86_64-linux-gnu.so\n'}
[0.552256] (pylon_ros2_camera_interfaces) StdoutLine: {'line': b'-- Up-to-date: /home/mcav/cam_dev_ws/install/pylon_ros2_camera_interfaces/lib/libpylon_ros2_camera_interfaces__rosidl_generator_py.so\n'}
[0.552647] (pylon_ros2_camera_interfaces) StdoutLine: {'line': b'-- Up-to-date: /home/mcav/cam_dev_ws/install/pylon_ros2_camera_interfaces/share/ament_index/resource_index/rust_packages/pylon_ros2_camera_interfaces\n'}
[0.552907] (pylon_ros2_camera_interfaces) StdoutLine: {'line': b'-- Up-to-date: /home/mcav/cam_dev_ws/install/pylon_ros2_camera_interfaces/share/pylon_ros2_camera_interfaces/rust\n'}
[0.553182] (pylon_ros2_camera_interfaces) StdoutLine: {'line': b'-- Up-to-date: /home/mcav/cam_dev_ws/install/pylon_ros2_camera_interfaces/share/pylon_ros2_camera_interfaces/rust/Cargo.toml\n'}
[0.553363] (pylon_ros2_camera_interfaces) StdoutLine: {'line': b'-- Up-to-date: /home/mcav/cam_dev_ws/install/pylon_ros2_camera_interfaces/share/pylon_ros2_camera_interfaces/rust/src\n'}
[0.553469] (pylon_ros2_camera_interfaces) StdoutLine: {'line': b'-- Up-to-date: /home/mcav/cam_dev_ws/install/pylon_ros2_camera_interfaces/share/pylon_ros2_camera_interfaces/rust/src/msg\n'}
[0.553568] (pylon_ros2_camera_interfaces) StdoutLine: {'line': b'-- Up-to-date: /home/mcav/cam_dev_ws/install/pylon_ros2_camera_interfaces/share/pylon_ros2_camera_interfaces/rust/src/msg/rmw.rs\n'}
[0.553661] (pylon_ros2_camera_interfaces) StdoutLine: {'line': b'-- Up-to-date: /home/mcav/cam_dev_ws/install/pylon_ros2_camera_interfaces/share/pylon_ros2_camera_interfaces/rust/src/action\n'}
[0.553745] (pylon_ros2_camera_interfaces) StdoutLine: {'line': b'-- Up-to-date: /home/mcav/cam_dev_ws/install/pylon_ros2_camera_interfaces/share/pylon_ros2_camera_interfaces/rust/src/action/rmw.rs\n'}
[0.553814] (pylon_ros2_camera_interfaces) StdoutLine: {'line': b'-- Up-to-date: /home/mcav/cam_dev_ws/install/pylon_ros2_camera_interfaces/share/pylon_ros2_camera_interfaces/rust/src/action.rs\n'}
[0.553955] (pylon_ros2_camera_interfaces) StdoutLine: {'line': b'-- Up-to-date: /home/mcav/cam_dev_ws/install/pylon_ros2_camera_interfaces/share/pylon_ros2_camera_interfaces/rust/src/srv\n'}
[0.554044] (pylon_ros2_camera_interfaces) StdoutLine: {'line': b'-- Up-to-date: /home/mcav/cam_dev_ws/install/pylon_ros2_camera_interfaces/share/pylon_ros2_camera_interfaces/rust/src/srv/rmw.rs\n'}
[0.554110] (pylon_ros2_camera_interfaces) StdoutLine: {'line': b'-- Up-to-date: /home/mcav/cam_dev_ws/install/pylon_ros2_camera_interfaces/share/pylon_ros2_camera_interfaces/rust/src/msg.rs\n'}
[0.554198] (pylon_ros2_camera_interfaces) StdoutLine: {'line': b'-- Up-to-date: /home/mcav/cam_dev_ws/install/pylon_ros2_camera_interfaces/share/pylon_ros2_camera_interfaces/rust/src/srv.rs\n'}
[0.554286] (pylon_ros2_camera_interfaces) StdoutLine: {'line': b'-- Up-to-date: /home/mcav/cam_dev_ws/install/pylon_ros2_camera_interfaces/share/pylon_ros2_camera_interfaces/rust/src/lib.rs\n'}
[0.554381] (pylon_ros2_camera_interfaces) StdoutLine: {'line': b'-- Up-to-date: /home/mcav/cam_dev_ws/install/pylon_ros2_camera_interfaces/share/pylon_ros2_camera_interfaces/rust/build.rs\n'}
[0.554482] (pylon_ros2_camera_interfaces) StdoutLine: {'line': b'-- Up-to-date: /home/mcav/cam_dev_ws/install/pylon_ros2_camera_interfaces/share/pylon_ros2_camera_interfaces/msg/CurrentParams.idl\n'}
[0.554603] (pylon_ros2_camera_interfaces) StdoutLine: {'line': b'-- Up-to-date: /home/mcav/cam_dev_ws/install/pylon_ros2_camera_interfaces/share/pylon_ros2_camera_interfaces/msg/ComponentStatus.idl\n'}
[0.554709] (pylon_ros2_camera_interfaces) StdoutLine: {'line': b'-- Up-to-date: /home/mcav/cam_dev_ws/install/pylon_ros2_camera_interfaces/share/pylon_ros2_camera_interfaces/srv/GetIntegerValue.idl\n'}
[0.554796] (pylon_ros2_camera_interfaces) StdoutLine: {'line': b'-- Up-to-date: /home/mcav/cam_dev_ws/install/pylon_ros2_camera_interfaces/share/pylon_ros2_camera_interfaces/srv/GetFloatValue.idl\n'}
[0.554861] (pylon_ros2_camera_interfaces) StdoutLine: {'line': b'-- Up-to-date: /home/mcav/cam_dev_ws/install/pylon_ros2_camera_interfaces/share/pylon_ros2_camera_interfaces/srv/GetStringValue.idl\n'}
[0.554971] (pylon_ros2_camera_interfaces) StdoutLine: {'line': b'-- Up-to-date: /home/mcav/cam_dev_ws/install/pylon_ros2_camera_interfaces/share/pylon_ros2_camera_interfaces/srv/GetPtpStatus.idl\n'}
[0.555059] (pylon_ros2_camera_interfaces) StdoutLine: {'line': b'-- Up-to-date: /home/mcav/cam_dev_ws/install/pylon_ros2_camera_interfaces/share/pylon_ros2_camera_interfaces/srv/SetBinning.idl\n'}
[0.555148] (pylon_ros2_camera_interfaces) StdoutLine: {'line': b'-- Up-to-date: /home/mcav/cam_dev_ws/install/pylon_ros2_camera_interfaces/share/pylon_ros2_camera_interfaces/srv/SetBrightness.idl\n'}
[0.555237] (pylon_ros2_camera_interfaces) StdoutLine: {'line': b'-- Up-to-date: /home/mcav/cam_dev_ws/install/pylon_ros2_camera_interfaces/share/pylon_ros2_camera_interfaces/srv/SetExposure.idl\n'}
[0.555305] (pylon_ros2_camera_interfaces) StdoutLine: {'line': b'-- Up-to-date: /home/mcav/cam_dev_ws/install/pylon_ros2_camera_interfaces/share/pylon_ros2_camera_interfaces/srv/SetGain.idl\n'}
[0.555376] (pylon_ros2_camera_interfaces) StdoutLine: {'line': b'-- Up-to-date: /home/mcav/cam_dev_ws/install/pylon_ros2_camera_interfaces/share/pylon_ros2_camera_interfaces/srv/SetGamma.idl\n'}
[0.555448] (pylon_ros2_camera_interfaces) StdoutLine: {'line': b'-- Up-to-date: /home/mcav/cam_dev_ws/install/pylon_ros2_camera_interfaces/share/pylon_ros2_camera_interfaces/srv/SetROI.idl\n'}
[0.555520] (pylon_ros2_camera_interfaces) StdoutLine: {'line': b'-- Up-to-date: /home/mcav/cam_dev_ws/install/pylon_ros2_camera_interfaces/share/pylon_ros2_camera_interfaces/srv/SetSleeping.idl\n'}
[0.555611] (pylon_ros2_camera_interfaces) StdoutLine: {'line': b'-- Up-to-date: /home/mcav/cam_dev_ws/install/pylon_ros2_camera_interfaces/share/pylon_ros2_camera_interfaces/srv/SetWhiteBalance.idl\n'}
[0.555685] (pylon_ros2_camera_interfaces) StdoutLine: {'line': b'-- Up-to-date: /home/mcav/cam_dev_ws/install/pylon_ros2_camera_interfaces/share/pylon_ros2_camera_interfaces/srv/SetIntegerValue.idl\n'}
[0.555793] (pylon_ros2_camera_interfaces) StdoutLine: {'line': b'-- Up-to-date: /home/mcav/cam_dev_ws/install/pylon_ros2_camera_interfaces/share/pylon_ros2_camera_interfaces/srv/SetFloatValue.idl\n'}
[0.555882] (pylon_ros2_camera_interfaces) StdoutLine: {'line': b'-- Up-to-date: /home/mcav/cam_dev_ws/install/pylon_ros2_camera_interfaces/share/pylon_ros2_camera_interfaces/srv/SetStringValue.idl\n'}
[0.556044] (pylon_ros2_camera_interfaces) StdoutLine: {'line': b'-- Up-to-date: /home/mcav/cam_dev_ws/install/pylon_ros2_camera_interfaces/share/pylon_ros2_camera_interfaces/srv/SetActionTriggerConfiguration.idl\n'}
[0.556157] (pylon_ros2_camera_interfaces) StdoutLine: {'line': b'-- Up-to-date: /home/mcav/cam_dev_ws/install/pylon_ros2_camera_interfaces/share/pylon_ros2_camera_interfaces/srv/IssueActionCommand.idl\n'}
[0.556259] (pylon_ros2_camera_interfaces) StdoutLine: {'line': b'-- Up-to-date: /home/mcav/cam_dev_ws/install/pylon_ros2_camera_interfaces/share/pylon_ros2_camera_interfaces/srv/IssueScheduledActionCommand.idl\n'}
[0.556404] (pylon_ros2_camera_interfaces) StdoutLine: {'line': b'-- Up-to-date: /home/mcav/cam_dev_ws/install/pylon_ros2_camera_interfaces/share/pylon_ros2_camera_interfaces/action/GrabImages.idl\n'}
[0.556545] (pylon_ros2_camera_interfaces) StdoutLine: {'line': b'-- Up-to-date: /home/mcav/cam_dev_ws/install/pylon_ros2_camera_interfaces/share/pylon_ros2_camera_interfaces/action/GrabBlazeData.idl\n'}
[0.556725] (pylon_ros2_camera_interfaces) StdoutLine: {'line': b'-- Up-to-date: /home/mcav/cam_dev_ws/install/pylon_ros2_camera_interfaces/share/pylon_ros2_camera_interfaces/msg/CurrentParams.msg\n'}
[0.556947] (pylon_ros2_camera_interfaces) StdoutLine: {'line': b'-- Up-to-date: /home/mcav/cam_dev_ws/install/pylon_ros2_camera_interfaces/share/pylon_ros2_camera_interfaces/msg/ComponentStatus.msg\n'}
[0.557039] (pylon_ros2_camera_interfaces) StdoutLine: {'line': b'-- Up-to-date: /home/mcav/cam_dev_ws/install/pylon_ros2_camera_interfaces/share/pylon_ros2_camera_interfaces/srv/GetIntegerValue.srv\n'}
[0.557140] (pylon_ros2_camera_interfaces) StdoutLine: {'line': b'-- Up-to-date: /home/mcav/cam_dev_ws/install/pylon_ros2_camera_interfaces/share/pylon_ros2_camera_interfaces/srv/GetIntegerValue_Request.msg\n'}
[0.557256] (pylon_ros2_camera_interfaces) StdoutLine: {'line': b'-- Up-to-date: /home/mcav/cam_dev_ws/install/pylon_ros2_camera_interfaces/share/pylon_ros2_camera_interfaces/srv/GetIntegerValue_Response.msg\n'}
[0.557334] (pylon_ros2_camera_interfaces) StdoutLine: {'line': b'-- Up-to-date: /home/mcav/cam_dev_ws/install/pylon_ros2_camera_interfaces/share/pylon_ros2_camera_interfaces/srv/GetFloatValue.srv\n'}
[0.557447] (pylon_ros2_camera_interfaces) StdoutLine: {'line': b'-- Up-to-date: /home/mcav/cam_dev_ws/install/pylon_ros2_camera_interfaces/share/pylon_ros2_camera_interfaces/srv/GetFloatValue_Request.msg\n'}
[0.557558] (pylon_ros2_camera_interfaces) StdoutLine: {'line': b'-- Up-to-date: /home/mcav/cam_dev_ws/install/pylon_ros2_camera_interfaces/share/pylon_ros2_camera_interfaces/srv/GetFloatValue_Response.msg\n'}
[0.557650] (pylon_ros2_camera_interfaces) StdoutLine: {'line': b'-- Up-to-date: /home/mcav/cam_dev_ws/install/pylon_ros2_camera_interfaces/share/pylon_ros2_camera_interfaces/srv/GetStringValue.srv\n'}
[0.557735] (pylon_ros2_camera_interfaces) StdoutLine: {'line': b'-- Up-to-date: /home/mcav/cam_dev_ws/install/pylon_ros2_camera_interfaces/share/pylon_ros2_camera_interfaces/srv/GetStringValue_Request.msg\n'}
[0.557832] (pylon_ros2_camera_interfaces) StdoutLine: {'line': b'-- Up-to-date: /home/mcav/cam_dev_ws/install/pylon_ros2_camera_interfaces/share/pylon_ros2_camera_interfaces/srv/GetStringValue_Response.msg\n'}
[0.557930] (pylon_ros2_camera_interfaces) StdoutLine: {'line': b'-- Up-to-date: /home/mcav/cam_dev_ws/install/pylon_ros2_camera_interfaces/share/pylon_ros2_camera_interfaces/srv/GetPtpStatus.srv\n'}
[0.557994] (pylon_ros2_camera_interfaces) StdoutLine: {'line': b'-- Up-to-date: /home/mcav/cam_dev_ws/install/pylon_ros2_camera_interfaces/share/pylon_ros2_camera_interfaces/srv/GetPtpStatus_Request.msg\n'}
[0.558077] (pylon_ros2_camera_interfaces) StdoutLine: {'line': b'-- Up-to-date: /home/mcav/cam_dev_ws/install/pylon_ros2_camera_interfaces/share/pylon_ros2_camera_interfaces/srv/GetPtpStatus_Response.msg\n'}
[0.558141] (pylon_ros2_camera_interfaces) StdoutLine: {'line': b'-- Up-to-date: /home/mcav/cam_dev_ws/install/pylon_ros2_camera_interfaces/share/pylon_ros2_camera_interfaces/srv/SetBinning.srv\n'}
[0.558252] (pylon_ros2_camera_interfaces) StdoutLine: {'line': b'-- Up-to-date: /home/mcav/cam_dev_ws/install/pylon_ros2_camera_interfaces/share/pylon_ros2_camera_interfaces/srv/SetBinning_Request.msg\n'}
[0.558352] (pylon_ros2_camera_interfaces) StdoutLine: {'line': b'-- Up-to-date: /home/mcav/cam_dev_ws/install/pylon_ros2_camera_interfaces/share/pylon_ros2_camera_interfaces/srv/SetBinning_Response.msg\n'}
[0.558450] (pylon_ros2_camera_interfaces) StdoutLine: {'line': b'-- Up-to-date: /home/mcav/cam_dev_ws/install/pylon_ros2_camera_interfaces/share/pylon_ros2_camera_interfaces/srv/SetBrightness.srv\n'}
[0.558535] (pylon_ros2_camera_interfaces) StdoutLine: {'line': b'-- Up-to-date: /home/mcav/cam_dev_ws/install/pylon_ros2_camera_interfaces/share/pylon_ros2_camera_interfaces/srv/SetBrightness_Request.msg\n'}
[0.558632] (pylon_ros2_camera_interfaces) StdoutLine: {'line': b'-- Up-to-date: /home/mcav/cam_dev_ws/install/pylon_ros2_camera_interfaces/share/pylon_ros2_camera_interfaces/srv/SetBrightness_Response.msg\n'}
[0.558709] (pylon_ros2_camera_interfaces) StdoutLine: {'line': b'-- Up-to-date: /home/mcav/cam_dev_ws/install/pylon_ros2_camera_interfaces/share/pylon_ros2_camera_interfaces/srv/SetExposure.srv\n'}
[0.558816] (pylon_ros2_camera_interfaces) StdoutLine: {'line': b'-- Up-to-date: /home/mcav/cam_dev_ws/install/pylon_ros2_camera_interfaces/share/pylon_ros2_camera_interfaces/srv/SetExposure_Request.msg\n'}
[0.558931] (pylon_ros2_camera_interfaces) StdoutLine: {'line': b'-- Up-to-date: /home/mcav/cam_dev_ws/install/pylon_ros2_camera_interfaces/share/pylon_ros2_camera_interfaces/srv/SetExposure_Response.msg\n'}
[0.558995] (pylon_ros2_camera_interfaces) StdoutLine: {'line': b'-- Up-to-date: /home/mcav/cam_dev_ws/install/pylon_ros2_camera_interfaces/share/pylon_ros2_camera_interfaces/srv/SetGain.srv\n'}
[0.559094] (pylon_ros2_camera_interfaces) StdoutLine: {'line': b'-- Up-to-date: /home/mcav/cam_dev_ws/install/pylon_ros2_camera_interfaces/share/pylon_ros2_camera_interfaces/srv/SetGain_Request.msg\n'}
[0.559191] (pylon_ros2_camera_interfaces) StdoutLine: {'line': b'-- Up-to-date: /home/mcav/cam_dev_ws/install/pylon_ros2_camera_interfaces/share/pylon_ros2_camera_interfaces/srv/SetGain_Response.msg\n'}
[0.559271] (pylon_ros2_camera_interfaces) StdoutLine: {'line': b'-- Up-to-date: /home/mcav/cam_dev_ws/install/pylon_ros2_camera_interfaces/share/pylon_ros2_camera_interfaces/srv/SetGamma.srv\n'}
[0.559377] (pylon_ros2_camera_interfaces) StdoutLine: {'line': b'-- Up-to-date: /home/mcav/cam_dev_ws/install/pylon_ros2_camera_interfaces/share/pylon_ros2_camera_interfaces/srv/SetGamma_Request.msg\n'}
[0.559514] (pylon_ros2_camera_interfaces) StdoutLine: {'line': b'-- Up-to-date: /home/mcav/cam_dev_ws/install/pylon_ros2_camera_interfaces/share/pylon_ros2_camera_interfaces/srv/SetGamma_Response.msg\n'}
[0.559642] (pylon_ros2_camera_interfaces) StdoutLine: {'line': b'-- Up-to-date: /home/mcav/cam_dev_ws/install/pylon_ros2_camera_interfaces/share/pylon_ros2_camera_interfaces/srv/SetROI.srv\n'}
[0.559770] (pylon_ros2_camera_interfaces) StdoutLine: {'line': b'-- Up-to-date: /home/mcav/cam_dev_ws/install/pylon_ros2_camera_interfaces/share/pylon_ros2_camera_interfaces/srv/SetROI_Request.msg\n'}
[0.559902] (pylon_ros2_camera_interfaces) StdoutLine: {'line': b'-- Up-to-date: /home/mcav/cam_dev_ws/install/pylon_ros2_camera_interfaces/share/pylon_ros2_camera_interfaces/srv/SetROI_Response.msg\n'}
[0.559997] (pylon_ros2_camera_interfaces) StdoutLine: {'line': b'-- Up-to-date: /home/mcav/cam_dev_ws/install/pylon_ros2_camera_interfaces/share/pylon_ros2_camera_interfaces/srv/SetSleeping.srv\n'}
[0.560100] (pylon_ros2_camera_interfaces) StdoutLine: {'line': b'-- Up-to-date: /home/mcav/cam_dev_ws/install/pylon_ros2_camera_interfaces/share/pylon_ros2_camera_interfaces/srv/SetSleeping_Request.msg\n'}
[0.560233] (pylon_ros2_camera_interfaces) StdoutLine: {'line': b'-- Up-to-date: /home/mcav/cam_dev_ws/install/pylon_ros2_camera_interfaces/share/pylon_ros2_camera_interfaces/srv/SetSleeping_Response.msg\n'}
[0.560333] (pylon_ros2_camera_interfaces) StdoutLine: {'line': b'-- Up-to-date: /home/mcav/cam_dev_ws/install/pylon_ros2_camera_interfaces/share/pylon_ros2_camera_interfaces/srv/SetWhiteBalance.srv\n'}
[0.560460] (pylon_ros2_camera_interfaces) StdoutLine: {'line': b'-- Up-to-date: /home/mcav/cam_dev_ws/install/pylon_ros2_camera_interfaces/share/pylon_ros2_camera_interfaces/srv/SetWhiteBalance_Request.msg\n'}
[0.560573] (pylon_ros2_camera_interfaces) StdoutLine: {'line': b'-- Up-to-date: /home/mcav/cam_dev_ws/install/pylon_ros2_camera_interfaces/share/pylon_ros2_camera_interfaces/srv/SetWhiteBalance_Response.msg\n'}
[0.560683] (pylon_ros2_camera_interfaces) StdoutLine: {'line': b'-- Up-to-date: /home/mcav/cam_dev_ws/install/pylon_ros2_camera_interfaces/share/pylon_ros2_camera_interfaces/srv/SetIntegerValue.srv\n'}
[0.560793] (pylon_ros2_camera_interfaces) StdoutLine: {'line': b'-- Up-to-date: /home/mcav/cam_dev_ws/install/pylon_ros2_camera_interfaces/share/pylon_ros2_camera_interfaces/srv/SetIntegerValue_Request.msg\n'}
[0.560939] (pylon_ros2_camera_interfaces) StdoutLine: {'line': b'-- Up-to-date: /home/mcav/cam_dev_ws/install/pylon_ros2_camera_interfaces/share/pylon_ros2_camera_interfaces/srv/SetIntegerValue_Response.msg\n'}
[0.561147] (pylon_ros2_camera_interfaces) StdoutLine: {'line': b'-- Up-to-date: /home/mcav/cam_dev_ws/install/pylon_ros2_camera_interfaces/share/pylon_ros2_camera_interfaces/srv/SetFloatValue.srv\n'}
[0.561284] (pylon_ros2_camera_interfaces) StdoutLine: {'line': b'-- Up-to-date: /home/mcav/cam_dev_ws/install/pylon_ros2_camera_interfaces/share/pylon_ros2_camera_interfaces/srv/SetFloatValue_Request.msg\n'}
[0.561461] (pylon_ros2_camera_interfaces) StdoutLine: {'line': b'-- Up-to-date: /home/mcav/cam_dev_ws/install/pylon_ros2_camera_interfaces/share/pylon_ros2_camera_interfaces/srv/SetFloatValue_Response.msg\n'}
[0.561612] (pylon_ros2_camera_interfaces) StdoutLine: {'line': b'-- Up-to-date: /home/mcav/cam_dev_ws/install/pylon_ros2_camera_interfaces/share/pylon_ros2_camera_interfaces/srv/SetStringValue.srv\n'}
[0.561724] (pylon_ros2_camera_interfaces) StdoutLine: {'line': b'-- Up-to-date: /home/mcav/cam_dev_ws/install/pylon_ros2_camera_interfaces/share/pylon_ros2_camera_interfaces/srv/SetStringValue_Request.msg\n'}
[0.561818] (pylon_ros2_camera_interfaces) StdoutLine: {'line': b'-- Up-to-date: /home/mcav/cam_dev_ws/install/pylon_ros2_camera_interfaces/share/pylon_ros2_camera_interfaces/srv/SetStringValue_Response.msg\n'}
[0.561929] (pylon_ros2_camera_interfaces) StdoutLine: {'line': b'-- Up-to-date: /home/mcav/cam_dev_ws/install/pylon_ros2_camera_interfaces/share/pylon_ros2_camera_interfaces/srv/SetActionTriggerConfiguration.srv\n'}
[0.562018] (pylon_ros2_camera_interfaces) StdoutLine: {'line': b'-- Up-to-date: /home/mcav/cam_dev_ws/install/pylon_ros2_camera_interfaces/share/pylon_ros2_camera_interfaces/srv/SetActionTriggerConfiguration_Request.msg\n'}
[0.562125] (pylon_ros2_camera_interfaces) StdoutLine: {'line': b'-- Up-to-date: /home/mcav/cam_dev_ws/install/pylon_ros2_camera_interfaces/share/pylon_ros2_camera_interfaces/srv/SetActionTriggerConfiguration_Response.msg\n'}
[0.562241] (pylon_ros2_camera_interfaces) StdoutLine: {'line': b'-- Up-to-date: /home/mcav/cam_dev_ws/install/pylon_ros2_camera_interfaces/share/pylon_ros2_camera_interfaces/srv/IssueActionCommand.srv\n'}
[0.562376] (pylon_ros2_camera_interfaces) StdoutLine: {'line': b'-- Up-to-date: /home/mcav/cam_dev_ws/install/pylon_ros2_camera_interfaces/share/pylon_ros2_camera_interfaces/srv/IssueActionCommand_Request.msg\n'}
[0.562525] (pylon_ros2_camera_interfaces) StdoutLine: {'line': b'-- Up-to-date: /home/mcav/cam_dev_ws/install/pylon_ros2_camera_interfaces/share/pylon_ros2_camera_interfaces/srv/IssueActionCommand_Response.msg\n'}
[0.562654] (pylon_ros2_camera_interfaces) StdoutLine: {'line': b'-- Up-to-date: /home/mcav/cam_dev_ws/install/pylon_ros2_camera_interfaces/share/pylon_ros2_camera_interfaces/srv/IssueScheduledActionCommand.srv\n'}
[0.562804] (pylon_ros2_camera_interfaces) StdoutLine: {'line': b'-- Up-to-date: /home/mcav/cam_dev_ws/install/pylon_ros2_camera_interfaces/share/pylon_ros2_camera_interfaces/srv/IssueScheduledActionCommand_Request.msg\n'}
[0.562943] (pylon_ros2_camera_interfaces) StdoutLine: {'line': b'-- Up-to-date: /home/mcav/cam_dev_ws/install/pylon_ros2_camera_interfaces/share/pylon_ros2_camera_interfaces/srv/IssueScheduledActionCommand_Response.msg\n'}
[0.563042] (pylon_ros2_camera_interfaces) StdoutLine: {'line': b'-- Up-to-date: /home/mcav/cam_dev_ws/install/pylon_ros2_camera_interfaces/share/pylon_ros2_camera_interfaces/action/GrabImages.action\n'}
[0.563131] (pylon_ros2_camera_interfaces) StdoutLine: {'line': b'-- Up-to-date: /home/mcav/cam_dev_ws/install/pylon_ros2_camera_interfaces/share/pylon_ros2_camera_interfaces/action/GrabBlazeData.action\n'}
[0.563282] (pylon_ros2_camera_interfaces) StdoutLine: {'line': b'-- Up-to-date: /home/mcav/cam_dev_ws/install/pylon_ros2_camera_interfaces/share/ament_index/resource_index/package_run_dependencies/pylon_ros2_camera_interfaces\n'}
[0.563415] (pylon_ros2_camera_interfaces) StdoutLine: {'line': b'-- Up-to-date: /home/mcav/cam_dev_ws/install/pylon_ros2_camera_interfaces/share/ament_index/resource_index/parent_prefix_path/pylon_ros2_camera_interfaces\n'}
[0.563523] (pylon_ros2_camera_interfaces) StdoutLine: {'line': b'-- Up-to-date: /home/mcav/cam_dev_ws/install/pylon_ros2_camera_interfaces/share/pylon_ros2_camera_interfaces/environment/ament_prefix_path.sh\n'}
[0.563626] (pylon_ros2_camera_interfaces) StdoutLine: {'line': b'-- Up-to-date: /home/mcav/cam_dev_ws/install/pylon_ros2_camera_interfaces/share/pylon_ros2_camera_interfaces/environment/ament_prefix_path.dsv\n'}
[0.563762] (pylon_ros2_camera_interfaces) StdoutLine: {'line': b'-- Up-to-date: /home/mcav/cam_dev_ws/install/pylon_ros2_camera_interfaces/share/pylon_ros2_camera_interfaces/environment/path.sh\n'}
[0.563865] (pylon_ros2_camera_interfaces) StdoutLine: {'line': b'-- Up-to-date: /home/mcav/cam_dev_ws/install/pylon_ros2_camera_interfaces/share/pylon_ros2_camera_interfaces/environment/path.dsv\n'}
[0.563962] (pylon_ros2_camera_interfaces) StdoutLine: {'line': b'-- Up-to-date: /home/mcav/cam_dev_ws/install/pylon_ros2_camera_interfaces/share/pylon_ros2_camera_interfaces/local_setup.bash\n'}
[0.564050] (pylon_ros2_camera_interfaces) StdoutLine: {'line': b'-- Up-to-date: /home/mcav/cam_dev_ws/install/pylon_ros2_camera_interfaces/share/pylon_ros2_camera_interfaces/local_setup.sh\n'}
[0.564194] (pylon_ros2_camera_interfaces) StdoutLine: {'line': b'-- Up-to-date: /home/mcav/cam_dev_ws/install/pylon_ros2_camera_interfaces/share/pylon_ros2_camera_interfaces/local_setup.zsh\n'}
[0.564374] (pylon_ros2_camera_interfaces) StdoutLine: {'line': b'-- Up-to-date: /home/mcav/cam_dev_ws/install/pylon_ros2_camera_interfaces/share/pylon_ros2_camera_interfaces/local_setup.dsv\n'}
[0.564507] (pylon_ros2_camera_interfaces) StdoutLine: {'line': b'-- Installing: /home/mcav/cam_dev_ws/install/pylon_ros2_camera_interfaces/share/pylon_ros2_camera_interfaces/package.dsv\n'}
[0.564720] (pylon_ros2_camera_interfaces) StdoutLine: {'line': b'-- Up-to-date: /home/mcav/cam_dev_ws/install/pylon_ros2_camera_interfaces/share/ament_index/resource_index/packages/pylon_ros2_camera_interfaces\n'}
[0.564975] (pylon_ros2_camera_interfaces) StdoutLine: {'line': b'-- Up-to-date: /home/mcav/cam_dev_ws/install/pylon_ros2_camera_interfaces/share/pylon_ros2_camera_interfaces/cmake/export_pylon_ros2_camera_interfaces__rosidl_generator_cExport.cmake\n'}
[0.565165] (pylon_ros2_camera_interfaces) StdoutLine: {'line': b'-- Up-to-date: /home/mcav/cam_dev_ws/install/pylon_ros2_camera_interfaces/share/pylon_ros2_camera_interfaces/cmake/export_pylon_ros2_camera_interfaces__rosidl_generator_cExport-noconfig.cmake\n'}
[0.565365] (pylon_ros2_camera_interfaces) StdoutLine: {'line': b'-- Up-to-date: /home/mcav/cam_dev_ws/install/pylon_ros2_camera_interfaces/share/pylon_ros2_camera_interfaces/cmake/export_pylon_ros2_camera_interfaces__rosidl_typesupport_fastrtps_cExport.cmake\n'}
[0.565523] (pylon_ros2_camera_interfaces) StdoutLine: {'line': b'-- Up-to-date: /home/mcav/cam_dev_ws/install/pylon_ros2_camera_interfaces/share/pylon_ros2_camera_interfaces/cmake/export_pylon_ros2_camera_interfaces__rosidl_typesupport_fastrtps_cExport-noconfig.cmake\n'}
[0.565703] (pylon_ros2_camera_interfaces) StdoutLine: {'line': b'-- Up-to-date: /home/mcav/cam_dev_ws/install/pylon_ros2_camera_interfaces/share/pylon_ros2_camera_interfaces/cmake/export_pylon_ros2_camera_interfaces__rosidl_generator_cppExport.cmake\n'}
[0.565858] (pylon_ros2_camera_interfaces) StdoutLine: {'line': b'-- Up-to-date: /home/mcav/cam_dev_ws/install/pylon_ros2_camera_interfaces/share/pylon_ros2_camera_interfaces/cmake/export_pylon_ros2_camera_interfaces__rosidl_typesupport_fastrtps_cppExport.cmake\n'}
[0.566026] (pylon_ros2_camera_interfaces) StdoutLine: {'line': b'-- Up-to-date: /home/mcav/cam_dev_ws/install/pylon_ros2_camera_interfaces/share/pylon_ros2_camera_interfaces/cmake/export_pylon_ros2_camera_interfaces__rosidl_typesupport_fastrtps_cppExport-noconfig.cmake\n'}
[0.566183] (pylon_ros2_camera_interfaces) StdoutLine: {'line': b'-- Up-to-date: /home/mcav/cam_dev_ws/install/pylon_ros2_camera_interfaces/share/pylon_ros2_camera_interfaces/cmake/pylon_ros2_camera_interfaces__rosidl_typesupport_introspection_cExport.cmake\n'}
[0.566305] (pylon_ros2_camera_interfaces) StdoutLine: {'line': b'-- Up-to-date: /home/mcav/cam_dev_ws/install/pylon_ros2_camera_interfaces/share/pylon_ros2_camera_interfaces/cmake/pylon_ros2_camera_interfaces__rosidl_typesupport_introspection_cExport-noconfig.cmake\n'}
[0.566456] (pylon_ros2_camera_interfaces) StdoutLine: {'line': b'-- Up-to-date: /home/mcav/cam_dev_ws/install/pylon_ros2_camera_interfaces/share/pylon_ros2_camera_interfaces/cmake/pylon_ros2_camera_interfaces__rosidl_typesupport_cExport.cmake\n'}
[0.566585] (pylon_ros2_camera_interfaces) StdoutLine: {'line': b'-- Up-to-date: /home/mcav/cam_dev_ws/install/pylon_ros2_camera_interfaces/share/pylon_ros2_camera_interfaces/cmake/pylon_ros2_camera_interfaces__rosidl_typesupport_cExport-noconfig.cmake\n'}
[0.566793] (pylon_ros2_camera_interfaces) StdoutLine: {'line': b'-- Up-to-date: /home/mcav/cam_dev_ws/install/pylon_ros2_camera_interfaces/share/pylon_ros2_camera_interfaces/cmake/pylon_ros2_camera_interfaces__rosidl_typesupport_introspection_cppExport.cmake\n'}
[0.566961] (pylon_ros2_camera_interfaces) StdoutLine: {'line': b'-- Up-to-date: /home/mcav/cam_dev_ws/install/pylon_ros2_camera_interfaces/share/pylon_ros2_camera_interfaces/cmake/pylon_ros2_camera_interfaces__rosidl_typesupport_introspection_cppExport-noconfig.cmake\n'}
[0.567159] (pylon_ros2_camera_interfaces) StdoutLine: {'line': b'-- Up-to-date: /home/mcav/cam_dev_ws/install/pylon_ros2_camera_interfaces/share/pylon_ros2_camera_interfaces/cmake/pylon_ros2_camera_interfaces__rosidl_typesupport_cppExport.cmake\n'}
[0.567299] (pylon_ros2_camera_interfaces) StdoutLine: {'line': b'-- Up-to-date: /home/mcav/cam_dev_ws/install/pylon_ros2_camera_interfaces/share/pylon_ros2_camera_interfaces/cmake/pylon_ros2_camera_interfaces__rosidl_typesupport_cppExport-noconfig.cmake\n'}
[0.567429] (pylon_ros2_camera_interfaces) StdoutLine: {'line': b'-- Up-to-date: /home/mcav/cam_dev_ws/install/pylon_ros2_camera_interfaces/share/pylon_ros2_camera_interfaces/cmake/export_pylon_ros2_camera_interfaces__rosidl_generator_pyExport.cmake\n'}
[0.567566] (pylon_ros2_camera_interfaces) StdoutLine: {'line': b'-- Up-to-date: /home/mcav/cam_dev_ws/install/pylon_ros2_camera_interfaces/share/pylon_ros2_camera_interfaces/cmake/export_pylon_ros2_camera_interfaces__rosidl_generator_pyExport-noconfig.cmake\n'}
[0.567688] (pylon_ros2_camera_interfaces) StdoutLine: {'line': b'-- Up-to-date: /home/mcav/cam_dev_ws/install/pylon_ros2_camera_interfaces/share/pylon_ros2_camera_interfaces/cmake/rosidl_cmake-extras.cmake\n'}
[0.567822] (pylon_ros2_camera_interfaces) StdoutLine: {'line': b'-- Up-to-date: /home/mcav/cam_dev_ws/install/pylon_ros2_camera_interfaces/share/pylon_ros2_camera_interfaces/cmake/ament_cmake_export_dependencies-extras.cmake\n'}
[0.567906] (pylon_ros2_camera_interfaces) StdoutLine: {'line': b'-- Up-to-date: /home/mcav/cam_dev_ws/install/pylon_ros2_camera_interfaces/share/pylon_ros2_camera_interfaces/cmake/ament_cmake_export_include_directories-extras.cmake\n'}
[0.568048] (pylon_ros2_camera_interfaces) StdoutLine: {'line': b'-- Up-to-date: /home/mcav/cam_dev_ws/install/pylon_ros2_camera_interfaces/share/pylon_ros2_camera_interfaces/cmake/ament_cmake_export_libraries-extras.cmake\n'}
[0.568228] (pylon_ros2_camera_interfaces) StdoutLine: {'line': b'-- Up-to-date: /home/mcav/cam_dev_ws/install/pylon_ros2_camera_interfaces/share/pylon_ros2_camera_interfaces/cmake/ament_cmake_export_targets-extras.cmake\n'}
[0.568377] (pylon_ros2_camera_interfaces) StdoutLine: {'line': b'-- Up-to-date: /home/mcav/cam_dev_ws/install/pylon_ros2_camera_interfaces/share/pylon_ros2_camera_interfaces/cmake/rosidl_cmake_export_typesupport_targets-extras.cmake\n'}
[0.568550] (pylon_ros2_camera_interfaces) StdoutLine: {'line': b'-- Up-to-date: /home/mcav/cam_dev_ws/install/pylon_ros2_camera_interfaces/share/pylon_ros2_camera_interfaces/cmake/rosidl_cmake_export_typesupport_libraries-extras.cmake\n'}
[0.568663] (pylon_ros2_camera_interfaces) StdoutLine: {'line': b'-- Up-to-date: /home/mcav/cam_dev_ws/install/pylon_ros2_camera_interfaces/share/pylon_ros2_camera_interfaces/cmake/rosidl_cmake_aggregate_target-extras.cmake\n'}
[0.568770] (pylon_ros2_camera_interfaces) StdoutLine: {'line': b'-- Up-to-date: /home/mcav/cam_dev_ws/install/pylon_ros2_camera_interfaces/share/pylon_ros2_camera_interfaces/cmake/pylon_ros2_camera_interfacesConfig.cmake\n'}
[0.568887] (pylon_ros2_camera_interfaces) StdoutLine: {'line': b'-- Up-to-date: /home/mcav/cam_dev_ws/install/pylon_ros2_camera_interfaces/share/pylon_ros2_camera_interfaces/cmake/pylon_ros2_camera_interfacesConfig-version.cmake\n'}
[0.569073] (pylon_ros2_camera_interfaces) StdoutLine: {'line': b'-- Up-to-date: /home/mcav/cam_dev_ws/install/pylon_ros2_camera_interfaces/share/pylon_ros2_camera_interfaces/package.xml\n'}
[0.571553] (pylon_ros2_camera_interfaces) CommandEnded: {'returncode': 0}
[0.596408] (pylon_ros2_camera_interfaces) JobEnded: {'identifier': 'pylon_ros2_camera_interfaces', 'rc': 0}
[0.597328] (pylon_ros2_camera_component) JobStarted: {'identifier': 'pylon_ros2_camera_component'}
[0.600349] (-) TimerEvent: {}
[0.606393] (pylon_ros2_camera_component) JobProgress: {'identifier': 'pylon_ros2_camera_component', 'progress': 'cmake'}
[0.607473] (pylon_ros2_camera_component) JobProgress: {'identifier': 'pylon_ros2_camera_component', 'progress': 'build'}
[0.608562] (pylon_ros2_camera_component) Command: {'cmd': ['/usr/local/bin/cmake', '--build', '/home/mcav/cam_dev_ws/build/pylon_ros2_camera_component', '--', '-j8', '-l8'], 'cwd': '/home/mcav/cam_dev_ws/build/pylon_ros2_camera_component', 'env': OrderedDict([('LESSOPEN', '| /usr/bin/lesspipe %s'), ('USER', 'mcav'), ('CCACHE_DIR', '/var/tmp/ccache'), ('XDG_SESSION_TYPE', 'x11'), ('SHLVL', '1'), ('LD_LIBRARY_PATH', '/home/mcav/cam_dev_ws/install/pylon_ros2_camera_interfaces/lib:/home/mcav/cam_dev_ws/install/pylon_ros2_camera_wrapper/lib:/home/mcav/cam_dev_ws/install/pylon_ros2_camera_component/lib:/usr/local/cuda/lib64:/usr/local/cuda/lib64:/opt/ros/humble/opt/rviz_ogre_vendor/lib:/opt/ros/humble/lib/x86_64-linux-gnu:/opt/ros/humble/lib'), ('HOME', '/home/mcav'), ('OLDPWD', '/home/mcav'), ('DESKTOP_SESSION', 'ubuntu'), ('ROS_PYTHON_VERSION', '3'), ('GNOME_SHELL_SESSION_MODE', 'ubuntu'), ('GTK_MODULES', 'gail:atk-bridge'), ('SYSTEMD_EXEC_PID', '1955'), ('DBUS_SESSION_BUS_ADDRESS', 'unix:path=/run/user/1000/bus'), ('COLORTERM', 'truecolor'), ('IM_CONFIG_PHASE', '1'), ('COLCON_PREFIX_PATH', '/home/mcav/cam_dev_ws/install'), ('ROS_DISTRO', 'humble'), ('GTK_IM_MODULE', 'ibus'), ('LOGNAME', 'mcav'), ('_', '/usr/bin/colcon'), ('ROS_VERSION', '2'), ('XDG_SESSION_CLASS', 'user'), ('USERNAME', 'mcav'), ('TERM', 'xterm-256color'), ('GNOME_DESKTOP_SESSION_ID', 'this-is-deprecated'), ('ROS_LOCALHOST_ONLY', '0'), ('WINDOWPATH', '2'), ('PATH', '/usr/local/cuda/bin:/usr/local/cuda/bin:/opt/ros/humble/bin:/home/mcav/.local/bin:/home/mcav/bin:/usr/local/sbin:/usr/local/bin:/usr/sbin:/usr/bin:/sbin:/bin:/usr/games:/usr/local/games:/snap/bin:/snap/bin:/home/mcav/.local/bin:/home/mcav/.local/bin'), ('SESSION_MANAGER', 'local/mcav:@/tmp/.ICE-unix/1927,unix/mcav:/tmp/.ICE-unix/1927'), ('XDG_MENU_PREFIX', 'gnome-'), ('GNOME_TERMINAL_SCREEN', '/org/gnome/Terminal/screen/330e1385_32d4_47b0_8129_9d64e7625cb6'), ('XDG_RUNTIME_DIR', '/run/user/1000'), ('DISPLAY', ':0'), ('LANG', 'en_US.UTF-8'), ('XDG_CURRENT_DESKTOP', 'ubuntu:GNOME'), ('RMW_IMPLEMENTATION', 'rmw_cyclonedds_cpp'), ('XMODIFIERS', '@im=ibus'), ('XDG_SESSION_DESKTOP', 'ubuntu'), ('XAUTHORITY', '/run/user/1000/gdm/Xauthority'), ('LS_COLORS', 'rs=0:di=01;34:ln=01;36:mh=00:pi=40;33:so=01;35:do=01;35:bd=40;33;01:cd=40;33;01:or=40;31;01:mi=00:su=37;41:sg=30;43:ca=30;41:tw=30;42:ow=34;42:st=37;44:ex=01;32:*.tar=01;31:*.tgz=01;31:*.arc=01;31:*.arj=01;31:*.taz=01;31:*.lha=01;31:*.lz4=01;31:*.lzh=01;31:*.lzma=01;31:*.tlz=01;31:*.txz=01;31:*.tzo=01;31:*.t7z=01;31:*.zip=01;31:*.z=01;31:*.dz=01;31:*.gz=01;31:*.lrz=01;31:*.lz=01;31:*.lzo=01;31:*.xz=01;31:*.zst=01;31:*.tzst=01;31:*.bz2=01;31:*.bz=01;31:*.tbz=01;31:*.tbz2=01;31:*.tz=01;31:*.deb=01;31:*.rpm=01;31:*.jar=01;31:*.war=01;31:*.ear=01;31:*.sar=01;31:*.rar=01;31:*.alz=01;31:*.ace=01;31:*.zoo=01;31:*.cpio=01;31:*.7z=01;31:*.rz=01;31:*.cab=01;31:*.wim=01;31:*.swm=01;31:*.dwm=01;31:*.esd=01;31:*.jpg=01;35:*.jpeg=01;35:*.mjpg=01;35:*.mjpeg=01;35:*.gif=01;35:*.bmp=01;35:*.pbm=01;35:*.pgm=01;35:*.ppm=01;35:*.tga=01;35:*.xbm=01;35:*.xpm=01;35:*.tif=01;35:*.tiff=01;35:*.png=01;35:*.svg=01;35:*.svgz=01;35:*.mng=01;35:*.pcx=01;35:*.mov=01;35:*.mpg=01;35:*.mpeg=01;35:*.m2v=01;35:*.mkv=01;35:*.webm=01;35:*.webp=01;35:*.ogm=01;35:*.mp4=01;35:*.m4v=01;35:*.mp4v=01;35:*.vob=01;35:*.qt=01;35:*.nuv=01;35:*.wmv=01;35:*.asf=01;35:*.rm=01;35:*.rmvb=01;35:*.flc=01;35:*.avi=01;35:*.fli=01;35:*.flv=01;35:*.gl=01;35:*.dl=01;35:*.xcf=01;35:*.xwd=01;35:*.yuv=01;35:*.cgm=01;35:*.emf=01;35:*.ogv=01;35:*.ogx=01;35:*.aac=00;36:*.au=00;36:*.flac=00;36:*.m4a=00;36:*.mid=00;36:*.midi=00;36:*.mka=00;36:*.mp3=00;36:*.mpc=00;36:*.ogg=00;36:*.ra=00;36:*.wav=00;36:*.oga=00;36:*.opus=00;36:*.spx=00;36:*.xspf=00;36:'), ('GNOME_TERMINAL_SERVICE', ':1.113'), ('SSH_AGENT_LAUNCHER', 'gnome-keyring'), ('SSH_AUTH_SOCK', '/run/user/1000/keyring/ssh'), ('AMENT_PREFIX_PATH', '/home/mcav/cam_dev_ws/install/pylon_ros2_camera_wrapper:/home/mcav/cam_dev_ws/install/pylon_ros2_camera_component:/home/mcav/cam_dev_ws/install/pylon_ros2_camera_interfaces:/opt/ros/humble'), ('SHELL', '/bin/bash'), ('QT_ACCESSIBILITY', '1'), ('CXX', '/usr/lib/ccache/g++'), ('GDMSESSION', 'ubuntu'), ('LESSCLOSE', '/usr/bin/lesspipe %s %s'), ('GPG_AGENT_INFO', '/run/user/1000/gnupg/S.gpg-agent:0:1'), ('QT_IM_MODULE', 'ibus'), ('PWD', '/home/mcav/cam_dev_ws/build/pylon_ros2_camera_component'), ('LC_ALL', 'en_US.UTF-8'), ('XDG_CONFIG_DIRS', '/etc/xdg/xdg-ubuntu:/etc/xdg'), ('PYLON_ROOT', '/opt/pylon'), ('XDG_DATA_DIRS', '/usr/share/ubuntu:/usr/share/gnome:/usr/local/share/:/usr/share/:/var/lib/snapd/desktop'), ('PYTHONPATH', '/home/mcav/cam_dev_ws/install/pylon_ros2_camera_interfaces/local/lib/python3.10/dist-packages:/opt/ros/humble/lib/python3.10/site-packages:/opt/ros/humble/local/lib/python3.10/dist-packages'), ('CC', '/usr/lib/ccache/gcc'), ('COLCON', '1'), ('GENICAM_GENTL64_PATH', ':/opt/pylon/lib/gentlproducer/gtl:/opt/pylon/lib/pylonCXP/bin/'), ('VTE_VERSION', '6800'), ('CMAKE_PREFIX_PATH', '/home/mcav/cam_dev_ws/install/pylon_ros2_camera_interfaces:/home/mcav/cam_dev_ws/install/pylon_ros2_camera_wrapper:/home/mcav/cam_dev_ws/install/pylon_ros2_camera_component:/opt/ros/humble')]), 'shell': False}
[0.644556] (pylon_ros2_camera_component) StdoutLine: {'line': b'[ 20%] Built target ip_auto_config\n'}
[0.646276] (pylon_ros2_camera_component) StdoutLine: {'line': b'[ 40%] Built target set_device_user_id\n'}
[0.663208] (pylon_ros2_camera_component) StdoutLine: {'line': b'[100%] Built target pylon_ros2_camera_component\n'}
[0.668171] (pylon_ros2_camera_component) CommandEnded: {'returncode': 0}
[0.668786] (pylon_ros2_camera_component) JobProgress: {'identifier': 'pylon_ros2_camera_component', 'progress': 'install'}
[0.669911] (pylon_ros2_camera_component) Command: {'cmd': ['/usr/local/bin/cmake', '--install', '/home/mcav/cam_dev_ws/build/pylon_ros2_camera_component'], 'cwd': '/home/mcav/cam_dev_ws/build/pylon_ros2_camera_component', 'env': OrderedDict([('LESSOPEN', '| /usr/bin/lesspipe %s'), ('USER', 'mcav'), ('CCACHE_DIR', '/var/tmp/ccache'), ('XDG_SESSION_TYPE', 'x11'), ('SHLVL', '1'), ('LD_LIBRARY_PATH', '/home/mcav/cam_dev_ws/install/pylon_ros2_camera_interfaces/lib:/home/mcav/cam_dev_ws/install/pylon_ros2_camera_wrapper/lib:/home/mcav/cam_dev_ws/install/pylon_ros2_camera_component/lib:/usr/local/cuda/lib64:/usr/local/cuda/lib64:/opt/ros/humble/opt/rviz_ogre_vendor/lib:/opt/ros/humble/lib/x86_64-linux-gnu:/opt/ros/humble/lib'), ('HOME', '/home/mcav'), ('OLDPWD', '/home/mcav'), ('DESKTOP_SESSION', 'ubuntu'), ('ROS_PYTHON_VERSION', '3'), ('GNOME_SHELL_SESSION_MODE', 'ubuntu'), ('GTK_MODULES', 'gail:atk-bridge'), ('SYSTEMD_EXEC_PID', '1955'), ('DBUS_SESSION_BUS_ADDRESS', 'unix:path=/run/user/1000/bus'), ('COLORTERM', 'truecolor'), ('IM_CONFIG_PHASE', '1'), ('COLCON_PREFIX_PATH', '/home/mcav/cam_dev_ws/install'), ('ROS_DISTRO', 'humble'), ('GTK_IM_MODULE', 'ibus'), ('LOGNAME', 'mcav'), ('_', '/usr/bin/colcon'), ('ROS_VERSION', '2'), ('XDG_SESSION_CLASS', 'user'), ('USERNAME', 'mcav'), ('TERM', 'xterm-256color'), ('GNOME_DESKTOP_SESSION_ID', 'this-is-deprecated'), ('ROS_LOCALHOST_ONLY', '0'), ('WINDOWPATH', '2'), ('PATH', '/usr/local/cuda/bin:/usr/local/cuda/bin:/opt/ros/humble/bin:/home/mcav/.local/bin:/home/mcav/bin:/usr/local/sbin:/usr/local/bin:/usr/sbin:/usr/bin:/sbin:/bin:/usr/games:/usr/local/games:/snap/bin:/snap/bin:/home/mcav/.local/bin:/home/mcav/.local/bin'), ('SESSION_MANAGER', 'local/mcav:@/tmp/.ICE-unix/1927,unix/mcav:/tmp/.ICE-unix/1927'), ('XDG_MENU_PREFIX', 'gnome-'), ('GNOME_TERMINAL_SCREEN', '/org/gnome/Terminal/screen/330e1385_32d4_47b0_8129_9d64e7625cb6'), ('XDG_RUNTIME_DIR', '/run/user/1000'), ('DISPLAY', ':0'), ('LANG', 'en_US.UTF-8'), ('XDG_CURRENT_DESKTOP', 'ubuntu:GNOME'), ('RMW_IMPLEMENTATION', 'rmw_cyclonedds_cpp'), ('XMODIFIERS', '@im=ibus'), ('XDG_SESSION_DESKTOP', 'ubuntu'), ('XAUTHORITY', '/run/user/1000/gdm/Xauthority'), ('LS_COLORS', 'rs=0:di=01;34:ln=01;36:mh=00:pi=40;33:so=01;35:do=01;35:bd=40;33;01:cd=40;33;01:or=40;31;01:mi=00:su=37;41:sg=30;43:ca=30;41:tw=30;42:ow=34;42:st=37;44:ex=01;32:*.tar=01;31:*.tgz=01;31:*.arc=01;31:*.arj=01;31:*.taz=01;31:*.lha=01;31:*.lz4=01;31:*.lzh=01;31:*.lzma=01;31:*.tlz=01;31:*.txz=01;31:*.tzo=01;31:*.t7z=01;31:*.zip=01;31:*.z=01;31:*.dz=01;31:*.gz=01;31:*.lrz=01;31:*.lz=01;31:*.lzo=01;31:*.xz=01;31:*.zst=01;31:*.tzst=01;31:*.bz2=01;31:*.bz=01;31:*.tbz=01;31:*.tbz2=01;31:*.tz=01;31:*.deb=01;31:*.rpm=01;31:*.jar=01;31:*.war=01;31:*.ear=01;31:*.sar=01;31:*.rar=01;31:*.alz=01;31:*.ace=01;31:*.zoo=01;31:*.cpio=01;31:*.7z=01;31:*.rz=01;31:*.cab=01;31:*.wim=01;31:*.swm=01;31:*.dwm=01;31:*.esd=01;31:*.jpg=01;35:*.jpeg=01;35:*.mjpg=01;35:*.mjpeg=01;35:*.gif=01;35:*.bmp=01;35:*.pbm=01;35:*.pgm=01;35:*.ppm=01;35:*.tga=01;35:*.xbm=01;35:*.xpm=01;35:*.tif=01;35:*.tiff=01;35:*.png=01;35:*.svg=01;35:*.svgz=01;35:*.mng=01;35:*.pcx=01;35:*.mov=01;35:*.mpg=01;35:*.mpeg=01;35:*.m2v=01;35:*.mkv=01;35:*.webm=01;35:*.webp=01;35:*.ogm=01;35:*.mp4=01;35:*.m4v=01;35:*.mp4v=01;35:*.vob=01;35:*.qt=01;35:*.nuv=01;35:*.wmv=01;35:*.asf=01;35:*.rm=01;35:*.rmvb=01;35:*.flc=01;35:*.avi=01;35:*.fli=01;35:*.flv=01;35:*.gl=01;35:*.dl=01;35:*.xcf=01;35:*.xwd=01;35:*.yuv=01;35:*.cgm=01;35:*.emf=01;35:*.ogv=01;35:*.ogx=01;35:*.aac=00;36:*.au=00;36:*.flac=00;36:*.m4a=00;36:*.mid=00;36:*.midi=00;36:*.mka=00;36:*.mp3=00;36:*.mpc=00;36:*.ogg=00;36:*.ra=00;36:*.wav=00;36:*.oga=00;36:*.opus=00;36:*.spx=00;36:*.xspf=00;36:'), ('GNOME_TERMINAL_SERVICE', ':1.113'), ('SSH_AGENT_LAUNCHER', 'gnome-keyring'), ('SSH_AUTH_SOCK', '/run/user/1000/keyring/ssh'), ('AMENT_PREFIX_PATH', '/home/mcav/cam_dev_ws/install/pylon_ros2_camera_wrapper:/home/mcav/cam_dev_ws/install/pylon_ros2_camera_component:/home/mcav/cam_dev_ws/install/pylon_ros2_camera_interfaces:/opt/ros/humble'), ('SHELL', '/bin/bash'), ('QT_ACCESSIBILITY', '1'), ('CXX', '/usr/lib/ccache/g++'), ('GDMSESSION', 'ubuntu'), ('LESSCLOSE', '/usr/bin/lesspipe %s %s'), ('GPG_AGENT_INFO', '/run/user/1000/gnupg/S.gpg-agent:0:1'), ('QT_IM_MODULE', 'ibus'), ('PWD', '/home/mcav/cam_dev_ws/build/pylon_ros2_camera_component'), ('LC_ALL', 'en_US.UTF-8'), ('XDG_CONFIG_DIRS', '/etc/xdg/xdg-ubuntu:/etc/xdg'), ('PYLON_ROOT', '/opt/pylon'), ('XDG_DATA_DIRS', '/usr/share/ubuntu:/usr/share/gnome:/usr/local/share/:/usr/share/:/var/lib/snapd/desktop'), ('PYTHONPATH', '/home/mcav/cam_dev_ws/install/pylon_ros2_camera_interfaces/local/lib/python3.10/dist-packages:/opt/ros/humble/lib/python3.10/site-packages:/opt/ros/humble/local/lib/python3.10/dist-packages'), ('CC', '/usr/lib/ccache/gcc'), ('COLCON', '1'), ('GENICAM_GENTL64_PATH', ':/opt/pylon/lib/gentlproducer/gtl:/opt/pylon/lib/pylonCXP/bin/'), ('VTE_VERSION', '6800'), ('CMAKE_PREFIX_PATH', '/home/mcav/cam_dev_ws/install/pylon_ros2_camera_interfaces:/home/mcav/cam_dev_ws/install/pylon_ros2_camera_wrapper:/home/mcav/cam_dev_ws/install/pylon_ros2_camera_component:/opt/ros/humble')]), 'shell': False}
[0.672642] (pylon_ros2_camera_component) StdoutLine: {'line': b'-- Install configuration: "Release"\n'}
[0.672930] (pylon_ros2_camera_component) StdoutLine: {'line': b'-- Up-to-date: /home/mcav/cam_dev_ws/install/pylon_ros2_camera_component/lib/libpylon_ros2_camera_component.so\n'}
[0.673647] (pylon_ros2_camera_component) StdoutLine: {'line': b'-- Up-to-date: /home/mcav/cam_dev_ws/install/pylon_ros2_camera_component/lib/pylon_ros2_camera_component/ip_auto_config\n'}
[0.674151] (pylon_ros2_camera_component) StdoutLine: {'line': b'-- Up-to-date: /home/mcav/cam_dev_ws/install/pylon_ros2_camera_component/lib/pylon_ros2_camera_component/set_device_user_id\n'}
[0.674513] (pylon_ros2_camera_component) StdoutLine: {'line': b'-- Up-to-date: /home/mcav/cam_dev_ws/install/pylon_ros2_camera_component/include/pylon_ros2_camera_component/\n'}
[0.674809] (pylon_ros2_camera_component) StdoutLine: {'line': b'-- Up-to-date: /home/mcav/cam_dev_ws/install/pylon_ros2_camera_component/include/pylon_ros2_camera_component//pylon_ros2_camera_node.hpp\n'}
[0.675088] (pylon_ros2_camera_component) StdoutLine: {'line': b'-- Up-to-date: /home/mcav/cam_dev_ws/install/pylon_ros2_camera_component/include/pylon_ros2_camera_component//pylon_ros2_camera_parameter.hpp\n'}
[0.675257] (pylon_ros2_camera_component) StdoutLine: {'line': b'-- Up-to-date: /home/mcav/cam_dev_ws/install/pylon_ros2_camera_component/include/pylon_ros2_camera_component//visibility_control.hpp\n'}
[0.675390] (pylon_ros2_camera_component) StdoutLine: {'line': b'-- Up-to-date: /home/mcav/cam_dev_ws/install/pylon_ros2_camera_component/include/pylon_ros2_camera_component//binary_exposure_search.hpp\n'}
[0.675502] (pylon_ros2_camera_component) StdoutLine: {'line': b'-- Up-to-date: /home/mcav/cam_dev_ws/install/pylon_ros2_camera_component/include/pylon_ros2_camera_component//pylon_ros2_camera.hpp\n'}
[0.675569] (pylon_ros2_camera_component) StdoutLine: {'line': b'-- Up-to-date: /home/mcav/cam_dev_ws/install/pylon_ros2_camera_component/include/pylon_ros2_camera_component//encoding_conversions.hpp\n'}
[0.675634] (pylon_ros2_camera_component) StdoutLine: {'line': b'-- Up-to-date: /home/mcav/cam_dev_ws/install/pylon_ros2_camera_component/share/pylon_ros2_camera_component/environment/library_path.sh\n'}
[0.675729] (pylon_ros2_camera_component) StdoutLine: {'line': b'-- Up-to-date: /home/mcav/cam_dev_ws/install/pylon_ros2_camera_component/share/pylon_ros2_camera_component/environment/library_path.dsv\n'}
[0.675839] (pylon_ros2_camera_component) StdoutLine: {'line': b'-- Up-to-date: /home/mcav/cam_dev_ws/install/pylon_ros2_camera_component/share/ament_index/resource_index/package_run_dependencies/pylon_ros2_camera_component\n'}
[0.675944] (pylon_ros2_camera_component) StdoutLine: {'line': b'-- Up-to-date: /home/mcav/cam_dev_ws/install/pylon_ros2_camera_component/share/ament_index/resource_index/parent_prefix_path/pylon_ros2_camera_component\n'}
[0.676041] (pylon_ros2_camera_component) StdoutLine: {'line': b'-- Up-to-date: /home/mcav/cam_dev_ws/install/pylon_ros2_camera_component/share/pylon_ros2_camera_component/environment/ament_prefix_path.sh\n'}
[0.676106] (pylon_ros2_camera_component) StdoutLine: {'line': b'-- Up-to-date: /home/mcav/cam_dev_ws/install/pylon_ros2_camera_component/share/pylon_ros2_camera_component/environment/ament_prefix_path.dsv\n'}
[0.676169] (pylon_ros2_camera_component) StdoutLine: {'line': b'-- Up-to-date: /home/mcav/cam_dev_ws/install/pylon_ros2_camera_component/share/pylon_ros2_camera_component/environment/path.sh\n'}
[0.676232] (pylon_ros2_camera_component) StdoutLine: {'line': b'-- Up-to-date: /home/mcav/cam_dev_ws/install/pylon_ros2_camera_component/share/pylon_ros2_camera_component/environment/path.dsv\n'}
[0.676294] (pylon_ros2_camera_component) StdoutLine: {'line': b'-- Up-to-date: /home/mcav/cam_dev_ws/install/pylon_ros2_camera_component/share/pylon_ros2_camera_component/local_setup.bash\n'}
[0.676357] (pylon_ros2_camera_component) StdoutLine: {'line': b'-- Up-to-date: /home/mcav/cam_dev_ws/install/pylon_ros2_camera_component/share/pylon_ros2_camera_component/local_setup.sh\n'}
[0.676420] (pylon_ros2_camera_component) StdoutLine: {'line': b'-- Up-to-date: /home/mcav/cam_dev_ws/install/pylon_ros2_camera_component/share/pylon_ros2_camera_component/local_setup.zsh\n'}
[0.676482] (pylon_ros2_camera_component) StdoutLine: {'line': b'-- Up-to-date: /home/mcav/cam_dev_ws/install/pylon_ros2_camera_component/share/pylon_ros2_camera_component/local_setup.dsv\n'}
[0.676545] (pylon_ros2_camera_component) StdoutLine: {'line': b'-- Installing: /home/mcav/cam_dev_ws/install/pylon_ros2_camera_component/share/pylon_ros2_camera_component/package.dsv\n'}
[0.676607] (pylon_ros2_camera_component) StdoutLine: {'line': b'-- Up-to-date: /home/mcav/cam_dev_ws/install/pylon_ros2_camera_component/share/ament_index/resource_index/packages/pylon_ros2_camera_component\n'}
[0.676801] (pylon_ros2_camera_component) StdoutLine: {'line': b'-- Up-to-date: /home/mcav/cam_dev_ws/install/pylon_ros2_camera_component/share/ament_index/resource_index/rclcpp_components/pylon_ros2_camera_component\n'}
[0.677398] (pylon_ros2_camera_component) StdoutLine: {'line': b'-- Up-to-date: /home/mcav/cam_dev_ws/install/pylon_ros2_camera_component/share/pylon_ros2_camera_component/cmake/ament_cmake_export_include_directories-extras.cmake\n'}
[0.678714] (pylon_ros2_camera_component) StdoutLine: {'line': b'-- Up-to-date: /home/mcav/cam_dev_ws/install/pylon_ros2_camera_component/share/pylon_ros2_camera_component/cmake/ament_cmake_export_libraries-extras.cmake\n'}
[0.678844] (pylon_ros2_camera_component) StdoutLine: {'line': b'-- Up-to-date: /home/mcav/cam_dev_ws/install/pylon_ros2_camera_component/share/pylon_ros2_camera_component/cmake/ament_cmake_export_dependencies-extras.cmake\n'}
[0.678999] (pylon_ros2_camera_component) StdoutLine: {'line': b'-- Up-to-date: /home/mcav/cam_dev_ws/install/pylon_ros2_camera_component/share/pylon_ros2_camera_component/cmake/pylon_ros2_camera_componentConfig.cmake\n'}
[0.679194] (pylon_ros2_camera_component) StdoutLine: {'line': b'-- Up-to-date: /home/mcav/cam_dev_ws/install/pylon_ros2_camera_component/share/pylon_ros2_camera_component/cmake/pylon_ros2_camera_componentConfig-version.cmake\n'}
[0.679452] (pylon_ros2_camera_component) StdoutLine: {'line': b'-- Up-to-date: /home/mcav/cam_dev_ws/install/pylon_ros2_camera_component/share/pylon_ros2_camera_component/package.xml\n'}
[0.679562] (pylon_ros2_camera_component) CommandEnded: {'returncode': 0}
[0.697908] (pylon_ros2_camera_component) JobEnded: {'identifier': 'pylon_ros2_camera_component', 'rc': 0}
[0.698666] (pylon_ros2_camera_wrapper) JobStarted: {'identifier': 'pylon_ros2_camera_wrapper'}
[0.700485] (-) TimerEvent: {}
[0.710912] (pylon_ros2_camera_wrapper) JobProgress: {'identifier': 'pylon_ros2_camera_wrapper', 'progress': 'cmake'}
[0.712337] (pylon_ros2_camera_wrapper) JobProgress: {'identifier': 'pylon_ros2_camera_wrapper', 'progress': 'build'}
[0.714039] (pylon_ros2_camera_wrapper) Command: {'cmd': ['/usr/local/bin/cmake', '--build', '/home/mcav/cam_dev_ws/build/pylon_ros2_camera_wrapper', '--', '-j8', '-l8'], 'cwd': '/home/mcav/cam_dev_ws/build/pylon_ros2_camera_wrapper', 'env': OrderedDict([('LESSOPEN', '| /usr/bin/lesspipe %s'), ('USER', 'mcav'), ('CCACHE_DIR', '/var/tmp/ccache'), ('XDG_SESSION_TYPE', 'x11'), ('SHLVL', '1'), ('LD_LIBRARY_PATH', '/home/mcav/cam_dev_ws/install/pylon_ros2_camera_component/lib:/home/mcav/cam_dev_ws/install/pylon_ros2_camera_interfaces/lib:/home/mcav/cam_dev_ws/install/pylon_ros2_camera_wrapper/lib:/usr/local/cuda/lib64:/usr/local/cuda/lib64:/opt/ros/humble/opt/rviz_ogre_vendor/lib:/opt/ros/humble/lib/x86_64-linux-gnu:/opt/ros/humble/lib'), ('HOME', '/home/mcav'), ('OLDPWD', '/home/mcav'), ('DESKTOP_SESSION', 'ubuntu'), ('ROS_PYTHON_VERSION', '3'), ('GNOME_SHELL_SESSION_MODE', 'ubuntu'), ('GTK_MODULES', 'gail:atk-bridge'), ('SYSTEMD_EXEC_PID', '1955'), ('DBUS_SESSION_BUS_ADDRESS', 'unix:path=/run/user/1000/bus'), ('COLORTERM', 'truecolor'), ('IM_CONFIG_PHASE', '1'), ('COLCON_PREFIX_PATH', '/home/mcav/cam_dev_ws/install'), ('ROS_DISTRO', 'humble'), ('GTK_IM_MODULE', 'ibus'), ('LOGNAME', 'mcav'), ('_', '/usr/bin/colcon'), ('ROS_VERSION', '2'), ('XDG_SESSION_CLASS', 'user'), ('USERNAME', 'mcav'), ('TERM', 'xterm-256color'), ('GNOME_DESKTOP_SESSION_ID', 'this-is-deprecated'), ('ROS_LOCALHOST_ONLY', '0'), ('WINDOWPATH', '2'), ('PATH', '/usr/local/cuda/bin:/usr/local/cuda/bin:/opt/ros/humble/bin:/home/mcav/.local/bin:/home/mcav/bin:/usr/local/sbin:/usr/local/bin:/usr/sbin:/usr/bin:/sbin:/bin:/usr/games:/usr/local/games:/snap/bin:/snap/bin:/home/mcav/.local/bin:/home/mcav/.local/bin'), ('SESSION_MANAGER', 'local/mcav:@/tmp/.ICE-unix/1927,unix/mcav:/tmp/.ICE-unix/1927'), ('XDG_MENU_PREFIX', 'gnome-'), ('GNOME_TERMINAL_SCREEN', '/org/gnome/Terminal/screen/330e1385_32d4_47b0_8129_9d64e7625cb6'), ('XDG_RUNTIME_DIR', '/run/user/1000'), ('DISPLAY', ':0'), ('LANG', 'en_US.UTF-8'), ('XDG_CURRENT_DESKTOP', 'ubuntu:GNOME'), ('RMW_IMPLEMENTATION', 'rmw_cyclonedds_cpp'), ('XMODIFIERS', '@im=ibus'), ('XDG_SESSION_DESKTOP', 'ubuntu'), ('XAUTHORITY', '/run/user/1000/gdm/Xauthority'), ('LS_COLORS', 'rs=0:di=01;34:ln=01;36:mh=00:pi=40;33:so=01;35:do=01;35:bd=40;33;01:cd=40;33;01:or=40;31;01:mi=00:su=37;41:sg=30;43:ca=30;41:tw=30;42:ow=34;42:st=37;44:ex=01;32:*.tar=01;31:*.tgz=01;31:*.arc=01;31:*.arj=01;31:*.taz=01;31:*.lha=01;31:*.lz4=01;31:*.lzh=01;31:*.lzma=01;31:*.tlz=01;31:*.txz=01;31:*.tzo=01;31:*.t7z=01;31:*.zip=01;31:*.z=01;31:*.dz=01;31:*.gz=01;31:*.lrz=01;31:*.lz=01;31:*.lzo=01;31:*.xz=01;31:*.zst=01;31:*.tzst=01;31:*.bz2=01;31:*.bz=01;31:*.tbz=01;31:*.tbz2=01;31:*.tz=01;31:*.deb=01;31:*.rpm=01;31:*.jar=01;31:*.war=01;31:*.ear=01;31:*.sar=01;31:*.rar=01;31:*.alz=01;31:*.ace=01;31:*.zoo=01;31:*.cpio=01;31:*.7z=01;31:*.rz=01;31:*.cab=01;31:*.wim=01;31:*.swm=01;31:*.dwm=01;31:*.esd=01;31:*.jpg=01;35:*.jpeg=01;35:*.mjpg=01;35:*.mjpeg=01;35:*.gif=01;35:*.bmp=01;35:*.pbm=01;35:*.pgm=01;35:*.ppm=01;35:*.tga=01;35:*.xbm=01;35:*.xpm=01;35:*.tif=01;35:*.tiff=01;35:*.png=01;35:*.svg=01;35:*.svgz=01;35:*.mng=01;35:*.pcx=01;35:*.mov=01;35:*.mpg=01;35:*.mpeg=01;35:*.m2v=01;35:*.mkv=01;35:*.webm=01;35:*.webp=01;35:*.ogm=01;35:*.mp4=01;35:*.m4v=01;35:*.mp4v=01;35:*.vob=01;35:*.qt=01;35:*.nuv=01;35:*.wmv=01;35:*.asf=01;35:*.rm=01;35:*.rmvb=01;35:*.flc=01;35:*.avi=01;35:*.fli=01;35:*.flv=01;35:*.gl=01;35:*.dl=01;35:*.xcf=01;35:*.xwd=01;35:*.yuv=01;35:*.cgm=01;35:*.emf=01;35:*.ogv=01;35:*.ogx=01;35:*.aac=00;36:*.au=00;36:*.flac=00;36:*.m4a=00;36:*.mid=00;36:*.midi=00;36:*.mka=00;36:*.mp3=00;36:*.mpc=00;36:*.ogg=00;36:*.ra=00;36:*.wav=00;36:*.oga=00;36:*.opus=00;36:*.spx=00;36:*.xspf=00;36:'), ('GNOME_TERMINAL_SERVICE', ':1.113'), ('SSH_AGENT_LAUNCHER', 'gnome-keyring'), ('SSH_AUTH_SOCK', '/run/user/1000/keyring/ssh'), ('AMENT_PREFIX_PATH', '/home/mcav/cam_dev_ws/install/pylon_ros2_camera_wrapper:/home/mcav/cam_dev_ws/install/pylon_ros2_camera_component:/home/mcav/cam_dev_ws/install/pylon_ros2_camera_interfaces:/opt/ros/humble'), ('SHELL', '/bin/bash'), ('QT_ACCESSIBILITY', '1'), ('CXX', '/usr/lib/ccache/g++'), ('GDMSESSION', 'ubuntu'), ('LESSCLOSE', '/usr/bin/lesspipe %s %s'), ('GPG_AGENT_INFO', '/run/user/1000/gnupg/S.gpg-agent:0:1'), ('QT_IM_MODULE', 'ibus'), ('PWD', '/home/mcav/cam_dev_ws/build/pylon_ros2_camera_wrapper'), ('LC_ALL', 'en_US.UTF-8'), ('XDG_CONFIG_DIRS', '/etc/xdg/xdg-ubuntu:/etc/xdg'), ('PYLON_ROOT', '/opt/pylon'), ('XDG_DATA_DIRS', '/usr/share/ubuntu:/usr/share/gnome:/usr/local/share/:/usr/share/:/var/lib/snapd/desktop'), ('PYTHONPATH', '/home/mcav/cam_dev_ws/install/pylon_ros2_camera_interfaces/local/lib/python3.10/dist-packages:/opt/ros/humble/lib/python3.10/site-packages:/opt/ros/humble/local/lib/python3.10/dist-packages'), ('CC', '/usr/lib/ccache/gcc'), ('COLCON', '1'), ('GENICAM_GENTL64_PATH', ':/opt/pylon/lib/gentlproducer/gtl:/opt/pylon/lib/pylonCXP/bin/'), ('VTE_VERSION', '6800'), ('CMAKE_PREFIX_PATH', '/home/mcav/cam_dev_ws/install/pylon_ros2_camera_component:/home/mcav/cam_dev_ws/install/pylon_ros2_camera_interfaces:/home/mcav/cam_dev_ws/install/pylon_ros2_camera_wrapper:/opt/ros/humble')]), 'shell': False}
[0.754231] (pylon_ros2_camera_wrapper) StdoutLine: {'line': b'[ 20%] Built target test_grab_image_action_client\n'}
[0.755486] (pylon_ros2_camera_wrapper) StdoutLine: {'line': b'[ 40%] Built target test_grab_blaze_data_action_client\n'}
[0.762739] (pylon_ros2_camera_wrapper) StdoutLine: {'line': b'[ 60%] Built target pylon_ros2_camera_wrapper\n'}
[0.763177] (pylon_ros2_camera_wrapper) StdoutLine: {'line': b'[ 80%] Built target action_client_test_grab_blaze_data\n'}
[0.763799] (pylon_ros2_camera_wrapper) StdoutLine: {'line': b'[100%] Built target action_client_test_grab_images\n'}
[0.769001] (pylon_ros2_camera_wrapper) CommandEnded: {'returncode': 0}
[0.769730] (pylon_ros2_camera_wrapper) JobProgress: {'identifier': 'pylon_ros2_camera_wrapper', 'progress': 'install'}
[0.770263] (pylon_ros2_camera_wrapper) Command: {'cmd': ['/usr/local/bin/cmake', '--install', '/home/mcav/cam_dev_ws/build/pylon_ros2_camera_wrapper'], 'cwd': '/home/mcav/cam_dev_ws/build/pylon_ros2_camera_wrapper', 'env': OrderedDict([('LESSOPEN', '| /usr/bin/lesspipe %s'), ('USER', 'mcav'), ('CCACHE_DIR', '/var/tmp/ccache'), ('XDG_SESSION_TYPE', 'x11'), ('SHLVL', '1'), ('LD_LIBRARY_PATH', '/home/mcav/cam_dev_ws/install/pylon_ros2_camera_component/lib:/home/mcav/cam_dev_ws/install/pylon_ros2_camera_interfaces/lib:/home/mcav/cam_dev_ws/install/pylon_ros2_camera_wrapper/lib:/usr/local/cuda/lib64:/usr/local/cuda/lib64:/opt/ros/humble/opt/rviz_ogre_vendor/lib:/opt/ros/humble/lib/x86_64-linux-gnu:/opt/ros/humble/lib'), ('HOME', '/home/mcav'), ('OLDPWD', '/home/mcav'), ('DESKTOP_SESSION', 'ubuntu'), ('ROS_PYTHON_VERSION', '3'), ('GNOME_SHELL_SESSION_MODE', 'ubuntu'), ('GTK_MODULES', 'gail:atk-bridge'), ('SYSTEMD_EXEC_PID', '1955'), ('DBUS_SESSION_BUS_ADDRESS', 'unix:path=/run/user/1000/bus'), ('COLORTERM', 'truecolor'), ('IM_CONFIG_PHASE', '1'), ('COLCON_PREFIX_PATH', '/home/mcav/cam_dev_ws/install'), ('ROS_DISTRO', 'humble'), ('GTK_IM_MODULE', 'ibus'), ('LOGNAME', 'mcav'), ('_', '/usr/bin/colcon'), ('ROS_VERSION', '2'), ('XDG_SESSION_CLASS', 'user'), ('USERNAME', 'mcav'), ('TERM', 'xterm-256color'), ('GNOME_DESKTOP_SESSION_ID', 'this-is-deprecated'), ('ROS_LOCALHOST_ONLY', '0'), ('WINDOWPATH', '2'), ('PATH', '/usr/local/cuda/bin:/usr/local/cuda/bin:/opt/ros/humble/bin:/home/mcav/.local/bin:/home/mcav/bin:/usr/local/sbin:/usr/local/bin:/usr/sbin:/usr/bin:/sbin:/bin:/usr/games:/usr/local/games:/snap/bin:/snap/bin:/home/mcav/.local/bin:/home/mcav/.local/bin'), ('SESSION_MANAGER', 'local/mcav:@/tmp/.ICE-unix/1927,unix/mcav:/tmp/.ICE-unix/1927'), ('XDG_MENU_PREFIX', 'gnome-'), ('GNOME_TERMINAL_SCREEN', '/org/gnome/Terminal/screen/330e1385_32d4_47b0_8129_9d64e7625cb6'), ('XDG_RUNTIME_DIR', '/run/user/1000'), ('DISPLAY', ':0'), ('LANG', 'en_US.UTF-8'), ('XDG_CURRENT_DESKTOP', 'ubuntu:GNOME'), ('RMW_IMPLEMENTATION', 'rmw_cyclonedds_cpp'), ('XMODIFIERS', '@im=ibus'), ('XDG_SESSION_DESKTOP', 'ubuntu'), ('XAUTHORITY', '/run/user/1000/gdm/Xauthority'), ('LS_COLORS', 'rs=0:di=01;34:ln=01;36:mh=00:pi=40;33:so=01;35:do=01;35:bd=40;33;01:cd=40;33;01:or=40;31;01:mi=00:su=37;41:sg=30;43:ca=30;41:tw=30;42:ow=34;42:st=37;44:ex=01;32:*.tar=01;31:*.tgz=01;31:*.arc=01;31:*.arj=01;31:*.taz=01;31:*.lha=01;31:*.lz4=01;31:*.lzh=01;31:*.lzma=01;31:*.tlz=01;31:*.txz=01;31:*.tzo=01;31:*.t7z=01;31:*.zip=01;31:*.z=01;31:*.dz=01;31:*.gz=01;31:*.lrz=01;31:*.lz=01;31:*.lzo=01;31:*.xz=01;31:*.zst=01;31:*.tzst=01;31:*.bz2=01;31:*.bz=01;31:*.tbz=01;31:*.tbz2=01;31:*.tz=01;31:*.deb=01;31:*.rpm=01;31:*.jar=01;31:*.war=01;31:*.ear=01;31:*.sar=01;31:*.rar=01;31:*.alz=01;31:*.ace=01;31:*.zoo=01;31:*.cpio=01;31:*.7z=01;31:*.rz=01;31:*.cab=01;31:*.wim=01;31:*.swm=01;31:*.dwm=01;31:*.esd=01;31:*.jpg=01;35:*.jpeg=01;35:*.mjpg=01;35:*.mjpeg=01;35:*.gif=01;35:*.bmp=01;35:*.pbm=01;35:*.pgm=01;35:*.ppm=01;35:*.tga=01;35:*.xbm=01;35:*.xpm=01;35:*.tif=01;35:*.tiff=01;35:*.png=01;35:*.svg=01;35:*.svgz=01;35:*.mng=01;35:*.pcx=01;35:*.mov=01;35:*.mpg=01;35:*.mpeg=01;35:*.m2v=01;35:*.mkv=01;35:*.webm=01;35:*.webp=01;35:*.ogm=01;35:*.mp4=01;35:*.m4v=01;35:*.mp4v=01;35:*.vob=01;35:*.qt=01;35:*.nuv=01;35:*.wmv=01;35:*.asf=01;35:*.rm=01;35:*.rmvb=01;35:*.flc=01;35:*.avi=01;35:*.fli=01;35:*.flv=01;35:*.gl=01;35:*.dl=01;35:*.xcf=01;35:*.xwd=01;35:*.yuv=01;35:*.cgm=01;35:*.emf=01;35:*.ogv=01;35:*.ogx=01;35:*.aac=00;36:*.au=00;36:*.flac=00;36:*.m4a=00;36:*.mid=00;36:*.midi=00;36:*.mka=00;36:*.mp3=00;36:*.mpc=00;36:*.ogg=00;36:*.ra=00;36:*.wav=00;36:*.oga=00;36:*.opus=00;36:*.spx=00;36:*.xspf=00;36:'), ('GNOME_TERMINAL_SERVICE', ':1.113'), ('SSH_AGENT_LAUNCHER', 'gnome-keyring'), ('SSH_AUTH_SOCK', '/run/user/1000/keyring/ssh'), ('AMENT_PREFIX_PATH', '/home/mcav/cam_dev_ws/install/pylon_ros2_camera_wrapper:/home/mcav/cam_dev_ws/install/pylon_ros2_camera_component:/home/mcav/cam_dev_ws/install/pylon_ros2_camera_interfaces:/opt/ros/humble'), ('SHELL', '/bin/bash'), ('QT_ACCESSIBILITY', '1'), ('CXX', '/usr/lib/ccache/g++'), ('GDMSESSION', 'ubuntu'), ('LESSCLOSE', '/usr/bin/lesspipe %s %s'), ('GPG_AGENT_INFO', '/run/user/1000/gnupg/S.gpg-agent:0:1'), ('QT_IM_MODULE', 'ibus'), ('PWD', '/home/mcav/cam_dev_ws/build/pylon_ros2_camera_wrapper'), ('LC_ALL', 'en_US.UTF-8'), ('XDG_CONFIG_DIRS', '/etc/xdg/xdg-ubuntu:/etc/xdg'), ('PYLON_ROOT', '/opt/pylon'), ('XDG_DATA_DIRS', '/usr/share/ubuntu:/usr/share/gnome:/usr/local/share/:/usr/share/:/var/lib/snapd/desktop'), ('PYTHONPATH', '/home/mcav/cam_dev_ws/install/pylon_ros2_camera_interfaces/local/lib/python3.10/dist-packages:/opt/ros/humble/lib/python3.10/site-packages:/opt/ros/humble/local/lib/python3.10/dist-packages'), ('CC', '/usr/lib/ccache/gcc'), ('COLCON', '1'), ('GENICAM_GENTL64_PATH', ':/opt/pylon/lib/gentlproducer/gtl:/opt/pylon/lib/pylonCXP/bin/'), ('VTE_VERSION', '6800'), ('CMAKE_PREFIX_PATH', '/home/mcav/cam_dev_ws/install/pylon_ros2_camera_component:/home/mcav/cam_dev_ws/install/pylon_ros2_camera_interfaces:/home/mcav/cam_dev_ws/install/pylon_ros2_camera_wrapper:/opt/ros/humble')]), 'shell': False}
[0.773736] (pylon_ros2_camera_wrapper) StdoutLine: {'line': b'-- Install configuration: "Release"\n'}
[0.774141] (pylon_ros2_camera_wrapper) StdoutLine: {'line': b'-- Up-to-date: /home/mcav/cam_dev_ws/install/pylon_ros2_camera_wrapper/lib/pylon_ros2_camera_wrapper/test_grab_image_action_client\n'}
[0.774675] (pylon_ros2_camera_wrapper) StdoutLine: {'line': b'-- Up-to-date: /home/mcav/cam_dev_ws/install/pylon_ros2_camera_wrapper/lib/pylon_ros2_camera_wrapper/test_grab_blaze_data_action_client\n'}
[0.775193] (pylon_ros2_camera_wrapper) StdoutLine: {'line': b'-- Up-to-date: /home/mcav/cam_dev_ws/install/pylon_ros2_camera_wrapper/lib/pylon_ros2_camera_wrapper/pylon_ros2_camera_wrapper\n'}
[0.775765] (pylon_ros2_camera_wrapper) StdoutLine: {'line': b'-- Up-to-date: /home/mcav/cam_dev_ws/install/pylon_ros2_camera_wrapper/lib/libaction_client_test_grab_images.so\n'}
[0.776332] (pylon_ros2_camera_wrapper) StdoutLine: {'line': b'-- Up-to-date: /home/mcav/cam_dev_ws/install/pylon_ros2_camera_wrapper/lib/libaction_client_test_grab_blaze_data.so\n'}
[0.776645] (pylon_ros2_camera_wrapper) StdoutLine: {'line': b'-- Up-to-date: /home/mcav/cam_dev_ws/install/pylon_ros2_camera_wrapper/share/pylon_ros2_camera_wrapper/config\n'}
[0.776872] (pylon_ros2_camera_wrapper) StdoutLine: {'line': b'-- Up-to-date: /home/mcav/cam_dev_ws/install/pylon_ros2_camera_wrapper/share/pylon_ros2_camera_wrapper/config/CAM6.yaml\n'}
[0.777130] (pylon_ros2_camera_wrapper) StdoutLine: {'line': b'-- Up-to-date: /home/mcav/cam_dev_ws/install/pylon_ros2_camera_wrapper/share/pylon_ros2_camera_wrapper/config/CAM4.yaml\n'}
[0.777232] (pylon_ros2_camera_wrapper) StdoutLine: {'line': b'-- Up-to-date: /home/mcav/cam_dev_ws/install/pylon_ros2_camera_wrapper/share/pylon_ros2_camera_wrapper/config/CAM2.yaml\n'}
[0.777345] (pylon_ros2_camera_wrapper) StdoutLine: {'line': b'-- Up-to-date: /home/mcav/cam_dev_ws/install/pylon_ros2_camera_wrapper/share/pylon_ros2_camera_wrapper/config/CAM5.yaml\n'}
[0.777484] (pylon_ros2_camera_wrapper) StdoutLine: {'line': b'-- Up-to-date: /home/mcav/cam_dev_ws/install/pylon_ros2_camera_wrapper/share/pylon_ros2_camera_wrapper/config/CAM1.yaml\n'}
[0.777594] (pylon_ros2_camera_wrapper) StdoutLine: {'line': b'-- Up-to-date: /home/mcav/cam_dev_ws/install/pylon_ros2_camera_wrapper/share/pylon_ros2_camera_wrapper/config/my_blaze.yaml\n'}
[0.777726] (pylon_ros2_camera_wrapper) StdoutLine: {'line': b'-- Up-to-date: /home/mcav/cam_dev_ws/install/pylon_ros2_camera_wrapper/share/pylon_ros2_camera_wrapper/config/default.yaml\n'}
[0.777792] (pylon_ros2_camera_wrapper) StdoutLine: {'line': b'-- Up-to-date: /home/mcav/cam_dev_ws/install/pylon_ros2_camera_wrapper/share/pylon_ros2_camera_wrapper/config/CAM3.yaml\n'}
[0.777856] (pylon_ros2_camera_wrapper) StdoutLine: {'line': b'-- Up-to-date: /home/mcav/cam_dev_ws/install/pylon_ros2_camera_wrapper/share/pylon_ros2_camera_wrapper/launch\n'}
[0.777951] (pylon_ros2_camera_wrapper) StdoutLine: {'line': b'-- Up-to-date: /home/mcav/cam_dev_ws/install/pylon_ros2_camera_wrapper/share/pylon_ros2_camera_wrapper/launch/pylon_ros2_camera.launch.py\n'}
[0.778075] (pylon_ros2_camera_wrapper) StdoutLine: {'line': b'-- Up-to-date: /home/mcav/cam_dev_ws/install/pylon_ros2_camera_wrapper/share/pylon_ros2_camera_wrapper/launch/my_blaze.launch.py\n'}
[0.778156] (pylon_ros2_camera_wrapper) StdoutLine: {'line': b'-- Up-to-date: /home/mcav/cam_dev_ws/install/pylon_ros2_camera_wrapper/share/pylon_ros2_camera_wrapper/launch/ip_configuration.launch.py\n'}
[0.778220] (pylon_ros2_camera_wrapper) StdoutLine: {'line': b'-- Up-to-date: /home/mcav/cam_dev_ws/install/pylon_ros2_camera_wrapper/share/ament_index/resource_index/package_run_dependencies/pylon_ros2_camera_wrapper\n'}
[0.778296] (pylon_ros2_camera_wrapper) StdoutLine: {'line': b'-- Up-to-date: /home/mcav/cam_dev_ws/install/pylon_ros2_camera_wrapper/share/ament_index/resource_index/parent_prefix_path/pylon_ros2_camera_wrapper\n'}
[0.778361] (pylon_ros2_camera_wrapper) StdoutLine: {'line': b'-- Up-to-date: /home/mcav/cam_dev_ws/install/pylon_ros2_camera_wrapper/share/pylon_ros2_camera_wrapper/environment/ament_prefix_path.sh\n'}
[0.778425] (pylon_ros2_camera_wrapper) StdoutLine: {'line': b'-- Up-to-date: /home/mcav/cam_dev_ws/install/pylon_ros2_camera_wrapper/share/pylon_ros2_camera_wrapper/environment/ament_prefix_path.dsv\n'}
[0.778489] (pylon_ros2_camera_wrapper) StdoutLine: {'line': b'-- Up-to-date: /home/mcav/cam_dev_ws/install/pylon_ros2_camera_wrapper/share/pylon_ros2_camera_wrapper/environment/path.sh\n'}
[0.778553] (pylon_ros2_camera_wrapper) StdoutLine: {'line': b'-- Up-to-date: /home/mcav/cam_dev_ws/install/pylon_ros2_camera_wrapper/share/pylon_ros2_camera_wrapper/environment/path.dsv\n'}
[0.778617] (pylon_ros2_camera_wrapper) StdoutLine: {'line': b'-- Up-to-date: /home/mcav/cam_dev_ws/install/pylon_ros2_camera_wrapper/share/pylon_ros2_camera_wrapper/local_setup.bash\n'}
[0.778680] (pylon_ros2_camera_wrapper) StdoutLine: {'line': b'-- Up-to-date: /home/mcav/cam_dev_ws/install/pylon_ros2_camera_wrapper/share/pylon_ros2_camera_wrapper/local_setup.sh\n'}
[0.778760] (pylon_ros2_camera_wrapper) StdoutLine: {'line': b'-- Up-to-date: /home/mcav/cam_dev_ws/install/pylon_ros2_camera_wrapper/share/pylon_ros2_camera_wrapper/local_setup.zsh\n'}
[0.778844] (pylon_ros2_camera_wrapper) StdoutLine: {'line': b'-- Up-to-date: /home/mcav/cam_dev_ws/install/pylon_ros2_camera_wrapper/share/pylon_ros2_camera_wrapper/local_setup.dsv\n'}
[0.779006] (pylon_ros2_camera_wrapper) StdoutLine: {'line': b'-- Installing: /home/mcav/cam_dev_ws/install/pylon_ros2_camera_wrapper/share/pylon_ros2_camera_wrapper/package.dsv\n'}
[0.779232] (pylon_ros2_camera_wrapper) StdoutLine: {'line': b'-- Up-to-date: /home/mcav/cam_dev_ws/install/pylon_ros2_camera_wrapper/share/ament_index/resource_index/packages/pylon_ros2_camera_wrapper\n'}
[0.779604] (pylon_ros2_camera_wrapper) StdoutLine: {'line': b'-- Up-to-date: /home/mcav/cam_dev_ws/install/pylon_ros2_camera_wrapper/share/ament_index/resource_index/rclcpp_components/pylon_ros2_camera_wrapper\n'}
[0.781139] (pylon_ros2_camera_wrapper) StdoutLine: {'line': b'-- Up-to-date: /home/mcav/cam_dev_ws/install/pylon_ros2_camera_wrapper/share/pylon_ros2_camera_wrapper/cmake/pylon_ros2_camera_wrapperConfig.cmake\n'}
[0.781292] (pylon_ros2_camera_wrapper) StdoutLine: {'line': b'-- Up-to-date: /home/mcav/cam_dev_ws/install/pylon_ros2_camera_wrapper/share/pylon_ros2_camera_wrapper/cmake/pylon_ros2_camera_wrapperConfig-version.cmake\n'}
[0.781424] (pylon_ros2_camera_wrapper) StdoutLine: {'line': b'-- Up-to-date: /home/mcav/cam_dev_ws/install/pylon_ros2_camera_wrapper/share/pylon_ros2_camera_wrapper/package.xml\n'}
[0.781536] (pylon_ros2_camera_wrapper) CommandEnded: {'returncode': 0}
[0.798007] (pylon_ros2_camera_wrapper) JobEnded: {'identifier': 'pylon_ros2_camera_wrapper', 'rc': 0}
[0.798716] (-) EventReactorShutdown: {}
