[0.000000] (-) TimerEvent: {}
[0.000177] (pylon_ros2_camera_interfaces) JobQueued: {'identifier': 'pylon_ros2_camera_interfaces', 'dependencies': OrderedDict()}
[0.000254] (pylon_ros2_camera_component) JobQueued: {'identifier': 'pylon_ros2_camera_component', 'dependencies': OrderedDict([('pylon_ros2_camera_interfaces', '/home/mcav/cam_dev_ws/install/pylon_ros2_camera_interfaces')])}
[0.000421] (pylon_ros2_camera_wrapper) JobQueued: {'identifier': 'pylon_ros2_camera_wrapper', 'dependencies': OrderedDict([('pylon_ros2_camera_interfaces', '/home/mcav/cam_dev_ws/install/pylon_ros2_camera_interfaces'), ('pylon_ros2_camera_component', '/home/mcav/cam_dev_ws/install/pylon_ros2_camera_component')])}
[0.000499] (pylon_ros2_camera_interfaces) JobStarted: {'identifier': 'pylon_ros2_camera_interfaces'}
[0.008225] (pylon_ros2_camera_interfaces) JobProgress: {'identifier': 'pylon_ros2_camera_interfaces', 'progress': 'cmake'}
[0.009086] (pylon_ros2_camera_interfaces) JobProgress: {'identifier': 'pylon_ros2_camera_interfaces', 'progress': 'build'}
[0.010205] (pylon_ros2_camera_interfaces) Command: {'cmd': ['/usr/local/bin/cmake', '--build', '/home/mcav/cam_dev_ws/build/pylon_ros2_camera_interfaces', '--', '-j8', '-l8'], 'cwd': '/home/mcav/cam_dev_ws/build/pylon_ros2_camera_interfaces', 'env': OrderedDict([('LESSOPEN', '| /usr/bin/lesspipe %s'), ('USER', 'mcav'), ('CCACHE_DIR', '/var/tmp/ccache'), ('XDG_SESSION_TYPE', 'x11'), ('SHLVL', '1'), ('LD_LIBRARY_PATH', '/usr/local/cuda/lib64:/usr/local/cuda/lib64:/opt/ros/humble/opt/rviz_ogre_vendor/lib:/opt/ros/humble/lib/x86_64-linux-gnu:/opt/ros/humble/lib'), ('HOME', '/home/mcav'), ('OLDPWD', '/home/mcav'), ('DESKTOP_SESSION', 'ubuntu'), ('ROS_PYTHON_VERSION', '3'), ('GNOME_SHELL_SESSION_MODE', 'ubuntu'), ('GTK_MODULES', 'gail:atk-bridge'), ('SYSTEMD_EXEC_PID', '1954'), ('DBUS_SESSION_BUS_ADDRESS', 'unix:path=/run/user/1000/bus'), ('COLORTERM', 'truecolor'), ('IM_CONFIG_PHASE', '1'), ('ROS_DISTRO', 'humble'), ('GTK_IM_MODULE', 'ibus'), ('LOGNAME', 'mcav'), ('_', '/usr/bin/colcon'), ('ROS_VERSION', '2'), ('XDG_SESSION_CLASS', 'user'), ('USERNAME', 'mcav'), ('TERM', 'xterm-256color'), ('GNOME_DESKTOP_SESSION_ID', 'this-is-deprecated'), ('ROS_LOCALHOST_ONLY', '0'), ('WINDOWPATH', '2'), ('PATH', '/usr/local/cuda/bin:/usr/local/cuda/bin:/opt/ros/humble/bin:/home/mcav/.local/bin:/home/mcav/bin:/usr/local/sbin:/usr/local/bin:/usr/sbin:/usr/bin:/sbin:/bin:/usr/games:/usr/local/games:/snap/bin:/snap/bin:/home/mcav/.local/bin:/home/mcav/.local/bin'), ('SESSION_MANAGER', 'local/mcav:@/tmp/.ICE-unix/1926,unix/mcav:/tmp/.ICE-unix/1926'), ('XDG_MENU_PREFIX', 'gnome-'), ('GNOME_TERMINAL_SCREEN', '/org/gnome/Terminal/screen/2063d892_2378_4a66_a531_fce08baee512'), ('XDG_RUNTIME_DIR', '/run/user/1000'), ('DISPLAY', ':0'), ('LANG', 'en_US.UTF-8'), ('XDG_CURRENT_DESKTOP', 'ubuntu:GNOME'), ('RMW_IMPLEMENTATION', 'rmw_cyclonedds_cpp'), ('XMODIFIERS', '@im=ibus'), ('XDG_SESSION_DESKTOP', 'ubuntu'), ('XAUTHORITY', '/run/user/1000/gdm/Xauthority'), ('LS_COLORS', 'rs=0:di=01;34:ln=01;36:mh=00:pi=40;33:so=01;35:do=01;35:bd=40;33;01:cd=40;33;01:or=40;31;01:mi=00:su=37;41:sg=30;43:ca=30;41:tw=30;42:ow=34;42:st=37;44:ex=01;32:*.tar=01;31:*.tgz=01;31:*.arc=01;31:*.arj=01;31:*.taz=01;31:*.lha=01;31:*.lz4=01;31:*.lzh=01;31:*.lzma=01;31:*.tlz=01;31:*.txz=01;31:*.tzo=01;31:*.t7z=01;31:*.zip=01;31:*.z=01;31:*.dz=01;31:*.gz=01;31:*.lrz=01;31:*.lz=01;31:*.lzo=01;31:*.xz=01;31:*.zst=01;31:*.tzst=01;31:*.bz2=01;31:*.bz=01;31:*.tbz=01;31:*.tbz2=01;31:*.tz=01;31:*.deb=01;31:*.rpm=01;31:*.jar=01;31:*.war=01;31:*.ear=01;31:*.sar=01;31:*.rar=01;31:*.alz=01;31:*.ace=01;31:*.zoo=01;31:*.cpio=01;31:*.7z=01;31:*.rz=01;31:*.cab=01;31:*.wim=01;31:*.swm=01;31:*.dwm=01;31:*.esd=01;31:*.jpg=01;35:*.jpeg=01;35:*.mjpg=01;35:*.mjpeg=01;35:*.gif=01;35:*.bmp=01;35:*.pbm=01;35:*.pgm=01;35:*.ppm=01;35:*.tga=01;35:*.xbm=01;35:*.xpm=01;35:*.tif=01;35:*.tiff=01;35:*.png=01;35:*.svg=01;35:*.svgz=01;35:*.mng=01;35:*.pcx=01;35:*.mov=01;35:*.mpg=01;35:*.mpeg=01;35:*.m2v=01;35:*.mkv=01;35:*.webm=01;35:*.webp=01;35:*.ogm=01;35:*.mp4=01;35:*.m4v=01;35:*.mp4v=01;35:*.vob=01;35:*.qt=01;35:*.nuv=01;35:*.wmv=01;35:*.asf=01;35:*.rm=01;35:*.rmvb=01;35:*.flc=01;35:*.avi=01;35:*.fli=01;35:*.flv=01;35:*.gl=01;35:*.dl=01;35:*.xcf=01;35:*.xwd=01;35:*.yuv=01;35:*.cgm=01;35:*.emf=01;35:*.ogv=01;35:*.ogx=01;35:*.aac=00;36:*.au=00;36:*.flac=00;36:*.m4a=00;36:*.mid=00;36:*.midi=00;36:*.mka=00;36:*.mp3=00;36:*.mpc=00;36:*.ogg=00;36:*.ra=00;36:*.wav=00;36:*.oga=00;36:*.opus=00;36:*.spx=00;36:*.xspf=00;36:'), ('GNOME_TERMINAL_SERVICE', ':1.90'), ('SSH_AGENT_LAUNCHER', 'gnome-keyring'), ('SSH_AUTH_SOCK', '/run/user/1000/keyring/ssh'), ('AMENT_PREFIX_PATH', '/opt/ros/humble'), ('SHELL', '/bin/bash'), ('QT_ACCESSIBILITY', '1'), ('CXX', '/usr/lib/ccache/g++'), ('GDMSESSION', 'ubuntu'), ('LESSCLOSE', '/usr/bin/lesspipe %s %s'), ('GPG_AGENT_INFO', '/run/user/1000/gnupg/S.gpg-agent:0:1'), ('QT_IM_MODULE', 'ibus'), ('PWD', '/home/mcav/cam_dev_ws/build/pylon_ros2_camera_interfaces'), ('LC_ALL', 'en_US.UTF-8'), ('XDG_CONFIG_DIRS', '/etc/xdg/xdg-ubuntu:/etc/xdg'), ('PYLON_ROOT', '/opt/pylon'), ('XDG_DATA_DIRS', '/usr/share/ubuntu:/usr/share/gnome:/usr/local/share/:/usr/share/:/var/lib/snapd/desktop'), ('PYTHONPATH', '/opt/ros/humble/lib/python3.10/site-packages:/opt/ros/humble/local/lib/python3.10/dist-packages'), ('CC', '/usr/lib/ccache/gcc'), ('COLCON', '1'), ('GENICAM_GENTL64_PATH', ':/opt/pylon/lib/gentlproducer/gtl:/opt/pylon/lib/pylonCXP/bin/'), ('VTE_VERSION', '6800'), ('CMAKE_PREFIX_PATH', '/opt/ros/humble')]), 'shell': False}
[0.047811] (pylon_ros2_camera_interfaces) StdoutLine: {'line': b'[  1%] Built target pylon_ros2_camera_interfaces__rs\n'}
[0.051630] (pylon_ros2_camera_interfaces) StdoutLine: {'line': b'[  1%] Built target pylon_ros2_camera_interfaces__cpp\n'}
[0.057184] (pylon_ros2_camera_interfaces) StdoutLine: {'line': b'[  1%] Built target ament_cmake_python_copy_pylon_ros2_camera_interfaces\n'}
[0.060380] (pylon_ros2_camera_interfaces) StdoutLine: {'line': b'[ 13%] Built target pylon_ros2_camera_interfaces__rosidl_generator_c\n'}
[0.082881] (pylon_ros2_camera_interfaces) StdoutLine: {'line': b'[ 25%] Built target pylon_ros2_camera_interfaces__rosidl_typesupport_cpp\n'}
[0.085498] (pylon_ros2_camera_interfaces) StdoutLine: {'line': b'[ 37%] Built target pylon_ros2_camera_interfaces__rosidl_typesupport_c\n'}
[0.086234] (pylon_ros2_camera_interfaces) StdoutLine: {'line': b'[ 49%] Built target pylon_ros2_camera_interfaces__rosidl_typesupport_introspection_cpp\n'}
[0.088941] (pylon_ros2_camera_interfaces) StdoutLine: {'line': b'[ 61%] Built target pylon_ros2_camera_interfaces__rosidl_typesupport_introspection_c\n'}
[0.092451] (pylon_ros2_camera_interfaces) StdoutLine: {'line': b'[ 73%] Built target pylon_ros2_camera_interfaces__rosidl_typesupport_fastrtps_cpp\n'}
[0.099193] (-) TimerEvent: {}
[0.102384] (pylon_ros2_camera_interfaces) StdoutLine: {'line': b'[ 85%] Built target pylon_ros2_camera_interfaces__rosidl_typesupport_fastrtps_c\n'}
[0.113224] (pylon_ros2_camera_interfaces) StdoutLine: {'line': b'[ 85%] Built target pylon_ros2_camera_interfaces\n'}
[0.125550] (pylon_ros2_camera_interfaces) StdoutLine: {'line': b'[ 86%] Built target pylon_ros2_camera_interfaces__py\n'}
[0.149670] (pylon_ros2_camera_interfaces) StdoutLine: {'line': b'[ 97%] Built target pylon_ros2_camera_interfaces__rosidl_generator_py\n'}
[0.162269] (pylon_ros2_camera_interfaces) StdoutLine: {'line': b'[ 98%] Built target pylon_ros2_camera_interfaces__rosidl_typesupport_fastrtps_c__pyext\n'}
[0.162705] (pylon_ros2_camera_interfaces) StdoutLine: {'line': b'[ 99%] Built target pylon_ros2_camera_interfaces__rosidl_typesupport_introspection_c__pyext\n'}
[0.162972] (pylon_ros2_camera_interfaces) StdoutLine: {'line': b'[100%] Built target pylon_ros2_camera_interfaces__rosidl_typesupport_c__pyext\n'}
[0.199337] (-) TimerEvent: {}
[0.299609] (-) TimerEvent: {}
[0.399910] (-) TimerEvent: {}
[0.422731] (pylon_ros2_camera_interfaces) StdoutLine: {'line': b'running egg_info\n'}
[0.423373] (pylon_ros2_camera_interfaces) StdoutLine: {'line': b'writing pylon_ros2_camera_interfaces.egg-info/PKG-INFO\n'}
[0.423676] (pylon_ros2_camera_interfaces) StdoutLine: {'line': b'writing dependency_links to pylon_ros2_camera_interfaces.egg-info/dependency_links.txt\n'}
[0.423931] (pylon_ros2_camera_interfaces) StdoutLine: {'line': b'writing top-level names to pylon_ros2_camera_interfaces.egg-info/top_level.txt\n'}
[0.427467] (pylon_ros2_camera_interfaces) StdoutLine: {'line': b"reading manifest file 'pylon_ros2_camera_interfaces.egg-info/SOURCES.txt'\n"}
[0.428652] (pylon_ros2_camera_interfaces) StdoutLine: {'line': b"writing manifest file 'pylon_ros2_camera_interfaces.egg-info/SOURCES.txt'\n"}
[0.449657] (pylon_ros2_camera_interfaces) StdoutLine: {'line': b'[100%] Built target ament_cmake_python_build_pylon_ros2_camera_interfaces_egg\n'}
[0.455849] (pylon_ros2_camera_interfaces) CommandEnded: {'returncode': 0}
[0.456762] (pylon_ros2_camera_interfaces) JobProgress: {'identifier': 'pylon_ros2_camera_interfaces', 'progress': 'install'}
[0.461415] (pylon_ros2_camera_interfaces) Command: {'cmd': ['/usr/local/bin/cmake', '--install', '/home/mcav/cam_dev_ws/build/pylon_ros2_camera_interfaces'], 'cwd': '/home/mcav/cam_dev_ws/build/pylon_ros2_camera_interfaces', 'env': OrderedDict([('LESSOPEN', '| /usr/bin/lesspipe %s'), ('USER', 'mcav'), ('CCACHE_DIR', '/var/tmp/ccache'), ('XDG_SESSION_TYPE', 'x11'), ('SHLVL', '1'), ('LD_LIBRARY_PATH', '/usr/local/cuda/lib64:/usr/local/cuda/lib64:/opt/ros/humble/opt/rviz_ogre_vendor/lib:/opt/ros/humble/lib/x86_64-linux-gnu:/opt/ros/humble/lib'), ('HOME', '/home/mcav'), ('OLDPWD', '/home/mcav'), ('DESKTOP_SESSION', 'ubuntu'), ('ROS_PYTHON_VERSION', '3'), ('GNOME_SHELL_SESSION_MODE', 'ubuntu'), ('GTK_MODULES', 'gail:atk-bridge'), ('SYSTEMD_EXEC_PID', '1954'), ('DBUS_SESSION_BUS_ADDRESS', 'unix:path=/run/user/1000/bus'), ('COLORTERM', 'truecolor'), ('IM_CONFIG_PHASE', '1'), ('ROS_DISTRO', 'humble'), ('GTK_IM_MODULE', 'ibus'), ('LOGNAME', 'mcav'), ('_', '/usr/bin/colcon'), ('ROS_VERSION', '2'), ('XDG_SESSION_CLASS', 'user'), ('USERNAME', 'mcav'), ('TERM', 'xterm-256color'), ('GNOME_DESKTOP_SESSION_ID', 'this-is-deprecated'), ('ROS_LOCALHOST_ONLY', '0'), ('WINDOWPATH', '2'), ('PATH', '/usr/local/cuda/bin:/usr/local/cuda/bin:/opt/ros/humble/bin:/home/mcav/.local/bin:/home/mcav/bin:/usr/local/sbin:/usr/local/bin:/usr/sbin:/usr/bin:/sbin:/bin:/usr/games:/usr/local/games:/snap/bin:/snap/bin:/home/mcav/.local/bin:/home/mcav/.local/bin'), ('SESSION_MANAGER', 'local/mcav:@/tmp/.ICE-unix/1926,unix/mcav:/tmp/.ICE-unix/1926'), ('XDG_MENU_PREFIX', 'gnome-'), ('GNOME_TERMINAL_SCREEN', '/org/gnome/Terminal/screen/2063d892_2378_4a66_a531_fce08baee512'), ('XDG_RUNTIME_DIR', '/run/user/1000'), ('DISPLAY', ':0'), ('LANG', 'en_US.UTF-8'), ('XDG_CURRENT_DESKTOP', 'ubuntu:GNOME'), ('RMW_IMPLEMENTATION', 'rmw_cyclonedds_cpp'), ('XMODIFIERS', '@im=ibus'), ('XDG_SESSION_DESKTOP', 'ubuntu'), ('XAUTHORITY', '/run/user/1000/gdm/Xauthority'), ('LS_COLORS', 'rs=0:di=01;34:ln=01;36:mh=00:pi=40;33:so=01;35:do=01;35:bd=40;33;01:cd=40;33;01:or=40;31;01:mi=00:su=37;41:sg=30;43:ca=30;41:tw=30;42:ow=34;42:st=37;44:ex=01;32:*.tar=01;31:*.tgz=01;31:*.arc=01;31:*.arj=01;31:*.taz=01;31:*.lha=01;31:*.lz4=01;31:*.lzh=01;31:*.lzma=01;31:*.tlz=01;31:*.txz=01;31:*.tzo=01;31:*.t7z=01;31:*.zip=01;31:*.z=01;31:*.dz=01;31:*.gz=01;31:*.lrz=01;31:*.lz=01;31:*.lzo=01;31:*.xz=01;31:*.zst=01;31:*.tzst=01;31:*.bz2=01;31:*.bz=01;31:*.tbz=01;31:*.tbz2=01;31:*.tz=01;31:*.deb=01;31:*.rpm=01;31:*.jar=01;31:*.war=01;31:*.ear=01;31:*.sar=01;31:*.rar=01;31:*.alz=01;31:*.ace=01;31:*.zoo=01;31:*.cpio=01;31:*.7z=01;31:*.rz=01;31:*.cab=01;31:*.wim=01;31:*.swm=01;31:*.dwm=01;31:*.esd=01;31:*.jpg=01;35:*.jpeg=01;35:*.mjpg=01;35:*.mjpeg=01;35:*.gif=01;35:*.bmp=01;35:*.pbm=01;35:*.pgm=01;35:*.ppm=01;35:*.tga=01;35:*.xbm=01;35:*.xpm=01;35:*.tif=01;35:*.tiff=01;35:*.png=01;35:*.svg=01;35:*.svgz=01;35:*.mng=01;35:*.pcx=01;35:*.mov=01;35:*.mpg=01;35:*.mpeg=01;35:*.m2v=01;35:*.mkv=01;35:*.webm=01;35:*.webp=01;35:*.ogm=01;35:*.mp4=01;35:*.m4v=01;35:*.mp4v=01;35:*.vob=01;35:*.qt=01;35:*.nuv=01;35:*.wmv=01;35:*.asf=01;35:*.rm=01;35:*.rmvb=01;35:*.flc=01;35:*.avi=01;35:*.fli=01;35:*.flv=01;35:*.gl=01;35:*.dl=01;35:*.xcf=01;35:*.xwd=01;35:*.yuv=01;35:*.cgm=01;35:*.emf=01;35:*.ogv=01;35:*.ogx=01;35:*.aac=00;36:*.au=00;36:*.flac=00;36:*.m4a=00;36:*.mid=00;36:*.midi=00;36:*.mka=00;36:*.mp3=00;36:*.mpc=00;36:*.ogg=00;36:*.ra=00;36:*.wav=00;36:*.oga=00;36:*.opus=00;36:*.spx=00;36:*.xspf=00;36:'), ('GNOME_TERMINAL_SERVICE', ':1.90'), ('SSH_AGENT_LAUNCHER', 'gnome-keyring'), ('SSH_AUTH_SOCK', '/run/user/1000/keyring/ssh'), ('AMENT_PREFIX_PATH', '/opt/ros/humble'), ('SHELL', '/bin/bash'), ('QT_ACCESSIBILITY', '1'), ('CXX', '/usr/lib/ccache/g++'), ('GDMSESSION', 'ubuntu'), ('LESSCLOSE', '/usr/bin/lesspipe %s %s'), ('GPG_AGENT_INFO', '/run/user/1000/gnupg/S.gpg-agent:0:1'), ('QT_IM_MODULE', 'ibus'), ('PWD', '/home/mcav/cam_dev_ws/build/pylon_ros2_camera_interfaces'), ('LC_ALL', 'en_US.UTF-8'), ('XDG_CONFIG_DIRS', '/etc/xdg/xdg-ubuntu:/etc/xdg'), ('PYLON_ROOT', '/opt/pylon'), ('XDG_DATA_DIRS', '/usr/share/ubuntu:/usr/share/gnome:/usr/local/share/:/usr/share/:/var/lib/snapd/desktop'), ('PYTHONPATH', '/opt/ros/humble/lib/python3.10/site-packages:/opt/ros/humble/local/lib/python3.10/dist-packages'), ('CC', '/usr/lib/ccache/gcc'), ('COLCON', '1'), ('GENICAM_GENTL64_PATH', ':/opt/pylon/lib/gentlproducer/gtl:/opt/pylon/lib/pylonCXP/bin/'), ('VTE_VERSION', '6800'), ('CMAKE_PREFIX_PATH', '/opt/ros/humble')]), 'shell': False}
[0.464930] (pylon_ros2_camera_interfaces) StdoutLine: {'line': b'-- Install configuration: ""\n'}
[0.465270] (pylon_ros2_camera_interfaces) StdoutLine: {'line': b'-- Up-to-date: /home/mcav/cam_dev_ws/install/pylon_ros2_camera_interfaces/share/ament_index/resource_index/rosidl_interfaces/pylon_ros2_camera_interfaces\n'}
[0.465524] (pylon_ros2_camera_interfaces) StdoutLine: {'line': b'-- Up-to-date: /home/mcav/cam_dev_ws/install/pylon_ros2_camera_interfaces/include/pylon_ros2_camera_interfaces/pylon_ros2_camera_interfaces\n'}
[0.465770] (pylon_ros2_camera_interfaces) StdoutLine: {'line': b'-- Up-to-date: /home/mcav/cam_dev_ws/install/pylon_ros2_camera_interfaces/include/pylon_ros2_camera_interfaces/pylon_ros2_camera_interfaces/msg\n'}
[0.465998] (pylon_ros2_camera_interfaces) StdoutLine: {'line': b'-- Up-to-date: /home/mcav/cam_dev_ws/install/pylon_ros2_camera_interfaces/include/pylon_ros2_camera_interfaces/pylon_ros2_camera_interfaces/msg/rosidl_generator_c__visibility_control.h\n'}
[0.466244] (pylon_ros2_camera_interfaces) StdoutLine: {'line': b'-- Up-to-date: /home/mcav/cam_dev_ws/install/pylon_ros2_camera_interfaces/include/pylon_ros2_camera_interfaces/pylon_ros2_camera_interfaces/msg/detail\n'}
[0.466461] (pylon_ros2_camera_interfaces) StdoutLine: {'line': b'-- Up-to-date: /home/mcav/cam_dev_ws/install/pylon_ros2_camera_interfaces/include/pylon_ros2_camera_interfaces/pylon_ros2_camera_interfaces/msg/detail/component_status__functions.h\n'}
[0.466678] (pylon_ros2_camera_interfaces) StdoutLine: {'line': b'-- Up-to-date: /home/mcav/cam_dev_ws/install/pylon_ros2_camera_interfaces/include/pylon_ros2_camera_interfaces/pylon_ros2_camera_interfaces/msg/detail/current_params__functions.h\n'}
[0.466929] (pylon_ros2_camera_interfaces) StdoutLine: {'line': b'-- Up-to-date: /home/mcav/cam_dev_ws/install/pylon_ros2_camera_interfaces/include/pylon_ros2_camera_interfaces/pylon_ros2_camera_interfaces/msg/detail/component_status__functions.c\n'}
[0.467167] (pylon_ros2_camera_interfaces) StdoutLine: {'line': b'-- Up-to-date: /home/mcav/cam_dev_ws/install/pylon_ros2_camera_interfaces/include/pylon_ros2_camera_interfaces/pylon_ros2_camera_interfaces/msg/detail/current_params__type_support.h\n'}
[0.467399] (pylon_ros2_camera_interfaces) StdoutLine: {'line': b'-- Up-to-date: /home/mcav/cam_dev_ws/install/pylon_ros2_camera_interfaces/include/pylon_ros2_camera_interfaces/pylon_ros2_camera_interfaces/msg/detail/component_status__struct.h\n'}
[0.467634] (pylon_ros2_camera_interfaces) StdoutLine: {'line': b'-- Up-to-date: /home/mcav/cam_dev_ws/install/pylon_ros2_camera_interfaces/include/pylon_ros2_camera_interfaces/pylon_ros2_camera_interfaces/msg/detail/current_params__struct.h\n'}
[0.467883] (pylon_ros2_camera_interfaces) StdoutLine: {'line': b'-- Up-to-date: /home/mcav/cam_dev_ws/install/pylon_ros2_camera_interfaces/include/pylon_ros2_camera_interfaces/pylon_ros2_camera_interfaces/msg/detail/component_status__type_support.h\n'}
[0.468170] (pylon_ros2_camera_interfaces) StdoutLine: {'line': b'-- Up-to-date: /home/mcav/cam_dev_ws/install/pylon_ros2_camera_interfaces/include/pylon_ros2_camera_interfaces/pylon_ros2_camera_interfaces/msg/detail/current_params__functions.c\n'}
[0.468402] (pylon_ros2_camera_interfaces) StdoutLine: {'line': b'-- Up-to-date: /home/mcav/cam_dev_ws/install/pylon_ros2_camera_interfaces/include/pylon_ros2_camera_interfaces/pylon_ros2_camera_interfaces/msg/current_params.h\n'}
[0.468613] (pylon_ros2_camera_interfaces) StdoutLine: {'line': b'-- Up-to-date: /home/mcav/cam_dev_ws/install/pylon_ros2_camera_interfaces/include/pylon_ros2_camera_interfaces/pylon_ros2_camera_interfaces/msg/component_status.h\n'}
[0.468824] (pylon_ros2_camera_interfaces) StdoutLine: {'line': b'-- Up-to-date: /home/mcav/cam_dev_ws/install/pylon_ros2_camera_interfaces/include/pylon_ros2_camera_interfaces/pylon_ros2_camera_interfaces/action\n'}
[0.469055] (pylon_ros2_camera_interfaces) StdoutLine: {'line': b'-- Up-to-date: /home/mcav/cam_dev_ws/install/pylon_ros2_camera_interfaces/include/pylon_ros2_camera_interfaces/pylon_ros2_camera_interfaces/action/grab_images.h\n'}
[0.469336] (pylon_ros2_camera_interfaces) StdoutLine: {'line': b'-- Up-to-date: /home/mcav/cam_dev_ws/install/pylon_ros2_camera_interfaces/include/pylon_ros2_camera_interfaces/pylon_ros2_camera_interfaces/action/detail\n'}
[0.469577] (pylon_ros2_camera_interfaces) StdoutLine: {'line': b'-- Up-to-date: /home/mcav/cam_dev_ws/install/pylon_ros2_camera_interfaces/include/pylon_ros2_camera_interfaces/pylon_ros2_camera_interfaces/action/detail/grab_images__type_support.h\n'}
[0.469829] (pylon_ros2_camera_interfaces) StdoutLine: {'line': b'-- Up-to-date: /home/mcav/cam_dev_ws/install/pylon_ros2_camera_interfaces/include/pylon_ros2_camera_interfaces/pylon_ros2_camera_interfaces/action/detail/grab_images__struct.h\n'}
[0.470079] (pylon_ros2_camera_interfaces) StdoutLine: {'line': b'-- Up-to-date: /home/mcav/cam_dev_ws/install/pylon_ros2_camera_interfaces/include/pylon_ros2_camera_interfaces/pylon_ros2_camera_interfaces/action/detail/grab_images__functions.h\n'}
[0.470279] (pylon_ros2_camera_interfaces) StdoutLine: {'line': b'-- Up-to-date: /home/mcav/cam_dev_ws/install/pylon_ros2_camera_interfaces/include/pylon_ros2_camera_interfaces/pylon_ros2_camera_interfaces/action/detail/grab_blaze_data__type_support.h\n'}
[0.470458] (pylon_ros2_camera_interfaces) StdoutLine: {'line': b'-- Up-to-date: /home/mcav/cam_dev_ws/install/pylon_ros2_camera_interfaces/include/pylon_ros2_camera_interfaces/pylon_ros2_camera_interfaces/action/detail/grab_blaze_data__functions.c\n'}
[0.470651] (pylon_ros2_camera_interfaces) StdoutLine: {'line': b'-- Up-to-date: /home/mcav/cam_dev_ws/install/pylon_ros2_camera_interfaces/include/pylon_ros2_camera_interfaces/pylon_ros2_camera_interfaces/action/detail/grab_blaze_data__struct.h\n'}
[0.470813] (pylon_ros2_camera_interfaces) StdoutLine: {'line': b'-- Up-to-date: /home/mcav/cam_dev_ws/install/pylon_ros2_camera_interfaces/include/pylon_ros2_camera_interfaces/pylon_ros2_camera_interfaces/action/detail/grab_images__functions.c\n'}
[0.470974] (pylon_ros2_camera_interfaces) StdoutLine: {'line': b'-- Up-to-date: /home/mcav/cam_dev_ws/install/pylon_ros2_camera_interfaces/include/pylon_ros2_camera_interfaces/pylon_ros2_camera_interfaces/action/detail/grab_blaze_data__functions.h\n'}
[0.471135] (pylon_ros2_camera_interfaces) StdoutLine: {'line': b'-- Up-to-date: /home/mcav/cam_dev_ws/install/pylon_ros2_camera_interfaces/include/pylon_ros2_camera_interfaces/pylon_ros2_camera_interfaces/action/grab_blaze_data.h\n'}
[0.471266] (pylon_ros2_camera_interfaces) StdoutLine: {'line': b'-- Up-to-date: /home/mcav/cam_dev_ws/install/pylon_ros2_camera_interfaces/include/pylon_ros2_camera_interfaces/pylon_ros2_camera_interfaces/srv\n'}
[0.471546] (pylon_ros2_camera_interfaces) StdoutLine: {'line': b'-- Up-to-date: /home/mcav/cam_dev_ws/install/pylon_ros2_camera_interfaces/include/pylon_ros2_camera_interfaces/pylon_ros2_camera_interfaces/srv/issue_scheduled_action_command.h\n'}
[0.471882] (pylon_ros2_camera_interfaces) StdoutLine: {'line': b'-- Up-to-date: /home/mcav/cam_dev_ws/install/pylon_ros2_camera_interfaces/include/pylon_ros2_camera_interfaces/pylon_ros2_camera_interfaces/srv/set_exposure.h\n'}
[0.472177] (pylon_ros2_camera_interfaces) StdoutLine: {'line': b'-- Up-to-date: /home/mcav/cam_dev_ws/install/pylon_ros2_camera_interfaces/include/pylon_ros2_camera_interfaces/pylon_ros2_camera_interfaces/srv/get_integer_value.h\n'}
[0.472372] (pylon_ros2_camera_interfaces) StdoutLine: {'line': b'-- Up-to-date: /home/mcav/cam_dev_ws/install/pylon_ros2_camera_interfaces/include/pylon_ros2_camera_interfaces/pylon_ros2_camera_interfaces/srv/detail\n'}
[0.472603] (pylon_ros2_camera_interfaces) StdoutLine: {'line': b'-- Up-to-date: /home/mcav/cam_dev_ws/install/pylon_ros2_camera_interfaces/include/pylon_ros2_camera_interfaces/pylon_ros2_camera_interfaces/srv/detail/get_ptp_status__functions.c\n'}
[0.473016] (pylon_ros2_camera_interfaces) StdoutLine: {'line': b'-- Up-to-date: /home/mcav/cam_dev_ws/install/pylon_ros2_camera_interfaces/include/pylon_ros2_camera_interfaces/pylon_ros2_camera_interfaces/srv/detail/set_exposure__functions.c\n'}
[0.473261] (pylon_ros2_camera_interfaces) StdoutLine: {'line': b'-- Up-to-date: /home/mcav/cam_dev_ws/install/pylon_ros2_camera_interfaces/include/pylon_ros2_camera_interfaces/pylon_ros2_camera_interfaces/srv/detail/set_exposure__struct.h\n'}
[0.473454] (pylon_ros2_camera_interfaces) StdoutLine: {'line': b'-- Up-to-date: /home/mcav/cam_dev_ws/install/pylon_ros2_camera_interfaces/include/pylon_ros2_camera_interfaces/pylon_ros2_camera_interfaces/srv/detail/get_ptp_status__struct.h\n'}
[0.473613] (pylon_ros2_camera_interfaces) StdoutLine: {'line': b'-- Up-to-date: /home/mcav/cam_dev_ws/install/pylon_ros2_camera_interfaces/include/pylon_ros2_camera_interfaces/pylon_ros2_camera_interfaces/srv/detail/issue_scheduled_action_command__functions.h\n'}
[0.473776] (pylon_ros2_camera_interfaces) StdoutLine: {'line': b'-- Up-to-date: /home/mcav/cam_dev_ws/install/pylon_ros2_camera_interfaces/include/pylon_ros2_camera_interfaces/pylon_ros2_camera_interfaces/srv/detail/get_float_value__functions.c\n'}
[0.473913] (pylon_ros2_camera_interfaces) StdoutLine: {'line': b'-- Up-to-date: /home/mcav/cam_dev_ws/install/pylon_ros2_camera_interfaces/include/pylon_ros2_camera_interfaces/pylon_ros2_camera_interfaces/srv/detail/issue_scheduled_action_command__functions.c\n'}
[0.474237] (pylon_ros2_camera_interfaces) StdoutLine: {'line': b'-- Up-to-date: /home/mcav/cam_dev_ws/install/pylon_ros2_camera_interfaces/include/pylon_ros2_camera_interfaces/pylon_ros2_camera_interfaces/srv/detail/set_string_value__functions.c\n'}
[0.474537] (pylon_ros2_camera_interfaces) StdoutLine: {'line': b'-- Up-to-date: /home/mcav/cam_dev_ws/install/pylon_ros2_camera_interfaces/include/pylon_ros2_camera_interfaces/pylon_ros2_camera_interfaces/srv/detail/get_string_value__functions.h\n'}
[0.474768] (pylon_ros2_camera_interfaces) StdoutLine: {'line': b'-- Up-to-date: /home/mcav/cam_dev_ws/install/pylon_ros2_camera_interfaces/include/pylon_ros2_camera_interfaces/pylon_ros2_camera_interfaces/srv/detail/set_integer_value__functions.c\n'}
[0.475010] (pylon_ros2_camera_interfaces) StdoutLine: {'line': b'-- Up-to-date: /home/mcav/cam_dev_ws/install/pylon_ros2_camera_interfaces/include/pylon_ros2_camera_interfaces/pylon_ros2_camera_interfaces/srv/detail/set_sleeping__functions.c\n'}
[0.475219] (pylon_ros2_camera_interfaces) StdoutLine: {'line': b'-- Up-to-date: /home/mcav/cam_dev_ws/install/pylon_ros2_camera_interfaces/include/pylon_ros2_camera_interfaces/pylon_ros2_camera_interfaces/srv/detail/set_gamma__functions.c\n'}
[0.475449] (pylon_ros2_camera_interfaces) StdoutLine: {'line': b'-- Up-to-date: /home/mcav/cam_dev_ws/install/pylon_ros2_camera_interfaces/include/pylon_ros2_camera_interfaces/pylon_ros2_camera_interfaces/srv/detail/set_exposure__type_support.h\n'}
[0.475646] (pylon_ros2_camera_interfaces) StdoutLine: {'line': b'-- Up-to-date: /home/mcav/cam_dev_ws/install/pylon_ros2_camera_interfaces/include/pylon_ros2_camera_interfaces/pylon_ros2_camera_interfaces/srv/detail/set_float_value__type_support.h\n'}
[0.475871] (pylon_ros2_camera_interfaces) StdoutLine: {'line': b'-- Up-to-date: /home/mcav/cam_dev_ws/install/pylon_ros2_camera_interfaces/include/pylon_ros2_camera_interfaces/pylon_ros2_camera_interfaces/srv/detail/set_white_balance__functions.c\n'}
[0.476084] (pylon_ros2_camera_interfaces) StdoutLine: {'line': b'-- Up-to-date: /home/mcav/cam_dev_ws/install/pylon_ros2_camera_interfaces/include/pylon_ros2_camera_interfaces/pylon_ros2_camera_interfaces/srv/detail/set_roi__struct.h\n'}
[0.476337] (pylon_ros2_camera_interfaces) StdoutLine: {'line': b'-- Up-to-date: /home/mcav/cam_dev_ws/install/pylon_ros2_camera_interfaces/include/pylon_ros2_camera_interfaces/pylon_ros2_camera_interfaces/srv/detail/set_brightness__struct.h\n'}
[0.476627] (pylon_ros2_camera_interfaces) StdoutLine: {'line': b'-- Up-to-date: /home/mcav/cam_dev_ws/install/pylon_ros2_camera_interfaces/include/pylon_ros2_camera_interfaces/pylon_ros2_camera_interfaces/srv/detail/issue_scheduled_action_command__struct.h\n'}
[0.476897] (pylon_ros2_camera_interfaces) StdoutLine: {'line': b'-- Up-to-date: /home/mcav/cam_dev_ws/install/pylon_ros2_camera_interfaces/include/pylon_ros2_camera_interfaces/pylon_ros2_camera_interfaces/srv/detail/get_float_value__functions.h\n'}
[0.477146] (pylon_ros2_camera_interfaces) StdoutLine: {'line': b'-- Up-to-date: /home/mcav/cam_dev_ws/install/pylon_ros2_camera_interfaces/include/pylon_ros2_camera_interfaces/pylon_ros2_camera_interfaces/srv/detail/set_roi__type_support.h\n'}
[0.477353] (pylon_ros2_camera_interfaces) StdoutLine: {'line': b'-- Up-to-date: /home/mcav/cam_dev_ws/install/pylon_ros2_camera_interfaces/include/pylon_ros2_camera_interfaces/pylon_ros2_camera_interfaces/srv/detail/set_gain__functions.c\n'}
[0.477565] (pylon_ros2_camera_interfaces) StdoutLine: {'line': b'-- Up-to-date: /home/mcav/cam_dev_ws/install/pylon_ros2_camera_interfaces/include/pylon_ros2_camera_interfaces/pylon_ros2_camera_interfaces/srv/detail/issue_action_command__struct.h\n'}
[0.477769] (pylon_ros2_camera_interfaces) StdoutLine: {'line': b'-- Up-to-date: /home/mcav/cam_dev_ws/install/pylon_ros2_camera_interfaces/include/pylon_ros2_camera_interfaces/pylon_ros2_camera_interfaces/srv/detail/get_string_value__type_support.h\n'}
[0.477992] (pylon_ros2_camera_interfaces) StdoutLine: {'line': b'-- Up-to-date: /home/mcav/cam_dev_ws/install/pylon_ros2_camera_interfaces/include/pylon_ros2_camera_interfaces/pylon_ros2_camera_interfaces/srv/detail/get_float_value__struct.h\n'}
[0.478207] (pylon_ros2_camera_interfaces) StdoutLine: {'line': b'-- Up-to-date: /home/mcav/cam_dev_ws/install/pylon_ros2_camera_interfaces/include/pylon_ros2_camera_interfaces/pylon_ros2_camera_interfaces/srv/detail/set_exposure__functions.h\n'}
[0.478415] (pylon_ros2_camera_interfaces) StdoutLine: {'line': b'-- Up-to-date: /home/mcav/cam_dev_ws/install/pylon_ros2_camera_interfaces/include/pylon_ros2_camera_interfaces/pylon_ros2_camera_interfaces/srv/detail/get_string_value__struct.h\n'}
[0.478632] (pylon_ros2_camera_interfaces) StdoutLine: {'line': b'-- Up-to-date: /home/mcav/cam_dev_ws/install/pylon_ros2_camera_interfaces/include/pylon_ros2_camera_interfaces/pylon_ros2_camera_interfaces/srv/detail/set_binning__functions.h\n'}
[0.478844] (pylon_ros2_camera_interfaces) StdoutLine: {'line': b'-- Up-to-date: /home/mcav/cam_dev_ws/install/pylon_ros2_camera_interfaces/include/pylon_ros2_camera_interfaces/pylon_ros2_camera_interfaces/srv/detail/get_integer_value__type_support.h\n'}
[0.479076] (pylon_ros2_camera_interfaces) StdoutLine: {'line': b'-- Up-to-date: /home/mcav/cam_dev_ws/install/pylon_ros2_camera_interfaces/include/pylon_ros2_camera_interfaces/pylon_ros2_camera_interfaces/srv/detail/get_ptp_status__type_support.h\n'}
[0.479381] (pylon_ros2_camera_interfaces) StdoutLine: {'line': b'-- Up-to-date: /home/mcav/cam_dev_ws/install/pylon_ros2_camera_interfaces/include/pylon_ros2_camera_interfaces/pylon_ros2_camera_interfaces/srv/detail/set_brightness__functions.h\n'}
[0.479616] (pylon_ros2_camera_interfaces) StdoutLine: {'line': b'-- Up-to-date: /home/mcav/cam_dev_ws/install/pylon_ros2_camera_interfaces/include/pylon_ros2_camera_interfaces/pylon_ros2_camera_interfaces/srv/detail/set_white_balance__type_support.h\n'}
[0.479790] (pylon_ros2_camera_interfaces) StdoutLine: {'line': b'-- Up-to-date: /home/mcav/cam_dev_ws/install/pylon_ros2_camera_interfaces/include/pylon_ros2_camera_interfaces/pylon_ros2_camera_interfaces/srv/detail/set_float_value__struct.h\n'}
[0.479997] (pylon_ros2_camera_interfaces) StdoutLine: {'line': b'-- Up-to-date: /home/mcav/cam_dev_ws/install/pylon_ros2_camera_interfaces/include/pylon_ros2_camera_interfaces/pylon_ros2_camera_interfaces/srv/detail/set_string_value__functions.h\n'}
[0.480200] (pylon_ros2_camera_interfaces) StdoutLine: {'line': b'-- Up-to-date: /home/mcav/cam_dev_ws/install/pylon_ros2_camera_interfaces/include/pylon_ros2_camera_interfaces/pylon_ros2_camera_interfaces/srv/detail/set_roi__functions.c\n'}
[0.480435] (pylon_ros2_camera_interfaces) StdoutLine: {'line': b'-- Up-to-date: /home/mcav/cam_dev_ws/install/pylon_ros2_camera_interfaces/include/pylon_ros2_camera_interfaces/pylon_ros2_camera_interfaces/srv/detail/set_float_value__functions.c\n'}
[0.480660] (pylon_ros2_camera_interfaces) StdoutLine: {'line': b'-- Up-to-date: /home/mcav/cam_dev_ws/install/pylon_ros2_camera_interfaces/include/pylon_ros2_camera_interfaces/pylon_ros2_camera_interfaces/srv/detail/set_gain__struct.h\n'}
[0.480862] (pylon_ros2_camera_interfaces) StdoutLine: {'line': b'-- Up-to-date: /home/mcav/cam_dev_ws/install/pylon_ros2_camera_interfaces/include/pylon_ros2_camera_interfaces/pylon_ros2_camera_interfaces/srv/detail/set_float_value__functions.h\n'}
[0.481262] (pylon_ros2_camera_interfaces) StdoutLine: {'line': b'-- Up-to-date: /home/mcav/cam_dev_ws/install/pylon_ros2_camera_interfaces/include/pylon_ros2_camera_interfaces/pylon_ros2_camera_interfaces/srv/detail/issue_action_command__functions.h\n'}
[0.481506] (pylon_ros2_camera_interfaces) StdoutLine: {'line': b'-- Up-to-date: /home/mcav/cam_dev_ws/install/pylon_ros2_camera_interfaces/include/pylon_ros2_camera_interfaces/pylon_ros2_camera_interfaces/srv/detail/get_integer_value__functions.c\n'}
[0.481729] (pylon_ros2_camera_interfaces) StdoutLine: {'line': b'-- Up-to-date: /home/mcav/cam_dev_ws/install/pylon_ros2_camera_interfaces/include/pylon_ros2_camera_interfaces/pylon_ros2_camera_interfaces/srv/detail/set_brightness__type_support.h\n'}
[0.481898] (pylon_ros2_camera_interfaces) StdoutLine: {'line': b'-- Up-to-date: /home/mcav/cam_dev_ws/install/pylon_ros2_camera_interfaces/include/pylon_ros2_camera_interfaces/pylon_ros2_camera_interfaces/srv/detail/set_string_value__type_support.h\n'}
[0.482069] (pylon_ros2_camera_interfaces) StdoutLine: {'line': b'-- Up-to-date: /home/mcav/cam_dev_ws/install/pylon_ros2_camera_interfaces/include/pylon_ros2_camera_interfaces/pylon_ros2_camera_interfaces/srv/detail/set_binning__functions.c\n'}
[0.482226] (pylon_ros2_camera_interfaces) StdoutLine: {'line': b'-- Up-to-date: /home/mcav/cam_dev_ws/install/pylon_ros2_camera_interfaces/include/pylon_ros2_camera_interfaces/pylon_ros2_camera_interfaces/srv/detail/set_action_trigger_configuration__functions.h\n'}
[0.482379] (pylon_ros2_camera_interfaces) StdoutLine: {'line': b'-- Up-to-date: /home/mcav/cam_dev_ws/install/pylon_ros2_camera_interfaces/include/pylon_ros2_camera_interfaces/pylon_ros2_camera_interfaces/srv/detail/set_roi__functions.h\n'}
[0.482621] (pylon_ros2_camera_interfaces) StdoutLine: {'line': b'-- Up-to-date: /home/mcav/cam_dev_ws/install/pylon_ros2_camera_interfaces/include/pylon_ros2_camera_interfaces/pylon_ros2_camera_interfaces/srv/detail/set_sleeping__struct.h\n'}
[0.482860] (pylon_ros2_camera_interfaces) StdoutLine: {'line': b'-- Up-to-date: /home/mcav/cam_dev_ws/install/pylon_ros2_camera_interfaces/include/pylon_ros2_camera_interfaces/pylon_ros2_camera_interfaces/srv/detail/issue_scheduled_action_command__type_support.h\n'}
[0.483077] (pylon_ros2_camera_interfaces) StdoutLine: {'line': b'-- Up-to-date: /home/mcav/cam_dev_ws/install/pylon_ros2_camera_interfaces/include/pylon_ros2_camera_interfaces/pylon_ros2_camera_interfaces/srv/detail/set_action_trigger_configuration__type_support.h\n'}
[0.483318] (pylon_ros2_camera_interfaces) StdoutLine: {'line': b'-- Up-to-date: /home/mcav/cam_dev_ws/install/pylon_ros2_camera_interfaces/include/pylon_ros2_camera_interfaces/pylon_ros2_camera_interfaces/srv/detail/set_white_balance__functions.h\n'}
[0.483590] (pylon_ros2_camera_interfaces) StdoutLine: {'line': b'-- Up-to-date: /home/mcav/cam_dev_ws/install/pylon_ros2_camera_interfaces/include/pylon_ros2_camera_interfaces/pylon_ros2_camera_interfaces/srv/detail/get_integer_value__functions.h\n'}
[0.483814] (pylon_ros2_camera_interfaces) StdoutLine: {'line': b'-- Up-to-date: /home/mcav/cam_dev_ws/install/pylon_ros2_camera_interfaces/include/pylon_ros2_camera_interfaces/pylon_ros2_camera_interfaces/srv/detail/set_sleeping__type_support.h\n'}
[0.484108] (pylon_ros2_camera_interfaces) StdoutLine: {'line': b'-- Up-to-date: /home/mcav/cam_dev_ws/install/pylon_ros2_camera_interfaces/include/pylon_ros2_camera_interfaces/pylon_ros2_camera_interfaces/srv/detail/set_integer_value__functions.h\n'}
[0.484347] (pylon_ros2_camera_interfaces) StdoutLine: {'line': b'-- Up-to-date: /home/mcav/cam_dev_ws/install/pylon_ros2_camera_interfaces/include/pylon_ros2_camera_interfaces/pylon_ros2_camera_interfaces/srv/detail/set_white_balance__struct.h\n'}
[0.484571] (pylon_ros2_camera_interfaces) StdoutLine: {'line': b'-- Up-to-date: /home/mcav/cam_dev_ws/install/pylon_ros2_camera_interfaces/include/pylon_ros2_camera_interfaces/pylon_ros2_camera_interfaces/srv/detail/set_sleeping__functions.h\n'}
[0.484915] (pylon_ros2_camera_interfaces) StdoutLine: {'line': b'-- Up-to-date: /home/mcav/cam_dev_ws/install/pylon_ros2_camera_interfaces/include/pylon_ros2_camera_interfaces/pylon_ros2_camera_interfaces/srv/detail/set_action_trigger_configuration__struct.h\n'}
[0.485174] (pylon_ros2_camera_interfaces) StdoutLine: {'line': b'-- Up-to-date: /home/mcav/cam_dev_ws/install/pylon_ros2_camera_interfaces/include/pylon_ros2_camera_interfaces/pylon_ros2_camera_interfaces/srv/detail/set_gamma__functions.h\n'}
[0.485351] (pylon_ros2_camera_interfaces) StdoutLine: {'line': b'-- Up-to-date: /home/mcav/cam_dev_ws/install/pylon_ros2_camera_interfaces/include/pylon_ros2_camera_interfaces/pylon_ros2_camera_interfaces/srv/detail/issue_action_command__functions.c\n'}
[0.485511] (pylon_ros2_camera_interfaces) StdoutLine: {'line': b'-- Up-to-date: /home/mcav/cam_dev_ws/install/pylon_ros2_camera_interfaces/include/pylon_ros2_camera_interfaces/pylon_ros2_camera_interfaces/srv/detail/get_ptp_status__functions.h\n'}
[0.485692] (pylon_ros2_camera_interfaces) StdoutLine: {'line': b'-- Up-to-date: /home/mcav/cam_dev_ws/install/pylon_ros2_camera_interfaces/include/pylon_ros2_camera_interfaces/pylon_ros2_camera_interfaces/srv/detail/set_gamma__struct.h\n'}
[0.485828] (pylon_ros2_camera_interfaces) StdoutLine: {'line': b'-- Up-to-date: /home/mcav/cam_dev_ws/install/pylon_ros2_camera_interfaces/include/pylon_ros2_camera_interfaces/pylon_ros2_camera_interfaces/srv/detail/set_gain__type_support.h\n'}
[0.485988] (pylon_ros2_camera_interfaces) StdoutLine: {'line': b'-- Up-to-date: /home/mcav/cam_dev_ws/install/pylon_ros2_camera_interfaces/include/pylon_ros2_camera_interfaces/pylon_ros2_camera_interfaces/srv/detail/set_action_trigger_configuration__functions.c\n'}
[0.486175] (pylon_ros2_camera_interfaces) StdoutLine: {'line': b'-- Up-to-date: /home/mcav/cam_dev_ws/install/pylon_ros2_camera_interfaces/include/pylon_ros2_camera_interfaces/pylon_ros2_camera_interfaces/srv/detail/get_string_value__functions.c\n'}
[0.486336] (pylon_ros2_camera_interfaces) StdoutLine: {'line': b'-- Up-to-date: /home/mcav/cam_dev_ws/install/pylon_ros2_camera_interfaces/include/pylon_ros2_camera_interfaces/pylon_ros2_camera_interfaces/srv/detail/set_brightness__functions.c\n'}
[0.486481] (pylon_ros2_camera_interfaces) StdoutLine: {'line': b'-- Up-to-date: /home/mcav/cam_dev_ws/install/pylon_ros2_camera_interfaces/include/pylon_ros2_camera_interfaces/pylon_ros2_camera_interfaces/srv/detail/get_integer_value__struct.h\n'}
[0.486791] (pylon_ros2_camera_interfaces) StdoutLine: {'line': b'-- Up-to-date: /home/mcav/cam_dev_ws/install/pylon_ros2_camera_interfaces/include/pylon_ros2_camera_interfaces/pylon_ros2_camera_interfaces/srv/detail/get_float_value__type_support.h\n'}
[0.487034] (pylon_ros2_camera_interfaces) StdoutLine: {'line': b'-- Up-to-date: /home/mcav/cam_dev_ws/install/pylon_ros2_camera_interfaces/include/pylon_ros2_camera_interfaces/pylon_ros2_camera_interfaces/srv/detail/set_integer_value__type_support.h\n'}
[0.487305] (pylon_ros2_camera_interfaces) StdoutLine: {'line': b'-- Up-to-date: /home/mcav/cam_dev_ws/install/pylon_ros2_camera_interfaces/include/pylon_ros2_camera_interfaces/pylon_ros2_camera_interfaces/srv/detail/set_binning__type_support.h\n'}
[0.487566] (pylon_ros2_camera_interfaces) StdoutLine: {'line': b'-- Up-to-date: /home/mcav/cam_dev_ws/install/pylon_ros2_camera_interfaces/include/pylon_ros2_camera_interfaces/pylon_ros2_camera_interfaces/srv/detail/set_string_value__struct.h\n'}
[0.487857] (pylon_ros2_camera_interfaces) StdoutLine: {'line': b'-- Up-to-date: /home/mcav/cam_dev_ws/install/pylon_ros2_camera_interfaces/include/pylon_ros2_camera_interfaces/pylon_ros2_camera_interfaces/srv/detail/set_binning__struct.h\n'}
[0.488130] (pylon_ros2_camera_interfaces) StdoutLine: {'line': b'-- Up-to-date: /home/mcav/cam_dev_ws/install/pylon_ros2_camera_interfaces/include/pylon_ros2_camera_interfaces/pylon_ros2_camera_interfaces/srv/detail/set_gain__functions.h\n'}
[0.488472] (pylon_ros2_camera_interfaces) StdoutLine: {'line': b'-- Up-to-date: /home/mcav/cam_dev_ws/install/pylon_ros2_camera_interfaces/include/pylon_ros2_camera_interfaces/pylon_ros2_camera_interfaces/srv/detail/set_integer_value__struct.h\n'}
[0.488794] (pylon_ros2_camera_interfaces) StdoutLine: {'line': b'-- Up-to-date: /home/mcav/cam_dev_ws/install/pylon_ros2_camera_interfaces/include/pylon_ros2_camera_interfaces/pylon_ros2_camera_interfaces/srv/detail/issue_action_command__type_support.h\n'}
[0.489029] (pylon_ros2_camera_interfaces) StdoutLine: {'line': b'-- Up-to-date: /home/mcav/cam_dev_ws/install/pylon_ros2_camera_interfaces/include/pylon_ros2_camera_interfaces/pylon_ros2_camera_interfaces/srv/detail/set_gamma__type_support.h\n'}
[0.489304] (pylon_ros2_camera_interfaces) StdoutLine: {'line': b'-- Up-to-date: /home/mcav/cam_dev_ws/install/pylon_ros2_camera_interfaces/include/pylon_ros2_camera_interfaces/pylon_ros2_camera_interfaces/srv/set_brightness.h\n'}
[0.489481] (pylon_ros2_camera_interfaces) StdoutLine: {'line': b'-- Up-to-date: /home/mcav/cam_dev_ws/install/pylon_ros2_camera_interfaces/include/pylon_ros2_camera_interfaces/pylon_ros2_camera_interfaces/srv/set_gain.h\n'}
[0.489690] (pylon_ros2_camera_interfaces) StdoutLine: {'line': b'-- Up-to-date: /home/mcav/cam_dev_ws/install/pylon_ros2_camera_interfaces/include/pylon_ros2_camera_interfaces/pylon_ros2_camera_interfaces/srv/set_gamma.h\n'}
[0.489873] (pylon_ros2_camera_interfaces) StdoutLine: {'line': b'-- Up-to-date: /home/mcav/cam_dev_ws/install/pylon_ros2_camera_interfaces/include/pylon_ros2_camera_interfaces/pylon_ros2_camera_interfaces/srv/issue_action_command.h\n'}
[0.490028] (pylon_ros2_camera_interfaces) StdoutLine: {'line': b'-- Up-to-date: /home/mcav/cam_dev_ws/install/pylon_ros2_camera_interfaces/include/pylon_ros2_camera_interfaces/pylon_ros2_camera_interfaces/srv/get_ptp_status.h\n'}
[0.490197] (pylon_ros2_camera_interfaces) StdoutLine: {'line': b'-- Up-to-date: /home/mcav/cam_dev_ws/install/pylon_ros2_camera_interfaces/include/pylon_ros2_camera_interfaces/pylon_ros2_camera_interfaces/srv/set_integer_value.h\n'}
[0.490444] (pylon_ros2_camera_interfaces) StdoutLine: {'line': b'-- Up-to-date: /home/mcav/cam_dev_ws/install/pylon_ros2_camera_interfaces/include/pylon_ros2_camera_interfaces/pylon_ros2_camera_interfaces/srv/set_sleeping.h\n'}
[0.490635] (pylon_ros2_camera_interfaces) StdoutLine: {'line': b'-- Up-to-date: /home/mcav/cam_dev_ws/install/pylon_ros2_camera_interfaces/include/pylon_ros2_camera_interfaces/pylon_ros2_camera_interfaces/srv/set_binning.h\n'}
[0.490865] (pylon_ros2_camera_interfaces) StdoutLine: {'line': b'-- Up-to-date: /home/mcav/cam_dev_ws/install/pylon_ros2_camera_interfaces/include/pylon_ros2_camera_interfaces/pylon_ros2_camera_interfaces/srv/get_float_value.h\n'}
[0.491024] (pylon_ros2_camera_interfaces) StdoutLine: {'line': b'-- Up-to-date: /home/mcav/cam_dev_ws/install/pylon_ros2_camera_interfaces/include/pylon_ros2_camera_interfaces/pylon_ros2_camera_interfaces/srv/set_action_trigger_configuration.h\n'}
[0.491259] (pylon_ros2_camera_interfaces) StdoutLine: {'line': b'-- Up-to-date: /home/mcav/cam_dev_ws/install/pylon_ros2_camera_interfaces/include/pylon_ros2_camera_interfaces/pylon_ros2_camera_interfaces/srv/set_white_balance.h\n'}
[0.491503] (pylon_ros2_camera_interfaces) StdoutLine: {'line': b'-- Up-to-date: /home/mcav/cam_dev_ws/install/pylon_ros2_camera_interfaces/include/pylon_ros2_camera_interfaces/pylon_ros2_camera_interfaces/srv/set_string_value.h\n'}
[0.491689] (pylon_ros2_camera_interfaces) StdoutLine: {'line': b'-- Up-to-date: /home/mcav/cam_dev_ws/install/pylon_ros2_camera_interfaces/include/pylon_ros2_camera_interfaces/pylon_ros2_camera_interfaces/srv/set_float_value.h\n'}
[0.491895] (pylon_ros2_camera_interfaces) StdoutLine: {'line': b'-- Up-to-date: /home/mcav/cam_dev_ws/install/pylon_ros2_camera_interfaces/include/pylon_ros2_camera_interfaces/pylon_ros2_camera_interfaces/srv/get_string_value.h\n'}
[0.492102] (pylon_ros2_camera_interfaces) StdoutLine: {'line': b'-- Up-to-date: /home/mcav/cam_dev_ws/install/pylon_ros2_camera_interfaces/include/pylon_ros2_camera_interfaces/pylon_ros2_camera_interfaces/srv/set_roi.h\n'}
[0.492298] (pylon_ros2_camera_interfaces) StdoutLine: {'line': b'-- Up-to-date: /home/mcav/cam_dev_ws/install/pylon_ros2_camera_interfaces/share/pylon_ros2_camera_interfaces/environment/library_path.sh\n'}
[0.492450] (pylon_ros2_camera_interfaces) StdoutLine: {'line': b'-- Up-to-date: /home/mcav/cam_dev_ws/install/pylon_ros2_camera_interfaces/share/pylon_ros2_camera_interfaces/environment/library_path.dsv\n'}
[0.492707] (pylon_ros2_camera_interfaces) StdoutLine: {'line': b'-- Up-to-date: /home/mcav/cam_dev_ws/install/pylon_ros2_camera_interfaces/lib/libpylon_ros2_camera_interfaces__rosidl_generator_c.so\n'}
[0.492970] (pylon_ros2_camera_interfaces) StdoutLine: {'line': b'-- Up-to-date: /home/mcav/cam_dev_ws/install/pylon_ros2_camera_interfaces/include/pylon_ros2_camera_interfaces/pylon_ros2_camera_interfaces\n'}
[0.493259] (pylon_ros2_camera_interfaces) StdoutLine: {'line': b'-- Up-to-date: /home/mcav/cam_dev_ws/install/pylon_ros2_camera_interfaces/include/pylon_ros2_camera_interfaces/pylon_ros2_camera_interfaces/msg\n'}
[0.493493] (pylon_ros2_camera_interfaces) StdoutLine: {'line': b'-- Up-to-date: /home/mcav/cam_dev_ws/install/pylon_ros2_camera_interfaces/include/pylon_ros2_camera_interfaces/pylon_ros2_camera_interfaces/msg/detail\n'}
[0.493718] (pylon_ros2_camera_interfaces) StdoutLine: {'line': b'-- Up-to-date: /home/mcav/cam_dev_ws/install/pylon_ros2_camera_interfaces/include/pylon_ros2_camera_interfaces/pylon_ros2_camera_interfaces/msg/detail/component_status__rosidl_typesupport_fastrtps_c.h\n'}
[0.493932] (pylon_ros2_camera_interfaces) StdoutLine: {'line': b'-- Up-to-date: /home/mcav/cam_dev_ws/install/pylon_ros2_camera_interfaces/include/pylon_ros2_camera_interfaces/pylon_ros2_camera_interfaces/msg/detail/current_params__rosidl_typesupport_fastrtps_c.h\n'}
[0.494163] (pylon_ros2_camera_interfaces) StdoutLine: {'line': b'-- Up-to-date: /home/mcav/cam_dev_ws/install/pylon_ros2_camera_interfaces/include/pylon_ros2_camera_interfaces/pylon_ros2_camera_interfaces/msg/rosidl_typesupport_fastrtps_c__visibility_control.h\n'}
[0.494441] (pylon_ros2_camera_interfaces) StdoutLine: {'line': b'-- Up-to-date: /home/mcav/cam_dev_ws/install/pylon_ros2_camera_interfaces/include/pylon_ros2_camera_interfaces/pylon_ros2_camera_interfaces/action\n'}
[0.494650] (pylon_ros2_camera_interfaces) StdoutLine: {'line': b'-- Up-to-date: /home/mcav/cam_dev_ws/install/pylon_ros2_camera_interfaces/include/pylon_ros2_camera_interfaces/pylon_ros2_camera_interfaces/action/detail\n'}
[0.494850] (pylon_ros2_camera_interfaces) StdoutLine: {'line': b'-- Up-to-date: /home/mcav/cam_dev_ws/install/pylon_ros2_camera_interfaces/include/pylon_ros2_camera_interfaces/pylon_ros2_camera_interfaces/action/detail/grab_blaze_data__rosidl_typesupport_fastrtps_c.h\n'}
[0.495053] (pylon_ros2_camera_interfaces) StdoutLine: {'line': b'-- Up-to-date: /home/mcav/cam_dev_ws/install/pylon_ros2_camera_interfaces/include/pylon_ros2_camera_interfaces/pylon_ros2_camera_interfaces/action/detail/grab_images__rosidl_typesupport_fastrtps_c.h\n'}
[0.495253] (pylon_ros2_camera_interfaces) StdoutLine: {'line': b'-- Up-to-date: /home/mcav/cam_dev_ws/install/pylon_ros2_camera_interfaces/include/pylon_ros2_camera_interfaces/pylon_ros2_camera_interfaces/srv\n'}
[0.495397] (pylon_ros2_camera_interfaces) StdoutLine: {'line': b'-- Up-to-date: /home/mcav/cam_dev_ws/install/pylon_ros2_camera_interfaces/include/pylon_ros2_camera_interfaces/pylon_ros2_camera_interfaces/srv/detail\n'}
[0.495544] (pylon_ros2_camera_interfaces) StdoutLine: {'line': b'-- Up-to-date: /home/mcav/cam_dev_ws/install/pylon_ros2_camera_interfaces/include/pylon_ros2_camera_interfaces/pylon_ros2_camera_interfaces/srv/detail/set_white_balance__rosidl_typesupport_fastrtps_c.h\n'}
[0.495661] (pylon_ros2_camera_interfaces) StdoutLine: {'line': b'-- Up-to-date: /home/mcav/cam_dev_ws/install/pylon_ros2_camera_interfaces/include/pylon_ros2_camera_interfaces/pylon_ros2_camera_interfaces/srv/detail/issue_action_command__rosidl_typesupport_fastrtps_c.h\n'}
[0.495731] (pylon_ros2_camera_interfaces) StdoutLine: {'line': b'-- Up-to-date: /home/mcav/cam_dev_ws/install/pylon_ros2_camera_interfaces/include/pylon_ros2_camera_interfaces/pylon_ros2_camera_interfaces/srv/detail/issue_scheduled_action_command__rosidl_typesupport_fastrtps_c.h\n'}
[0.495797] (pylon_ros2_camera_interfaces) StdoutLine: {'line': b'-- Up-to-date: /home/mcav/cam_dev_ws/install/pylon_ros2_camera_interfaces/include/pylon_ros2_camera_interfaces/pylon_ros2_camera_interfaces/srv/detail/get_ptp_status__rosidl_typesupport_fastrtps_c.h\n'}
[0.495861] (pylon_ros2_camera_interfaces) StdoutLine: {'line': b'-- Up-to-date: /home/mcav/cam_dev_ws/install/pylon_ros2_camera_interfaces/include/pylon_ros2_camera_interfaces/pylon_ros2_camera_interfaces/srv/detail/set_sleeping__rosidl_typesupport_fastrtps_c.h\n'}
[0.495943] (pylon_ros2_camera_interfaces) StdoutLine: {'line': b'-- Up-to-date: /home/mcav/cam_dev_ws/install/pylon_ros2_camera_interfaces/include/pylon_ros2_camera_interfaces/pylon_ros2_camera_interfaces/srv/detail/set_gain__rosidl_typesupport_fastrtps_c.h\n'}
[0.496033] (pylon_ros2_camera_interfaces) StdoutLine: {'line': b'-- Up-to-date: /home/mcav/cam_dev_ws/install/pylon_ros2_camera_interfaces/include/pylon_ros2_camera_interfaces/pylon_ros2_camera_interfaces/srv/detail/set_gamma__rosidl_typesupport_fastrtps_c.h\n'}
[0.496100] (pylon_ros2_camera_interfaces) StdoutLine: {'line': b'-- Up-to-date: /home/mcav/cam_dev_ws/install/pylon_ros2_camera_interfaces/include/pylon_ros2_camera_interfaces/pylon_ros2_camera_interfaces/srv/detail/set_float_value__rosidl_typesupport_fastrtps_c.h\n'}
[0.496170] (pylon_ros2_camera_interfaces) StdoutLine: {'line': b'-- Up-to-date: /home/mcav/cam_dev_ws/install/pylon_ros2_camera_interfaces/include/pylon_ros2_camera_interfaces/pylon_ros2_camera_interfaces/srv/detail/set_binning__rosidl_typesupport_fastrtps_c.h\n'}
[0.496234] (pylon_ros2_camera_interfaces) StdoutLine: {'line': b'-- Up-to-date: /home/mcav/cam_dev_ws/install/pylon_ros2_camera_interfaces/include/pylon_ros2_camera_interfaces/pylon_ros2_camera_interfaces/srv/detail/set_integer_value__rosidl_typesupport_fastrtps_c.h\n'}
[0.496298] (pylon_ros2_camera_interfaces) StdoutLine: {'line': b'-- Up-to-date: /home/mcav/cam_dev_ws/install/pylon_ros2_camera_interfaces/include/pylon_ros2_camera_interfaces/pylon_ros2_camera_interfaces/srv/detail/set_action_trigger_configuration__rosidl_typesupport_fastrtps_c.h\n'}
[0.496367] (pylon_ros2_camera_interfaces) StdoutLine: {'line': b'-- Up-to-date: /home/mcav/cam_dev_ws/install/pylon_ros2_camera_interfaces/include/pylon_ros2_camera_interfaces/pylon_ros2_camera_interfaces/srv/detail/set_exposure__rosidl_typesupport_fastrtps_c.h\n'}
[0.496431] (pylon_ros2_camera_interfaces) StdoutLine: {'line': b'-- Up-to-date: /home/mcav/cam_dev_ws/install/pylon_ros2_camera_interfaces/include/pylon_ros2_camera_interfaces/pylon_ros2_camera_interfaces/srv/detail/set_brightness__rosidl_typesupport_fastrtps_c.h\n'}
[0.496495] (pylon_ros2_camera_interfaces) StdoutLine: {'line': b'-- Up-to-date: /home/mcav/cam_dev_ws/install/pylon_ros2_camera_interfaces/include/pylon_ros2_camera_interfaces/pylon_ros2_camera_interfaces/srv/detail/get_float_value__rosidl_typesupport_fastrtps_c.h\n'}
[0.496559] (pylon_ros2_camera_interfaces) StdoutLine: {'line': b'-- Up-to-date: /home/mcav/cam_dev_ws/install/pylon_ros2_camera_interfaces/include/pylon_ros2_camera_interfaces/pylon_ros2_camera_interfaces/srv/detail/get_integer_value__rosidl_typesupport_fastrtps_c.h\n'}
[0.496622] (pylon_ros2_camera_interfaces) StdoutLine: {'line': b'-- Up-to-date: /home/mcav/cam_dev_ws/install/pylon_ros2_camera_interfaces/include/pylon_ros2_camera_interfaces/pylon_ros2_camera_interfaces/srv/detail/set_roi__rosidl_typesupport_fastrtps_c.h\n'}
[0.496686] (pylon_ros2_camera_interfaces) StdoutLine: {'line': b'-- Up-to-date: /home/mcav/cam_dev_ws/install/pylon_ros2_camera_interfaces/include/pylon_ros2_camera_interfaces/pylon_ros2_camera_interfaces/srv/detail/get_string_value__rosidl_typesupport_fastrtps_c.h\n'}
[0.496749] (pylon_ros2_camera_interfaces) StdoutLine: {'line': b'-- Up-to-date: /home/mcav/cam_dev_ws/install/pylon_ros2_camera_interfaces/include/pylon_ros2_camera_interfaces/pylon_ros2_camera_interfaces/srv/detail/set_string_value__rosidl_typesupport_fastrtps_c.h\n'}
[0.496812] (pylon_ros2_camera_interfaces) StdoutLine: {'line': b'-- Up-to-date: /home/mcav/cam_dev_ws/install/pylon_ros2_camera_interfaces/lib/libpylon_ros2_camera_interfaces__rosidl_typesupport_fastrtps_c.so\n'}
[0.496883] (pylon_ros2_camera_interfaces) StdoutLine: {'line': b'-- Up-to-date: /home/mcav/cam_dev_ws/install/pylon_ros2_camera_interfaces/include/pylon_ros2_camera_interfaces/pylon_ros2_camera_interfaces\n'}
[0.496946] (pylon_ros2_camera_interfaces) StdoutLine: {'line': b'-- Up-to-date: /home/mcav/cam_dev_ws/install/pylon_ros2_camera_interfaces/include/pylon_ros2_camera_interfaces/pylon_ros2_camera_interfaces/msg\n'}
[0.497039] (pylon_ros2_camera_interfaces) StdoutLine: {'line': b'-- Up-to-date: /home/mcav/cam_dev_ws/install/pylon_ros2_camera_interfaces/include/pylon_ros2_camera_interfaces/pylon_ros2_camera_interfaces/msg/current_params.hpp\n'}
[0.497177] (pylon_ros2_camera_interfaces) StdoutLine: {'line': b'-- Up-to-date: /home/mcav/cam_dev_ws/install/pylon_ros2_camera_interfaces/include/pylon_ros2_camera_interfaces/pylon_ros2_camera_interfaces/msg/detail\n'}
[0.497261] (pylon_ros2_camera_interfaces) StdoutLine: {'line': b'-- Up-to-date: /home/mcav/cam_dev_ws/install/pylon_ros2_camera_interfaces/include/pylon_ros2_camera_interfaces/pylon_ros2_camera_interfaces/msg/detail/current_params__builder.hpp\n'}
[0.497327] (pylon_ros2_camera_interfaces) StdoutLine: {'line': b'-- Up-to-date: /home/mcav/cam_dev_ws/install/pylon_ros2_camera_interfaces/include/pylon_ros2_camera_interfaces/pylon_ros2_camera_interfaces/msg/detail/component_status__traits.hpp\n'}
[0.497391] (pylon_ros2_camera_interfaces) StdoutLine: {'line': b'-- Up-to-date: /home/mcav/cam_dev_ws/install/pylon_ros2_camera_interfaces/include/pylon_ros2_camera_interfaces/pylon_ros2_camera_interfaces/msg/detail/current_params__struct.hpp\n'}
[0.497456] (pylon_ros2_camera_interfaces) StdoutLine: {'line': b'-- Up-to-date: /home/mcav/cam_dev_ws/install/pylon_ros2_camera_interfaces/include/pylon_ros2_camera_interfaces/pylon_ros2_camera_interfaces/msg/detail/component_status__type_support.hpp\n'}
[0.497519] (pylon_ros2_camera_interfaces) StdoutLine: {'line': b'-- Up-to-date: /home/mcav/cam_dev_ws/install/pylon_ros2_camera_interfaces/include/pylon_ros2_camera_interfaces/pylon_ros2_camera_interfaces/msg/detail/current_params__traits.hpp\n'}
[0.497588] (pylon_ros2_camera_interfaces) StdoutLine: {'line': b'-- Up-to-date: /home/mcav/cam_dev_ws/install/pylon_ros2_camera_interfaces/include/pylon_ros2_camera_interfaces/pylon_ros2_camera_interfaces/msg/detail/component_status__builder.hpp\n'}
[0.497651] (pylon_ros2_camera_interfaces) StdoutLine: {'line': b'-- Up-to-date: /home/mcav/cam_dev_ws/install/pylon_ros2_camera_interfaces/include/pylon_ros2_camera_interfaces/pylon_ros2_camera_interfaces/msg/detail/current_params__type_support.hpp\n'}
[0.497718] (pylon_ros2_camera_interfaces) StdoutLine: {'line': b'-- Up-to-date: /home/mcav/cam_dev_ws/install/pylon_ros2_camera_interfaces/include/pylon_ros2_camera_interfaces/pylon_ros2_camera_interfaces/msg/detail/component_status__struct.hpp\n'}
[0.497781] (pylon_ros2_camera_interfaces) StdoutLine: {'line': b'-- Up-to-date: /home/mcav/cam_dev_ws/install/pylon_ros2_camera_interfaces/include/pylon_ros2_camera_interfaces/pylon_ros2_camera_interfaces/msg/component_status.hpp\n'}
[0.497844] (pylon_ros2_camera_interfaces) StdoutLine: {'line': b'-- Up-to-date: /home/mcav/cam_dev_ws/install/pylon_ros2_camera_interfaces/include/pylon_ros2_camera_interfaces/pylon_ros2_camera_interfaces/msg/rosidl_generator_cpp__visibility_control.hpp\n'}
[0.497907] (pylon_ros2_camera_interfaces) StdoutLine: {'line': b'-- Up-to-date: /home/mcav/cam_dev_ws/install/pylon_ros2_camera_interfaces/include/pylon_ros2_camera_interfaces/pylon_ros2_camera_interfaces/action\n'}
[0.497969] (pylon_ros2_camera_interfaces) StdoutLine: {'line': b'-- Up-to-date: /home/mcav/cam_dev_ws/install/pylon_ros2_camera_interfaces/include/pylon_ros2_camera_interfaces/pylon_ros2_camera_interfaces/action/grab_images.hpp\n'}
[0.498032] (pylon_ros2_camera_interfaces) StdoutLine: {'line': b'-- Up-to-date: /home/mcav/cam_dev_ws/install/pylon_ros2_camera_interfaces/include/pylon_ros2_camera_interfaces/pylon_ros2_camera_interfaces/action/detail\n'}
[0.498094] (pylon_ros2_camera_interfaces) StdoutLine: {'line': b'-- Up-to-date: /home/mcav/cam_dev_ws/install/pylon_ros2_camera_interfaces/include/pylon_ros2_camera_interfaces/pylon_ros2_camera_interfaces/action/detail/grab_blaze_data__type_support.hpp\n'}
[0.498157] (pylon_ros2_camera_interfaces) StdoutLine: {'line': b'-- Up-to-date: /home/mcav/cam_dev_ws/install/pylon_ros2_camera_interfaces/include/pylon_ros2_camera_interfaces/pylon_ros2_camera_interfaces/action/detail/grab_images__type_support.hpp\n'}
[0.498220] (pylon_ros2_camera_interfaces) StdoutLine: {'line': b'-- Up-to-date: /home/mcav/cam_dev_ws/install/pylon_ros2_camera_interfaces/include/pylon_ros2_camera_interfaces/pylon_ros2_camera_interfaces/action/detail/grab_blaze_data__struct.hpp\n'}
[0.498282] (pylon_ros2_camera_interfaces) StdoutLine: {'line': b'-- Up-to-date: /home/mcav/cam_dev_ws/install/pylon_ros2_camera_interfaces/include/pylon_ros2_camera_interfaces/pylon_ros2_camera_interfaces/action/detail/grab_images__traits.hpp\n'}
[0.498344] (pylon_ros2_camera_interfaces) StdoutLine: {'line': b'-- Up-to-date: /home/mcav/cam_dev_ws/install/pylon_ros2_camera_interfaces/include/pylon_ros2_camera_interfaces/pylon_ros2_camera_interfaces/action/detail/grab_blaze_data__traits.hpp\n'}
[0.498408] (pylon_ros2_camera_interfaces) StdoutLine: {'line': b'-- Up-to-date: /home/mcav/cam_dev_ws/install/pylon_ros2_camera_interfaces/include/pylon_ros2_camera_interfaces/pylon_ros2_camera_interfaces/action/detail/grab_images__builder.hpp\n'}
[0.498471] (pylon_ros2_camera_interfaces) StdoutLine: {'line': b'-- Up-to-date: /home/mcav/cam_dev_ws/install/pylon_ros2_camera_interfaces/include/pylon_ros2_camera_interfaces/pylon_ros2_camera_interfaces/action/detail/grab_blaze_data__builder.hpp\n'}
[0.498540] (pylon_ros2_camera_interfaces) StdoutLine: {'line': b'-- Up-to-date: /home/mcav/cam_dev_ws/install/pylon_ros2_camera_interfaces/include/pylon_ros2_camera_interfaces/pylon_ros2_camera_interfaces/action/detail/grab_images__struct.hpp\n'}
[0.498603] (pylon_ros2_camera_interfaces) StdoutLine: {'line': b'-- Up-to-date: /home/mcav/cam_dev_ws/install/pylon_ros2_camera_interfaces/include/pylon_ros2_camera_interfaces/pylon_ros2_camera_interfaces/action/grab_blaze_data.hpp\n'}
[0.498669] (pylon_ros2_camera_interfaces) StdoutLine: {'line': b'-- Up-to-date: /home/mcav/cam_dev_ws/install/pylon_ros2_camera_interfaces/include/pylon_ros2_camera_interfaces/pylon_ros2_camera_interfaces/srv\n'}
[0.498732] (pylon_ros2_camera_interfaces) StdoutLine: {'line': b'-- Up-to-date: /home/mcav/cam_dev_ws/install/pylon_ros2_camera_interfaces/include/pylon_ros2_camera_interfaces/pylon_ros2_camera_interfaces/srv/set_brightness.hpp\n'}
[0.498795] (pylon_ros2_camera_interfaces) StdoutLine: {'line': b'-- Up-to-date: /home/mcav/cam_dev_ws/install/pylon_ros2_camera_interfaces/include/pylon_ros2_camera_interfaces/pylon_ros2_camera_interfaces/srv/set_gamma.hpp\n'}
[0.498857] (pylon_ros2_camera_interfaces) StdoutLine: {'line': b'-- Up-to-date: /home/mcav/cam_dev_ws/install/pylon_ros2_camera_interfaces/include/pylon_ros2_camera_interfaces/pylon_ros2_camera_interfaces/srv/set_integer_value.hpp\n'}
[0.498919] (pylon_ros2_camera_interfaces) StdoutLine: {'line': b'-- Up-to-date: /home/mcav/cam_dev_ws/install/pylon_ros2_camera_interfaces/include/pylon_ros2_camera_interfaces/pylon_ros2_camera_interfaces/srv/get_string_value.hpp\n'}
[0.498981] (pylon_ros2_camera_interfaces) StdoutLine: {'line': b'-- Up-to-date: /home/mcav/cam_dev_ws/install/pylon_ros2_camera_interfaces/include/pylon_ros2_camera_interfaces/pylon_ros2_camera_interfaces/srv/get_integer_value.hpp\n'}
[0.499043] (pylon_ros2_camera_interfaces) StdoutLine: {'line': b'-- Up-to-date: /home/mcav/cam_dev_ws/install/pylon_ros2_camera_interfaces/include/pylon_ros2_camera_interfaces/pylon_ros2_camera_interfaces/srv/issue_scheduled_action_command.hpp\n'}
[0.499106] (pylon_ros2_camera_interfaces) StdoutLine: {'line': b'-- Up-to-date: /home/mcav/cam_dev_ws/install/pylon_ros2_camera_interfaces/include/pylon_ros2_camera_interfaces/pylon_ros2_camera_interfaces/srv/set_float_value.hpp\n'}
[0.499171] (pylon_ros2_camera_interfaces) StdoutLine: {'line': b'-- Up-to-date: /home/mcav/cam_dev_ws/install/pylon_ros2_camera_interfaces/include/pylon_ros2_camera_interfaces/pylon_ros2_camera_interfaces/srv/set_exposure.hpp\n'}
[0.499234] (pylon_ros2_camera_interfaces) StdoutLine: {'line': b'-- Up-to-date: /home/mcav/cam_dev_ws/install/pylon_ros2_camera_interfaces/include/pylon_ros2_camera_interfaces/pylon_ros2_camera_interfaces/srv/detail\n'}
[0.499296] (pylon_ros2_camera_interfaces) StdoutLine: {'line': b'-- Up-to-date: /home/mcav/cam_dev_ws/install/pylon_ros2_camera_interfaces/include/pylon_ros2_camera_interfaces/pylon_ros2_camera_interfaces/srv/detail/set_gamma__builder.hpp\n'}
[0.499358] (pylon_ros2_camera_interfaces) StdoutLine: {'line': b'-- Up-to-date: /home/mcav/cam_dev_ws/install/pylon_ros2_camera_interfaces/include/pylon_ros2_camera_interfaces/pylon_ros2_camera_interfaces/srv/detail/set_action_trigger_configuration__type_support.hpp\n'}
[0.499421] (pylon_ros2_camera_interfaces) StdoutLine: {'line': b'-- Up-to-date: /home/mcav/cam_dev_ws/install/pylon_ros2_camera_interfaces/include/pylon_ros2_camera_interfaces/pylon_ros2_camera_interfaces/srv/detail/set_float_value__struct.hpp\n'}
[0.499484] (pylon_ros2_camera_interfaces) StdoutLine: {'line': b'-- Up-to-date: /home/mcav/cam_dev_ws/install/pylon_ros2_camera_interfaces/include/pylon_ros2_camera_interfaces/pylon_ros2_camera_interfaces/srv/detail/set_binning__type_support.hpp\n'}
[0.499547] (pylon_ros2_camera_interfaces) StdoutLine: {'line': b'-- Up-to-date: /home/mcav/cam_dev_ws/install/pylon_ros2_camera_interfaces/include/pylon_ros2_camera_interfaces/pylon_ros2_camera_interfaces/srv/detail/set_sleeping__traits.hpp\n'}
[0.499609] (pylon_ros2_camera_interfaces) StdoutLine: {'line': b'-- Up-to-date: /home/mcav/cam_dev_ws/install/pylon_ros2_camera_interfaces/include/pylon_ros2_camera_interfaces/pylon_ros2_camera_interfaces/srv/detail/set_string_value__struct.hpp\n'}
[0.499671] (pylon_ros2_camera_interfaces) StdoutLine: {'line': b'-- Up-to-date: /home/mcav/cam_dev_ws/install/pylon_ros2_camera_interfaces/include/pylon_ros2_camera_interfaces/pylon_ros2_camera_interfaces/srv/detail/set_binning__struct.hpp\n'}
[0.499738] (pylon_ros2_camera_interfaces) StdoutLine: {'line': b'-- Up-to-date: /home/mcav/cam_dev_ws/install/pylon_ros2_camera_interfaces/include/pylon_ros2_camera_interfaces/pylon_ros2_camera_interfaces/srv/detail/set_white_balance__type_support.hpp\n'}
[0.499801] (pylon_ros2_camera_interfaces) StdoutLine: {'line': b'-- Up-to-date: /home/mcav/cam_dev_ws/install/pylon_ros2_camera_interfaces/include/pylon_ros2_camera_interfaces/pylon_ros2_camera_interfaces/srv/detail/set_sleeping__builder.hpp\n'}
[0.499862] (pylon_ros2_camera_interfaces) StdoutLine: {'line': b'-- Up-to-date: /home/mcav/cam_dev_ws/install/pylon_ros2_camera_interfaces/include/pylon_ros2_camera_interfaces/pylon_ros2_camera_interfaces/srv/detail/get_string_value__builder.hpp\n'}
[0.499922] (-) TimerEvent: {}
[0.500049] (pylon_ros2_camera_interfaces) StdoutLine: {'line': b'-- Up-to-date: /home/mcav/cam_dev_ws/install/pylon_ros2_camera_interfaces/include/pylon_ros2_camera_interfaces/pylon_ros2_camera_interfaces/srv/detail/get_ptp_status__builder.hpp\n'}
[0.500127] (pylon_ros2_camera_interfaces) StdoutLine: {'line': b'-- Up-to-date: /home/mcav/cam_dev_ws/install/pylon_ros2_camera_interfaces/include/pylon_ros2_camera_interfaces/pylon_ros2_camera_interfaces/srv/detail/issue_action_command__builder.hpp\n'}
[0.500216] (pylon_ros2_camera_interfaces) StdoutLine: {'line': b'-- Up-to-date: /home/mcav/cam_dev_ws/install/pylon_ros2_camera_interfaces/include/pylon_ros2_camera_interfaces/pylon_ros2_camera_interfaces/srv/detail/set_white_balance__traits.hpp\n'}
[0.500280] (pylon_ros2_camera_interfaces) StdoutLine: {'line': b'-- Up-to-date: /home/mcav/cam_dev_ws/install/pylon_ros2_camera_interfaces/include/pylon_ros2_camera_interfaces/pylon_ros2_camera_interfaces/srv/detail/set_float_value__builder.hpp\n'}
[0.500342] (pylon_ros2_camera_interfaces) StdoutLine: {'line': b'-- Up-to-date: /home/mcav/cam_dev_ws/install/pylon_ros2_camera_interfaces/include/pylon_ros2_camera_interfaces/pylon_ros2_camera_interfaces/srv/detail/issue_action_command__traits.hpp\n'}
[0.500405] (pylon_ros2_camera_interfaces) StdoutLine: {'line': b'-- Up-to-date: /home/mcav/cam_dev_ws/install/pylon_ros2_camera_interfaces/include/pylon_ros2_camera_interfaces/pylon_ros2_camera_interfaces/srv/detail/set_exposure__traits.hpp\n'}
[0.500467] (pylon_ros2_camera_interfaces) StdoutLine: {'line': b'-- Up-to-date: /home/mcav/cam_dev_ws/install/pylon_ros2_camera_interfaces/include/pylon_ros2_camera_interfaces/pylon_ros2_camera_interfaces/srv/detail/get_ptp_status__type_support.hpp\n'}
[0.500529] (pylon_ros2_camera_interfaces) StdoutLine: {'line': b'-- Up-to-date: /home/mcav/cam_dev_ws/install/pylon_ros2_camera_interfaces/include/pylon_ros2_camera_interfaces/pylon_ros2_camera_interfaces/srv/detail/get_integer_value__type_support.hpp\n'}
[0.500592] (pylon_ros2_camera_interfaces) StdoutLine: {'line': b'-- Up-to-date: /home/mcav/cam_dev_ws/install/pylon_ros2_camera_interfaces/include/pylon_ros2_camera_interfaces/pylon_ros2_camera_interfaces/srv/detail/set_integer_value__builder.hpp\n'}
[0.500658] (pylon_ros2_camera_interfaces) StdoutLine: {'line': b'-- Up-to-date: /home/mcav/cam_dev_ws/install/pylon_ros2_camera_interfaces/include/pylon_ros2_camera_interfaces/pylon_ros2_camera_interfaces/srv/detail/get_ptp_status__struct.hpp\n'}
[0.500720] (pylon_ros2_camera_interfaces) StdoutLine: {'line': b'-- Up-to-date: /home/mcav/cam_dev_ws/install/pylon_ros2_camera_interfaces/include/pylon_ros2_camera_interfaces/pylon_ros2_camera_interfaces/srv/detail/get_float_value__type_support.hpp\n'}
[0.500781] (pylon_ros2_camera_interfaces) StdoutLine: {'line': b'-- Up-to-date: /home/mcav/cam_dev_ws/install/pylon_ros2_camera_interfaces/include/pylon_ros2_camera_interfaces/pylon_ros2_camera_interfaces/srv/detail/set_sleeping__struct.hpp\n'}
[0.500842] (pylon_ros2_camera_interfaces) StdoutLine: {'line': b'-- Up-to-date: /home/mcav/cam_dev_ws/install/pylon_ros2_camera_interfaces/include/pylon_ros2_camera_interfaces/pylon_ros2_camera_interfaces/srv/detail/get_string_value__struct.hpp\n'}
[0.500908] (pylon_ros2_camera_interfaces) StdoutLine: {'line': b'-- Up-to-date: /home/mcav/cam_dev_ws/install/pylon_ros2_camera_interfaces/include/pylon_ros2_camera_interfaces/pylon_ros2_camera_interfaces/srv/detail/set_brightness__traits.hpp\n'}
[0.500970] (pylon_ros2_camera_interfaces) StdoutLine: {'line': b'-- Up-to-date: /home/mcav/cam_dev_ws/install/pylon_ros2_camera_interfaces/include/pylon_ros2_camera_interfaces/pylon_ros2_camera_interfaces/srv/detail/set_gain__traits.hpp\n'}
[0.501031] (pylon_ros2_camera_interfaces) StdoutLine: {'line': b'-- Up-to-date: /home/mcav/cam_dev_ws/install/pylon_ros2_camera_interfaces/include/pylon_ros2_camera_interfaces/pylon_ros2_camera_interfaces/srv/detail/set_integer_value__type_support.hpp\n'}
[0.501132] (pylon_ros2_camera_interfaces) StdoutLine: {'line': b'-- Up-to-date: /home/mcav/cam_dev_ws/install/pylon_ros2_camera_interfaces/include/pylon_ros2_camera_interfaces/pylon_ros2_camera_interfaces/srv/detail/set_brightness__builder.hpp\n'}
[0.501212] (pylon_ros2_camera_interfaces) StdoutLine: {'line': b'-- Up-to-date: /home/mcav/cam_dev_ws/install/pylon_ros2_camera_interfaces/include/pylon_ros2_camera_interfaces/pylon_ros2_camera_interfaces/srv/detail/issue_scheduled_action_command__builder.hpp\n'}
[0.501274] (pylon_ros2_camera_interfaces) StdoutLine: {'line': b'-- Up-to-date: /home/mcav/cam_dev_ws/install/pylon_ros2_camera_interfaces/include/pylon_ros2_camera_interfaces/pylon_ros2_camera_interfaces/srv/detail/set_exposure__type_support.hpp\n'}
[0.501336] (pylon_ros2_camera_interfaces) StdoutLine: {'line': b'-- Up-to-date: /home/mcav/cam_dev_ws/install/pylon_ros2_camera_interfaces/include/pylon_ros2_camera_interfaces/pylon_ros2_camera_interfaces/srv/detail/set_string_value__type_support.hpp\n'}
[0.501398] (pylon_ros2_camera_interfaces) StdoutLine: {'line': b'-- Up-to-date: /home/mcav/cam_dev_ws/install/pylon_ros2_camera_interfaces/include/pylon_ros2_camera_interfaces/pylon_ros2_camera_interfaces/srv/detail/get_ptp_status__traits.hpp\n'}
[0.501459] (pylon_ros2_camera_interfaces) StdoutLine: {'line': b'-- Up-to-date: /home/mcav/cam_dev_ws/install/pylon_ros2_camera_interfaces/include/pylon_ros2_camera_interfaces/pylon_ros2_camera_interfaces/srv/detail/get_float_value__builder.hpp\n'}
[0.501521] (pylon_ros2_camera_interfaces) StdoutLine: {'line': b'-- Up-to-date: /home/mcav/cam_dev_ws/install/pylon_ros2_camera_interfaces/include/pylon_ros2_camera_interfaces/pylon_ros2_camera_interfaces/srv/detail/set_brightness__struct.hpp\n'}
[0.501583] (pylon_ros2_camera_interfaces) StdoutLine: {'line': b'-- Up-to-date: /home/mcav/cam_dev_ws/install/pylon_ros2_camera_interfaces/include/pylon_ros2_camera_interfaces/pylon_ros2_camera_interfaces/srv/detail/issue_action_command__type_support.hpp\n'}
[0.501645] (pylon_ros2_camera_interfaces) StdoutLine: {'line': b'-- Up-to-date: /home/mcav/cam_dev_ws/install/pylon_ros2_camera_interfaces/include/pylon_ros2_camera_interfaces/pylon_ros2_camera_interfaces/srv/detail/get_string_value__traits.hpp\n'}
[0.501712] (pylon_ros2_camera_interfaces) StdoutLine: {'line': b'-- Up-to-date: /home/mcav/cam_dev_ws/install/pylon_ros2_camera_interfaces/include/pylon_ros2_camera_interfaces/pylon_ros2_camera_interfaces/srv/detail/set_gain__struct.hpp\n'}
[0.501774] (pylon_ros2_camera_interfaces) StdoutLine: {'line': b'-- Up-to-date: /home/mcav/cam_dev_ws/install/pylon_ros2_camera_interfaces/include/pylon_ros2_camera_interfaces/pylon_ros2_camera_interfaces/srv/detail/set_binning__traits.hpp\n'}
[0.501835] (pylon_ros2_camera_interfaces) StdoutLine: {'line': b'-- Up-to-date: /home/mcav/cam_dev_ws/install/pylon_ros2_camera_interfaces/include/pylon_ros2_camera_interfaces/pylon_ros2_camera_interfaces/srv/detail/set_integer_value__struct.hpp\n'}
[0.501897] (pylon_ros2_camera_interfaces) StdoutLine: {'line': b'-- Up-to-date: /home/mcav/cam_dev_ws/install/pylon_ros2_camera_interfaces/include/pylon_ros2_camera_interfaces/pylon_ros2_camera_interfaces/srv/detail/set_roi__traits.hpp\n'}
[0.501963] (pylon_ros2_camera_interfaces) StdoutLine: {'line': b'-- Up-to-date: /home/mcav/cam_dev_ws/install/pylon_ros2_camera_interfaces/include/pylon_ros2_camera_interfaces/pylon_ros2_camera_interfaces/srv/detail/set_white_balance__struct.hpp\n'}
[0.502024] (pylon_ros2_camera_interfaces) StdoutLine: {'line': b'-- Up-to-date: /home/mcav/cam_dev_ws/install/pylon_ros2_camera_interfaces/include/pylon_ros2_camera_interfaces/pylon_ros2_camera_interfaces/srv/detail/get_integer_value__struct.hpp\n'}
[0.502089] (pylon_ros2_camera_interfaces) StdoutLine: {'line': b'-- Up-to-date: /home/mcav/cam_dev_ws/install/pylon_ros2_camera_interfaces/include/pylon_ros2_camera_interfaces/pylon_ros2_camera_interfaces/srv/detail/get_float_value__traits.hpp\n'}
[0.502151] (pylon_ros2_camera_interfaces) StdoutLine: {'line': b'-- Up-to-date: /home/mcav/cam_dev_ws/install/pylon_ros2_camera_interfaces/include/pylon_ros2_camera_interfaces/pylon_ros2_camera_interfaces/srv/detail/get_integer_value__builder.hpp\n'}
[0.502213] (pylon_ros2_camera_interfaces) StdoutLine: {'line': b'-- Up-to-date: /home/mcav/cam_dev_ws/install/pylon_ros2_camera_interfaces/include/pylon_ros2_camera_interfaces/pylon_ros2_camera_interfaces/srv/detail/get_float_value__struct.hpp\n'}
[0.502276] (pylon_ros2_camera_interfaces) StdoutLine: {'line': b'-- Up-to-date: /home/mcav/cam_dev_ws/install/pylon_ros2_camera_interfaces/include/pylon_ros2_camera_interfaces/pylon_ros2_camera_interfaces/srv/detail/issue_action_command__struct.hpp\n'}
[0.502352] (pylon_ros2_camera_interfaces) StdoutLine: {'line': b'-- Up-to-date: /home/mcav/cam_dev_ws/install/pylon_ros2_camera_interfaces/include/pylon_ros2_camera_interfaces/pylon_ros2_camera_interfaces/srv/detail/set_gamma__traits.hpp\n'}
[0.502415] (pylon_ros2_camera_interfaces) StdoutLine: {'line': b'-- Up-to-date: /home/mcav/cam_dev_ws/install/pylon_ros2_camera_interfaces/include/pylon_ros2_camera_interfaces/pylon_ros2_camera_interfaces/srv/detail/set_roi__struct.hpp\n'}
[0.502476] (pylon_ros2_camera_interfaces) StdoutLine: {'line': b'-- Up-to-date: /home/mcav/cam_dev_ws/install/pylon_ros2_camera_interfaces/include/pylon_ros2_camera_interfaces/pylon_ros2_camera_interfaces/srv/detail/set_brightness__type_support.hpp\n'}
[0.502538] (pylon_ros2_camera_interfaces) StdoutLine: {'line': b'-- Up-to-date: /home/mcav/cam_dev_ws/install/pylon_ros2_camera_interfaces/include/pylon_ros2_camera_interfaces/pylon_ros2_camera_interfaces/srv/detail/set_gamma__struct.hpp\n'}
[0.502600] (pylon_ros2_camera_interfaces) StdoutLine: {'line': b'-- Up-to-date: /home/mcav/cam_dev_ws/install/pylon_ros2_camera_interfaces/include/pylon_ros2_camera_interfaces/pylon_ros2_camera_interfaces/srv/detail/set_string_value__builder.hpp\n'}
[0.502661] (pylon_ros2_camera_interfaces) StdoutLine: {'line': b'-- Up-to-date: /home/mcav/cam_dev_ws/install/pylon_ros2_camera_interfaces/include/pylon_ros2_camera_interfaces/pylon_ros2_camera_interfaces/srv/detail/set_binning__builder.hpp\n'}
[0.502723] (pylon_ros2_camera_interfaces) StdoutLine: {'line': b'-- Up-to-date: /home/mcav/cam_dev_ws/install/pylon_ros2_camera_interfaces/include/pylon_ros2_camera_interfaces/pylon_ros2_camera_interfaces/srv/detail/set_string_value__traits.hpp\n'}
[0.502784] (pylon_ros2_camera_interfaces) StdoutLine: {'line': b'-- Up-to-date: /home/mcav/cam_dev_ws/install/pylon_ros2_camera_interfaces/include/pylon_ros2_camera_interfaces/pylon_ros2_camera_interfaces/srv/detail/set_roi__type_support.hpp\n'}
[0.502845] (pylon_ros2_camera_interfaces) StdoutLine: {'line': b'-- Up-to-date: /home/mcav/cam_dev_ws/install/pylon_ros2_camera_interfaces/include/pylon_ros2_camera_interfaces/pylon_ros2_camera_interfaces/srv/detail/set_gamma__type_support.hpp\n'}
[0.502906] (pylon_ros2_camera_interfaces) StdoutLine: {'line': b'-- Up-to-date: /home/mcav/cam_dev_ws/install/pylon_ros2_camera_interfaces/include/pylon_ros2_camera_interfaces/pylon_ros2_camera_interfaces/srv/detail/issue_scheduled_action_command__traits.hpp\n'}
[0.502967] (pylon_ros2_camera_interfaces) StdoutLine: {'line': b'-- Up-to-date: /home/mcav/cam_dev_ws/install/pylon_ros2_camera_interfaces/include/pylon_ros2_camera_interfaces/pylon_ros2_camera_interfaces/srv/detail/set_gain__type_support.hpp\n'}
[0.503033] (pylon_ros2_camera_interfaces) StdoutLine: {'line': b'-- Up-to-date: /home/mcav/cam_dev_ws/install/pylon_ros2_camera_interfaces/include/pylon_ros2_camera_interfaces/pylon_ros2_camera_interfaces/srv/detail/set_float_value__type_support.hpp\n'}
[0.503102] (pylon_ros2_camera_interfaces) StdoutLine: {'line': b'-- Up-to-date: /home/mcav/cam_dev_ws/install/pylon_ros2_camera_interfaces/include/pylon_ros2_camera_interfaces/pylon_ros2_camera_interfaces/srv/detail/issue_scheduled_action_command__struct.hpp\n'}
[0.503164] (pylon_ros2_camera_interfaces) StdoutLine: {'line': b'-- Up-to-date: /home/mcav/cam_dev_ws/install/pylon_ros2_camera_interfaces/include/pylon_ros2_camera_interfaces/pylon_ros2_camera_interfaces/srv/detail/set_gain__builder.hpp\n'}
[0.503226] (pylon_ros2_camera_interfaces) StdoutLine: {'line': b'-- Up-to-date: /home/mcav/cam_dev_ws/install/pylon_ros2_camera_interfaces/include/pylon_ros2_camera_interfaces/pylon_ros2_camera_interfaces/srv/detail/set_action_trigger_configuration__traits.hpp\n'}
[0.503288] (pylon_ros2_camera_interfaces) StdoutLine: {'line': b'-- Up-to-date: /home/mcav/cam_dev_ws/install/pylon_ros2_camera_interfaces/include/pylon_ros2_camera_interfaces/pylon_ros2_camera_interfaces/srv/detail/get_string_value__type_support.hpp\n'}
[0.503350] (pylon_ros2_camera_interfaces) StdoutLine: {'line': b'-- Up-to-date: /home/mcav/cam_dev_ws/install/pylon_ros2_camera_interfaces/include/pylon_ros2_camera_interfaces/pylon_ros2_camera_interfaces/srv/detail/set_float_value__traits.hpp\n'}
[0.503411] (pylon_ros2_camera_interfaces) StdoutLine: {'line': b'-- Up-to-date: /home/mcav/cam_dev_ws/install/pylon_ros2_camera_interfaces/include/pylon_ros2_camera_interfaces/pylon_ros2_camera_interfaces/srv/detail/issue_scheduled_action_command__type_support.hpp\n'}
[0.503477] (pylon_ros2_camera_interfaces) StdoutLine: {'line': b'-- Up-to-date: /home/mcav/cam_dev_ws/install/pylon_ros2_camera_interfaces/include/pylon_ros2_camera_interfaces/pylon_ros2_camera_interfaces/srv/detail/set_integer_value__traits.hpp\n'}
[0.503539] (pylon_ros2_camera_interfaces) StdoutLine: {'line': b'-- Up-to-date: /home/mcav/cam_dev_ws/install/pylon_ros2_camera_interfaces/include/pylon_ros2_camera_interfaces/pylon_ros2_camera_interfaces/srv/detail/set_sleeping__type_support.hpp\n'}
[0.503601] (pylon_ros2_camera_interfaces) StdoutLine: {'line': b'-- Up-to-date: /home/mcav/cam_dev_ws/install/pylon_ros2_camera_interfaces/include/pylon_ros2_camera_interfaces/pylon_ros2_camera_interfaces/srv/detail/set_exposure__struct.hpp\n'}
[0.503662] (pylon_ros2_camera_interfaces) StdoutLine: {'line': b'-- Up-to-date: /home/mcav/cam_dev_ws/install/pylon_ros2_camera_interfaces/include/pylon_ros2_camera_interfaces/pylon_ros2_camera_interfaces/srv/detail/set_exposure__builder.hpp\n'}
[0.503724] (pylon_ros2_camera_interfaces) StdoutLine: {'line': b'-- Up-to-date: /home/mcav/cam_dev_ws/install/pylon_ros2_camera_interfaces/include/pylon_ros2_camera_interfaces/pylon_ros2_camera_interfaces/srv/detail/set_roi__builder.hpp\n'}
[0.503786] (pylon_ros2_camera_interfaces) StdoutLine: {'line': b'-- Up-to-date: /home/mcav/cam_dev_ws/install/pylon_ros2_camera_interfaces/include/pylon_ros2_camera_interfaces/pylon_ros2_camera_interfaces/srv/detail/set_white_balance__builder.hpp\n'}
[0.503847] (pylon_ros2_camera_interfaces) StdoutLine: {'line': b'-- Up-to-date: /home/mcav/cam_dev_ws/install/pylon_ros2_camera_interfaces/include/pylon_ros2_camera_interfaces/pylon_ros2_camera_interfaces/srv/detail/get_integer_value__traits.hpp\n'}
[0.503908] (pylon_ros2_camera_interfaces) StdoutLine: {'line': b'-- Up-to-date: /home/mcav/cam_dev_ws/install/pylon_ros2_camera_interfaces/include/pylon_ros2_camera_interfaces/pylon_ros2_camera_interfaces/srv/detail/set_action_trigger_configuration__struct.hpp\n'}
[0.503970] (pylon_ros2_camera_interfaces) StdoutLine: {'line': b'-- Up-to-date: /home/mcav/cam_dev_ws/install/pylon_ros2_camera_interfaces/include/pylon_ros2_camera_interfaces/pylon_ros2_camera_interfaces/srv/detail/set_action_trigger_configuration__builder.hpp\n'}
[0.504035] (pylon_ros2_camera_interfaces) StdoutLine: {'line': b'-- Up-to-date: /home/mcav/cam_dev_ws/install/pylon_ros2_camera_interfaces/include/pylon_ros2_camera_interfaces/pylon_ros2_camera_interfaces/srv/set_action_trigger_configuration.hpp\n'}
[0.504096] (pylon_ros2_camera_interfaces) StdoutLine: {'line': b'-- Up-to-date: /home/mcav/cam_dev_ws/install/pylon_ros2_camera_interfaces/include/pylon_ros2_camera_interfaces/pylon_ros2_camera_interfaces/srv/get_ptp_status.hpp\n'}
[0.504157] (pylon_ros2_camera_interfaces) StdoutLine: {'line': b'-- Up-to-date: /home/mcav/cam_dev_ws/install/pylon_ros2_camera_interfaces/include/pylon_ros2_camera_interfaces/pylon_ros2_camera_interfaces/srv/set_string_value.hpp\n'}
[0.504219] (pylon_ros2_camera_interfaces) StdoutLine: {'line': b'-- Up-to-date: /home/mcav/cam_dev_ws/install/pylon_ros2_camera_interfaces/include/pylon_ros2_camera_interfaces/pylon_ros2_camera_interfaces/srv/get_float_value.hpp\n'}
[0.504280] (pylon_ros2_camera_interfaces) StdoutLine: {'line': b'-- Up-to-date: /home/mcav/cam_dev_ws/install/pylon_ros2_camera_interfaces/include/pylon_ros2_camera_interfaces/pylon_ros2_camera_interfaces/srv/set_binning.hpp\n'}
[0.504342] (pylon_ros2_camera_interfaces) StdoutLine: {'line': b'-- Up-to-date: /home/mcav/cam_dev_ws/install/pylon_ros2_camera_interfaces/include/pylon_ros2_camera_interfaces/pylon_ros2_camera_interfaces/srv/issue_action_command.hpp\n'}
[0.504404] (pylon_ros2_camera_interfaces) StdoutLine: {'line': b'-- Up-to-date: /home/mcav/cam_dev_ws/install/pylon_ros2_camera_interfaces/include/pylon_ros2_camera_interfaces/pylon_ros2_camera_interfaces/srv/set_gain.hpp\n'}
[0.504466] (pylon_ros2_camera_interfaces) StdoutLine: {'line': b'-- Up-to-date: /home/mcav/cam_dev_ws/install/pylon_ros2_camera_interfaces/include/pylon_ros2_camera_interfaces/pylon_ros2_camera_interfaces/srv/set_roi.hpp\n'}
[0.504534] (pylon_ros2_camera_interfaces) StdoutLine: {'line': b'-- Up-to-date: /home/mcav/cam_dev_ws/install/pylon_ros2_camera_interfaces/include/pylon_ros2_camera_interfaces/pylon_ros2_camera_interfaces/srv/set_sleeping.hpp\n'}
[0.504595] (pylon_ros2_camera_interfaces) StdoutLine: {'line': b'-- Up-to-date: /home/mcav/cam_dev_ws/install/pylon_ros2_camera_interfaces/include/pylon_ros2_camera_interfaces/pylon_ros2_camera_interfaces/srv/set_white_balance.hpp\n'}
[0.504656] (pylon_ros2_camera_interfaces) StdoutLine: {'line': b'-- Up-to-date: /home/mcav/cam_dev_ws/install/pylon_ros2_camera_interfaces/include/pylon_ros2_camera_interfaces/pylon_ros2_camera_interfaces\n'}
[0.504718] (pylon_ros2_camera_interfaces) StdoutLine: {'line': b'-- Up-to-date: /home/mcav/cam_dev_ws/install/pylon_ros2_camera_interfaces/include/pylon_ros2_camera_interfaces/pylon_ros2_camera_interfaces/msg\n'}
[0.504778] (pylon_ros2_camera_interfaces) StdoutLine: {'line': b'-- Up-to-date: /home/mcav/cam_dev_ws/install/pylon_ros2_camera_interfaces/include/pylon_ros2_camera_interfaces/pylon_ros2_camera_interfaces/msg/detail\n'}
[0.504844] (pylon_ros2_camera_interfaces) StdoutLine: {'line': b'-- Up-to-date: /home/mcav/cam_dev_ws/install/pylon_ros2_camera_interfaces/include/pylon_ros2_camera_interfaces/pylon_ros2_camera_interfaces/msg/detail/component_status__rosidl_typesupport_fastrtps_cpp.hpp\n'}
[0.504907] (pylon_ros2_camera_interfaces) StdoutLine: {'line': b'-- Up-to-date: /home/mcav/cam_dev_ws/install/pylon_ros2_camera_interfaces/include/pylon_ros2_camera_interfaces/pylon_ros2_camera_interfaces/msg/detail/dds_fastrtps\n'}
[0.504968] (pylon_ros2_camera_interfaces) StdoutLine: {'line': b'-- Up-to-date: /home/mcav/cam_dev_ws/install/pylon_ros2_camera_interfaces/include/pylon_ros2_camera_interfaces/pylon_ros2_camera_interfaces/msg/detail/current_params__rosidl_typesupport_fastrtps_cpp.hpp\n'}
[0.505030] (pylon_ros2_camera_interfaces) StdoutLine: {'line': b'-- Up-to-date: /home/mcav/cam_dev_ws/install/pylon_ros2_camera_interfaces/include/pylon_ros2_camera_interfaces/pylon_ros2_camera_interfaces/msg/rosidl_typesupport_fastrtps_cpp__visibility_control.h\n'}
[0.505156] (pylon_ros2_camera_interfaces) StdoutLine: {'line': b'-- Up-to-date: /home/mcav/cam_dev_ws/install/pylon_ros2_camera_interfaces/include/pylon_ros2_camera_interfaces/pylon_ros2_camera_interfaces/action\n'}
[0.505220] (pylon_ros2_camera_interfaces) StdoutLine: {'line': b'-- Up-to-date: /home/mcav/cam_dev_ws/install/pylon_ros2_camera_interfaces/include/pylon_ros2_camera_interfaces/pylon_ros2_camera_interfaces/action/detail\n'}
[0.505281] (pylon_ros2_camera_interfaces) StdoutLine: {'line': b'-- Up-to-date: /home/mcav/cam_dev_ws/install/pylon_ros2_camera_interfaces/include/pylon_ros2_camera_interfaces/pylon_ros2_camera_interfaces/action/detail/grab_images__rosidl_typesupport_fastrtps_cpp.hpp\n'}
[0.505341] (pylon_ros2_camera_interfaces) StdoutLine: {'line': b'-- Up-to-date: /home/mcav/cam_dev_ws/install/pylon_ros2_camera_interfaces/include/pylon_ros2_camera_interfaces/pylon_ros2_camera_interfaces/action/detail/grab_blaze_data__rosidl_typesupport_fastrtps_cpp.hpp\n'}
[0.505402] (pylon_ros2_camera_interfaces) StdoutLine: {'line': b'-- Up-to-date: /home/mcav/cam_dev_ws/install/pylon_ros2_camera_interfaces/include/pylon_ros2_camera_interfaces/pylon_ros2_camera_interfaces/action/detail/dds_fastrtps\n'}
[0.505461] (pylon_ros2_camera_interfaces) StdoutLine: {'line': b'-- Up-to-date: /home/mcav/cam_dev_ws/install/pylon_ros2_camera_interfaces/include/pylon_ros2_camera_interfaces/pylon_ros2_camera_interfaces/srv\n'}
[0.505533] (pylon_ros2_camera_interfaces) StdoutLine: {'line': b'-- Up-to-date: /home/mcav/cam_dev_ws/install/pylon_ros2_camera_interfaces/include/pylon_ros2_camera_interfaces/pylon_ros2_camera_interfaces/srv/detail\n'}
[0.505596] (pylon_ros2_camera_interfaces) StdoutLine: {'line': b'-- Up-to-date: /home/mcav/cam_dev_ws/install/pylon_ros2_camera_interfaces/include/pylon_ros2_camera_interfaces/pylon_ros2_camera_interfaces/srv/detail/get_integer_value__rosidl_typesupport_fastrtps_cpp.hpp\n'}
[0.505656] (pylon_ros2_camera_interfaces) StdoutLine: {'line': b'-- Up-to-date: /home/mcav/cam_dev_ws/install/pylon_ros2_camera_interfaces/include/pylon_ros2_camera_interfaces/pylon_ros2_camera_interfaces/srv/detail/set_gamma__rosidl_typesupport_fastrtps_cpp.hpp\n'}
[0.505716] (pylon_ros2_camera_interfaces) StdoutLine: {'line': b'-- Up-to-date: /home/mcav/cam_dev_ws/install/pylon_ros2_camera_interfaces/include/pylon_ros2_camera_interfaces/pylon_ros2_camera_interfaces/srv/detail/set_brightness__rosidl_typesupport_fastrtps_cpp.hpp\n'}
[0.505776] (pylon_ros2_camera_interfaces) StdoutLine: {'line': b'-- Up-to-date: /home/mcav/cam_dev_ws/install/pylon_ros2_camera_interfaces/include/pylon_ros2_camera_interfaces/pylon_ros2_camera_interfaces/srv/detail/issue_action_command__rosidl_typesupport_fastrtps_cpp.hpp\n'}
[0.505836] (pylon_ros2_camera_interfaces) StdoutLine: {'line': b'-- Up-to-date: /home/mcav/cam_dev_ws/install/pylon_ros2_camera_interfaces/include/pylon_ros2_camera_interfaces/pylon_ros2_camera_interfaces/srv/detail/get_string_value__rosidl_typesupport_fastrtps_cpp.hpp\n'}
[0.505896] (pylon_ros2_camera_interfaces) StdoutLine: {'line': b'-- Up-to-date: /home/mcav/cam_dev_ws/install/pylon_ros2_camera_interfaces/include/pylon_ros2_camera_interfaces/pylon_ros2_camera_interfaces/srv/detail/set_float_value__rosidl_typesupport_fastrtps_cpp.hpp\n'}
[0.505956] (pylon_ros2_camera_interfaces) StdoutLine: {'line': b'-- Up-to-date: /home/mcav/cam_dev_ws/install/pylon_ros2_camera_interfaces/include/pylon_ros2_camera_interfaces/pylon_ros2_camera_interfaces/srv/detail/get_float_value__rosidl_typesupport_fastrtps_cpp.hpp\n'}
[0.506024] (pylon_ros2_camera_interfaces) StdoutLine: {'line': b'-- Up-to-date: /home/mcav/cam_dev_ws/install/pylon_ros2_camera_interfaces/include/pylon_ros2_camera_interfaces/pylon_ros2_camera_interfaces/srv/detail/set_integer_value__rosidl_typesupport_fastrtps_cpp.hpp\n'}
[0.506084] (pylon_ros2_camera_interfaces) StdoutLine: {'line': b'-- Up-to-date: /home/mcav/cam_dev_ws/install/pylon_ros2_camera_interfaces/include/pylon_ros2_camera_interfaces/pylon_ros2_camera_interfaces/srv/detail/dds_fastrtps\n'}
[0.506149] (pylon_ros2_camera_interfaces) StdoutLine: {'line': b'-- Up-to-date: /home/mcav/cam_dev_ws/install/pylon_ros2_camera_interfaces/include/pylon_ros2_camera_interfaces/pylon_ros2_camera_interfaces/srv/detail/set_string_value__rosidl_typesupport_fastrtps_cpp.hpp\n'}
[0.506212] (pylon_ros2_camera_interfaces) StdoutLine: {'line': b'-- Up-to-date: /home/mcav/cam_dev_ws/install/pylon_ros2_camera_interfaces/include/pylon_ros2_camera_interfaces/pylon_ros2_camera_interfaces/srv/detail/issue_scheduled_action_command__rosidl_typesupport_fastrtps_cpp.hpp\n'}
[0.506273] (pylon_ros2_camera_interfaces) StdoutLine: {'line': b'-- Up-to-date: /home/mcav/cam_dev_ws/install/pylon_ros2_camera_interfaces/include/pylon_ros2_camera_interfaces/pylon_ros2_camera_interfaces/srv/detail/get_ptp_status__rosidl_typesupport_fastrtps_cpp.hpp\n'}
[0.506333] (pylon_ros2_camera_interfaces) StdoutLine: {'line': b'-- Up-to-date: /home/mcav/cam_dev_ws/install/pylon_ros2_camera_interfaces/include/pylon_ros2_camera_interfaces/pylon_ros2_camera_interfaces/srv/detail/set_white_balance__rosidl_typesupport_fastrtps_cpp.hpp\n'}
[0.506393] (pylon_ros2_camera_interfaces) StdoutLine: {'line': b'-- Up-to-date: /home/mcav/cam_dev_ws/install/pylon_ros2_camera_interfaces/include/pylon_ros2_camera_interfaces/pylon_ros2_camera_interfaces/srv/detail/set_sleeping__rosidl_typesupport_fastrtps_cpp.hpp\n'}
[0.506453] (pylon_ros2_camera_interfaces) StdoutLine: {'line': b'-- Up-to-date: /home/mcav/cam_dev_ws/install/pylon_ros2_camera_interfaces/include/pylon_ros2_camera_interfaces/pylon_ros2_camera_interfaces/srv/detail/set_binning__rosidl_typesupport_fastrtps_cpp.hpp\n'}
[0.506513] (pylon_ros2_camera_interfaces) StdoutLine: {'line': b'-- Up-to-date: /home/mcav/cam_dev_ws/install/pylon_ros2_camera_interfaces/include/pylon_ros2_camera_interfaces/pylon_ros2_camera_interfaces/srv/detail/set_roi__rosidl_typesupport_fastrtps_cpp.hpp\n'}
[0.506573] (pylon_ros2_camera_interfaces) StdoutLine: {'line': b'-- Up-to-date: /home/mcav/cam_dev_ws/install/pylon_ros2_camera_interfaces/include/pylon_ros2_camera_interfaces/pylon_ros2_camera_interfaces/srv/detail/set_exposure__rosidl_typesupport_fastrtps_cpp.hpp\n'}
[0.506633] (pylon_ros2_camera_interfaces) StdoutLine: {'line': b'-- Up-to-date: /home/mcav/cam_dev_ws/install/pylon_ros2_camera_interfaces/include/pylon_ros2_camera_interfaces/pylon_ros2_camera_interfaces/srv/detail/set_gain__rosidl_typesupport_fastrtps_cpp.hpp\n'}
[0.506692] (pylon_ros2_camera_interfaces) StdoutLine: {'line': b'-- Up-to-date: /home/mcav/cam_dev_ws/install/pylon_ros2_camera_interfaces/include/pylon_ros2_camera_interfaces/pylon_ros2_camera_interfaces/srv/detail/set_action_trigger_configuration__rosidl_typesupport_fastrtps_cpp.hpp\n'}
[0.506752] (pylon_ros2_camera_interfaces) StdoutLine: {'line': b'-- Up-to-date: /home/mcav/cam_dev_ws/install/pylon_ros2_camera_interfaces/lib/libpylon_ros2_camera_interfaces__rosidl_typesupport_fastrtps_cpp.so\n'}
[0.506812] (pylon_ros2_camera_interfaces) StdoutLine: {'line': b'-- Up-to-date: /home/mcav/cam_dev_ws/install/pylon_ros2_camera_interfaces/include/pylon_ros2_camera_interfaces/pylon_ros2_camera_interfaces\n'}
[0.506871] (pylon_ros2_camera_interfaces) StdoutLine: {'line': b'-- Up-to-date: /home/mcav/cam_dev_ws/install/pylon_ros2_camera_interfaces/include/pylon_ros2_camera_interfaces/pylon_ros2_camera_interfaces/msg\n'}
[0.506930] (pylon_ros2_camera_interfaces) StdoutLine: {'line': b'-- Up-to-date: /home/mcav/cam_dev_ws/install/pylon_ros2_camera_interfaces/include/pylon_ros2_camera_interfaces/pylon_ros2_camera_interfaces/msg/rosidl_typesupport_introspection_c__visibility_control.h\n'}
[0.506990] (pylon_ros2_camera_interfaces) StdoutLine: {'line': b'-- Up-to-date: /home/mcav/cam_dev_ws/install/pylon_ros2_camera_interfaces/include/pylon_ros2_camera_interfaces/pylon_ros2_camera_interfaces/msg/detail\n'}
[0.507050] (pylon_ros2_camera_interfaces) StdoutLine: {'line': b'-- Up-to-date: /home/mcav/cam_dev_ws/install/pylon_ros2_camera_interfaces/include/pylon_ros2_camera_interfaces/pylon_ros2_camera_interfaces/msg/detail/current_params__rosidl_typesupport_introspection_c.h\n'}
[0.507114] (pylon_ros2_camera_interfaces) StdoutLine: {'line': b'-- Up-to-date: /home/mcav/cam_dev_ws/install/pylon_ros2_camera_interfaces/include/pylon_ros2_camera_interfaces/pylon_ros2_camera_interfaces/msg/detail/component_status__type_support.c\n'}
[0.507174] (pylon_ros2_camera_interfaces) StdoutLine: {'line': b'-- Up-to-date: /home/mcav/cam_dev_ws/install/pylon_ros2_camera_interfaces/include/pylon_ros2_camera_interfaces/pylon_ros2_camera_interfaces/msg/detail/current_params__type_support.c\n'}
[0.507234] (pylon_ros2_camera_interfaces) StdoutLine: {'line': b'-- Up-to-date: /home/mcav/cam_dev_ws/install/pylon_ros2_camera_interfaces/include/pylon_ros2_camera_interfaces/pylon_ros2_camera_interfaces/msg/detail/component_status__rosidl_typesupport_introspection_c.h\n'}
[0.507295] (pylon_ros2_camera_interfaces) StdoutLine: {'line': b'-- Up-to-date: /home/mcav/cam_dev_ws/install/pylon_ros2_camera_interfaces/include/pylon_ros2_camera_interfaces/pylon_ros2_camera_interfaces/action\n'}
[0.507363] (pylon_ros2_camera_interfaces) StdoutLine: {'line': b'-- Up-to-date: /home/mcav/cam_dev_ws/install/pylon_ros2_camera_interfaces/include/pylon_ros2_camera_interfaces/pylon_ros2_camera_interfaces/action/detail\n'}
[0.507423] (pylon_ros2_camera_interfaces) StdoutLine: {'line': b'-- Up-to-date: /home/mcav/cam_dev_ws/install/pylon_ros2_camera_interfaces/include/pylon_ros2_camera_interfaces/pylon_ros2_camera_interfaces/action/detail/grab_blaze_data__rosidl_typesupport_introspection_c.h\n'}
[0.507486] (pylon_ros2_camera_interfaces) StdoutLine: {'line': b'-- Up-to-date: /home/mcav/cam_dev_ws/install/pylon_ros2_camera_interfaces/include/pylon_ros2_camera_interfaces/pylon_ros2_camera_interfaces/action/detail/grab_blaze_data__type_support.c\n'}
[0.507546] (pylon_ros2_camera_interfaces) StdoutLine: {'line': b'-- Up-to-date: /home/mcav/cam_dev_ws/install/pylon_ros2_camera_interfaces/include/pylon_ros2_camera_interfaces/pylon_ros2_camera_interfaces/action/detail/grab_images__rosidl_typesupport_introspection_c.h\n'}
[0.507606] (pylon_ros2_camera_interfaces) StdoutLine: {'line': b'-- Up-to-date: /home/mcav/cam_dev_ws/install/pylon_ros2_camera_interfaces/include/pylon_ros2_camera_interfaces/pylon_ros2_camera_interfaces/action/detail/grab_images__type_support.c\n'}
[0.507666] (pylon_ros2_camera_interfaces) StdoutLine: {'line': b'-- Up-to-date: /home/mcav/cam_dev_ws/install/pylon_ros2_camera_interfaces/include/pylon_ros2_camera_interfaces/pylon_ros2_camera_interfaces/srv\n'}
[0.507725] (pylon_ros2_camera_interfaces) StdoutLine: {'line': b'-- Up-to-date: /home/mcav/cam_dev_ws/install/pylon_ros2_camera_interfaces/include/pylon_ros2_camera_interfaces/pylon_ros2_camera_interfaces/srv/detail\n'}
[0.507784] (pylon_ros2_camera_interfaces) StdoutLine: {'line': b'-- Up-to-date: /home/mcav/cam_dev_ws/install/pylon_ros2_camera_interfaces/include/pylon_ros2_camera_interfaces/pylon_ros2_camera_interfaces/srv/detail/set_binning__rosidl_typesupport_introspection_c.h\n'}
[0.507843] (pylon_ros2_camera_interfaces) StdoutLine: {'line': b'-- Up-to-date: /home/mcav/cam_dev_ws/install/pylon_ros2_camera_interfaces/include/pylon_ros2_camera_interfaces/pylon_ros2_camera_interfaces/srv/detail/set_exposure__rosidl_typesupport_introspection_c.h\n'}
[0.507903] (pylon_ros2_camera_interfaces) StdoutLine: {'line': b'-- Up-to-date: /home/mcav/cam_dev_ws/install/pylon_ros2_camera_interfaces/include/pylon_ros2_camera_interfaces/pylon_ros2_camera_interfaces/srv/detail/issue_action_command__rosidl_typesupport_introspection_c.h\n'}
[0.507962] (pylon_ros2_camera_interfaces) StdoutLine: {'line': b'-- Up-to-date: /home/mcav/cam_dev_ws/install/pylon_ros2_camera_interfaces/include/pylon_ros2_camera_interfaces/pylon_ros2_camera_interfaces/srv/detail/set_gain__type_support.c\n'}
[0.508022] (pylon_ros2_camera_interfaces) StdoutLine: {'line': b'-- Up-to-date: /home/mcav/cam_dev_ws/install/pylon_ros2_camera_interfaces/include/pylon_ros2_camera_interfaces/pylon_ros2_camera_interfaces/srv/detail/set_float_value__type_support.c\n'}
[0.508081] (pylon_ros2_camera_interfaces) StdoutLine: {'line': b'-- Up-to-date: /home/mcav/cam_dev_ws/install/pylon_ros2_camera_interfaces/include/pylon_ros2_camera_interfaces/pylon_ros2_camera_interfaces/srv/detail/set_float_value__rosidl_typesupport_introspection_c.h\n'}
[0.508145] (pylon_ros2_camera_interfaces) StdoutLine: {'line': b'-- Up-to-date: /home/mcav/cam_dev_ws/install/pylon_ros2_camera_interfaces/include/pylon_ros2_camera_interfaces/pylon_ros2_camera_interfaces/srv/detail/issue_action_command__type_support.c\n'}
[0.508205] (pylon_ros2_camera_interfaces) StdoutLine: {'line': b'-- Up-to-date: /home/mcav/cam_dev_ws/install/pylon_ros2_camera_interfaces/include/pylon_ros2_camera_interfaces/pylon_ros2_camera_interfaces/srv/detail/get_string_value__type_support.c\n'}
[0.508265] (pylon_ros2_camera_interfaces) StdoutLine: {'line': b'-- Up-to-date: /home/mcav/cam_dev_ws/install/pylon_ros2_camera_interfaces/include/pylon_ros2_camera_interfaces/pylon_ros2_camera_interfaces/srv/detail/get_float_value__type_support.c\n'}
[0.508324] (pylon_ros2_camera_interfaces) StdoutLine: {'line': b'-- Up-to-date: /home/mcav/cam_dev_ws/install/pylon_ros2_camera_interfaces/include/pylon_ros2_camera_interfaces/pylon_ros2_camera_interfaces/srv/detail/set_gamma__type_support.c\n'}
[0.508384] (pylon_ros2_camera_interfaces) StdoutLine: {'line': b'-- Up-to-date: /home/mcav/cam_dev_ws/install/pylon_ros2_camera_interfaces/include/pylon_ros2_camera_interfaces/pylon_ros2_camera_interfaces/srv/detail/get_integer_value__rosidl_typesupport_introspection_c.h\n'}
[0.508443] (pylon_ros2_camera_interfaces) StdoutLine: {'line': b'-- Up-to-date: /home/mcav/cam_dev_ws/install/pylon_ros2_camera_interfaces/include/pylon_ros2_camera_interfaces/pylon_ros2_camera_interfaces/srv/detail/get_ptp_status__type_support.c\n'}
[0.508503] (pylon_ros2_camera_interfaces) StdoutLine: {'line': b'-- Up-to-date: /home/mcav/cam_dev_ws/install/pylon_ros2_camera_interfaces/include/pylon_ros2_camera_interfaces/pylon_ros2_camera_interfaces/srv/detail/set_string_value__type_support.c\n'}
[0.508562] (pylon_ros2_camera_interfaces) StdoutLine: {'line': b'-- Up-to-date: /home/mcav/cam_dev_ws/install/pylon_ros2_camera_interfaces/include/pylon_ros2_camera_interfaces/pylon_ros2_camera_interfaces/srv/detail/set_action_trigger_configuration__type_support.c\n'}
[0.508622] (pylon_ros2_camera_interfaces) StdoutLine: {'line': b'-- Up-to-date: /home/mcav/cam_dev_ws/install/pylon_ros2_camera_interfaces/include/pylon_ros2_camera_interfaces/pylon_ros2_camera_interfaces/srv/detail/issue_scheduled_action_command__type_support.c\n'}
[0.508689] (pylon_ros2_camera_interfaces) StdoutLine: {'line': b'-- Up-to-date: /home/mcav/cam_dev_ws/install/pylon_ros2_camera_interfaces/include/pylon_ros2_camera_interfaces/pylon_ros2_camera_interfaces/srv/detail/set_sleeping__rosidl_typesupport_introspection_c.h\n'}
[0.508753] (pylon_ros2_camera_interfaces) StdoutLine: {'line': b'-- Up-to-date: /home/mcav/cam_dev_ws/install/pylon_ros2_camera_interfaces/include/pylon_ros2_camera_interfaces/pylon_ros2_camera_interfaces/srv/detail/get_string_value__rosidl_typesupport_introspection_c.h\n'}
[0.508813] (pylon_ros2_camera_interfaces) StdoutLine: {'line': b'-- Up-to-date: /home/mcav/cam_dev_ws/install/pylon_ros2_camera_interfaces/include/pylon_ros2_camera_interfaces/pylon_ros2_camera_interfaces/srv/detail/set_brightness__rosidl_typesupport_introspection_c.h\n'}
[0.508872] (pylon_ros2_camera_interfaces) StdoutLine: {'line': b'-- Up-to-date: /home/mcav/cam_dev_ws/install/pylon_ros2_camera_interfaces/include/pylon_ros2_camera_interfaces/pylon_ros2_camera_interfaces/srv/detail/get_ptp_status__rosidl_typesupport_introspection_c.h\n'}
[0.508932] (pylon_ros2_camera_interfaces) StdoutLine: {'line': b'-- Up-to-date: /home/mcav/cam_dev_ws/install/pylon_ros2_camera_interfaces/include/pylon_ros2_camera_interfaces/pylon_ros2_camera_interfaces/srv/detail/get_integer_value__type_support.c\n'}
[0.508991] (pylon_ros2_camera_interfaces) StdoutLine: {'line': b'-- Up-to-date: /home/mcav/cam_dev_ws/install/pylon_ros2_camera_interfaces/include/pylon_ros2_camera_interfaces/pylon_ros2_camera_interfaces/srv/detail/issue_scheduled_action_command__rosidl_typesupport_introspection_c.h\n'}
[0.509055] (pylon_ros2_camera_interfaces) StdoutLine: {'line': b'-- Up-to-date: /home/mcav/cam_dev_ws/install/pylon_ros2_camera_interfaces/include/pylon_ros2_camera_interfaces/pylon_ros2_camera_interfaces/srv/detail/set_roi__type_support.c\n'}
[0.509174] (pylon_ros2_camera_interfaces) StdoutLine: {'line': b'-- Up-to-date: /home/mcav/cam_dev_ws/install/pylon_ros2_camera_interfaces/include/pylon_ros2_camera_interfaces/pylon_ros2_camera_interfaces/srv/detail/set_exposure__type_support.c\n'}
[0.509235] (pylon_ros2_camera_interfaces) StdoutLine: {'line': b'-- Up-to-date: /home/mcav/cam_dev_ws/install/pylon_ros2_camera_interfaces/include/pylon_ros2_camera_interfaces/pylon_ros2_camera_interfaces/srv/detail/set_sleeping__type_support.c\n'}
[0.509295] (pylon_ros2_camera_interfaces) StdoutLine: {'line': b'-- Up-to-date: /home/mcav/cam_dev_ws/install/pylon_ros2_camera_interfaces/include/pylon_ros2_camera_interfaces/pylon_ros2_camera_interfaces/srv/detail/set_gamma__rosidl_typesupport_introspection_c.h\n'}
[0.509355] (pylon_ros2_camera_interfaces) StdoutLine: {'line': b'-- Up-to-date: /home/mcav/cam_dev_ws/install/pylon_ros2_camera_interfaces/include/pylon_ros2_camera_interfaces/pylon_ros2_camera_interfaces/srv/detail/set_binning__type_support.c\n'}
[0.509416] (pylon_ros2_camera_interfaces) StdoutLine: {'line': b'-- Up-to-date: /home/mcav/cam_dev_ws/install/pylon_ros2_camera_interfaces/include/pylon_ros2_camera_interfaces/pylon_ros2_camera_interfaces/srv/detail/set_gain__rosidl_typesupport_introspection_c.h\n'}
[0.509476] (pylon_ros2_camera_interfaces) StdoutLine: {'line': b'-- Up-to-date: /home/mcav/cam_dev_ws/install/pylon_ros2_camera_interfaces/include/pylon_ros2_camera_interfaces/pylon_ros2_camera_interfaces/srv/detail/set_integer_value__type_support.c\n'}
[0.509537] (pylon_ros2_camera_interfaces) StdoutLine: {'line': b'-- Up-to-date: /home/mcav/cam_dev_ws/install/pylon_ros2_camera_interfaces/include/pylon_ros2_camera_interfaces/pylon_ros2_camera_interfaces/srv/detail/set_roi__rosidl_typesupport_introspection_c.h\n'}
[0.509597] (pylon_ros2_camera_interfaces) StdoutLine: {'line': b'-- Up-to-date: /home/mcav/cam_dev_ws/install/pylon_ros2_camera_interfaces/include/pylon_ros2_camera_interfaces/pylon_ros2_camera_interfaces/srv/detail/set_brightness__type_support.c\n'}
[0.509657] (pylon_ros2_camera_interfaces) StdoutLine: {'line': b'-- Up-to-date: /home/mcav/cam_dev_ws/install/pylon_ros2_camera_interfaces/include/pylon_ros2_camera_interfaces/pylon_ros2_camera_interfaces/srv/detail/set_integer_value__rosidl_typesupport_introspection_c.h\n'}
[0.509717] (pylon_ros2_camera_interfaces) StdoutLine: {'line': b'-- Up-to-date: /home/mcav/cam_dev_ws/install/pylon_ros2_camera_interfaces/include/pylon_ros2_camera_interfaces/pylon_ros2_camera_interfaces/srv/detail/set_string_value__rosidl_typesupport_introspection_c.h\n'}
[0.509777] (pylon_ros2_camera_interfaces) StdoutLine: {'line': b'-- Up-to-date: /home/mcav/cam_dev_ws/install/pylon_ros2_camera_interfaces/include/pylon_ros2_camera_interfaces/pylon_ros2_camera_interfaces/srv/detail/set_white_balance__rosidl_typesupport_introspection_c.h\n'}
[0.509837] (pylon_ros2_camera_interfaces) StdoutLine: {'line': b'-- Up-to-date: /home/mcav/cam_dev_ws/install/pylon_ros2_camera_interfaces/include/pylon_ros2_camera_interfaces/pylon_ros2_camera_interfaces/srv/detail/set_white_balance__type_support.c\n'}
[0.509897] (pylon_ros2_camera_interfaces) StdoutLine: {'line': b'-- Up-to-date: /home/mcav/cam_dev_ws/install/pylon_ros2_camera_interfaces/include/pylon_ros2_camera_interfaces/pylon_ros2_camera_interfaces/srv/detail/set_action_trigger_configuration__rosidl_typesupport_introspection_c.h\n'}
[0.509958] (pylon_ros2_camera_interfaces) StdoutLine: {'line': b'-- Up-to-date: /home/mcav/cam_dev_ws/install/pylon_ros2_camera_interfaces/include/pylon_ros2_camera_interfaces/pylon_ros2_camera_interfaces/srv/detail/get_float_value__rosidl_typesupport_introspection_c.h\n'}
[0.510029] (pylon_ros2_camera_interfaces) StdoutLine: {'line': b'-- Up-to-date: /home/mcav/cam_dev_ws/install/pylon_ros2_camera_interfaces/lib/libpylon_ros2_camera_interfaces__rosidl_typesupport_introspection_c.so\n'}
[0.510093] (pylon_ros2_camera_interfaces) StdoutLine: {'line': b'-- Up-to-date: /home/mcav/cam_dev_ws/install/pylon_ros2_camera_interfaces/lib/libpylon_ros2_camera_interfaces__rosidl_typesupport_c.so\n'}
[0.510153] (pylon_ros2_camera_interfaces) StdoutLine: {'line': b'-- Up-to-date: /home/mcav/cam_dev_ws/install/pylon_ros2_camera_interfaces/include/pylon_ros2_camera_interfaces/pylon_ros2_camera_interfaces\n'}
[0.510243] (pylon_ros2_camera_interfaces) StdoutLine: {'line': b'-- Up-to-date: /home/mcav/cam_dev_ws/install/pylon_ros2_camera_interfaces/include/pylon_ros2_camera_interfaces/pylon_ros2_camera_interfaces/msg\n'}
[0.510305] (pylon_ros2_camera_interfaces) StdoutLine: {'line': b'-- Up-to-date: /home/mcav/cam_dev_ws/install/pylon_ros2_camera_interfaces/include/pylon_ros2_camera_interfaces/pylon_ros2_camera_interfaces/msg/detail\n'}
[0.510366] (pylon_ros2_camera_interfaces) StdoutLine: {'line': b'-- Up-to-date: /home/mcav/cam_dev_ws/install/pylon_ros2_camera_interfaces/include/pylon_ros2_camera_interfaces/pylon_ros2_camera_interfaces/msg/detail/component_status__rosidl_typesupport_introspection_cpp.hpp\n'}
[0.510427] (pylon_ros2_camera_interfaces) StdoutLine: {'line': b'-- Up-to-date: /home/mcav/cam_dev_ws/install/pylon_ros2_camera_interfaces/include/pylon_ros2_camera_interfaces/pylon_ros2_camera_interfaces/msg/detail/current_params__rosidl_typesupport_introspection_cpp.hpp\n'}
[0.510490] (pylon_ros2_camera_interfaces) StdoutLine: {'line': b'-- Up-to-date: /home/mcav/cam_dev_ws/install/pylon_ros2_camera_interfaces/include/pylon_ros2_camera_interfaces/pylon_ros2_camera_interfaces/msg/detail/component_status__type_support.cpp\n'}
[0.510551] (pylon_ros2_camera_interfaces) StdoutLine: {'line': b'-- Up-to-date: /home/mcav/cam_dev_ws/install/pylon_ros2_camera_interfaces/include/pylon_ros2_camera_interfaces/pylon_ros2_camera_interfaces/msg/detail/current_params__type_support.cpp\n'}
[0.510625] (pylon_ros2_camera_interfaces) StdoutLine: {'line': b'-- Up-to-date: /home/mcav/cam_dev_ws/install/pylon_ros2_camera_interfaces/include/pylon_ros2_camera_interfaces/pylon_ros2_camera_interfaces/action\n'}
[0.510684] (pylon_ros2_camera_interfaces) StdoutLine: {'line': b'-- Up-to-date: /home/mcav/cam_dev_ws/install/pylon_ros2_camera_interfaces/include/pylon_ros2_camera_interfaces/pylon_ros2_camera_interfaces/action/detail\n'}
[0.510744] (pylon_ros2_camera_interfaces) StdoutLine: {'line': b'-- Up-to-date: /home/mcav/cam_dev_ws/install/pylon_ros2_camera_interfaces/include/pylon_ros2_camera_interfaces/pylon_ros2_camera_interfaces/action/detail/grab_blaze_data__type_support.cpp\n'}
[0.510805] (pylon_ros2_camera_interfaces) StdoutLine: {'line': b'-- Up-to-date: /home/mcav/cam_dev_ws/install/pylon_ros2_camera_interfaces/include/pylon_ros2_camera_interfaces/pylon_ros2_camera_interfaces/action/detail/grab_blaze_data__rosidl_typesupport_introspection_cpp.hpp\n'}
[0.510864] (pylon_ros2_camera_interfaces) StdoutLine: {'line': b'-- Up-to-date: /home/mcav/cam_dev_ws/install/pylon_ros2_camera_interfaces/include/pylon_ros2_camera_interfaces/pylon_ros2_camera_interfaces/action/detail/grab_images__type_support.cpp\n'}
[0.510924] (pylon_ros2_camera_interfaces) StdoutLine: {'line': b'-- Up-to-date: /home/mcav/cam_dev_ws/install/pylon_ros2_camera_interfaces/include/pylon_ros2_camera_interfaces/pylon_ros2_camera_interfaces/action/detail/grab_images__rosidl_typesupport_introspection_cpp.hpp\n'}
[0.510984] (pylon_ros2_camera_interfaces) StdoutLine: {'line': b'-- Up-to-date: /home/mcav/cam_dev_ws/install/pylon_ros2_camera_interfaces/include/pylon_ros2_camera_interfaces/pylon_ros2_camera_interfaces/srv\n'}
[0.511043] (pylon_ros2_camera_interfaces) StdoutLine: {'line': b'-- Up-to-date: /home/mcav/cam_dev_ws/install/pylon_ros2_camera_interfaces/include/pylon_ros2_camera_interfaces/pylon_ros2_camera_interfaces/srv/detail\n'}
[0.511103] (pylon_ros2_camera_interfaces) StdoutLine: {'line': b'-- Up-to-date: /home/mcav/cam_dev_ws/install/pylon_ros2_camera_interfaces/include/pylon_ros2_camera_interfaces/pylon_ros2_camera_interfaces/srv/detail/set_integer_value__type_support.cpp\n'}
[0.511167] (pylon_ros2_camera_interfaces) StdoutLine: {'line': b'-- Up-to-date: /home/mcav/cam_dev_ws/install/pylon_ros2_camera_interfaces/include/pylon_ros2_camera_interfaces/pylon_ros2_camera_interfaces/srv/detail/get_integer_value__rosidl_typesupport_introspection_cpp.hpp\n'}
[0.511228] (pylon_ros2_camera_interfaces) StdoutLine: {'line': b'-- Up-to-date: /home/mcav/cam_dev_ws/install/pylon_ros2_camera_interfaces/include/pylon_ros2_camera_interfaces/pylon_ros2_camera_interfaces/srv/detail/set_float_value__type_support.cpp\n'}
[0.511289] (pylon_ros2_camera_interfaces) StdoutLine: {'line': b'-- Up-to-date: /home/mcav/cam_dev_ws/install/pylon_ros2_camera_interfaces/include/pylon_ros2_camera_interfaces/pylon_ros2_camera_interfaces/srv/detail/set_string_value__rosidl_typesupport_introspection_cpp.hpp\n'}
[0.511349] (pylon_ros2_camera_interfaces) StdoutLine: {'line': b'-- Up-to-date: /home/mcav/cam_dev_ws/install/pylon_ros2_camera_interfaces/include/pylon_ros2_camera_interfaces/pylon_ros2_camera_interfaces/srv/detail/set_sleeping__type_support.cpp\n'}
[0.511412] (pylon_ros2_camera_interfaces) StdoutLine: {'line': b'-- Up-to-date: /home/mcav/cam_dev_ws/install/pylon_ros2_camera_interfaces/include/pylon_ros2_camera_interfaces/pylon_ros2_camera_interfaces/srv/detail/issue_action_command__rosidl_typesupport_introspection_cpp.hpp\n'}
[0.511478] (pylon_ros2_camera_interfaces) StdoutLine: {'line': b'-- Up-to-date: /home/mcav/cam_dev_ws/install/pylon_ros2_camera_interfaces/include/pylon_ros2_camera_interfaces/pylon_ros2_camera_interfaces/srv/detail/issue_scheduled_action_command__rosidl_typesupport_introspection_cpp.hpp\n'}
[0.511539] (pylon_ros2_camera_interfaces) StdoutLine: {'line': b'-- Up-to-date: /home/mcav/cam_dev_ws/install/pylon_ros2_camera_interfaces/include/pylon_ros2_camera_interfaces/pylon_ros2_camera_interfaces/srv/detail/set_binning__rosidl_typesupport_introspection_cpp.hpp\n'}
[0.511598] (pylon_ros2_camera_interfaces) StdoutLine: {'line': b'-- Up-to-date: /home/mcav/cam_dev_ws/install/pylon_ros2_camera_interfaces/include/pylon_ros2_camera_interfaces/pylon_ros2_camera_interfaces/srv/detail/set_exposure__type_support.cpp\n'}
[0.511657] (pylon_ros2_camera_interfaces) StdoutLine: {'line': b'-- Up-to-date: /home/mcav/cam_dev_ws/install/pylon_ros2_camera_interfaces/include/pylon_ros2_camera_interfaces/pylon_ros2_camera_interfaces/srv/detail/get_float_value__type_support.cpp\n'}
[0.511717] (pylon_ros2_camera_interfaces) StdoutLine: {'line': b'-- Up-to-date: /home/mcav/cam_dev_ws/install/pylon_ros2_camera_interfaces/include/pylon_ros2_camera_interfaces/pylon_ros2_camera_interfaces/srv/detail/set_gain__rosidl_typesupport_introspection_cpp.hpp\n'}
[0.511776] (pylon_ros2_camera_interfaces) StdoutLine: {'line': b'-- Up-to-date: /home/mcav/cam_dev_ws/install/pylon_ros2_camera_interfaces/include/pylon_ros2_camera_interfaces/pylon_ros2_camera_interfaces/srv/detail/set_action_trigger_configuration__type_support.cpp\n'}
[0.511835] (pylon_ros2_camera_interfaces) StdoutLine: {'line': b'-- Up-to-date: /home/mcav/cam_dev_ws/install/pylon_ros2_camera_interfaces/include/pylon_ros2_camera_interfaces/pylon_ros2_camera_interfaces/srv/detail/get_float_value__rosidl_typesupport_introspection_cpp.hpp\n'}
[0.511895] (pylon_ros2_camera_interfaces) StdoutLine: {'line': b'-- Up-to-date: /home/mcav/cam_dev_ws/install/pylon_ros2_camera_interfaces/include/pylon_ros2_camera_interfaces/pylon_ros2_camera_interfaces/srv/detail/set_float_value__rosidl_typesupport_introspection_cpp.hpp\n'}
[0.511955] (pylon_ros2_camera_interfaces) StdoutLine: {'line': b'-- Up-to-date: /home/mcav/cam_dev_ws/install/pylon_ros2_camera_interfaces/include/pylon_ros2_camera_interfaces/pylon_ros2_camera_interfaces/srv/detail/set_exposure__rosidl_typesupport_introspection_cpp.hpp\n'}
[0.512015] (pylon_ros2_camera_interfaces) StdoutLine: {'line': b'-- Up-to-date: /home/mcav/cam_dev_ws/install/pylon_ros2_camera_interfaces/include/pylon_ros2_camera_interfaces/pylon_ros2_camera_interfaces/srv/detail/get_string_value__type_support.cpp\n'}
[0.512078] (pylon_ros2_camera_interfaces) StdoutLine: {'line': b'-- Up-to-date: /home/mcav/cam_dev_ws/install/pylon_ros2_camera_interfaces/include/pylon_ros2_camera_interfaces/pylon_ros2_camera_interfaces/srv/detail/issue_action_command__type_support.cpp\n'}
[0.512137] (pylon_ros2_camera_interfaces) StdoutLine: {'line': b'-- Up-to-date: /home/mcav/cam_dev_ws/install/pylon_ros2_camera_interfaces/include/pylon_ros2_camera_interfaces/pylon_ros2_camera_interfaces/srv/detail/get_integer_value__type_support.cpp\n'}
[0.512197] (pylon_ros2_camera_interfaces) StdoutLine: {'line': b'-- Up-to-date: /home/mcav/cam_dev_ws/install/pylon_ros2_camera_interfaces/include/pylon_ros2_camera_interfaces/pylon_ros2_camera_interfaces/srv/detail/get_string_value__rosidl_typesupport_introspection_cpp.hpp\n'}
[0.512256] (pylon_ros2_camera_interfaces) StdoutLine: {'line': b'-- Up-to-date: /home/mcav/cam_dev_ws/install/pylon_ros2_camera_interfaces/include/pylon_ros2_camera_interfaces/pylon_ros2_camera_interfaces/srv/detail/set_roi__rosidl_typesupport_introspection_cpp.hpp\n'}
[0.512316] (pylon_ros2_camera_interfaces) StdoutLine: {'line': b'-- Up-to-date: /home/mcav/cam_dev_ws/install/pylon_ros2_camera_interfaces/include/pylon_ros2_camera_interfaces/pylon_ros2_camera_interfaces/srv/detail/set_roi__type_support.cpp\n'}
[0.512375] (pylon_ros2_camera_interfaces) StdoutLine: {'line': b'-- Up-to-date: /home/mcav/cam_dev_ws/install/pylon_ros2_camera_interfaces/include/pylon_ros2_camera_interfaces/pylon_ros2_camera_interfaces/srv/detail/set_white_balance__rosidl_typesupport_introspection_cpp.hpp\n'}
[0.512435] (pylon_ros2_camera_interfaces) StdoutLine: {'line': b'-- Up-to-date: /home/mcav/cam_dev_ws/install/pylon_ros2_camera_interfaces/include/pylon_ros2_camera_interfaces/pylon_ros2_camera_interfaces/srv/detail/set_string_value__type_support.cpp\n'}
[0.512494] (pylon_ros2_camera_interfaces) StdoutLine: {'line': b'-- Up-to-date: /home/mcav/cam_dev_ws/install/pylon_ros2_camera_interfaces/include/pylon_ros2_camera_interfaces/pylon_ros2_camera_interfaces/srv/detail/set_gamma__rosidl_typesupport_introspection_cpp.hpp\n'}
[0.512554] (pylon_ros2_camera_interfaces) StdoutLine: {'line': b'-- Up-to-date: /home/mcav/cam_dev_ws/install/pylon_ros2_camera_interfaces/include/pylon_ros2_camera_interfaces/pylon_ros2_camera_interfaces/srv/detail/get_ptp_status__rosidl_typesupport_introspection_cpp.hpp\n'}
[0.512617] (pylon_ros2_camera_interfaces) StdoutLine: {'line': b'-- Up-to-date: /home/mcav/cam_dev_ws/install/pylon_ros2_camera_interfaces/include/pylon_ros2_camera_interfaces/pylon_ros2_camera_interfaces/srv/detail/set_binning__type_support.cpp\n'}
[0.512677] (pylon_ros2_camera_interfaces) StdoutLine: {'line': b'-- Up-to-date: /home/mcav/cam_dev_ws/install/pylon_ros2_camera_interfaces/include/pylon_ros2_camera_interfaces/pylon_ros2_camera_interfaces/srv/detail/set_gain__type_support.cpp\n'}
[0.512743] (pylon_ros2_camera_interfaces) StdoutLine: {'line': b'-- Up-to-date: /home/mcav/cam_dev_ws/install/pylon_ros2_camera_interfaces/include/pylon_ros2_camera_interfaces/pylon_ros2_camera_interfaces/srv/detail/set_brightness__type_support.cpp\n'}
[0.512802] (pylon_ros2_camera_interfaces) StdoutLine: {'line': b'-- Up-to-date: /home/mcav/cam_dev_ws/install/pylon_ros2_camera_interfaces/include/pylon_ros2_camera_interfaces/pylon_ros2_camera_interfaces/srv/detail/set_action_trigger_configuration__rosidl_typesupport_introspection_cpp.hpp\n'}
[0.512862] (pylon_ros2_camera_interfaces) StdoutLine: {'line': b'-- Up-to-date: /home/mcav/cam_dev_ws/install/pylon_ros2_camera_interfaces/include/pylon_ros2_camera_interfaces/pylon_ros2_camera_interfaces/srv/detail/get_ptp_status__type_support.cpp\n'}
[0.512921] (pylon_ros2_camera_interfaces) StdoutLine: {'line': b'-- Up-to-date: /home/mcav/cam_dev_ws/install/pylon_ros2_camera_interfaces/include/pylon_ros2_camera_interfaces/pylon_ros2_camera_interfaces/srv/detail/set_integer_value__rosidl_typesupport_introspection_cpp.hpp\n'}
[0.512985] (pylon_ros2_camera_interfaces) StdoutLine: {'line': b'-- Up-to-date: /home/mcav/cam_dev_ws/install/pylon_ros2_camera_interfaces/include/pylon_ros2_camera_interfaces/pylon_ros2_camera_interfaces/srv/detail/set_sleeping__rosidl_typesupport_introspection_cpp.hpp\n'}
[0.513045] (pylon_ros2_camera_interfaces) StdoutLine: {'line': b'-- Up-to-date: /home/mcav/cam_dev_ws/install/pylon_ros2_camera_interfaces/include/pylon_ros2_camera_interfaces/pylon_ros2_camera_interfaces/srv/detail/set_white_balance__type_support.cpp\n'}
[0.513165] (pylon_ros2_camera_interfaces) StdoutLine: {'line': b'-- Up-to-date: /home/mcav/cam_dev_ws/install/pylon_ros2_camera_interfaces/include/pylon_ros2_camera_interfaces/pylon_ros2_camera_interfaces/srv/detail/set_brightness__rosidl_typesupport_introspection_cpp.hpp\n'}
[0.513228] (pylon_ros2_camera_interfaces) StdoutLine: {'line': b'-- Up-to-date: /home/mcav/cam_dev_ws/install/pylon_ros2_camera_interfaces/include/pylon_ros2_camera_interfaces/pylon_ros2_camera_interfaces/srv/detail/issue_scheduled_action_command__type_support.cpp\n'}
[0.513288] (pylon_ros2_camera_interfaces) StdoutLine: {'line': b'-- Up-to-date: /home/mcav/cam_dev_ws/install/pylon_ros2_camera_interfaces/include/pylon_ros2_camera_interfaces/pylon_ros2_camera_interfaces/srv/detail/set_gamma__type_support.cpp\n'}
[0.513347] (pylon_ros2_camera_interfaces) StdoutLine: {'line': b'-- Up-to-date: /home/mcav/cam_dev_ws/install/pylon_ros2_camera_interfaces/lib/libpylon_ros2_camera_interfaces__rosidl_typesupport_introspection_cpp.so\n'}
[0.513407] (pylon_ros2_camera_interfaces) StdoutLine: {'line': b'-- Up-to-date: /home/mcav/cam_dev_ws/install/pylon_ros2_camera_interfaces/lib/libpylon_ros2_camera_interfaces__rosidl_typesupport_cpp.so\n'}
[0.513466] (pylon_ros2_camera_interfaces) StdoutLine: {'line': b'-- Up-to-date: /home/mcav/cam_dev_ws/install/pylon_ros2_camera_interfaces/share/pylon_ros2_camera_interfaces/environment/pythonpath.sh\n'}
[0.513526] (pylon_ros2_camera_interfaces) StdoutLine: {'line': b'-- Up-to-date: /home/mcav/cam_dev_ws/install/pylon_ros2_camera_interfaces/share/pylon_ros2_camera_interfaces/environment/pythonpath.dsv\n'}
[0.513584] (pylon_ros2_camera_interfaces) StdoutLine: {'line': b'-- Up-to-date: /home/mcav/cam_dev_ws/install/pylon_ros2_camera_interfaces/local/lib/python3.10/dist-packages/pylon_ros2_camera_interfaces-1.1.0-py3.10.egg-info\n'}
[0.513644] (pylon_ros2_camera_interfaces) StdoutLine: {'line': b'-- Installing: /home/mcav/cam_dev_ws/install/pylon_ros2_camera_interfaces/local/lib/python3.10/dist-packages/pylon_ros2_camera_interfaces-1.1.0-py3.10.egg-info/top_level.txt\n'}
[0.513734] (pylon_ros2_camera_interfaces) StdoutLine: {'line': b'-- Installing: /home/mcav/cam_dev_ws/install/pylon_ros2_camera_interfaces/local/lib/python3.10/dist-packages/pylon_ros2_camera_interfaces-1.1.0-py3.10.egg-info/dependency_links.txt\n'}
[0.513809] (pylon_ros2_camera_interfaces) StdoutLine: {'line': b'-- Installing: /home/mcav/cam_dev_ws/install/pylon_ros2_camera_interfaces/local/lib/python3.10/dist-packages/pylon_ros2_camera_interfaces-1.1.0-py3.10.egg-info/PKG-INFO\n'}
[0.513868] (pylon_ros2_camera_interfaces) StdoutLine: {'line': b'-- Installing: /home/mcav/cam_dev_ws/install/pylon_ros2_camera_interfaces/local/lib/python3.10/dist-packages/pylon_ros2_camera_interfaces-1.1.0-py3.10.egg-info/SOURCES.txt\n'}
[0.513928] (pylon_ros2_camera_interfaces) StdoutLine: {'line': b'-- Up-to-date: /home/mcav/cam_dev_ws/install/pylon_ros2_camera_interfaces/local/lib/python3.10/dist-packages/pylon_ros2_camera_interfaces\n'}
[0.513987] (pylon_ros2_camera_interfaces) StdoutLine: {'line': b'-- Up-to-date: /home/mcav/cam_dev_ws/install/pylon_ros2_camera_interfaces/local/lib/python3.10/dist-packages/pylon_ros2_camera_interfaces/msg\n'}
[0.514049] (pylon_ros2_camera_interfaces) StdoutLine: {'line': b'-- Up-to-date: /home/mcav/cam_dev_ws/install/pylon_ros2_camera_interfaces/local/lib/python3.10/dist-packages/pylon_ros2_camera_interfaces/msg/_current_params_s.c\n'}
[0.514109] (pylon_ros2_camera_interfaces) StdoutLine: {'line': b'-- Up-to-date: /home/mcav/cam_dev_ws/install/pylon_ros2_camera_interfaces/local/lib/python3.10/dist-packages/pylon_ros2_camera_interfaces/msg/__init__.py\n'}
[0.514173] (pylon_ros2_camera_interfaces) StdoutLine: {'line': b'-- Up-to-date: /home/mcav/cam_dev_ws/install/pylon_ros2_camera_interfaces/local/lib/python3.10/dist-packages/pylon_ros2_camera_interfaces/msg/_component_status.py\n'}
[0.514241] (pylon_ros2_camera_interfaces) StdoutLine: {'line': b'-- Up-to-date: /home/mcav/cam_dev_ws/install/pylon_ros2_camera_interfaces/local/lib/python3.10/dist-packages/pylon_ros2_camera_interfaces/msg/_current_params.py\n'}
[0.514301] (pylon_ros2_camera_interfaces) StdoutLine: {'line': b'-- Up-to-date: /home/mcav/cam_dev_ws/install/pylon_ros2_camera_interfaces/local/lib/python3.10/dist-packages/pylon_ros2_camera_interfaces/msg/_component_status_s.c\n'}
[0.514361] (pylon_ros2_camera_interfaces) StdoutLine: {'line': b'-- Up-to-date: /home/mcav/cam_dev_ws/install/pylon_ros2_camera_interfaces/local/lib/python3.10/dist-packages/pylon_ros2_camera_interfaces/action\n'}
[0.514420] (pylon_ros2_camera_interfaces) StdoutLine: {'line': b'-- Up-to-date: /home/mcav/cam_dev_ws/install/pylon_ros2_camera_interfaces/local/lib/python3.10/dist-packages/pylon_ros2_camera_interfaces/action/_grab_blaze_data.py\n'}
[0.514480] (pylon_ros2_camera_interfaces) StdoutLine: {'line': b'-- Up-to-date: /home/mcav/cam_dev_ws/install/pylon_ros2_camera_interfaces/local/lib/python3.10/dist-packages/pylon_ros2_camera_interfaces/action/_grab_images_s.c\n'}
[0.514539] (pylon_ros2_camera_interfaces) StdoutLine: {'line': b'-- Up-to-date: /home/mcav/cam_dev_ws/install/pylon_ros2_camera_interfaces/local/lib/python3.10/dist-packages/pylon_ros2_camera_interfaces/action/__init__.py\n'}
[0.514598] (pylon_ros2_camera_interfaces) StdoutLine: {'line': b'-- Up-to-date: /home/mcav/cam_dev_ws/install/pylon_ros2_camera_interfaces/local/lib/python3.10/dist-packages/pylon_ros2_camera_interfaces/action/_grab_images.py\n'}
[0.514658] (pylon_ros2_camera_interfaces) StdoutLine: {'line': b'-- Up-to-date: /home/mcav/cam_dev_ws/install/pylon_ros2_camera_interfaces/local/lib/python3.10/dist-packages/pylon_ros2_camera_interfaces/action/_grab_blaze_data_s.c\n'}
[0.514716] (pylon_ros2_camera_interfaces) StdoutLine: {'line': b'-- Up-to-date: /home/mcav/cam_dev_ws/install/pylon_ros2_camera_interfaces/local/lib/python3.10/dist-packages/pylon_ros2_camera_interfaces/_pylon_ros2_camera_interfaces_s.ep.rosidl_typesupport_introspection_c.c\n'}
[0.514776] (pylon_ros2_camera_interfaces) StdoutLine: {'line': b'-- Up-to-date: /home/mcav/cam_dev_ws/install/pylon_ros2_camera_interfaces/local/lib/python3.10/dist-packages/pylon_ros2_camera_interfaces/pylon_ros2_camera_interfaces_s__rosidl_typesupport_c.cpython-310-x86_64-linux-gnu.so\n'}
[0.514837] (pylon_ros2_camera_interfaces) StdoutLine: {'line': b'-- Up-to-date: /home/mcav/cam_dev_ws/install/pylon_ros2_camera_interfaces/local/lib/python3.10/dist-packages/pylon_ros2_camera_interfaces/_pylon_ros2_camera_interfaces_s.ep.rosidl_typesupport_fastrtps_c.c\n'}
[0.514898] (pylon_ros2_camera_interfaces) StdoutLine: {'line': b'-- Up-to-date: /home/mcav/cam_dev_ws/install/pylon_ros2_camera_interfaces/local/lib/python3.10/dist-packages/pylon_ros2_camera_interfaces/__init__.py\n'}
[0.514957] (pylon_ros2_camera_interfaces) StdoutLine: {'line': b'-- Up-to-date: /home/mcav/cam_dev_ws/install/pylon_ros2_camera_interfaces/local/lib/python3.10/dist-packages/pylon_ros2_camera_interfaces/pylon_ros2_camera_interfaces_s__rosidl_typesupport_introspection_c.cpython-310-x86_64-linux-gnu.so\n'}
[0.515018] (pylon_ros2_camera_interfaces) StdoutLine: {'line': b'-- Up-to-date: /home/mcav/cam_dev_ws/install/pylon_ros2_camera_interfaces/local/lib/python3.10/dist-packages/pylon_ros2_camera_interfaces/srv\n'}
[0.515078] (pylon_ros2_camera_interfaces) StdoutLine: {'line': b'-- Up-to-date: /home/mcav/cam_dev_ws/install/pylon_ros2_camera_interfaces/local/lib/python3.10/dist-packages/pylon_ros2_camera_interfaces/srv/_set_gain.py\n'}
[0.515137] (pylon_ros2_camera_interfaces) StdoutLine: {'line': b'-- Up-to-date: /home/mcav/cam_dev_ws/install/pylon_ros2_camera_interfaces/local/lib/python3.10/dist-packages/pylon_ros2_camera_interfaces/srv/_get_string_value.py\n'}
[0.515201] (pylon_ros2_camera_interfaces) StdoutLine: {'line': b'-- Up-to-date: /home/mcav/cam_dev_ws/install/pylon_ros2_camera_interfaces/local/lib/python3.10/dist-packages/pylon_ros2_camera_interfaces/srv/_set_roi.py\n'}
[0.515261] (pylon_ros2_camera_interfaces) StdoutLine: {'line': b'-- Up-to-date: /home/mcav/cam_dev_ws/install/pylon_ros2_camera_interfaces/local/lib/python3.10/dist-packages/pylon_ros2_camera_interfaces/srv/_set_brightness_s.c\n'}
[0.515320] (pylon_ros2_camera_interfaces) StdoutLine: {'line': b'-- Up-to-date: /home/mcav/cam_dev_ws/install/pylon_ros2_camera_interfaces/local/lib/python3.10/dist-packages/pylon_ros2_camera_interfaces/srv/_set_white_balance_s.c\n'}
[0.515380] (pylon_ros2_camera_interfaces) StdoutLine: {'line': b'-- Up-to-date: /home/mcav/cam_dev_ws/install/pylon_ros2_camera_interfaces/local/lib/python3.10/dist-packages/pylon_ros2_camera_interfaces/srv/_set_sleeping.py\n'}
[0.515442] (pylon_ros2_camera_interfaces) StdoutLine: {'line': b'-- Up-to-date: /home/mcav/cam_dev_ws/install/pylon_ros2_camera_interfaces/local/lib/python3.10/dist-packages/pylon_ros2_camera_interfaces/srv/_set_exposure.py\n'}
[0.515502] (pylon_ros2_camera_interfaces) StdoutLine: {'line': b'-- Up-to-date: /home/mcav/cam_dev_ws/install/pylon_ros2_camera_interfaces/local/lib/python3.10/dist-packages/pylon_ros2_camera_interfaces/srv/_get_integer_value.py\n'}
[0.515562] (pylon_ros2_camera_interfaces) StdoutLine: {'line': b'-- Up-to-date: /home/mcav/cam_dev_ws/install/pylon_ros2_camera_interfaces/local/lib/python3.10/dist-packages/pylon_ros2_camera_interfaces/srv/_issue_scheduled_action_command_s.c\n'}
[0.515622] (pylon_ros2_camera_interfaces) StdoutLine: {'line': b'-- Up-to-date: /home/mcav/cam_dev_ws/install/pylon_ros2_camera_interfaces/local/lib/python3.10/dist-packages/pylon_ros2_camera_interfaces/srv/_set_integer_value_s.c\n'}
[0.515681] (pylon_ros2_camera_interfaces) StdoutLine: {'line': b'-- Up-to-date: /home/mcav/cam_dev_ws/install/pylon_ros2_camera_interfaces/local/lib/python3.10/dist-packages/pylon_ros2_camera_interfaces/srv/_set_exposure_s.c\n'}
[0.515748] (pylon_ros2_camera_interfaces) StdoutLine: {'line': b'-- Up-to-date: /home/mcav/cam_dev_ws/install/pylon_ros2_camera_interfaces/local/lib/python3.10/dist-packages/pylon_ros2_camera_interfaces/srv/_set_integer_value.py\n'}
[0.515807] (pylon_ros2_camera_interfaces) StdoutLine: {'line': b'-- Up-to-date: /home/mcav/cam_dev_ws/install/pylon_ros2_camera_interfaces/local/lib/python3.10/dist-packages/pylon_ros2_camera_interfaces/srv/_get_ptp_status_s.c\n'}
[0.515868] (pylon_ros2_camera_interfaces) StdoutLine: {'line': b'-- Up-to-date: /home/mcav/cam_dev_ws/install/pylon_ros2_camera_interfaces/local/lib/python3.10/dist-packages/pylon_ros2_camera_interfaces/srv/_set_string_value_s.c\n'}
[0.515927] (pylon_ros2_camera_interfaces) StdoutLine: {'line': b'-- Up-to-date: /home/mcav/cam_dev_ws/install/pylon_ros2_camera_interfaces/local/lib/python3.10/dist-packages/pylon_ros2_camera_interfaces/srv/_set_binning_s.c\n'}
[0.515987] (pylon_ros2_camera_interfaces) StdoutLine: {'line': b'-- Up-to-date: /home/mcav/cam_dev_ws/install/pylon_ros2_camera_interfaces/local/lib/python3.10/dist-packages/pylon_ros2_camera_interfaces/srv/_set_roi_s.c\n'}
[0.516047] (pylon_ros2_camera_interfaces) StdoutLine: {'line': b'-- Up-to-date: /home/mcav/cam_dev_ws/install/pylon_ros2_camera_interfaces/local/lib/python3.10/dist-packages/pylon_ros2_camera_interfaces/srv/_set_float_value.py\n'}
[0.516106] (pylon_ros2_camera_interfaces) StdoutLine: {'line': b'-- Up-to-date: /home/mcav/cam_dev_ws/install/pylon_ros2_camera_interfaces/local/lib/python3.10/dist-packages/pylon_ros2_camera_interfaces/srv/_set_gamma_s.c\n'}
[0.516165] (pylon_ros2_camera_interfaces) StdoutLine: {'line': b'-- Up-to-date: /home/mcav/cam_dev_ws/install/pylon_ros2_camera_interfaces/local/lib/python3.10/dist-packages/pylon_ros2_camera_interfaces/srv/__init__.py\n'}
[0.516225] (pylon_ros2_camera_interfaces) StdoutLine: {'line': b'-- Up-to-date: /home/mcav/cam_dev_ws/install/pylon_ros2_camera_interfaces/local/lib/python3.10/dist-packages/pylon_ros2_camera_interfaces/srv/_issue_action_command.py\n'}
[0.516289] (pylon_ros2_camera_interfaces) StdoutLine: {'line': b'-- Up-to-date: /home/mcav/cam_dev_ws/install/pylon_ros2_camera_interfaces/local/lib/python3.10/dist-packages/pylon_ros2_camera_interfaces/srv/_get_string_value_s.c\n'}
[0.516349] (pylon_ros2_camera_interfaces) StdoutLine: {'line': b'-- Up-to-date: /home/mcav/cam_dev_ws/install/pylon_ros2_camera_interfaces/local/lib/python3.10/dist-packages/pylon_ros2_camera_interfaces/srv/_issue_action_command_s.c\n'}
[0.516408] (pylon_ros2_camera_interfaces) StdoutLine: {'line': b'-- Up-to-date: /home/mcav/cam_dev_ws/install/pylon_ros2_camera_interfaces/local/lib/python3.10/dist-packages/pylon_ros2_camera_interfaces/srv/_set_gain_s.c\n'}
[0.516468] (pylon_ros2_camera_interfaces) StdoutLine: {'line': b'-- Up-to-date: /home/mcav/cam_dev_ws/install/pylon_ros2_camera_interfaces/local/lib/python3.10/dist-packages/pylon_ros2_camera_interfaces/srv/_get_float_value.py\n'}
[0.516528] (pylon_ros2_camera_interfaces) StdoutLine: {'line': b'-- Up-to-date: /home/mcav/cam_dev_ws/install/pylon_ros2_camera_interfaces/local/lib/python3.10/dist-packages/pylon_ros2_camera_interfaces/srv/_set_brightness.py\n'}
[0.516588] (pylon_ros2_camera_interfaces) StdoutLine: {'line': b'-- Up-to-date: /home/mcav/cam_dev_ws/install/pylon_ros2_camera_interfaces/local/lib/python3.10/dist-packages/pylon_ros2_camera_interfaces/srv/_set_sleeping_s.c\n'}
[0.516647] (pylon_ros2_camera_interfaces) StdoutLine: {'line': b'-- Up-to-date: /home/mcav/cam_dev_ws/install/pylon_ros2_camera_interfaces/local/lib/python3.10/dist-packages/pylon_ros2_camera_interfaces/srv/_get_integer_value_s.c\n'}
[0.516707] (pylon_ros2_camera_interfaces) StdoutLine: {'line': b'-- Up-to-date: /home/mcav/cam_dev_ws/install/pylon_ros2_camera_interfaces/local/lib/python3.10/dist-packages/pylon_ros2_camera_interfaces/srv/_set_binning.py\n'}
[0.516766] (pylon_ros2_camera_interfaces) StdoutLine: {'line': b'-- Up-to-date: /home/mcav/cam_dev_ws/install/pylon_ros2_camera_interfaces/local/lib/python3.10/dist-packages/pylon_ros2_camera_interfaces/srv/_get_float_value_s.c\n'}
[0.516825] (pylon_ros2_camera_interfaces) StdoutLine: {'line': b'-- Up-to-date: /home/mcav/cam_dev_ws/install/pylon_ros2_camera_interfaces/local/lib/python3.10/dist-packages/pylon_ros2_camera_interfaces/srv/_get_ptp_status.py\n'}
[0.516888] (pylon_ros2_camera_interfaces) StdoutLine: {'line': b'-- Up-to-date: /home/mcav/cam_dev_ws/install/pylon_ros2_camera_interfaces/local/lib/python3.10/dist-packages/pylon_ros2_camera_interfaces/srv/_set_action_trigger_configuration_s.c\n'}
[0.516948] (pylon_ros2_camera_interfaces) StdoutLine: {'line': b'-- Up-to-date: /home/mcav/cam_dev_ws/install/pylon_ros2_camera_interfaces/local/lib/python3.10/dist-packages/pylon_ros2_camera_interfaces/srv/_set_gamma.py\n'}
[0.517007] (pylon_ros2_camera_interfaces) StdoutLine: {'line': b'-- Up-to-date: /home/mcav/cam_dev_ws/install/pylon_ros2_camera_interfaces/local/lib/python3.10/dist-packages/pylon_ros2_camera_interfaces/srv/_set_float_value_s.c\n'}
[0.517066] (pylon_ros2_camera_interfaces) StdoutLine: {'line': b'-- Up-to-date: /home/mcav/cam_dev_ws/install/pylon_ros2_camera_interfaces/local/lib/python3.10/dist-packages/pylon_ros2_camera_interfaces/srv/_set_string_value.py\n'}
[0.517196] (pylon_ros2_camera_interfaces) StdoutLine: {'line': b'-- Up-to-date: /home/mcav/cam_dev_ws/install/pylon_ros2_camera_interfaces/local/lib/python3.10/dist-packages/pylon_ros2_camera_interfaces/srv/_set_white_balance.py\n'}
[0.517259] (pylon_ros2_camera_interfaces) StdoutLine: {'line': b'-- Up-to-date: /home/mcav/cam_dev_ws/install/pylon_ros2_camera_interfaces/local/lib/python3.10/dist-packages/pylon_ros2_camera_interfaces/srv/_set_action_trigger_configuration.py\n'}
[0.517327] (pylon_ros2_camera_interfaces) StdoutLine: {'line': b'-- Up-to-date: /home/mcav/cam_dev_ws/install/pylon_ros2_camera_interfaces/local/lib/python3.10/dist-packages/pylon_ros2_camera_interfaces/srv/_issue_scheduled_action_command.py\n'}
[0.517390] (pylon_ros2_camera_interfaces) StdoutLine: {'line': b'-- Up-to-date: /home/mcav/cam_dev_ws/install/pylon_ros2_camera_interfaces/local/lib/python3.10/dist-packages/pylon_ros2_camera_interfaces/libpylon_ros2_camera_interfaces__rosidl_generator_py.so\n'}
[0.517451] (pylon_ros2_camera_interfaces) StdoutLine: {'line': b'-- Up-to-date: /home/mcav/cam_dev_ws/install/pylon_ros2_camera_interfaces/local/lib/python3.10/dist-packages/pylon_ros2_camera_interfaces/pylon_ros2_camera_interfaces_s__rosidl_typesupport_fastrtps_c.cpython-310-x86_64-linux-gnu.so\n'}
[0.517512] (pylon_ros2_camera_interfaces) StdoutLine: {'line': b'-- Up-to-date: /home/mcav/cam_dev_ws/install/pylon_ros2_camera_interfaces/local/lib/python3.10/dist-packages/pylon_ros2_camera_interfaces/_pylon_ros2_camera_interfaces_s.ep.rosidl_typesupport_c.c\n'}
[0.531279] (pylon_ros2_camera_interfaces) StdoutLine: {'line': b"Listing '/home/mcav/cam_dev_ws/install/pylon_ros2_camera_interfaces/local/lib/python3.10/dist-packages/pylon_ros2_camera_interfaces'...\n"}
[0.531448] (pylon_ros2_camera_interfaces) StdoutLine: {'line': b"Listing '/home/mcav/cam_dev_ws/install/pylon_ros2_camera_interfaces/local/lib/python3.10/dist-packages/pylon_ros2_camera_interfaces/action'...\n"}
[0.531520] (pylon_ros2_camera_interfaces) StdoutLine: {'line': b"Listing '/home/mcav/cam_dev_ws/install/pylon_ros2_camera_interfaces/local/lib/python3.10/dist-packages/pylon_ros2_camera_interfaces/msg'...\n"}
[0.531585] (pylon_ros2_camera_interfaces) StdoutLine: {'line': b"Listing '/home/mcav/cam_dev_ws/install/pylon_ros2_camera_interfaces/local/lib/python3.10/dist-packages/pylon_ros2_camera_interfaces/srv'...\n"}
[0.536047] (pylon_ros2_camera_interfaces) StdoutLine: {'line': b'-- Up-to-date: /home/mcav/cam_dev_ws/install/pylon_ros2_camera_interfaces/local/lib/python3.10/dist-packages/pylon_ros2_camera_interfaces/pylon_ros2_camera_interfaces_s__rosidl_typesupport_fastrtps_c.cpython-310-x86_64-linux-gnu.so\n'}
[0.536679] (pylon_ros2_camera_interfaces) StdoutLine: {'line': b'-- Up-to-date: /home/mcav/cam_dev_ws/install/pylon_ros2_camera_interfaces/local/lib/python3.10/dist-packages/pylon_ros2_camera_interfaces/pylon_ros2_camera_interfaces_s__rosidl_typesupport_introspection_c.cpython-310-x86_64-linux-gnu.so\n'}
[0.537352] (pylon_ros2_camera_interfaces) StdoutLine: {'line': b'-- Up-to-date: /home/mcav/cam_dev_ws/install/pylon_ros2_camera_interfaces/local/lib/python3.10/dist-packages/pylon_ros2_camera_interfaces/pylon_ros2_camera_interfaces_s__rosidl_typesupport_c.cpython-310-x86_64-linux-gnu.so\n'}
[0.538002] (pylon_ros2_camera_interfaces) StdoutLine: {'line': b'-- Up-to-date: /home/mcav/cam_dev_ws/install/pylon_ros2_camera_interfaces/lib/libpylon_ros2_camera_interfaces__rosidl_generator_py.so\n'}
[0.538440] (pylon_ros2_camera_interfaces) StdoutLine: {'line': b'-- Up-to-date: /home/mcav/cam_dev_ws/install/pylon_ros2_camera_interfaces/share/ament_index/resource_index/rust_packages/pylon_ros2_camera_interfaces\n'}
[0.538807] (pylon_ros2_camera_interfaces) StdoutLine: {'line': b'-- Up-to-date: /home/mcav/cam_dev_ws/install/pylon_ros2_camera_interfaces/share/pylon_ros2_camera_interfaces/rust\n'}
[0.539288] (pylon_ros2_camera_interfaces) StdoutLine: {'line': b'-- Up-to-date: /home/mcav/cam_dev_ws/install/pylon_ros2_camera_interfaces/share/pylon_ros2_camera_interfaces/rust/Cargo.toml\n'}
[0.539662] (pylon_ros2_camera_interfaces) StdoutLine: {'line': b'-- Up-to-date: /home/mcav/cam_dev_ws/install/pylon_ros2_camera_interfaces/share/pylon_ros2_camera_interfaces/rust/src\n'}
[0.539887] (pylon_ros2_camera_interfaces) StdoutLine: {'line': b'-- Up-to-date: /home/mcav/cam_dev_ws/install/pylon_ros2_camera_interfaces/share/pylon_ros2_camera_interfaces/rust/src/msg\n'}
[0.540064] (pylon_ros2_camera_interfaces) StdoutLine: {'line': b'-- Up-to-date: /home/mcav/cam_dev_ws/install/pylon_ros2_camera_interfaces/share/pylon_ros2_camera_interfaces/rust/src/msg/rmw.rs\n'}
[0.540265] (pylon_ros2_camera_interfaces) StdoutLine: {'line': b'-- Up-to-date: /home/mcav/cam_dev_ws/install/pylon_ros2_camera_interfaces/share/pylon_ros2_camera_interfaces/rust/src/action\n'}
[0.540530] (pylon_ros2_camera_interfaces) StdoutLine: {'line': b'-- Up-to-date: /home/mcav/cam_dev_ws/install/pylon_ros2_camera_interfaces/share/pylon_ros2_camera_interfaces/rust/src/action/rmw.rs\n'}
[0.540822] (pylon_ros2_camera_interfaces) StdoutLine: {'line': b'-- Up-to-date: /home/mcav/cam_dev_ws/install/pylon_ros2_camera_interfaces/share/pylon_ros2_camera_interfaces/rust/src/action.rs\n'}
[0.540988] (pylon_ros2_camera_interfaces) StdoutLine: {'line': b'-- Up-to-date: /home/mcav/cam_dev_ws/install/pylon_ros2_camera_interfaces/share/pylon_ros2_camera_interfaces/rust/src/srv\n'}
[0.541187] (pylon_ros2_camera_interfaces) StdoutLine: {'line': b'-- Up-to-date: /home/mcav/cam_dev_ws/install/pylon_ros2_camera_interfaces/share/pylon_ros2_camera_interfaces/rust/src/srv/rmw.rs\n'}
[0.541432] (pylon_ros2_camera_interfaces) StdoutLine: {'line': b'-- Up-to-date: /home/mcav/cam_dev_ws/install/pylon_ros2_camera_interfaces/share/pylon_ros2_camera_interfaces/rust/src/msg.rs\n'}
[0.541712] (pylon_ros2_camera_interfaces) StdoutLine: {'line': b'-- Up-to-date: /home/mcav/cam_dev_ws/install/pylon_ros2_camera_interfaces/share/pylon_ros2_camera_interfaces/rust/src/srv.rs\n'}
[0.542003] (pylon_ros2_camera_interfaces) StdoutLine: {'line': b'-- Up-to-date: /home/mcav/cam_dev_ws/install/pylon_ros2_camera_interfaces/share/pylon_ros2_camera_interfaces/rust/src/lib.rs\n'}
[0.542244] (pylon_ros2_camera_interfaces) StdoutLine: {'line': b'-- Up-to-date: /home/mcav/cam_dev_ws/install/pylon_ros2_camera_interfaces/share/pylon_ros2_camera_interfaces/rust/build.rs\n'}
[0.542418] (pylon_ros2_camera_interfaces) StdoutLine: {'line': b'-- Up-to-date: /home/mcav/cam_dev_ws/install/pylon_ros2_camera_interfaces/share/pylon_ros2_camera_interfaces/msg/CurrentParams.idl\n'}
[0.542622] (pylon_ros2_camera_interfaces) StdoutLine: {'line': b'-- Up-to-date: /home/mcav/cam_dev_ws/install/pylon_ros2_camera_interfaces/share/pylon_ros2_camera_interfaces/msg/ComponentStatus.idl\n'}
[0.542813] (pylon_ros2_camera_interfaces) StdoutLine: {'line': b'-- Up-to-date: /home/mcav/cam_dev_ws/install/pylon_ros2_camera_interfaces/share/pylon_ros2_camera_interfaces/srv/GetIntegerValue.idl\n'}
[0.543025] (pylon_ros2_camera_interfaces) StdoutLine: {'line': b'-- Up-to-date: /home/mcav/cam_dev_ws/install/pylon_ros2_camera_interfaces/share/pylon_ros2_camera_interfaces/srv/GetFloatValue.idl\n'}
[0.543227] (pylon_ros2_camera_interfaces) StdoutLine: {'line': b'-- Up-to-date: /home/mcav/cam_dev_ws/install/pylon_ros2_camera_interfaces/share/pylon_ros2_camera_interfaces/srv/GetStringValue.idl\n'}
[0.543433] (pylon_ros2_camera_interfaces) StdoutLine: {'line': b'-- Up-to-date: /home/mcav/cam_dev_ws/install/pylon_ros2_camera_interfaces/share/pylon_ros2_camera_interfaces/srv/GetPtpStatus.idl\n'}
[0.543652] (pylon_ros2_camera_interfaces) StdoutLine: {'line': b'-- Up-to-date: /home/mcav/cam_dev_ws/install/pylon_ros2_camera_interfaces/share/pylon_ros2_camera_interfaces/srv/SetBinning.idl\n'}
[0.543906] (pylon_ros2_camera_interfaces) StdoutLine: {'line': b'-- Up-to-date: /home/mcav/cam_dev_ws/install/pylon_ros2_camera_interfaces/share/pylon_ros2_camera_interfaces/srv/SetBrightness.idl\n'}
[0.544079] (pylon_ros2_camera_interfaces) StdoutLine: {'line': b'-- Up-to-date: /home/mcav/cam_dev_ws/install/pylon_ros2_camera_interfaces/share/pylon_ros2_camera_interfaces/srv/SetExposure.idl\n'}
[0.544242] (pylon_ros2_camera_interfaces) StdoutLine: {'line': b'-- Up-to-date: /home/mcav/cam_dev_ws/install/pylon_ros2_camera_interfaces/share/pylon_ros2_camera_interfaces/srv/SetGain.idl\n'}
[0.544401] (pylon_ros2_camera_interfaces) StdoutLine: {'line': b'-- Up-to-date: /home/mcav/cam_dev_ws/install/pylon_ros2_camera_interfaces/share/pylon_ros2_camera_interfaces/srv/SetGamma.idl\n'}
[0.544565] (pylon_ros2_camera_interfaces) StdoutLine: {'line': b'-- Up-to-date: /home/mcav/cam_dev_ws/install/pylon_ros2_camera_interfaces/share/pylon_ros2_camera_interfaces/srv/SetROI.idl\n'}
[0.544751] (pylon_ros2_camera_interfaces) StdoutLine: {'line': b'-- Up-to-date: /home/mcav/cam_dev_ws/install/pylon_ros2_camera_interfaces/share/pylon_ros2_camera_interfaces/srv/SetSleeping.idl\n'}
[0.544920] (pylon_ros2_camera_interfaces) StdoutLine: {'line': b'-- Up-to-date: /home/mcav/cam_dev_ws/install/pylon_ros2_camera_interfaces/share/pylon_ros2_camera_interfaces/srv/SetWhiteBalance.idl\n'}
[0.545153] (pylon_ros2_camera_interfaces) StdoutLine: {'line': b'-- Up-to-date: /home/mcav/cam_dev_ws/install/pylon_ros2_camera_interfaces/share/pylon_ros2_camera_interfaces/srv/SetIntegerValue.idl\n'}
[0.545450] (pylon_ros2_camera_interfaces) StdoutLine: {'line': b'-- Up-to-date: /home/mcav/cam_dev_ws/install/pylon_ros2_camera_interfaces/share/pylon_ros2_camera_interfaces/srv/SetFloatValue.idl\n'}
[0.545716] (pylon_ros2_camera_interfaces) StdoutLine: {'line': b'-- Up-to-date: /home/mcav/cam_dev_ws/install/pylon_ros2_camera_interfaces/share/pylon_ros2_camera_interfaces/srv/SetStringValue.idl\n'}
[0.545930] (pylon_ros2_camera_interfaces) StdoutLine: {'line': b'-- Up-to-date: /home/mcav/cam_dev_ws/install/pylon_ros2_camera_interfaces/share/pylon_ros2_camera_interfaces/srv/SetActionTriggerConfiguration.idl\n'}
[0.546126] (pylon_ros2_camera_interfaces) StdoutLine: {'line': b'-- Up-to-date: /home/mcav/cam_dev_ws/install/pylon_ros2_camera_interfaces/share/pylon_ros2_camera_interfaces/srv/IssueActionCommand.idl\n'}
[0.546368] (pylon_ros2_camera_interfaces) StdoutLine: {'line': b'-- Up-to-date: /home/mcav/cam_dev_ws/install/pylon_ros2_camera_interfaces/share/pylon_ros2_camera_interfaces/srv/IssueScheduledActionCommand.idl\n'}
[0.546578] (pylon_ros2_camera_interfaces) StdoutLine: {'line': b'-- Up-to-date: /home/mcav/cam_dev_ws/install/pylon_ros2_camera_interfaces/share/pylon_ros2_camera_interfaces/action/GrabImages.idl\n'}
[0.546764] (pylon_ros2_camera_interfaces) StdoutLine: {'line': b'-- Up-to-date: /home/mcav/cam_dev_ws/install/pylon_ros2_camera_interfaces/share/pylon_ros2_camera_interfaces/action/GrabBlazeData.idl\n'}
[0.546953] (pylon_ros2_camera_interfaces) StdoutLine: {'line': b'-- Up-to-date: /home/mcav/cam_dev_ws/install/pylon_ros2_camera_interfaces/share/pylon_ros2_camera_interfaces/msg/CurrentParams.msg\n'}
[0.547306] (pylon_ros2_camera_interfaces) StdoutLine: {'line': b'-- Up-to-date: /home/mcav/cam_dev_ws/install/pylon_ros2_camera_interfaces/share/pylon_ros2_camera_interfaces/msg/ComponentStatus.msg\n'}
[0.547500] (pylon_ros2_camera_interfaces) StdoutLine: {'line': b'-- Up-to-date: /home/mcav/cam_dev_ws/install/pylon_ros2_camera_interfaces/share/pylon_ros2_camera_interfaces/srv/GetIntegerValue.srv\n'}
[0.547681] (pylon_ros2_camera_interfaces) StdoutLine: {'line': b'-- Up-to-date: /home/mcav/cam_dev_ws/install/pylon_ros2_camera_interfaces/share/pylon_ros2_camera_interfaces/srv/GetIntegerValue_Request.msg\n'}
[0.547871] (pylon_ros2_camera_interfaces) StdoutLine: {'line': b'-- Up-to-date: /home/mcav/cam_dev_ws/install/pylon_ros2_camera_interfaces/share/pylon_ros2_camera_interfaces/srv/GetIntegerValue_Response.msg\n'}
[0.548029] (pylon_ros2_camera_interfaces) StdoutLine: {'line': b'-- Up-to-date: /home/mcav/cam_dev_ws/install/pylon_ros2_camera_interfaces/share/pylon_ros2_camera_interfaces/srv/GetFloatValue.srv\n'}
[0.548223] (pylon_ros2_camera_interfaces) StdoutLine: {'line': b'-- Up-to-date: /home/mcav/cam_dev_ws/install/pylon_ros2_camera_interfaces/share/pylon_ros2_camera_interfaces/srv/GetFloatValue_Request.msg\n'}
[0.548441] (pylon_ros2_camera_interfaces) StdoutLine: {'line': b'-- Up-to-date: /home/mcav/cam_dev_ws/install/pylon_ros2_camera_interfaces/share/pylon_ros2_camera_interfaces/srv/GetFloatValue_Response.msg\n'}
[0.548634] (pylon_ros2_camera_interfaces) StdoutLine: {'line': b'-- Up-to-date: /home/mcav/cam_dev_ws/install/pylon_ros2_camera_interfaces/share/pylon_ros2_camera_interfaces/srv/GetStringValue.srv\n'}
[0.548787] (pylon_ros2_camera_interfaces) StdoutLine: {'line': b'-- Up-to-date: /home/mcav/cam_dev_ws/install/pylon_ros2_camera_interfaces/share/pylon_ros2_camera_interfaces/srv/GetStringValue_Request.msg\n'}
[0.548942] (pylon_ros2_camera_interfaces) StdoutLine: {'line': b'-- Up-to-date: /home/mcav/cam_dev_ws/install/pylon_ros2_camera_interfaces/share/pylon_ros2_camera_interfaces/srv/GetStringValue_Response.msg\n'}
[0.549214] (pylon_ros2_camera_interfaces) StdoutLine: {'line': b'-- Up-to-date: /home/mcav/cam_dev_ws/install/pylon_ros2_camera_interfaces/share/pylon_ros2_camera_interfaces/srv/GetPtpStatus.srv\n'}
[0.549470] (pylon_ros2_camera_interfaces) StdoutLine: {'line': b'-- Up-to-date: /home/mcav/cam_dev_ws/install/pylon_ros2_camera_interfaces/share/pylon_ros2_camera_interfaces/srv/GetPtpStatus_Request.msg\n'}
[0.549733] (pylon_ros2_camera_interfaces) StdoutLine: {'line': b'-- Up-to-date: /home/mcav/cam_dev_ws/install/pylon_ros2_camera_interfaces/share/pylon_ros2_camera_interfaces/srv/GetPtpStatus_Response.msg\n'}
[0.549931] (pylon_ros2_camera_interfaces) StdoutLine: {'line': b'-- Up-to-date: /home/mcav/cam_dev_ws/install/pylon_ros2_camera_interfaces/share/pylon_ros2_camera_interfaces/srv/SetBinning.srv\n'}
[0.550141] (pylon_ros2_camera_interfaces) StdoutLine: {'line': b'-- Up-to-date: /home/mcav/cam_dev_ws/install/pylon_ros2_camera_interfaces/share/pylon_ros2_camera_interfaces/srv/SetBinning_Request.msg\n'}
[0.550375] (pylon_ros2_camera_interfaces) StdoutLine: {'line': b'-- Up-to-date: /home/mcav/cam_dev_ws/install/pylon_ros2_camera_interfaces/share/pylon_ros2_camera_interfaces/srv/SetBinning_Response.msg\n'}
[0.550546] (pylon_ros2_camera_interfaces) StdoutLine: {'line': b'-- Up-to-date: /home/mcav/cam_dev_ws/install/pylon_ros2_camera_interfaces/share/pylon_ros2_camera_interfaces/srv/SetBrightness.srv\n'}
[0.550729] (pylon_ros2_camera_interfaces) StdoutLine: {'line': b'-- Up-to-date: /home/mcav/cam_dev_ws/install/pylon_ros2_camera_interfaces/share/pylon_ros2_camera_interfaces/srv/SetBrightness_Request.msg\n'}
[0.550900] (pylon_ros2_camera_interfaces) StdoutLine: {'line': b'-- Up-to-date: /home/mcav/cam_dev_ws/install/pylon_ros2_camera_interfaces/share/pylon_ros2_camera_interfaces/srv/SetBrightness_Response.msg\n'}
[0.551067] (pylon_ros2_camera_interfaces) StdoutLine: {'line': b'-- Up-to-date: /home/mcav/cam_dev_ws/install/pylon_ros2_camera_interfaces/share/pylon_ros2_camera_interfaces/srv/SetExposure.srv\n'}
[0.551227] (pylon_ros2_camera_interfaces) StdoutLine: {'line': b'-- Up-to-date: /home/mcav/cam_dev_ws/install/pylon_ros2_camera_interfaces/share/pylon_ros2_camera_interfaces/srv/SetExposure_Request.msg\n'}
[0.551381] (pylon_ros2_camera_interfaces) StdoutLine: {'line': b'-- Up-to-date: /home/mcav/cam_dev_ws/install/pylon_ros2_camera_interfaces/share/pylon_ros2_camera_interfaces/srv/SetExposure_Response.msg\n'}
[0.551552] (pylon_ros2_camera_interfaces) StdoutLine: {'line': b'-- Up-to-date: /home/mcav/cam_dev_ws/install/pylon_ros2_camera_interfaces/share/pylon_ros2_camera_interfaces/srv/SetGain.srv\n'}
[0.551725] (pylon_ros2_camera_interfaces) StdoutLine: {'line': b'-- Up-to-date: /home/mcav/cam_dev_ws/install/pylon_ros2_camera_interfaces/share/pylon_ros2_camera_interfaces/srv/SetGain_Request.msg\n'}
[0.551901] (pylon_ros2_camera_interfaces) StdoutLine: {'line': b'-- Up-to-date: /home/mcav/cam_dev_ws/install/pylon_ros2_camera_interfaces/share/pylon_ros2_camera_interfaces/srv/SetGain_Response.msg\n'}
[0.552070] (pylon_ros2_camera_interfaces) StdoutLine: {'line': b'-- Up-to-date: /home/mcav/cam_dev_ws/install/pylon_ros2_camera_interfaces/share/pylon_ros2_camera_interfaces/srv/SetGamma.srv\n'}
[0.552283] (pylon_ros2_camera_interfaces) StdoutLine: {'line': b'-- Up-to-date: /home/mcav/cam_dev_ws/install/pylon_ros2_camera_interfaces/share/pylon_ros2_camera_interfaces/srv/SetGamma_Request.msg\n'}
[0.552478] (pylon_ros2_camera_interfaces) StdoutLine: {'line': b'-- Up-to-date: /home/mcav/cam_dev_ws/install/pylon_ros2_camera_interfaces/share/pylon_ros2_camera_interfaces/srv/SetGamma_Response.msg\n'}
[0.552668] (pylon_ros2_camera_interfaces) StdoutLine: {'line': b'-- Up-to-date: /home/mcav/cam_dev_ws/install/pylon_ros2_camera_interfaces/share/pylon_ros2_camera_interfaces/srv/SetROI.srv\n'}
[0.552862] (pylon_ros2_camera_interfaces) StdoutLine: {'line': b'-- Up-to-date: /home/mcav/cam_dev_ws/install/pylon_ros2_camera_interfaces/share/pylon_ros2_camera_interfaces/srv/SetROI_Request.msg\n'}
[0.553041] (pylon_ros2_camera_interfaces) StdoutLine: {'line': b'-- Up-to-date: /home/mcav/cam_dev_ws/install/pylon_ros2_camera_interfaces/share/pylon_ros2_camera_interfaces/srv/SetROI_Response.msg\n'}
[0.553245] (pylon_ros2_camera_interfaces) StdoutLine: {'line': b'-- Up-to-date: /home/mcav/cam_dev_ws/install/pylon_ros2_camera_interfaces/share/pylon_ros2_camera_interfaces/srv/SetSleeping.srv\n'}
[0.553428] (pylon_ros2_camera_interfaces) StdoutLine: {'line': b'-- Up-to-date: /home/mcav/cam_dev_ws/install/pylon_ros2_camera_interfaces/share/pylon_ros2_camera_interfaces/srv/SetSleeping_Request.msg\n'}
[0.553650] (pylon_ros2_camera_interfaces) StdoutLine: {'line': b'-- Up-to-date: /home/mcav/cam_dev_ws/install/pylon_ros2_camera_interfaces/share/pylon_ros2_camera_interfaces/srv/SetSleeping_Response.msg\n'}
[0.553912] (pylon_ros2_camera_interfaces) StdoutLine: {'line': b'-- Up-to-date: /home/mcav/cam_dev_ws/install/pylon_ros2_camera_interfaces/share/pylon_ros2_camera_interfaces/srv/SetWhiteBalance.srv\n'}
[0.554130] (pylon_ros2_camera_interfaces) StdoutLine: {'line': b'-- Up-to-date: /home/mcav/cam_dev_ws/install/pylon_ros2_camera_interfaces/share/pylon_ros2_camera_interfaces/srv/SetWhiteBalance_Request.msg\n'}
[0.554324] (pylon_ros2_camera_interfaces) StdoutLine: {'line': b'-- Up-to-date: /home/mcav/cam_dev_ws/install/pylon_ros2_camera_interfaces/share/pylon_ros2_camera_interfaces/srv/SetWhiteBalance_Response.msg\n'}
[0.554514] (pylon_ros2_camera_interfaces) StdoutLine: {'line': b'-- Up-to-date: /home/mcav/cam_dev_ws/install/pylon_ros2_camera_interfaces/share/pylon_ros2_camera_interfaces/srv/SetIntegerValue.srv\n'}
[0.554754] (pylon_ros2_camera_interfaces) StdoutLine: {'line': b'-- Up-to-date: /home/mcav/cam_dev_ws/install/pylon_ros2_camera_interfaces/share/pylon_ros2_camera_interfaces/srv/SetIntegerValue_Request.msg\n'}
[0.554952] (pylon_ros2_camera_interfaces) StdoutLine: {'line': b'-- Up-to-date: /home/mcav/cam_dev_ws/install/pylon_ros2_camera_interfaces/share/pylon_ros2_camera_interfaces/srv/SetIntegerValue_Response.msg\n'}
[0.555169] (pylon_ros2_camera_interfaces) StdoutLine: {'line': b'-- Up-to-date: /home/mcav/cam_dev_ws/install/pylon_ros2_camera_interfaces/share/pylon_ros2_camera_interfaces/srv/SetFloatValue.srv\n'}
[0.555356] (pylon_ros2_camera_interfaces) StdoutLine: {'line': b'-- Up-to-date: /home/mcav/cam_dev_ws/install/pylon_ros2_camera_interfaces/share/pylon_ros2_camera_interfaces/srv/SetFloatValue_Request.msg\n'}
[0.555500] (pylon_ros2_camera_interfaces) StdoutLine: {'line': b'-- Up-to-date: /home/mcav/cam_dev_ws/install/pylon_ros2_camera_interfaces/share/pylon_ros2_camera_interfaces/srv/SetFloatValue_Response.msg\n'}
[0.555674] (pylon_ros2_camera_interfaces) StdoutLine: {'line': b'-- Up-to-date: /home/mcav/cam_dev_ws/install/pylon_ros2_camera_interfaces/share/pylon_ros2_camera_interfaces/srv/SetStringValue.srv\n'}
[0.555873] (pylon_ros2_camera_interfaces) StdoutLine: {'line': b'-- Up-to-date: /home/mcav/cam_dev_ws/install/pylon_ros2_camera_interfaces/share/pylon_ros2_camera_interfaces/srv/SetStringValue_Request.msg\n'}
[0.556076] (pylon_ros2_camera_interfaces) StdoutLine: {'line': b'-- Up-to-date: /home/mcav/cam_dev_ws/install/pylon_ros2_camera_interfaces/share/pylon_ros2_camera_interfaces/srv/SetStringValue_Response.msg\n'}
[0.556234] (pylon_ros2_camera_interfaces) StdoutLine: {'line': b'-- Up-to-date: /home/mcav/cam_dev_ws/install/pylon_ros2_camera_interfaces/share/pylon_ros2_camera_interfaces/srv/SetActionTriggerConfiguration.srv\n'}
[0.556473] (pylon_ros2_camera_interfaces) StdoutLine: {'line': b'-- Up-to-date: /home/mcav/cam_dev_ws/install/pylon_ros2_camera_interfaces/share/pylon_ros2_camera_interfaces/srv/SetActionTriggerConfiguration_Request.msg\n'}
[0.556631] (pylon_ros2_camera_interfaces) StdoutLine: {'line': b'-- Up-to-date: /home/mcav/cam_dev_ws/install/pylon_ros2_camera_interfaces/share/pylon_ros2_camera_interfaces/srv/SetActionTriggerConfiguration_Response.msg\n'}
[0.556805] (pylon_ros2_camera_interfaces) StdoutLine: {'line': b'-- Up-to-date: /home/mcav/cam_dev_ws/install/pylon_ros2_camera_interfaces/share/pylon_ros2_camera_interfaces/srv/IssueActionCommand.srv\n'}
[0.556987] (pylon_ros2_camera_interfaces) StdoutLine: {'line': b'-- Up-to-date: /home/mcav/cam_dev_ws/install/pylon_ros2_camera_interfaces/share/pylon_ros2_camera_interfaces/srv/IssueActionCommand_Request.msg\n'}
[0.557170] (pylon_ros2_camera_interfaces) StdoutLine: {'line': b'-- Up-to-date: /home/mcav/cam_dev_ws/install/pylon_ros2_camera_interfaces/share/pylon_ros2_camera_interfaces/srv/IssueActionCommand_Response.msg\n'}
[0.557368] (pylon_ros2_camera_interfaces) StdoutLine: {'line': b'-- Up-to-date: /home/mcav/cam_dev_ws/install/pylon_ros2_camera_interfaces/share/pylon_ros2_camera_interfaces/srv/IssueScheduledActionCommand.srv\n'}
[0.557559] (pylon_ros2_camera_interfaces) StdoutLine: {'line': b'-- Up-to-date: /home/mcav/cam_dev_ws/install/pylon_ros2_camera_interfaces/share/pylon_ros2_camera_interfaces/srv/IssueScheduledActionCommand_Request.msg\n'}
[0.557739] (pylon_ros2_camera_interfaces) StdoutLine: {'line': b'-- Up-to-date: /home/mcav/cam_dev_ws/install/pylon_ros2_camera_interfaces/share/pylon_ros2_camera_interfaces/srv/IssueScheduledActionCommand_Response.msg\n'}
[0.557942] (pylon_ros2_camera_interfaces) StdoutLine: {'line': b'-- Up-to-date: /home/mcav/cam_dev_ws/install/pylon_ros2_camera_interfaces/share/pylon_ros2_camera_interfaces/action/GrabImages.action\n'}
[0.558099] (pylon_ros2_camera_interfaces) StdoutLine: {'line': b'-- Up-to-date: /home/mcav/cam_dev_ws/install/pylon_ros2_camera_interfaces/share/pylon_ros2_camera_interfaces/action/GrabBlazeData.action\n'}
[0.558300] (pylon_ros2_camera_interfaces) StdoutLine: {'line': b'-- Up-to-date: /home/mcav/cam_dev_ws/install/pylon_ros2_camera_interfaces/share/ament_index/resource_index/package_run_dependencies/pylon_ros2_camera_interfaces\n'}
[0.558479] (pylon_ros2_camera_interfaces) StdoutLine: {'line': b'-- Up-to-date: /home/mcav/cam_dev_ws/install/pylon_ros2_camera_interfaces/share/ament_index/resource_index/parent_prefix_path/pylon_ros2_camera_interfaces\n'}
[0.558697] (pylon_ros2_camera_interfaces) StdoutLine: {'line': b'-- Up-to-date: /home/mcav/cam_dev_ws/install/pylon_ros2_camera_interfaces/share/pylon_ros2_camera_interfaces/environment/ament_prefix_path.sh\n'}
[0.558879] (pylon_ros2_camera_interfaces) StdoutLine: {'line': b'-- Up-to-date: /home/mcav/cam_dev_ws/install/pylon_ros2_camera_interfaces/share/pylon_ros2_camera_interfaces/environment/ament_prefix_path.dsv\n'}
[0.559066] (pylon_ros2_camera_interfaces) StdoutLine: {'line': b'-- Up-to-date: /home/mcav/cam_dev_ws/install/pylon_ros2_camera_interfaces/share/pylon_ros2_camera_interfaces/environment/path.sh\n'}
[0.559244] (pylon_ros2_camera_interfaces) StdoutLine: {'line': b'-- Up-to-date: /home/mcav/cam_dev_ws/install/pylon_ros2_camera_interfaces/share/pylon_ros2_camera_interfaces/environment/path.dsv\n'}
[0.559409] (pylon_ros2_camera_interfaces) StdoutLine: {'line': b'-- Up-to-date: /home/mcav/cam_dev_ws/install/pylon_ros2_camera_interfaces/share/pylon_ros2_camera_interfaces/local_setup.bash\n'}
[0.559586] (pylon_ros2_camera_interfaces) StdoutLine: {'line': b'-- Up-to-date: /home/mcav/cam_dev_ws/install/pylon_ros2_camera_interfaces/share/pylon_ros2_camera_interfaces/local_setup.sh\n'}
[0.559729] (pylon_ros2_camera_interfaces) StdoutLine: {'line': b'-- Up-to-date: /home/mcav/cam_dev_ws/install/pylon_ros2_camera_interfaces/share/pylon_ros2_camera_interfaces/local_setup.zsh\n'}
[0.559902] (pylon_ros2_camera_interfaces) StdoutLine: {'line': b'-- Up-to-date: /home/mcav/cam_dev_ws/install/pylon_ros2_camera_interfaces/share/pylon_ros2_camera_interfaces/local_setup.dsv\n'}
[0.560073] (pylon_ros2_camera_interfaces) StdoutLine: {'line': b'-- Installing: /home/mcav/cam_dev_ws/install/pylon_ros2_camera_interfaces/share/pylon_ros2_camera_interfaces/package.dsv\n'}
[0.560242] (pylon_ros2_camera_interfaces) StdoutLine: {'line': b'-- Up-to-date: /home/mcav/cam_dev_ws/install/pylon_ros2_camera_interfaces/share/ament_index/resource_index/packages/pylon_ros2_camera_interfaces\n'}
[0.560416] (pylon_ros2_camera_interfaces) StdoutLine: {'line': b'-- Up-to-date: /home/mcav/cam_dev_ws/install/pylon_ros2_camera_interfaces/share/pylon_ros2_camera_interfaces/cmake/export_pylon_ros2_camera_interfaces__rosidl_generator_cExport.cmake\n'}
[0.560599] (pylon_ros2_camera_interfaces) StdoutLine: {'line': b'-- Up-to-date: /home/mcav/cam_dev_ws/install/pylon_ros2_camera_interfaces/share/pylon_ros2_camera_interfaces/cmake/export_pylon_ros2_camera_interfaces__rosidl_generator_cExport-noconfig.cmake\n'}
[0.560764] (pylon_ros2_camera_interfaces) StdoutLine: {'line': b'-- Up-to-date: /home/mcav/cam_dev_ws/install/pylon_ros2_camera_interfaces/share/pylon_ros2_camera_interfaces/cmake/export_pylon_ros2_camera_interfaces__rosidl_typesupport_fastrtps_cExport.cmake\n'}
[0.560893] (pylon_ros2_camera_interfaces) StdoutLine: {'line': b'-- Up-to-date: /home/mcav/cam_dev_ws/install/pylon_ros2_camera_interfaces/share/pylon_ros2_camera_interfaces/cmake/export_pylon_ros2_camera_interfaces__rosidl_typesupport_fastrtps_cExport-noconfig.cmake\n'}
[0.561022] (pylon_ros2_camera_interfaces) StdoutLine: {'line': b'-- Up-to-date: /home/mcav/cam_dev_ws/install/pylon_ros2_camera_interfaces/share/pylon_ros2_camera_interfaces/cmake/export_pylon_ros2_camera_interfaces__rosidl_generator_cppExport.cmake\n'}
[0.561169] (pylon_ros2_camera_interfaces) StdoutLine: {'line': b'-- Up-to-date: /home/mcav/cam_dev_ws/install/pylon_ros2_camera_interfaces/share/pylon_ros2_camera_interfaces/cmake/export_pylon_ros2_camera_interfaces__rosidl_typesupport_fastrtps_cppExport.cmake\n'}
[0.561300] (pylon_ros2_camera_interfaces) StdoutLine: {'line': b'-- Up-to-date: /home/mcav/cam_dev_ws/install/pylon_ros2_camera_interfaces/share/pylon_ros2_camera_interfaces/cmake/export_pylon_ros2_camera_interfaces__rosidl_typesupport_fastrtps_cppExport-noconfig.cmake\n'}
[0.561451] (pylon_ros2_camera_interfaces) StdoutLine: {'line': b'-- Up-to-date: /home/mcav/cam_dev_ws/install/pylon_ros2_camera_interfaces/share/pylon_ros2_camera_interfaces/cmake/pylon_ros2_camera_interfaces__rosidl_typesupport_introspection_cExport.cmake\n'}
[0.561601] (pylon_ros2_camera_interfaces) StdoutLine: {'line': b'-- Up-to-date: /home/mcav/cam_dev_ws/install/pylon_ros2_camera_interfaces/share/pylon_ros2_camera_interfaces/cmake/pylon_ros2_camera_interfaces__rosidl_typesupport_introspection_cExport-noconfig.cmake\n'}
[0.561734] (pylon_ros2_camera_interfaces) StdoutLine: {'line': b'-- Up-to-date: /home/mcav/cam_dev_ws/install/pylon_ros2_camera_interfaces/share/pylon_ros2_camera_interfaces/cmake/pylon_ros2_camera_interfaces__rosidl_typesupport_cExport.cmake\n'}
[0.561836] (pylon_ros2_camera_interfaces) StdoutLine: {'line': b'-- Up-to-date: /home/mcav/cam_dev_ws/install/pylon_ros2_camera_interfaces/share/pylon_ros2_camera_interfaces/cmake/pylon_ros2_camera_interfaces__rosidl_typesupport_cExport-noconfig.cmake\n'}
[0.561943] (pylon_ros2_camera_interfaces) StdoutLine: {'line': b'-- Up-to-date: /home/mcav/cam_dev_ws/install/pylon_ros2_camera_interfaces/share/pylon_ros2_camera_interfaces/cmake/pylon_ros2_camera_interfaces__rosidl_typesupport_introspection_cppExport.cmake\n'}
[0.562065] (pylon_ros2_camera_interfaces) StdoutLine: {'line': b'-- Up-to-date: /home/mcav/cam_dev_ws/install/pylon_ros2_camera_interfaces/share/pylon_ros2_camera_interfaces/cmake/pylon_ros2_camera_interfaces__rosidl_typesupport_introspection_cppExport-noconfig.cmake\n'}
[0.562191] (pylon_ros2_camera_interfaces) StdoutLine: {'line': b'-- Up-to-date: /home/mcav/cam_dev_ws/install/pylon_ros2_camera_interfaces/share/pylon_ros2_camera_interfaces/cmake/pylon_ros2_camera_interfaces__rosidl_typesupport_cppExport.cmake\n'}
[0.562312] (pylon_ros2_camera_interfaces) StdoutLine: {'line': b'-- Up-to-date: /home/mcav/cam_dev_ws/install/pylon_ros2_camera_interfaces/share/pylon_ros2_camera_interfaces/cmake/pylon_ros2_camera_interfaces__rosidl_typesupport_cppExport-noconfig.cmake\n'}
[0.562454] (pylon_ros2_camera_interfaces) StdoutLine: {'line': b'-- Up-to-date: /home/mcav/cam_dev_ws/install/pylon_ros2_camera_interfaces/share/pylon_ros2_camera_interfaces/cmake/export_pylon_ros2_camera_interfaces__rosidl_generator_pyExport.cmake\n'}
[0.562597] (pylon_ros2_camera_interfaces) StdoutLine: {'line': b'-- Up-to-date: /home/mcav/cam_dev_ws/install/pylon_ros2_camera_interfaces/share/pylon_ros2_camera_interfaces/cmake/export_pylon_ros2_camera_interfaces__rosidl_generator_pyExport-noconfig.cmake\n'}
[0.562733] (pylon_ros2_camera_interfaces) StdoutLine: {'line': b'-- Up-to-date: /home/mcav/cam_dev_ws/install/pylon_ros2_camera_interfaces/share/pylon_ros2_camera_interfaces/cmake/rosidl_cmake-extras.cmake\n'}
[0.562872] (pylon_ros2_camera_interfaces) StdoutLine: {'line': b'-- Up-to-date: /home/mcav/cam_dev_ws/install/pylon_ros2_camera_interfaces/share/pylon_ros2_camera_interfaces/cmake/ament_cmake_export_dependencies-extras.cmake\n'}
[0.562994] (pylon_ros2_camera_interfaces) StdoutLine: {'line': b'-- Up-to-date: /home/mcav/cam_dev_ws/install/pylon_ros2_camera_interfaces/share/pylon_ros2_camera_interfaces/cmake/ament_cmake_export_include_directories-extras.cmake\n'}
[0.563065] (pylon_ros2_camera_interfaces) StdoutLine: {'line': b'-- Up-to-date: /home/mcav/cam_dev_ws/install/pylon_ros2_camera_interfaces/share/pylon_ros2_camera_interfaces/cmake/ament_cmake_export_libraries-extras.cmake\n'}
[0.563296] (pylon_ros2_camera_interfaces) StdoutLine: {'line': b'-- Up-to-date: /home/mcav/cam_dev_ws/install/pylon_ros2_camera_interfaces/share/pylon_ros2_camera_interfaces/cmake/ament_cmake_export_targets-extras.cmake\n'}
[0.563367] (pylon_ros2_camera_interfaces) StdoutLine: {'line': b'-- Up-to-date: /home/mcav/cam_dev_ws/install/pylon_ros2_camera_interfaces/share/pylon_ros2_camera_interfaces/cmake/rosidl_cmake_export_typesupport_targets-extras.cmake\n'}
[0.563474] (pylon_ros2_camera_interfaces) StdoutLine: {'line': b'-- Up-to-date: /home/mcav/cam_dev_ws/install/pylon_ros2_camera_interfaces/share/pylon_ros2_camera_interfaces/cmake/rosidl_cmake_export_typesupport_libraries-extras.cmake\n'}
[0.563685] (pylon_ros2_camera_interfaces) StdoutLine: {'line': b'-- Up-to-date: /home/mcav/cam_dev_ws/install/pylon_ros2_camera_interfaces/share/pylon_ros2_camera_interfaces/cmake/rosidl_cmake_aggregate_target-extras.cmake\n'}
[0.563855] (pylon_ros2_camera_interfaces) StdoutLine: {'line': b'-- Up-to-date: /home/mcav/cam_dev_ws/install/pylon_ros2_camera_interfaces/share/pylon_ros2_camera_interfaces/cmake/pylon_ros2_camera_interfacesConfig.cmake\n'}
[0.564051] (pylon_ros2_camera_interfaces) StdoutLine: {'line': b'-- Up-to-date: /home/mcav/cam_dev_ws/install/pylon_ros2_camera_interfaces/share/pylon_ros2_camera_interfaces/cmake/pylon_ros2_camera_interfacesConfig-version.cmake\n'}
[0.564596] (pylon_ros2_camera_interfaces) StdoutLine: {'line': b'-- Up-to-date: /home/mcav/cam_dev_ws/install/pylon_ros2_camera_interfaces/share/pylon_ros2_camera_interfaces/package.xml\n'}
[0.564706] (pylon_ros2_camera_interfaces) CommandEnded: {'returncode': 0}
[0.589757] (pylon_ros2_camera_interfaces) JobEnded: {'identifier': 'pylon_ros2_camera_interfaces', 'rc': 0}
[0.590861] (pylon_ros2_camera_component) JobStarted: {'identifier': 'pylon_ros2_camera_component'}
[0.598384] (pylon_ros2_camera_component) JobProgress: {'identifier': 'pylon_ros2_camera_component', 'progress': 'cmake'}
[0.599423] (pylon_ros2_camera_component) JobProgress: {'identifier': 'pylon_ros2_camera_component', 'progress': 'build'}
[0.600528] (pylon_ros2_camera_component) Command: {'cmd': ['/usr/local/bin/cmake', '--build', '/home/mcav/cam_dev_ws/build/pylon_ros2_camera_component', '--', '-j8', '-l8'], 'cwd': '/home/mcav/cam_dev_ws/build/pylon_ros2_camera_component', 'env': OrderedDict([('LESSOPEN', '| /usr/bin/lesspipe %s'), ('USER', 'mcav'), ('CCACHE_DIR', '/var/tmp/ccache'), ('XDG_SESSION_TYPE', 'x11'), ('SHLVL', '1'), ('LD_LIBRARY_PATH', '/home/mcav/cam_dev_ws/install/pylon_ros2_camera_interfaces/lib:/usr/local/cuda/lib64:/usr/local/cuda/lib64:/opt/ros/humble/opt/rviz_ogre_vendor/lib:/opt/ros/humble/lib/x86_64-linux-gnu:/opt/ros/humble/lib'), ('HOME', '/home/mcav'), ('OLDPWD', '/home/mcav'), ('DESKTOP_SESSION', 'ubuntu'), ('ROS_PYTHON_VERSION', '3'), ('GNOME_SHELL_SESSION_MODE', 'ubuntu'), ('GTK_MODULES', 'gail:atk-bridge'), ('SYSTEMD_EXEC_PID', '1954'), ('DBUS_SESSION_BUS_ADDRESS', 'unix:path=/run/user/1000/bus'), ('COLORTERM', 'truecolor'), ('IM_CONFIG_PHASE', '1'), ('ROS_DISTRO', 'humble'), ('GTK_IM_MODULE', 'ibus'), ('LOGNAME', 'mcav'), ('_', '/usr/bin/colcon'), ('ROS_VERSION', '2'), ('XDG_SESSION_CLASS', 'user'), ('USERNAME', 'mcav'), ('TERM', 'xterm-256color'), ('GNOME_DESKTOP_SESSION_ID', 'this-is-deprecated'), ('ROS_LOCALHOST_ONLY', '0'), ('WINDOWPATH', '2'), ('PATH', '/usr/local/cuda/bin:/usr/local/cuda/bin:/opt/ros/humble/bin:/home/mcav/.local/bin:/home/mcav/bin:/usr/local/sbin:/usr/local/bin:/usr/sbin:/usr/bin:/sbin:/bin:/usr/games:/usr/local/games:/snap/bin:/snap/bin:/home/mcav/.local/bin:/home/mcav/.local/bin'), ('SESSION_MANAGER', 'local/mcav:@/tmp/.ICE-unix/1926,unix/mcav:/tmp/.ICE-unix/1926'), ('XDG_MENU_PREFIX', 'gnome-'), ('GNOME_TERMINAL_SCREEN', '/org/gnome/Terminal/screen/2063d892_2378_4a66_a531_fce08baee512'), ('XDG_RUNTIME_DIR', '/run/user/1000'), ('DISPLAY', ':0'), ('LANG', 'en_US.UTF-8'), ('XDG_CURRENT_DESKTOP', 'ubuntu:GNOME'), ('RMW_IMPLEMENTATION', 'rmw_cyclonedds_cpp'), ('XMODIFIERS', '@im=ibus'), ('XDG_SESSION_DESKTOP', 'ubuntu'), ('XAUTHORITY', '/run/user/1000/gdm/Xauthority'), ('LS_COLORS', 'rs=0:di=01;34:ln=01;36:mh=00:pi=40;33:so=01;35:do=01;35:bd=40;33;01:cd=40;33;01:or=40;31;01:mi=00:su=37;41:sg=30;43:ca=30;41:tw=30;42:ow=34;42:st=37;44:ex=01;32:*.tar=01;31:*.tgz=01;31:*.arc=01;31:*.arj=01;31:*.taz=01;31:*.lha=01;31:*.lz4=01;31:*.lzh=01;31:*.lzma=01;31:*.tlz=01;31:*.txz=01;31:*.tzo=01;31:*.t7z=01;31:*.zip=01;31:*.z=01;31:*.dz=01;31:*.gz=01;31:*.lrz=01;31:*.lz=01;31:*.lzo=01;31:*.xz=01;31:*.zst=01;31:*.tzst=01;31:*.bz2=01;31:*.bz=01;31:*.tbz=01;31:*.tbz2=01;31:*.tz=01;31:*.deb=01;31:*.rpm=01;31:*.jar=01;31:*.war=01;31:*.ear=01;31:*.sar=01;31:*.rar=01;31:*.alz=01;31:*.ace=01;31:*.zoo=01;31:*.cpio=01;31:*.7z=01;31:*.rz=01;31:*.cab=01;31:*.wim=01;31:*.swm=01;31:*.dwm=01;31:*.esd=01;31:*.jpg=01;35:*.jpeg=01;35:*.mjpg=01;35:*.mjpeg=01;35:*.gif=01;35:*.bmp=01;35:*.pbm=01;35:*.pgm=01;35:*.ppm=01;35:*.tga=01;35:*.xbm=01;35:*.xpm=01;35:*.tif=01;35:*.tiff=01;35:*.png=01;35:*.svg=01;35:*.svgz=01;35:*.mng=01;35:*.pcx=01;35:*.mov=01;35:*.mpg=01;35:*.mpeg=01;35:*.m2v=01;35:*.mkv=01;35:*.webm=01;35:*.webp=01;35:*.ogm=01;35:*.mp4=01;35:*.m4v=01;35:*.mp4v=01;35:*.vob=01;35:*.qt=01;35:*.nuv=01;35:*.wmv=01;35:*.asf=01;35:*.rm=01;35:*.rmvb=01;35:*.flc=01;35:*.avi=01;35:*.fli=01;35:*.flv=01;35:*.gl=01;35:*.dl=01;35:*.xcf=01;35:*.xwd=01;35:*.yuv=01;35:*.cgm=01;35:*.emf=01;35:*.ogv=01;35:*.ogx=01;35:*.aac=00;36:*.au=00;36:*.flac=00;36:*.m4a=00;36:*.mid=00;36:*.midi=00;36:*.mka=00;36:*.mp3=00;36:*.mpc=00;36:*.ogg=00;36:*.ra=00;36:*.wav=00;36:*.oga=00;36:*.opus=00;36:*.spx=00;36:*.xspf=00;36:'), ('GNOME_TERMINAL_SERVICE', ':1.90'), ('SSH_AGENT_LAUNCHER', 'gnome-keyring'), ('SSH_AUTH_SOCK', '/run/user/1000/keyring/ssh'), ('AMENT_PREFIX_PATH', '/home/mcav/cam_dev_ws/install/pylon_ros2_camera_interfaces:/opt/ros/humble'), ('SHELL', '/bin/bash'), ('QT_ACCESSIBILITY', '1'), ('CXX', '/usr/lib/ccache/g++'), ('GDMSESSION', 'ubuntu'), ('LESSCLOSE', '/usr/bin/lesspipe %s %s'), ('GPG_AGENT_INFO', '/run/user/1000/gnupg/S.gpg-agent:0:1'), ('QT_IM_MODULE', 'ibus'), ('PWD', '/home/mcav/cam_dev_ws/build/pylon_ros2_camera_component'), ('LC_ALL', 'en_US.UTF-8'), ('XDG_CONFIG_DIRS', '/etc/xdg/xdg-ubuntu:/etc/xdg'), ('PYLON_ROOT', '/opt/pylon'), ('XDG_DATA_DIRS', '/usr/share/ubuntu:/usr/share/gnome:/usr/local/share/:/usr/share/:/var/lib/snapd/desktop'), ('PYTHONPATH', '/home/mcav/cam_dev_ws/install/pylon_ros2_camera_interfaces/local/lib/python3.10/dist-packages:/opt/ros/humble/lib/python3.10/site-packages:/opt/ros/humble/local/lib/python3.10/dist-packages'), ('CC', '/usr/lib/ccache/gcc'), ('COLCON', '1'), ('GENICAM_GENTL64_PATH', ':/opt/pylon/lib/gentlproducer/gtl:/opt/pylon/lib/pylonCXP/bin/'), ('VTE_VERSION', '6800'), ('CMAKE_PREFIX_PATH', '/home/mcav/cam_dev_ws/install/pylon_ros2_camera_interfaces:/opt/ros/humble')]), 'shell': False}
[0.601514] (-) TimerEvent: {}
[0.634804] (pylon_ros2_camera_component) StdoutLine: {'line': b'[ 20%] Built target set_device_user_id\n'}
[0.635243] (pylon_ros2_camera_component) StdoutLine: {'line': b'[ 40%] Built target ip_auto_config\n'}
[0.670792] (pylon_ros2_camera_component) StdoutLine: {'line': b'[ 50%] \x1b[32mBuilding CXX object CMakeFiles/pylon_ros2_camera_component.dir/src/pylon_ros2_camera_node.cpp.o\x1b[0m\n'}
[0.701674] (-) TimerEvent: {}
[0.802002] (-) TimerEvent: {}
[0.902305] (-) TimerEvent: {}
[1.002613] (-) TimerEvent: {}
[1.102921] (-) TimerEvent: {}
[1.203210] (-) TimerEvent: {}
[1.303559] (-) TimerEvent: {}
[1.403872] (-) TimerEvent: {}
[1.504221] (-) TimerEvent: {}
[1.604517] (-) TimerEvent: {}
[1.704815] (-) TimerEvent: {}
[1.805199] (-) TimerEvent: {}
[1.905496] (-) TimerEvent: {}
[2.005818] (-) TimerEvent: {}
[2.106123] (-) TimerEvent: {}
[2.206440] (-) TimerEvent: {}
[2.306759] (-) TimerEvent: {}
[2.407081] (-) TimerEvent: {}
[2.507397] (-) TimerEvent: {}
[2.607723] (-) TimerEvent: {}
[2.708048] (-) TimerEvent: {}
[2.808364] (-) TimerEvent: {}
[2.908684] (-) TimerEvent: {}
[3.008959] (-) TimerEvent: {}
[3.109345] (-) TimerEvent: {}
[3.209673] (-) TimerEvent: {}
[3.310032] (-) TimerEvent: {}
[3.410381] (-) TimerEvent: {}
[3.510701] (-) TimerEvent: {}
[3.611045] (-) TimerEvent: {}
[3.711388] (-) TimerEvent: {}
[3.811828] (-) TimerEvent: {}
[3.912199] (-) TimerEvent: {}
[4.012629] (-) TimerEvent: {}
[4.112961] (-) TimerEvent: {}
[4.213314] (-) TimerEvent: {}
[4.313604] (-) TimerEvent: {}
[4.414022] (-) TimerEvent: {}
[4.514335] (-) TimerEvent: {}
[4.614718] (-) TimerEvent: {}
[4.715057] (-) TimerEvent: {}
[4.815398] (-) TimerEvent: {}
[4.915739] (-) TimerEvent: {}
[5.016098] (-) TimerEvent: {}
[5.116398] (-) TimerEvent: {}
[5.216725] (-) TimerEvent: {}
[5.317057] (-) TimerEvent: {}
[5.417476] (-) TimerEvent: {}
[5.517834] (-) TimerEvent: {}
[5.618169] (-) TimerEvent: {}
[5.718469] (-) TimerEvent: {}
[5.818768] (-) TimerEvent: {}
[5.919114] (-) TimerEvent: {}
[6.019442] (-) TimerEvent: {}
[6.119731] (-) TimerEvent: {}
[6.220031] (-) TimerEvent: {}
[6.320352] (-) TimerEvent: {}
[6.420648] (-) TimerEvent: {}
[6.520994] (-) TimerEvent: {}
[6.621374] (-) TimerEvent: {}
[6.721706] (-) TimerEvent: {}
[6.822036] (-) TimerEvent: {}
[6.922355] (-) TimerEvent: {}
[7.022727] (-) TimerEvent: {}
[7.123073] (-) TimerEvent: {}
[7.223379] (-) TimerEvent: {}
[7.323728] (-) TimerEvent: {}
[7.424073] (-) TimerEvent: {}
[7.524439] (-) TimerEvent: {}
[7.624775] (-) TimerEvent: {}
[7.725203] (-) TimerEvent: {}
[7.825558] (-) TimerEvent: {}
[7.925862] (-) TimerEvent: {}
[8.026181] (-) TimerEvent: {}
[8.126486] (-) TimerEvent: {}
[8.226804] (-) TimerEvent: {}
[8.327138] (-) TimerEvent: {}
[8.427492] (-) TimerEvent: {}
[8.527858] (-) TimerEvent: {}
[8.628135] (-) TimerEvent: {}
[8.728426] (-) TimerEvent: {}
[8.828721] (-) TimerEvent: {}
[8.929190] (-) TimerEvent: {}
[9.029463] (-) TimerEvent: {}
[9.129756] (-) TimerEvent: {}
[9.230049] (-) TimerEvent: {}
[9.330446] (-) TimerEvent: {}
[9.430799] (-) TimerEvent: {}
[9.531089] (-) TimerEvent: {}
[9.631412] (-) TimerEvent: {}
[9.731709] (-) TimerEvent: {}
[9.832065] (-) TimerEvent: {}
[9.932438] (-) TimerEvent: {}
[10.032752] (-) TimerEvent: {}
[10.133059] (-) TimerEvent: {}
[10.233389] (-) TimerEvent: {}
[10.333679] (-) TimerEvent: {}
[10.434049] (-) TimerEvent: {}
[10.534375] (-) TimerEvent: {}
[10.634668] (-) TimerEvent: {}
[10.734951] (-) TimerEvent: {}
[10.835273] (-) TimerEvent: {}
[10.935589] (-) TimerEvent: {}
[11.035923] (-) TimerEvent: {}
[11.136197] (-) TimerEvent: {}
[11.236549] (-) TimerEvent: {}
[11.336868] (-) TimerEvent: {}
[11.437177] (-) TimerEvent: {}
[11.537538] (-) TimerEvent: {}
[11.637847] (-) TimerEvent: {}
[11.738158] (-) TimerEvent: {}
[11.838446] (-) TimerEvent: {}
[11.938769] (-) TimerEvent: {}
[12.039123] (-) TimerEvent: {}
[12.139470] (-) TimerEvent: {}
[12.239800] (-) TimerEvent: {}
[12.340073] (-) TimerEvent: {}
[12.440375] (-) TimerEvent: {}
[12.540669] (-) TimerEvent: {}
[12.640983] (-) TimerEvent: {}
[12.741315] (-) TimerEvent: {}
[12.841656] (-) TimerEvent: {}
[12.942089] (-) TimerEvent: {}
[13.042360] (-) TimerEvent: {}
[13.142629] (-) TimerEvent: {}
[13.242987] (-) TimerEvent: {}
[13.343321] (-) TimerEvent: {}
[13.443654] (-) TimerEvent: {}
[13.544036] (-) TimerEvent: {}
[13.644417] (-) TimerEvent: {}
[13.744752] (-) TimerEvent: {}
[13.845137] (-) TimerEvent: {}
[13.945509] (-) TimerEvent: {}
[14.045890] (-) TimerEvent: {}
[14.146270] (-) TimerEvent: {}
[14.246596] (-) TimerEvent: {}
[14.346914] (-) TimerEvent: {}
[14.447254] (-) TimerEvent: {}
[14.547543] (-) TimerEvent: {}
[14.647869] (-) TimerEvent: {}
[14.748199] (-) TimerEvent: {}
[14.848531] (-) TimerEvent: {}
[14.948831] (-) TimerEvent: {}
[15.049279] (-) TimerEvent: {}
[15.149620] (-) TimerEvent: {}
[15.249976] (-) TimerEvent: {}
[15.350332] (-) TimerEvent: {}
[15.450644] (-) TimerEvent: {}
[15.550999] (-) TimerEvent: {}
[15.651379] (-) TimerEvent: {}
[15.751723] (-) TimerEvent: {}
[15.852069] (-) TimerEvent: {}
[15.952382] (-) TimerEvent: {}
[16.052706] (-) TimerEvent: {}
[16.153014] (-) TimerEvent: {}
[16.253367] (-) TimerEvent: {}
[16.353696] (-) TimerEvent: {}
[16.454021] (-) TimerEvent: {}
[16.554358] (-) TimerEvent: {}
[16.654816] (-) TimerEvent: {}
[16.755154] (-) TimerEvent: {}
[16.855449] (-) TimerEvent: {}
[16.955797] (-) TimerEvent: {}
[17.056133] (-) TimerEvent: {}
[17.156473] (-) TimerEvent: {}
[17.256768] (-) TimerEvent: {}
[17.357181] (-) TimerEvent: {}
[17.457535] (-) TimerEvent: {}
[17.557853] (-) TimerEvent: {}
[17.658166] (-) TimerEvent: {}
[17.758476] (-) TimerEvent: {}
[17.858764] (-) TimerEvent: {}
[17.959093] (-) TimerEvent: {}
[18.059396] (-) TimerEvent: {}
[18.159718] (-) TimerEvent: {}
[18.260041] (-) TimerEvent: {}
[18.360380] (-) TimerEvent: {}
[18.460711] (-) TimerEvent: {}
[18.561022] (-) TimerEvent: {}
[18.661426] (-) TimerEvent: {}
[18.761757] (-) TimerEvent: {}
[18.862088] (-) TimerEvent: {}
[18.962462] (-) TimerEvent: {}
[19.062829] (-) TimerEvent: {}
[19.163247] (-) TimerEvent: {}
[19.263560] (-) TimerEvent: {}
[19.363862] (-) TimerEvent: {}
[19.464208] (-) TimerEvent: {}
[19.564527] (-) TimerEvent: {}
[19.664859] (-) TimerEvent: {}
[19.765183] (-) TimerEvent: {}
[19.865550] (-) TimerEvent: {}
[19.965938] (-) TimerEvent: {}
[20.066265] (-) TimerEvent: {}
[20.166591] (-) TimerEvent: {}
[20.266893] (-) TimerEvent: {}
[20.367257] (-) TimerEvent: {}
[20.467561] (-) TimerEvent: {}
[20.567891] (-) TimerEvent: {}
[20.668195] (-) TimerEvent: {}
[20.768505] (-) TimerEvent: {}
[20.868824] (-) TimerEvent: {}
[20.969145] (-) TimerEvent: {}
[21.069440] (-) TimerEvent: {}
[21.169734] (-) TimerEvent: {}
[21.270065] (-) TimerEvent: {}
[21.370399] (-) TimerEvent: {}
[21.470751] (-) TimerEvent: {}
[21.571107] (-) TimerEvent: {}
[21.671416] (-) TimerEvent: {}
[21.771738] (-) TimerEvent: {}
[21.872036] (-) TimerEvent: {}
[21.972342] (-) TimerEvent: {}
[22.072652] (-) TimerEvent: {}
[22.172995] (-) TimerEvent: {}
[22.273352] (-) TimerEvent: {}
[22.373694] (-) TimerEvent: {}
[22.473984] (-) TimerEvent: {}
[22.574290] (-) TimerEvent: {}
[22.674674] (-) TimerEvent: {}
[22.775028] (-) TimerEvent: {}
[22.875337] (-) TimerEvent: {}
[22.975646] (-) TimerEvent: {}
[23.076015] (-) TimerEvent: {}
[23.176331] (-) TimerEvent: {}
[23.276611] (-) TimerEvent: {}
[23.377032] (-) TimerEvent: {}
[23.477371] (-) TimerEvent: {}
[23.577730] (-) TimerEvent: {}
[23.678035] (-) TimerEvent: {}
[23.778337] (-) TimerEvent: {}
[23.878624] (-) TimerEvent: {}
[23.978918] (-) TimerEvent: {}
[24.079309] (-) TimerEvent: {}
[24.179608] (-) TimerEvent: {}
[24.279946] (-) TimerEvent: {}
[24.380283] (-) TimerEvent: {}
[24.480653] (-) TimerEvent: {}
[24.581009] (-) TimerEvent: {}
[24.681353] (-) TimerEvent: {}
[24.781661] (-) TimerEvent: {}
[24.881989] (-) TimerEvent: {}
[24.982263] (-) TimerEvent: {}
[25.082612] (-) TimerEvent: {}
[25.182928] (-) TimerEvent: {}
[25.283269] (-) TimerEvent: {}
[25.383665] (-) TimerEvent: {}
[25.484114] (-) TimerEvent: {}
[25.584479] (-) TimerEvent: {}
[25.684799] (-) TimerEvent: {}
[25.785137] (-) TimerEvent: {}
[25.885592] (-) TimerEvent: {}
[25.985936] (-) TimerEvent: {}
[26.086351] (-) TimerEvent: {}
[26.186803] (-) TimerEvent: {}
[26.287125] (-) TimerEvent: {}
[26.387415] (-) TimerEvent: {}
[26.487729] (-) TimerEvent: {}
[26.588018] (-) TimerEvent: {}
[26.688361] (-) TimerEvent: {}
[26.788670] (-) TimerEvent: {}
[26.889017] (-) TimerEvent: {}
[26.989406] (-) TimerEvent: {}
[27.089721] (-) TimerEvent: {}
[27.190055] (-) TimerEvent: {}
[27.290366] (-) TimerEvent: {}
[27.390674] (-) TimerEvent: {}
[27.490979] (-) TimerEvent: {}
[27.591274] (-) TimerEvent: {}
[27.691646] (-) TimerEvent: {}
[27.791958] (-) TimerEvent: {}
[27.892278] (-) TimerEvent: {}
[27.992584] (-) TimerEvent: {}
[28.092885] (-) TimerEvent: {}
[28.193248] (-) TimerEvent: {}
[28.293548] (-) TimerEvent: {}
[28.393902] (-) TimerEvent: {}
[28.494221] (-) TimerEvent: {}
[28.594499] (-) TimerEvent: {}
[28.694814] (-) TimerEvent: {}
[28.795117] (-) TimerEvent: {}
[28.895419] (-) TimerEvent: {}
[28.995722] (-) TimerEvent: {}
[29.096030] (-) TimerEvent: {}
[29.196350] (-) TimerEvent: {}
[29.296672] (-) TimerEvent: {}
[29.397100] (-) TimerEvent: {}
[29.497459] (-) TimerEvent: {}
[29.597756] (-) TimerEvent: {}
[29.698055] (-) TimerEvent: {}
[29.798358] (-) TimerEvent: {}
[29.898736] (-) TimerEvent: {}
[29.999255] (-) TimerEvent: {}
[30.099623] (-) TimerEvent: {}
[30.200134] (-) TimerEvent: {}
[30.300511] (-) TimerEvent: {}
[30.400855] (-) TimerEvent: {}
[30.501247] (-) TimerEvent: {}
[30.601643] (-) TimerEvent: {}
[30.702021] (-) TimerEvent: {}
[30.802329] (-) TimerEvent: {}
[30.902692] (-) TimerEvent: {}
[31.002977] (-) TimerEvent: {}
[31.103307] (-) TimerEvent: {}
[31.203642] (-) TimerEvent: {}
[31.303973] (-) TimerEvent: {}
[31.404340] (-) TimerEvent: {}
[31.504633] (-) TimerEvent: {}
[31.604929] (-) TimerEvent: {}
[31.705239] (-) TimerEvent: {}
[31.805562] (-) TimerEvent: {}
[31.905847] (-) TimerEvent: {}
[32.006157] (-) TimerEvent: {}
[32.106436] (-) TimerEvent: {}
[32.206756] (-) TimerEvent: {}
[32.307053] (-) TimerEvent: {}
[32.407345] (-) TimerEvent: {}
[32.507634] (-) TimerEvent: {}
[32.607959] (-) TimerEvent: {}
[32.708255] (-) TimerEvent: {}
[32.808591] (-) TimerEvent: {}
[32.908975] (-) TimerEvent: {}
[33.009275] (-) TimerEvent: {}
[33.109652] (-) TimerEvent: {}
[33.209945] (-) TimerEvent: {}
[33.310236] (-) TimerEvent: {}
[33.410516] (-) TimerEvent: {}
[33.510867] (-) TimerEvent: {}
[33.611198] (-) TimerEvent: {}
[33.711489] (-) TimerEvent: {}
[33.811796] (-) TimerEvent: {}
[33.912100] (-) TimerEvent: {}
[34.012404] (-) TimerEvent: {}
[34.112691] (-) TimerEvent: {}
[34.212995] (-) TimerEvent: {}
[34.313360] (-) TimerEvent: {}
[34.413745] (-) TimerEvent: {}
[34.514037] (-) TimerEvent: {}
[34.614337] (-) TimerEvent: {}
[34.714638] (-) TimerEvent: {}
[34.814991] (-) TimerEvent: {}
[34.915281] (-) TimerEvent: {}
[35.015580] (-) TimerEvent: {}
[35.115874] (-) TimerEvent: {}
[35.216251] (-) TimerEvent: {}
[35.316581] (-) TimerEvent: {}
[35.416950] (-) TimerEvent: {}
[35.517275] (-) TimerEvent: {}
[35.617606] (-) TimerEvent: {}
[35.717918] (-) TimerEvent: {}
[35.818299] (-) TimerEvent: {}
[35.918610] (-) TimerEvent: {}
[36.018995] (-) TimerEvent: {}
[36.119306] (-) TimerEvent: {}
[36.219740] (-) TimerEvent: {}
[36.320056] (-) TimerEvent: {}
[36.420340] (-) TimerEvent: {}
[36.520655] (-) TimerEvent: {}
[36.620985] (-) TimerEvent: {}
[36.721294] (-) TimerEvent: {}
[36.821605] (-) TimerEvent: {}
[36.921900] (-) TimerEvent: {}
[37.022221] (-) TimerEvent: {}
[37.122551] (-) TimerEvent: {}
[37.222841] (-) TimerEvent: {}
[37.323146] (-) TimerEvent: {}
[37.423505] (-) TimerEvent: {}
[37.523817] (-) TimerEvent: {}
[37.624123] (-) TimerEvent: {}
[37.724412] (-) TimerEvent: {}
[37.824708] (-) TimerEvent: {}
[37.925051] (-) TimerEvent: {}
[38.025438] (-) TimerEvent: {}
[38.125831] (-) TimerEvent: {}
[38.226135] (-) TimerEvent: {}
[38.326494] (-) TimerEvent: {}
[38.426783] (-) TimerEvent: {}
[38.527100] (-) TimerEvent: {}
[38.627356] (-) TimerEvent: {}
[38.727725] (-) TimerEvent: {}
[38.828120] (-) TimerEvent: {}
[38.850012] (pylon_ros2_camera_component) StdoutLine: {'line': b'[ 60%] \x1b[32m\x1b[1mLinking CXX shared library libpylon_ros2_camera_component.so\x1b[0m\n'}
[38.928278] (-) TimerEvent: {}
[39.028599] (-) TimerEvent: {}
[39.128892] (-) TimerEvent: {}
[39.229212] (-) TimerEvent: {}
[39.329577] (-) TimerEvent: {}
[39.429975] (-) TimerEvent: {}
[39.530368] (-) TimerEvent: {}
[39.630978] (-) TimerEvent: {}
[39.731254] (-) TimerEvent: {}
[39.828542] (pylon_ros2_camera_component) StdoutLine: {'line': b'[100%] Built target pylon_ros2_camera_component\n'}
[39.831348] (-) TimerEvent: {}
[39.833692] (pylon_ros2_camera_component) CommandEnded: {'returncode': 0}
[39.834795] (pylon_ros2_camera_component) JobProgress: {'identifier': 'pylon_ros2_camera_component', 'progress': 'install'}
[39.835680] (pylon_ros2_camera_component) Command: {'cmd': ['/usr/local/bin/cmake', '--install', '/home/mcav/cam_dev_ws/build/pylon_ros2_camera_component'], 'cwd': '/home/mcav/cam_dev_ws/build/pylon_ros2_camera_component', 'env': OrderedDict([('LESSOPEN', '| /usr/bin/lesspipe %s'), ('USER', 'mcav'), ('CCACHE_DIR', '/var/tmp/ccache'), ('XDG_SESSION_TYPE', 'x11'), ('SHLVL', '1'), ('LD_LIBRARY_PATH', '/home/mcav/cam_dev_ws/install/pylon_ros2_camera_interfaces/lib:/usr/local/cuda/lib64:/usr/local/cuda/lib64:/opt/ros/humble/opt/rviz_ogre_vendor/lib:/opt/ros/humble/lib/x86_64-linux-gnu:/opt/ros/humble/lib'), ('HOME', '/home/mcav'), ('OLDPWD', '/home/mcav'), ('DESKTOP_SESSION', 'ubuntu'), ('ROS_PYTHON_VERSION', '3'), ('GNOME_SHELL_SESSION_MODE', 'ubuntu'), ('GTK_MODULES', 'gail:atk-bridge'), ('SYSTEMD_EXEC_PID', '1954'), ('DBUS_SESSION_BUS_ADDRESS', 'unix:path=/run/user/1000/bus'), ('COLORTERM', 'truecolor'), ('IM_CONFIG_PHASE', '1'), ('ROS_DISTRO', 'humble'), ('GTK_IM_MODULE', 'ibus'), ('LOGNAME', 'mcav'), ('_', '/usr/bin/colcon'), ('ROS_VERSION', '2'), ('XDG_SESSION_CLASS', 'user'), ('USERNAME', 'mcav'), ('TERM', 'xterm-256color'), ('GNOME_DESKTOP_SESSION_ID', 'this-is-deprecated'), ('ROS_LOCALHOST_ONLY', '0'), ('WINDOWPATH', '2'), ('PATH', '/usr/local/cuda/bin:/usr/local/cuda/bin:/opt/ros/humble/bin:/home/mcav/.local/bin:/home/mcav/bin:/usr/local/sbin:/usr/local/bin:/usr/sbin:/usr/bin:/sbin:/bin:/usr/games:/usr/local/games:/snap/bin:/snap/bin:/home/mcav/.local/bin:/home/mcav/.local/bin'), ('SESSION_MANAGER', 'local/mcav:@/tmp/.ICE-unix/1926,unix/mcav:/tmp/.ICE-unix/1926'), ('XDG_MENU_PREFIX', 'gnome-'), ('GNOME_TERMINAL_SCREEN', '/org/gnome/Terminal/screen/2063d892_2378_4a66_a531_fce08baee512'), ('XDG_RUNTIME_DIR', '/run/user/1000'), ('DISPLAY', ':0'), ('LANG', 'en_US.UTF-8'), ('XDG_CURRENT_DESKTOP', 'ubuntu:GNOME'), ('RMW_IMPLEMENTATION', 'rmw_cyclonedds_cpp'), ('XMODIFIERS', '@im=ibus'), ('XDG_SESSION_DESKTOP', 'ubuntu'), ('XAUTHORITY', '/run/user/1000/gdm/Xauthority'), ('LS_COLORS', 'rs=0:di=01;34:ln=01;36:mh=00:pi=40;33:so=01;35:do=01;35:bd=40;33;01:cd=40;33;01:or=40;31;01:mi=00:su=37;41:sg=30;43:ca=30;41:tw=30;42:ow=34;42:st=37;44:ex=01;32:*.tar=01;31:*.tgz=01;31:*.arc=01;31:*.arj=01;31:*.taz=01;31:*.lha=01;31:*.lz4=01;31:*.lzh=01;31:*.lzma=01;31:*.tlz=01;31:*.txz=01;31:*.tzo=01;31:*.t7z=01;31:*.zip=01;31:*.z=01;31:*.dz=01;31:*.gz=01;31:*.lrz=01;31:*.lz=01;31:*.lzo=01;31:*.xz=01;31:*.zst=01;31:*.tzst=01;31:*.bz2=01;31:*.bz=01;31:*.tbz=01;31:*.tbz2=01;31:*.tz=01;31:*.deb=01;31:*.rpm=01;31:*.jar=01;31:*.war=01;31:*.ear=01;31:*.sar=01;31:*.rar=01;31:*.alz=01;31:*.ace=01;31:*.zoo=01;31:*.cpio=01;31:*.7z=01;31:*.rz=01;31:*.cab=01;31:*.wim=01;31:*.swm=01;31:*.dwm=01;31:*.esd=01;31:*.jpg=01;35:*.jpeg=01;35:*.mjpg=01;35:*.mjpeg=01;35:*.gif=01;35:*.bmp=01;35:*.pbm=01;35:*.pgm=01;35:*.ppm=01;35:*.tga=01;35:*.xbm=01;35:*.xpm=01;35:*.tif=01;35:*.tiff=01;35:*.png=01;35:*.svg=01;35:*.svgz=01;35:*.mng=01;35:*.pcx=01;35:*.mov=01;35:*.mpg=01;35:*.mpeg=01;35:*.m2v=01;35:*.mkv=01;35:*.webm=01;35:*.webp=01;35:*.ogm=01;35:*.mp4=01;35:*.m4v=01;35:*.mp4v=01;35:*.vob=01;35:*.qt=01;35:*.nuv=01;35:*.wmv=01;35:*.asf=01;35:*.rm=01;35:*.rmvb=01;35:*.flc=01;35:*.avi=01;35:*.fli=01;35:*.flv=01;35:*.gl=01;35:*.dl=01;35:*.xcf=01;35:*.xwd=01;35:*.yuv=01;35:*.cgm=01;35:*.emf=01;35:*.ogv=01;35:*.ogx=01;35:*.aac=00;36:*.au=00;36:*.flac=00;36:*.m4a=00;36:*.mid=00;36:*.midi=00;36:*.mka=00;36:*.mp3=00;36:*.mpc=00;36:*.ogg=00;36:*.ra=00;36:*.wav=00;36:*.oga=00;36:*.opus=00;36:*.spx=00;36:*.xspf=00;36:'), ('GNOME_TERMINAL_SERVICE', ':1.90'), ('SSH_AGENT_LAUNCHER', 'gnome-keyring'), ('SSH_AUTH_SOCK', '/run/user/1000/keyring/ssh'), ('AMENT_PREFIX_PATH', '/home/mcav/cam_dev_ws/install/pylon_ros2_camera_interfaces:/opt/ros/humble'), ('SHELL', '/bin/bash'), ('QT_ACCESSIBILITY', '1'), ('CXX', '/usr/lib/ccache/g++'), ('GDMSESSION', 'ubuntu'), ('LESSCLOSE', '/usr/bin/lesspipe %s %s'), ('GPG_AGENT_INFO', '/run/user/1000/gnupg/S.gpg-agent:0:1'), ('QT_IM_MODULE', 'ibus'), ('PWD', '/home/mcav/cam_dev_ws/build/pylon_ros2_camera_component'), ('LC_ALL', 'en_US.UTF-8'), ('XDG_CONFIG_DIRS', '/etc/xdg/xdg-ubuntu:/etc/xdg'), ('PYLON_ROOT', '/opt/pylon'), ('XDG_DATA_DIRS', '/usr/share/ubuntu:/usr/share/gnome:/usr/local/share/:/usr/share/:/var/lib/snapd/desktop'), ('PYTHONPATH', '/home/mcav/cam_dev_ws/install/pylon_ros2_camera_interfaces/local/lib/python3.10/dist-packages:/opt/ros/humble/lib/python3.10/site-packages:/opt/ros/humble/local/lib/python3.10/dist-packages'), ('CC', '/usr/lib/ccache/gcc'), ('COLCON', '1'), ('GENICAM_GENTL64_PATH', ':/opt/pylon/lib/gentlproducer/gtl:/opt/pylon/lib/pylonCXP/bin/'), ('VTE_VERSION', '6800'), ('CMAKE_PREFIX_PATH', '/home/mcav/cam_dev_ws/install/pylon_ros2_camera_interfaces:/opt/ros/humble')]), 'shell': False}
[39.839322] (pylon_ros2_camera_component) StdoutLine: {'line': b'-- Install configuration: "Release"\n'}
[39.839687] (pylon_ros2_camera_component) StdoutLine: {'line': b'-- Installing: /home/mcav/cam_dev_ws/install/pylon_ros2_camera_component/lib/libpylon_ros2_camera_component.so\n'}
[39.846904] (pylon_ros2_camera_component) StdoutLine: {'line': b'-- Set non-toolchain portion of runtime path of "/home/mcav/cam_dev_ws/install/pylon_ros2_camera_component/lib/libpylon_ros2_camera_component.so" to "/home/mcav/lib:/opt/pylon/lib:/home/mcav/cam_dev_ws/install/pylon_ros2_camera_interfaces/lib:/opt/ros/humble/lib/x86_64-linux-gnu:/opt/ros/humble/lib"\n'}
[39.847341] (pylon_ros2_camera_component) StdoutLine: {'line': b'-- Up-to-date: /home/mcav/cam_dev_ws/install/pylon_ros2_camera_component/lib/pylon_ros2_camera_component/ip_auto_config\n'}
[39.847899] (pylon_ros2_camera_component) StdoutLine: {'line': b'-- Up-to-date: /home/mcav/cam_dev_ws/install/pylon_ros2_camera_component/lib/pylon_ros2_camera_component/set_device_user_id\n'}
[39.848283] (pylon_ros2_camera_component) StdoutLine: {'line': b'-- Up-to-date: /home/mcav/cam_dev_ws/install/pylon_ros2_camera_component/include/pylon_ros2_camera_component/\n'}
[39.848536] (pylon_ros2_camera_component) StdoutLine: {'line': b'-- Up-to-date: /home/mcav/cam_dev_ws/install/pylon_ros2_camera_component/include/pylon_ros2_camera_component//pylon_ros2_camera_node.hpp\n'}
[39.848764] (pylon_ros2_camera_component) StdoutLine: {'line': b'-- Up-to-date: /home/mcav/cam_dev_ws/install/pylon_ros2_camera_component/include/pylon_ros2_camera_component//pylon_ros2_camera_parameter.hpp\n'}
[39.848917] (pylon_ros2_camera_component) StdoutLine: {'line': b'-- Up-to-date: /home/mcav/cam_dev_ws/install/pylon_ros2_camera_component/include/pylon_ros2_camera_component//visibility_control.hpp\n'}
[39.849009] (pylon_ros2_camera_component) StdoutLine: {'line': b'-- Up-to-date: /home/mcav/cam_dev_ws/install/pylon_ros2_camera_component/include/pylon_ros2_camera_component//binary_exposure_search.hpp\n'}
[39.849111] (pylon_ros2_camera_component) StdoutLine: {'line': b'-- Up-to-date: /home/mcav/cam_dev_ws/install/pylon_ros2_camera_component/include/pylon_ros2_camera_component//pylon_ros2_camera.hpp\n'}
[39.849214] (pylon_ros2_camera_component) StdoutLine: {'line': b'-- Up-to-date: /home/mcav/cam_dev_ws/install/pylon_ros2_camera_component/include/pylon_ros2_camera_component//encoding_conversions.hpp\n'}
[39.849293] (pylon_ros2_camera_component) StdoutLine: {'line': b'-- Up-to-date: /home/mcav/cam_dev_ws/install/pylon_ros2_camera_component/share/pylon_ros2_camera_component/environment/library_path.sh\n'}
[39.849399] (pylon_ros2_camera_component) StdoutLine: {'line': b'-- Up-to-date: /home/mcav/cam_dev_ws/install/pylon_ros2_camera_component/share/pylon_ros2_camera_component/environment/library_path.dsv\n'}
[39.849502] (pylon_ros2_camera_component) StdoutLine: {'line': b'-- Up-to-date: /home/mcav/cam_dev_ws/install/pylon_ros2_camera_component/share/ament_index/resource_index/package_run_dependencies/pylon_ros2_camera_component\n'}
[39.849677] (pylon_ros2_camera_component) StdoutLine: {'line': b'-- Up-to-date: /home/mcav/cam_dev_ws/install/pylon_ros2_camera_component/share/ament_index/resource_index/parent_prefix_path/pylon_ros2_camera_component\n'}
[39.849850] (pylon_ros2_camera_component) StdoutLine: {'line': b'-- Up-to-date: /home/mcav/cam_dev_ws/install/pylon_ros2_camera_component/share/pylon_ros2_camera_component/environment/ament_prefix_path.sh\n'}
[39.849995] (pylon_ros2_camera_component) StdoutLine: {'line': b'-- Up-to-date: /home/mcav/cam_dev_ws/install/pylon_ros2_camera_component/share/pylon_ros2_camera_component/environment/ament_prefix_path.dsv\n'}
[39.850214] (pylon_ros2_camera_component) StdoutLine: {'line': b'-- Up-to-date: /home/mcav/cam_dev_ws/install/pylon_ros2_camera_component/share/pylon_ros2_camera_component/environment/path.sh\n'}
[39.850412] (pylon_ros2_camera_component) StdoutLine: {'line': b'-- Up-to-date: /home/mcav/cam_dev_ws/install/pylon_ros2_camera_component/share/pylon_ros2_camera_component/environment/path.dsv\n'}
[39.850593] (pylon_ros2_camera_component) StdoutLine: {'line': b'-- Up-to-date: /home/mcav/cam_dev_ws/install/pylon_ros2_camera_component/share/pylon_ros2_camera_component/local_setup.bash\n'}
[39.850716] (pylon_ros2_camera_component) StdoutLine: {'line': b'-- Up-to-date: /home/mcav/cam_dev_ws/install/pylon_ros2_camera_component/share/pylon_ros2_camera_component/local_setup.sh\n'}
[39.850836] (pylon_ros2_camera_component) StdoutLine: {'line': b'-- Up-to-date: /home/mcav/cam_dev_ws/install/pylon_ros2_camera_component/share/pylon_ros2_camera_component/local_setup.zsh\n'}
[39.850956] (pylon_ros2_camera_component) StdoutLine: {'line': b'-- Up-to-date: /home/mcav/cam_dev_ws/install/pylon_ros2_camera_component/share/pylon_ros2_camera_component/local_setup.dsv\n'}
[39.851075] (pylon_ros2_camera_component) StdoutLine: {'line': b'-- Installing: /home/mcav/cam_dev_ws/install/pylon_ros2_camera_component/share/pylon_ros2_camera_component/package.dsv\n'}
[39.851193] (pylon_ros2_camera_component) StdoutLine: {'line': b'-- Up-to-date: /home/mcav/cam_dev_ws/install/pylon_ros2_camera_component/share/ament_index/resource_index/packages/pylon_ros2_camera_component\n'}
[39.851343] (pylon_ros2_camera_component) StdoutLine: {'line': b'-- Up-to-date: /home/mcav/cam_dev_ws/install/pylon_ros2_camera_component/share/ament_index/resource_index/rclcpp_components/pylon_ros2_camera_component\n'}
[39.851478] (pylon_ros2_camera_component) StdoutLine: {'line': b'-- Up-to-date: /home/mcav/cam_dev_ws/install/pylon_ros2_camera_component/share/pylon_ros2_camera_component/cmake/ament_cmake_export_include_directories-extras.cmake\n'}
[39.851624] (pylon_ros2_camera_component) StdoutLine: {'line': b'-- Up-to-date: /home/mcav/cam_dev_ws/install/pylon_ros2_camera_component/share/pylon_ros2_camera_component/cmake/ament_cmake_export_libraries-extras.cmake\n'}
[39.851756] (pylon_ros2_camera_component) StdoutLine: {'line': b'-- Up-to-date: /home/mcav/cam_dev_ws/install/pylon_ros2_camera_component/share/pylon_ros2_camera_component/cmake/ament_cmake_export_dependencies-extras.cmake\n'}
[39.851916] (pylon_ros2_camera_component) StdoutLine: {'line': b'-- Up-to-date: /home/mcav/cam_dev_ws/install/pylon_ros2_camera_component/share/pylon_ros2_camera_component/cmake/pylon_ros2_camera_componentConfig.cmake\n'}
[39.852351] (pylon_ros2_camera_component) StdoutLine: {'line': b'-- Up-to-date: /home/mcav/cam_dev_ws/install/pylon_ros2_camera_component/share/pylon_ros2_camera_component/cmake/pylon_ros2_camera_componentConfig-version.cmake\n'}
[39.852814] (pylon_ros2_camera_component) StdoutLine: {'line': b'-- Up-to-date: /home/mcav/cam_dev_ws/install/pylon_ros2_camera_component/share/pylon_ros2_camera_component/package.xml\n'}
[39.853361] (pylon_ros2_camera_component) CommandEnded: {'returncode': 0}
[39.873113] (pylon_ros2_camera_component) JobEnded: {'identifier': 'pylon_ros2_camera_component', 'rc': 0}
[39.874279] (pylon_ros2_camera_wrapper) JobStarted: {'identifier': 'pylon_ros2_camera_wrapper'}
[39.885206] (pylon_ros2_camera_wrapper) JobProgress: {'identifier': 'pylon_ros2_camera_wrapper', 'progress': 'cmake'}
[39.886627] (pylon_ros2_camera_wrapper) JobProgress: {'identifier': 'pylon_ros2_camera_wrapper', 'progress': 'build'}
[39.887843] (pylon_ros2_camera_wrapper) Command: {'cmd': ['/usr/local/bin/cmake', '--build', '/home/mcav/cam_dev_ws/build/pylon_ros2_camera_wrapper', '--', '-j8', '-l8'], 'cwd': '/home/mcav/cam_dev_ws/build/pylon_ros2_camera_wrapper', 'env': OrderedDict([('LESSOPEN', '| /usr/bin/lesspipe %s'), ('USER', 'mcav'), ('CCACHE_DIR', '/var/tmp/ccache'), ('XDG_SESSION_TYPE', 'x11'), ('SHLVL', '1'), ('LD_LIBRARY_PATH', '/home/mcav/cam_dev_ws/install/pylon_ros2_camera_component/lib:/home/mcav/cam_dev_ws/install/pylon_ros2_camera_interfaces/lib:/usr/local/cuda/lib64:/usr/local/cuda/lib64:/opt/ros/humble/opt/rviz_ogre_vendor/lib:/opt/ros/humble/lib/x86_64-linux-gnu:/opt/ros/humble/lib'), ('HOME', '/home/mcav'), ('OLDPWD', '/home/mcav'), ('DESKTOP_SESSION', 'ubuntu'), ('ROS_PYTHON_VERSION', '3'), ('GNOME_SHELL_SESSION_MODE', 'ubuntu'), ('GTK_MODULES', 'gail:atk-bridge'), ('SYSTEMD_EXEC_PID', '1954'), ('DBUS_SESSION_BUS_ADDRESS', 'unix:path=/run/user/1000/bus'), ('COLORTERM', 'truecolor'), ('IM_CONFIG_PHASE', '1'), ('ROS_DISTRO', 'humble'), ('GTK_IM_MODULE', 'ibus'), ('LOGNAME', 'mcav'), ('_', '/usr/bin/colcon'), ('ROS_VERSION', '2'), ('XDG_SESSION_CLASS', 'user'), ('USERNAME', 'mcav'), ('TERM', 'xterm-256color'), ('GNOME_DESKTOP_SESSION_ID', 'this-is-deprecated'), ('ROS_LOCALHOST_ONLY', '0'), ('WINDOWPATH', '2'), ('PATH', '/usr/local/cuda/bin:/usr/local/cuda/bin:/opt/ros/humble/bin:/home/mcav/.local/bin:/home/mcav/bin:/usr/local/sbin:/usr/local/bin:/usr/sbin:/usr/bin:/sbin:/bin:/usr/games:/usr/local/games:/snap/bin:/snap/bin:/home/mcav/.local/bin:/home/mcav/.local/bin'), ('SESSION_MANAGER', 'local/mcav:@/tmp/.ICE-unix/1926,unix/mcav:/tmp/.ICE-unix/1926'), ('XDG_MENU_PREFIX', 'gnome-'), ('GNOME_TERMINAL_SCREEN', '/org/gnome/Terminal/screen/2063d892_2378_4a66_a531_fce08baee512'), ('XDG_RUNTIME_DIR', '/run/user/1000'), ('DISPLAY', ':0'), ('LANG', 'en_US.UTF-8'), ('XDG_CURRENT_DESKTOP', 'ubuntu:GNOME'), ('RMW_IMPLEMENTATION', 'rmw_cyclonedds_cpp'), ('XMODIFIERS', '@im=ibus'), ('XDG_SESSION_DESKTOP', 'ubuntu'), ('XAUTHORITY', '/run/user/1000/gdm/Xauthority'), ('LS_COLORS', 'rs=0:di=01;34:ln=01;36:mh=00:pi=40;33:so=01;35:do=01;35:bd=40;33;01:cd=40;33;01:or=40;31;01:mi=00:su=37;41:sg=30;43:ca=30;41:tw=30;42:ow=34;42:st=37;44:ex=01;32:*.tar=01;31:*.tgz=01;31:*.arc=01;31:*.arj=01;31:*.taz=01;31:*.lha=01;31:*.lz4=01;31:*.lzh=01;31:*.lzma=01;31:*.tlz=01;31:*.txz=01;31:*.tzo=01;31:*.t7z=01;31:*.zip=01;31:*.z=01;31:*.dz=01;31:*.gz=01;31:*.lrz=01;31:*.lz=01;31:*.lzo=01;31:*.xz=01;31:*.zst=01;31:*.tzst=01;31:*.bz2=01;31:*.bz=01;31:*.tbz=01;31:*.tbz2=01;31:*.tz=01;31:*.deb=01;31:*.rpm=01;31:*.jar=01;31:*.war=01;31:*.ear=01;31:*.sar=01;31:*.rar=01;31:*.alz=01;31:*.ace=01;31:*.zoo=01;31:*.cpio=01;31:*.7z=01;31:*.rz=01;31:*.cab=01;31:*.wim=01;31:*.swm=01;31:*.dwm=01;31:*.esd=01;31:*.jpg=01;35:*.jpeg=01;35:*.mjpg=01;35:*.mjpeg=01;35:*.gif=01;35:*.bmp=01;35:*.pbm=01;35:*.pgm=01;35:*.ppm=01;35:*.tga=01;35:*.xbm=01;35:*.xpm=01;35:*.tif=01;35:*.tiff=01;35:*.png=01;35:*.svg=01;35:*.svgz=01;35:*.mng=01;35:*.pcx=01;35:*.mov=01;35:*.mpg=01;35:*.mpeg=01;35:*.m2v=01;35:*.mkv=01;35:*.webm=01;35:*.webp=01;35:*.ogm=01;35:*.mp4=01;35:*.m4v=01;35:*.mp4v=01;35:*.vob=01;35:*.qt=01;35:*.nuv=01;35:*.wmv=01;35:*.asf=01;35:*.rm=01;35:*.rmvb=01;35:*.flc=01;35:*.avi=01;35:*.fli=01;35:*.flv=01;35:*.gl=01;35:*.dl=01;35:*.xcf=01;35:*.xwd=01;35:*.yuv=01;35:*.cgm=01;35:*.emf=01;35:*.ogv=01;35:*.ogx=01;35:*.aac=00;36:*.au=00;36:*.flac=00;36:*.m4a=00;36:*.mid=00;36:*.midi=00;36:*.mka=00;36:*.mp3=00;36:*.mpc=00;36:*.ogg=00;36:*.ra=00;36:*.wav=00;36:*.oga=00;36:*.opus=00;36:*.spx=00;36:*.xspf=00;36:'), ('GNOME_TERMINAL_SERVICE', ':1.90'), ('SSH_AGENT_LAUNCHER', 'gnome-keyring'), ('SSH_AUTH_SOCK', '/run/user/1000/keyring/ssh'), ('AMENT_PREFIX_PATH', '/home/mcav/cam_dev_ws/install/pylon_ros2_camera_component:/home/mcav/cam_dev_ws/install/pylon_ros2_camera_interfaces:/opt/ros/humble'), ('SHELL', '/bin/bash'), ('QT_ACCESSIBILITY', '1'), ('CXX', '/usr/lib/ccache/g++'), ('GDMSESSION', 'ubuntu'), ('LESSCLOSE', '/usr/bin/lesspipe %s %s'), ('GPG_AGENT_INFO', '/run/user/1000/gnupg/S.gpg-agent:0:1'), ('QT_IM_MODULE', 'ibus'), ('PWD', '/home/mcav/cam_dev_ws/build/pylon_ros2_camera_wrapper'), ('LC_ALL', 'en_US.UTF-8'), ('XDG_CONFIG_DIRS', '/etc/xdg/xdg-ubuntu:/etc/xdg'), ('PYLON_ROOT', '/opt/pylon'), ('XDG_DATA_DIRS', '/usr/share/ubuntu:/usr/share/gnome:/usr/local/share/:/usr/share/:/var/lib/snapd/desktop'), ('PYTHONPATH', '/home/mcav/cam_dev_ws/install/pylon_ros2_camera_interfaces/local/lib/python3.10/dist-packages:/opt/ros/humble/lib/python3.10/site-packages:/opt/ros/humble/local/lib/python3.10/dist-packages'), ('CC', '/usr/lib/ccache/gcc'), ('COLCON', '1'), ('GENICAM_GENTL64_PATH', ':/opt/pylon/lib/gentlproducer/gtl:/opt/pylon/lib/pylonCXP/bin/'), ('VTE_VERSION', '6800'), ('CMAKE_PREFIX_PATH', '/home/mcav/cam_dev_ws/install/pylon_ros2_camera_component:/home/mcav/cam_dev_ws/install/pylon_ros2_camera_interfaces:/opt/ros/humble')]), 'shell': False}
[39.931473] (-) TimerEvent: {}
[39.937369] (pylon_ros2_camera_wrapper) StdoutLine: {'line': b'[ 30%] Built target test_grab_blaze_data_action_client\n'}
[39.937627] (pylon_ros2_camera_wrapper) StdoutLine: {'line': b'[ 40%] Built target test_grab_image_action_client\n'}
[39.948733] (pylon_ros2_camera_wrapper) StdoutLine: {'line': b'[ 50%] \x1b[32m\x1b[1mLinking CXX executable pylon_ros2_camera_wrapper\x1b[0m\n'}
[39.955137] (pylon_ros2_camera_wrapper) StdoutLine: {'line': b'[ 60%] \x1b[32m\x1b[1mLinking CXX shared library libaction_client_test_grab_images.so\x1b[0m\n'}
[39.957149] (pylon_ros2_camera_wrapper) StdoutLine: {'line': b'[ 70%] \x1b[32m\x1b[1mLinking CXX shared library libaction_client_test_grab_blaze_data.so\x1b[0m\n'}
[40.031601] (-) TimerEvent: {}
[40.131938] (-) TimerEvent: {}
[40.232340] (-) TimerEvent: {}
[40.332724] (-) TimerEvent: {}
[40.433245] (-) TimerEvent: {}
[40.534567] (-) TimerEvent: {}
[40.619186] (pylon_ros2_camera_wrapper) StdoutLine: {'line': b'[ 80%] Built target action_client_test_grab_images\n'}
[40.634694] (-) TimerEvent: {}
[40.639278] (pylon_ros2_camera_wrapper) StdoutLine: {'line': b'[ 90%] Built target action_client_test_grab_blaze_data\n'}
[40.734834] (-) TimerEvent: {}
[40.835170] (-) TimerEvent: {}
[40.935606] (-) TimerEvent: {}
[41.035977] (-) TimerEvent: {}
[41.077624] (pylon_ros2_camera_wrapper) StdoutLine: {'line': b'[100%] Built target pylon_ros2_camera_wrapper\n'}
[41.082645] (pylon_ros2_camera_wrapper) CommandEnded: {'returncode': 0}
[41.083738] (pylon_ros2_camera_wrapper) JobProgress: {'identifier': 'pylon_ros2_camera_wrapper', 'progress': 'install'}
[41.085058] (pylon_ros2_camera_wrapper) Command: {'cmd': ['/usr/local/bin/cmake', '--install', '/home/mcav/cam_dev_ws/build/pylon_ros2_camera_wrapper'], 'cwd': '/home/mcav/cam_dev_ws/build/pylon_ros2_camera_wrapper', 'env': OrderedDict([('LESSOPEN', '| /usr/bin/lesspipe %s'), ('USER', 'mcav'), ('CCACHE_DIR', '/var/tmp/ccache'), ('XDG_SESSION_TYPE', 'x11'), ('SHLVL', '1'), ('LD_LIBRARY_PATH', '/home/mcav/cam_dev_ws/install/pylon_ros2_camera_component/lib:/home/mcav/cam_dev_ws/install/pylon_ros2_camera_interfaces/lib:/usr/local/cuda/lib64:/usr/local/cuda/lib64:/opt/ros/humble/opt/rviz_ogre_vendor/lib:/opt/ros/humble/lib/x86_64-linux-gnu:/opt/ros/humble/lib'), ('HOME', '/home/mcav'), ('OLDPWD', '/home/mcav'), ('DESKTOP_SESSION', 'ubuntu'), ('ROS_PYTHON_VERSION', '3'), ('GNOME_SHELL_SESSION_MODE', 'ubuntu'), ('GTK_MODULES', 'gail:atk-bridge'), ('SYSTEMD_EXEC_PID', '1954'), ('DBUS_SESSION_BUS_ADDRESS', 'unix:path=/run/user/1000/bus'), ('COLORTERM', 'truecolor'), ('IM_CONFIG_PHASE', '1'), ('ROS_DISTRO', 'humble'), ('GTK_IM_MODULE', 'ibus'), ('LOGNAME', 'mcav'), ('_', '/usr/bin/colcon'), ('ROS_VERSION', '2'), ('XDG_SESSION_CLASS', 'user'), ('USERNAME', 'mcav'), ('TERM', 'xterm-256color'), ('GNOME_DESKTOP_SESSION_ID', 'this-is-deprecated'), ('ROS_LOCALHOST_ONLY', '0'), ('WINDOWPATH', '2'), ('PATH', '/usr/local/cuda/bin:/usr/local/cuda/bin:/opt/ros/humble/bin:/home/mcav/.local/bin:/home/mcav/bin:/usr/local/sbin:/usr/local/bin:/usr/sbin:/usr/bin:/sbin:/bin:/usr/games:/usr/local/games:/snap/bin:/snap/bin:/home/mcav/.local/bin:/home/mcav/.local/bin'), ('SESSION_MANAGER', 'local/mcav:@/tmp/.ICE-unix/1926,unix/mcav:/tmp/.ICE-unix/1926'), ('XDG_MENU_PREFIX', 'gnome-'), ('GNOME_TERMINAL_SCREEN', '/org/gnome/Terminal/screen/2063d892_2378_4a66_a531_fce08baee512'), ('XDG_RUNTIME_DIR', '/run/user/1000'), ('DISPLAY', ':0'), ('LANG', 'en_US.UTF-8'), ('XDG_CURRENT_DESKTOP', 'ubuntu:GNOME'), ('RMW_IMPLEMENTATION', 'rmw_cyclonedds_cpp'), ('XMODIFIERS', '@im=ibus'), ('XDG_SESSION_DESKTOP', 'ubuntu'), ('XAUTHORITY', '/run/user/1000/gdm/Xauthority'), ('LS_COLORS', 'rs=0:di=01;34:ln=01;36:mh=00:pi=40;33:so=01;35:do=01;35:bd=40;33;01:cd=40;33;01:or=40;31;01:mi=00:su=37;41:sg=30;43:ca=30;41:tw=30;42:ow=34;42:st=37;44:ex=01;32:*.tar=01;31:*.tgz=01;31:*.arc=01;31:*.arj=01;31:*.taz=01;31:*.lha=01;31:*.lz4=01;31:*.lzh=01;31:*.lzma=01;31:*.tlz=01;31:*.txz=01;31:*.tzo=01;31:*.t7z=01;31:*.zip=01;31:*.z=01;31:*.dz=01;31:*.gz=01;31:*.lrz=01;31:*.lz=01;31:*.lzo=01;31:*.xz=01;31:*.zst=01;31:*.tzst=01;31:*.bz2=01;31:*.bz=01;31:*.tbz=01;31:*.tbz2=01;31:*.tz=01;31:*.deb=01;31:*.rpm=01;31:*.jar=01;31:*.war=01;31:*.ear=01;31:*.sar=01;31:*.rar=01;31:*.alz=01;31:*.ace=01;31:*.zoo=01;31:*.cpio=01;31:*.7z=01;31:*.rz=01;31:*.cab=01;31:*.wim=01;31:*.swm=01;31:*.dwm=01;31:*.esd=01;31:*.jpg=01;35:*.jpeg=01;35:*.mjpg=01;35:*.mjpeg=01;35:*.gif=01;35:*.bmp=01;35:*.pbm=01;35:*.pgm=01;35:*.ppm=01;35:*.tga=01;35:*.xbm=01;35:*.xpm=01;35:*.tif=01;35:*.tiff=01;35:*.png=01;35:*.svg=01;35:*.svgz=01;35:*.mng=01;35:*.pcx=01;35:*.mov=01;35:*.mpg=01;35:*.mpeg=01;35:*.m2v=01;35:*.mkv=01;35:*.webm=01;35:*.webp=01;35:*.ogm=01;35:*.mp4=01;35:*.m4v=01;35:*.mp4v=01;35:*.vob=01;35:*.qt=01;35:*.nuv=01;35:*.wmv=01;35:*.asf=01;35:*.rm=01;35:*.rmvb=01;35:*.flc=01;35:*.avi=01;35:*.fli=01;35:*.flv=01;35:*.gl=01;35:*.dl=01;35:*.xcf=01;35:*.xwd=01;35:*.yuv=01;35:*.cgm=01;35:*.emf=01;35:*.ogv=01;35:*.ogx=01;35:*.aac=00;36:*.au=00;36:*.flac=00;36:*.m4a=00;36:*.mid=00;36:*.midi=00;36:*.mka=00;36:*.mp3=00;36:*.mpc=00;36:*.ogg=00;36:*.ra=00;36:*.wav=00;36:*.oga=00;36:*.opus=00;36:*.spx=00;36:*.xspf=00;36:'), ('GNOME_TERMINAL_SERVICE', ':1.90'), ('SSH_AGENT_LAUNCHER', 'gnome-keyring'), ('SSH_AUTH_SOCK', '/run/user/1000/keyring/ssh'), ('AMENT_PREFIX_PATH', '/home/mcav/cam_dev_ws/install/pylon_ros2_camera_component:/home/mcav/cam_dev_ws/install/pylon_ros2_camera_interfaces:/opt/ros/humble'), ('SHELL', '/bin/bash'), ('QT_ACCESSIBILITY', '1'), ('CXX', '/usr/lib/ccache/g++'), ('GDMSESSION', 'ubuntu'), ('LESSCLOSE', '/usr/bin/lesspipe %s %s'), ('GPG_AGENT_INFO', '/run/user/1000/gnupg/S.gpg-agent:0:1'), ('QT_IM_MODULE', 'ibus'), ('PWD', '/home/mcav/cam_dev_ws/build/pylon_ros2_camera_wrapper'), ('LC_ALL', 'en_US.UTF-8'), ('XDG_CONFIG_DIRS', '/etc/xdg/xdg-ubuntu:/etc/xdg'), ('PYLON_ROOT', '/opt/pylon'), ('XDG_DATA_DIRS', '/usr/share/ubuntu:/usr/share/gnome:/usr/local/share/:/usr/share/:/var/lib/snapd/desktop'), ('PYTHONPATH', '/home/mcav/cam_dev_ws/install/pylon_ros2_camera_interfaces/local/lib/python3.10/dist-packages:/opt/ros/humble/lib/python3.10/site-packages:/opt/ros/humble/local/lib/python3.10/dist-packages'), ('CC', '/usr/lib/ccache/gcc'), ('COLCON', '1'), ('GENICAM_GENTL64_PATH', ':/opt/pylon/lib/gentlproducer/gtl:/opt/pylon/lib/pylonCXP/bin/'), ('VTE_VERSION', '6800'), ('CMAKE_PREFIX_PATH', '/home/mcav/cam_dev_ws/install/pylon_ros2_camera_component:/home/mcav/cam_dev_ws/install/pylon_ros2_camera_interfaces:/opt/ros/humble')]), 'shell': False}
[41.088289] (pylon_ros2_camera_wrapper) StdoutLine: {'line': b'-- Install configuration: "Release"\n'}
[41.088669] (pylon_ros2_camera_wrapper) StdoutLine: {'line': b'-- Up-to-date: /home/mcav/cam_dev_ws/install/pylon_ros2_camera_wrapper/lib/pylon_ros2_camera_wrapper/test_grab_image_action_client\n'}
[41.089303] (pylon_ros2_camera_wrapper) StdoutLine: {'line': b'-- Up-to-date: /home/mcav/cam_dev_ws/install/pylon_ros2_camera_wrapper/lib/pylon_ros2_camera_wrapper/test_grab_blaze_data_action_client\n'}
[41.089999] (pylon_ros2_camera_wrapper) StdoutLine: {'line': b'-- Installing: /home/mcav/cam_dev_ws/install/pylon_ros2_camera_wrapper/lib/pylon_ros2_camera_wrapper/pylon_ros2_camera_wrapper\n'}
[41.090769] (pylon_ros2_camera_wrapper) StdoutLine: {'line': b'-- Set non-toolchain portion of runtime path of "/home/mcav/cam_dev_ws/install/pylon_ros2_camera_wrapper/lib/pylon_ros2_camera_wrapper/pylon_ros2_camera_wrapper" to ""\n'}
[41.091308] (pylon_ros2_camera_wrapper) StdoutLine: {'line': b'-- Installing: /home/mcav/cam_dev_ws/install/pylon_ros2_camera_wrapper/lib/libaction_client_test_grab_images.so\n'}
[41.092822] (pylon_ros2_camera_wrapper) StdoutLine: {'line': b'-- Set non-toolchain portion of runtime path of "/home/mcav/cam_dev_ws/install/pylon_ros2_camera_wrapper/lib/libaction_client_test_grab_images.so" to ""\n'}
[41.093544] (pylon_ros2_camera_wrapper) StdoutLine: {'line': b'-- Installing: /home/mcav/cam_dev_ws/install/pylon_ros2_camera_wrapper/lib/libaction_client_test_grab_blaze_data.so\n'}
[41.094881] (pylon_ros2_camera_wrapper) StdoutLine: {'line': b'-- Set non-toolchain portion of runtime path of "/home/mcav/cam_dev_ws/install/pylon_ros2_camera_wrapper/lib/libaction_client_test_grab_blaze_data.so" to ""\n'}
[41.095109] (pylon_ros2_camera_wrapper) StdoutLine: {'line': b'-- Up-to-date: /home/mcav/cam_dev_ws/install/pylon_ros2_camera_wrapper/share/pylon_ros2_camera_wrapper/config\n'}
[41.095276] (pylon_ros2_camera_wrapper) StdoutLine: {'line': b'-- Up-to-date: /home/mcav/cam_dev_ws/install/pylon_ros2_camera_wrapper/share/pylon_ros2_camera_wrapper/config/CAM6.yaml\n'}
[41.095381] (pylon_ros2_camera_wrapper) StdoutLine: {'line': b'-- Up-to-date: /home/mcav/cam_dev_ws/install/pylon_ros2_camera_wrapper/share/pylon_ros2_camera_wrapper/config/CAM4.yaml\n'}
[41.095490] (pylon_ros2_camera_wrapper) StdoutLine: {'line': b'-- Up-to-date: /home/mcav/cam_dev_ws/install/pylon_ros2_camera_wrapper/share/pylon_ros2_camera_wrapper/config/CAM2.yaml\n'}
[41.095601] (pylon_ros2_camera_wrapper) StdoutLine: {'line': b'-- Up-to-date: /home/mcav/cam_dev_ws/install/pylon_ros2_camera_wrapper/share/pylon_ros2_camera_wrapper/config/CAM5.yaml\n'}
[41.095759] (pylon_ros2_camera_wrapper) StdoutLine: {'line': b'-- Up-to-date: /home/mcav/cam_dev_ws/install/pylon_ros2_camera_wrapper/share/pylon_ros2_camera_wrapper/config/CAM1.yaml\n'}
[41.095991] (pylon_ros2_camera_wrapper) StdoutLine: {'line': b'-- Up-to-date: /home/mcav/cam_dev_ws/install/pylon_ros2_camera_wrapper/share/pylon_ros2_camera_wrapper/config/my_blaze.yaml\n'}
[41.096127] (pylon_ros2_camera_wrapper) StdoutLine: {'line': b'-- Up-to-date: /home/mcav/cam_dev_ws/install/pylon_ros2_camera_wrapper/share/pylon_ros2_camera_wrapper/config/default.yaml\n'}
[41.096252] (pylon_ros2_camera_wrapper) StdoutLine: {'line': b'-- Up-to-date: /home/mcav/cam_dev_ws/install/pylon_ros2_camera_wrapper/share/pylon_ros2_camera_wrapper/config/CAM3.yaml\n'}
[41.096378] (pylon_ros2_camera_wrapper) StdoutLine: {'line': b'-- Up-to-date: /home/mcav/cam_dev_ws/install/pylon_ros2_camera_wrapper/share/pylon_ros2_camera_wrapper/launch\n'}
[41.096603] (pylon_ros2_camera_wrapper) StdoutLine: {'line': b'-- Up-to-date: /home/mcav/cam_dev_ws/install/pylon_ros2_camera_wrapper/share/pylon_ros2_camera_wrapper/launch/pylon_ros2_camera.launch.py\n'}
[41.096836] (pylon_ros2_camera_wrapper) StdoutLine: {'line': b'-- Up-to-date: /home/mcav/cam_dev_ws/install/pylon_ros2_camera_wrapper/share/pylon_ros2_camera_wrapper/launch/my_blaze.launch.py\n'}
[41.096978] (pylon_ros2_camera_wrapper) StdoutLine: {'line': b'-- Up-to-date: /home/mcav/cam_dev_ws/install/pylon_ros2_camera_wrapper/share/pylon_ros2_camera_wrapper/launch/ip_configuration.launch.py\n'}
[41.097127] (pylon_ros2_camera_wrapper) StdoutLine: {'line': b'-- Up-to-date: /home/mcav/cam_dev_ws/install/pylon_ros2_camera_wrapper/share/ament_index/resource_index/package_run_dependencies/pylon_ros2_camera_wrapper\n'}
[41.097292] (pylon_ros2_camera_wrapper) StdoutLine: {'line': b'-- Up-to-date: /home/mcav/cam_dev_ws/install/pylon_ros2_camera_wrapper/share/ament_index/resource_index/parent_prefix_path/pylon_ros2_camera_wrapper\n'}
[41.097455] (pylon_ros2_camera_wrapper) StdoutLine: {'line': b'-- Up-to-date: /home/mcav/cam_dev_ws/install/pylon_ros2_camera_wrapper/share/pylon_ros2_camera_wrapper/environment/ament_prefix_path.sh\n'}
[41.097592] (pylon_ros2_camera_wrapper) StdoutLine: {'line': b'-- Up-to-date: /home/mcav/cam_dev_ws/install/pylon_ros2_camera_wrapper/share/pylon_ros2_camera_wrapper/environment/ament_prefix_path.dsv\n'}
[41.097731] (pylon_ros2_camera_wrapper) StdoutLine: {'line': b'-- Up-to-date: /home/mcav/cam_dev_ws/install/pylon_ros2_camera_wrapper/share/pylon_ros2_camera_wrapper/environment/path.sh\n'}
[41.097862] (pylon_ros2_camera_wrapper) StdoutLine: {'line': b'-- Up-to-date: /home/mcav/cam_dev_ws/install/pylon_ros2_camera_wrapper/share/pylon_ros2_camera_wrapper/environment/path.dsv\n'}
[41.098006] (pylon_ros2_camera_wrapper) StdoutLine: {'line': b'-- Up-to-date: /home/mcav/cam_dev_ws/install/pylon_ros2_camera_wrapper/share/pylon_ros2_camera_wrapper/local_setup.bash\n'}
[41.098673] (pylon_ros2_camera_wrapper) StdoutLine: {'line': b'-- Up-to-date: /home/mcav/cam_dev_ws/install/pylon_ros2_camera_wrapper/share/pylon_ros2_camera_wrapper/local_setup.sh\n'}
[41.098925] (pylon_ros2_camera_wrapper) StdoutLine: {'line': b'-- Up-to-date: /home/mcav/cam_dev_ws/install/pylon_ros2_camera_wrapper/share/pylon_ros2_camera_wrapper/local_setup.zsh\n'}
[41.099062] (pylon_ros2_camera_wrapper) StdoutLine: {'line': b'-- Up-to-date: /home/mcav/cam_dev_ws/install/pylon_ros2_camera_wrapper/share/pylon_ros2_camera_wrapper/local_setup.dsv\n'}
[41.099196] (pylon_ros2_camera_wrapper) StdoutLine: {'line': b'-- Installing: /home/mcav/cam_dev_ws/install/pylon_ros2_camera_wrapper/share/pylon_ros2_camera_wrapper/package.dsv\n'}
[41.099358] (pylon_ros2_camera_wrapper) StdoutLine: {'line': b'-- Up-to-date: /home/mcav/cam_dev_ws/install/pylon_ros2_camera_wrapper/share/ament_index/resource_index/packages/pylon_ros2_camera_wrapper\n'}
[41.099668] (pylon_ros2_camera_wrapper) StdoutLine: {'line': b'-- Up-to-date: /home/mcav/cam_dev_ws/install/pylon_ros2_camera_wrapper/share/ament_index/resource_index/rclcpp_components/pylon_ros2_camera_wrapper\n'}
[41.102898] (pylon_ros2_camera_wrapper) StdoutLine: {'line': b'-- Up-to-date: /home/mcav/cam_dev_ws/install/pylon_ros2_camera_wrapper/share/pylon_ros2_camera_wrapper/cmake/pylon_ros2_camera_wrapperConfig.cmake\n'}
[41.103225] (pylon_ros2_camera_wrapper) StdoutLine: {'line': b'-- Up-to-date: /home/mcav/cam_dev_ws/install/pylon_ros2_camera_wrapper/share/pylon_ros2_camera_wrapper/cmake/pylon_ros2_camera_wrapperConfig-version.cmake\n'}
[41.104486] (pylon_ros2_camera_wrapper) StdoutLine: {'line': b'-- Up-to-date: /home/mcav/cam_dev_ws/install/pylon_ros2_camera_wrapper/share/pylon_ros2_camera_wrapper/package.xml\n'}
[41.104691] (pylon_ros2_camera_wrapper) CommandEnded: {'returncode': 0}
[41.126591] (pylon_ros2_camera_wrapper) JobEnded: {'identifier': 'pylon_ros2_camera_wrapper', 'rc': 0}
[41.127561] (-) EventReactorShutdown: {}
