[0.014s] Invoking command in '/home/mcav/cam_dev_ws/build/pylon_ros2_camera_interfaces': CMAKE_PREFIX_PATH=/opt/ros/humble /opt/cmake-3.27/bin/cmake /home/mcav/cam_dev_ws/src/pylon_ros2_camera/pylon_ros2_camera_interfaces -DCMAKE_INSTALL_PREFIX=/home/mcav/cam_dev_ws/install/pylon_ros2_camera_interfaces
[0.078s] -- The C compiler identification is GNU 11.4.0
[0.153s] -- The CXX compiler identification is GNU 11.4.0
[0.178s] -- Detecting C compiler ABI info
[0.239s] -- Detecting C compiler ABI info - done
[0.253s] -- Check for working C compiler: /usr/lib/ccache/gcc - skipped
[0.254s] -- Detecting C compile features
[0.254s] -- Detecting C compile features - done
[0.268s] -- Detecting CXX compiler ABI info
[0.342s] -- Detecting CXX compiler ABI info - done
[0.358s] -- Check for working CXX compiler: /usr/lib/ccache/g++ - skipped
[0.358s] -- Detecting CXX compile features
[0.359s] -- Detecting CXX compile features - done
[0.362s] -- Found ament_cmake: 1.3.14 (/opt/ros/humble/share/ament_cmake/cmake)
[0.526s] -- Found Python3: /usr/bin/python3 (found version "3.10.12") found components: Interpreter 
[0.636s] -- Found builtin_interfaces: 1.2.3 (/opt/ros/humble/share/builtin_interfaces/cmake)
[0.691s] -- Found rosidl_generator_c: 3.1.9 (/opt/ros/humble/share/rosidl_generator_c/cmake)
[0.701s] -- Found rosidl_adapter: 3.1.9 (/opt/ros/humble/share/rosidl_adapter/cmake)
[0.715s] -- Found rosidl_generator_cpp: 3.1.9 (/opt/ros/humble/share/rosidl_generator_cpp/cmake)
[0.738s] -- Using all available rosidl_typesupport_c: rosidl_typesupport_fastrtps_c;rosidl_typesupport_introspection_c
[0.767s] -- Using all available rosidl_typesupport_cpp: rosidl_typesupport_fastrtps_cpp;rosidl_typesupport_introspection_cpp
[0.794s] -- Found std_msgs: 4.9.1 (/opt/ros/humble/share/std_msgs/cmake)
[0.819s] -- Found sensor_msgs: 4.9.1 (/opt/ros/humble/share/sensor_msgs/cmake)
[0.888s] -- Found std_srvs: 4.9.1 (/opt/ros/humble/share/std_srvs/cmake)
[0.906s] -- Found rosidl_default_generators: 1.2.1 (/opt/ros/humble/share/rosidl_default_generators/cmake)
[1.904s] -- Found ament_cmake_ros: 0.10.0 (/opt/ros/humble/share/ament_cmake_ros/cmake)
[3.190s] -- Using all available rosidl_typesupport_c: rosidl_typesupport_fastrtps_c;rosidl_typesupport_introspection_c
[3.694s] -- Using all available rosidl_typesupport_cpp: rosidl_typesupport_fastrtps_cpp;rosidl_typesupport_introspection_cpp
[3.697s] CMake Warning (dev) at /opt/ros/humble/share/rosidl_generator_py/cmake/rosidl_generator_py_generate_interfaces.cmake:20 (find_package):
[3.697s]   Policy CMP0148 is not set: The FindPythonInterp and FindPythonLibs modules
[3.697s]   are removed.  Run "cmake --help-policy CMP0148" for policy details.  Use
[3.698s]   the cmake_policy command to set the policy and suppress this warning.
[3.698s] 
[3.698s] Call Stack (most recent call first):
[3.698s]   /opt/ros/humble/share/ament_cmake_core/cmake/core/ament_execute_extensions.cmake:48 (include)
[3.698s]   /opt/ros/humble/share/rosidl_cmake/cmake/rosidl_generate_interfaces.cmake:286 (ament_execute_extensions)
[3.698s]   CMakeLists.txt:51 (rosidl_generate_interfaces)
[3.698s] This warning is for project developers.  Use -Wno-dev to suppress it.
[3.699s] 
[3.724s] -- Found PythonInterp: /usr/bin/python3 (found suitable version "3.10.12", minimum required is "3.6") 
[3.727s] -- Found python_cmake_module: 0.10.0 (/opt/ros/humble/share/python_cmake_module/cmake)
[3.728s] CMake Warning (dev) at /opt/ros/humble/share/python_cmake_module/cmake/Modules/FindPythonExtra.cmake:52 (find_package):
[3.728s]   Policy CMP0148 is not set: The FindPythonInterp and FindPythonLibs modules
[3.728s]   are removed.  Run "cmake --help-policy CMP0148" for policy details.  Use
[3.728s]   the cmake_policy command to set the policy and suppress this warning.
[3.728s] 
[3.728s] Call Stack (most recent call first):
[3.728s]   /opt/ros/humble/share/rosidl_generator_py/cmake/rosidl_generator_py_generate_interfaces.cmake:23 (find_package)
[3.728s]   /opt/ros/humble/share/ament_cmake_core/cmake/core/ament_execute_extensions.cmake:48 (include)
[3.729s]   /opt/ros/humble/share/rosidl_cmake/cmake/rosidl_generate_interfaces.cmake:286 (ament_execute_extensions)
[3.729s]   CMakeLists.txt:51 (rosidl_generate_interfaces)
[3.729s] This warning is for project developers.  Use -Wno-dev to suppress it.
[3.729s] 
[3.754s] CMake Warning (dev) at /opt/ros/humble/share/python_cmake_module/cmake/Modules/FindPythonExtra.cmake:140 (find_package):
[3.754s]   Policy CMP0148 is not set: The FindPythonInterp and FindPythonLibs modules
[3.754s]   are removed.  Run "cmake --help-policy CMP0148" for policy details.  Use
[3.754s]   the cmake_policy command to set the policy and suppress this warning.
[3.754s] 
[3.754s] Call Stack (most recent call first):
[3.754s]   /opt/ros/humble/share/rosidl_generator_py/cmake/rosidl_generator_py_generate_interfaces.cmake:23 (find_package)
[3.754s]   /opt/ros/humble/share/ament_cmake_core/cmake/core/ament_execute_extensions.cmake:48 (include)
[3.755s]   /opt/ros/humble/share/rosidl_cmake/cmake/rosidl_generate_interfaces.cmake:286 (ament_execute_extensions)
[3.755s]   CMakeLists.txt:51 (rosidl_generate_interfaces)
[3.755s] This warning is for project developers.  Use -Wno-dev to suppress it.
[3.755s] 
[3.763s] -- Found PythonLibs: /usr/lib/x86_64-linux-gnu/libpython3.10.so (found suitable version "3.10.12", minimum required is "3.5") 
[3.763s] -- Using PYTHON_EXECUTABLE: /usr/bin/python3
[3.764s] -- Using PYTHON_INCLUDE_DIRS: /usr/include/python3.10
[3.764s] -- Using PYTHON_LIBRARIES: /usr/lib/x86_64-linux-gnu/libpython3.10.so
[3.788s] -- Found PythonExtra: .so  
[4.191s] -- Configuring done (4.2s)
[4.333s] -- Generating done (0.1s)
[4.355s] -- Build files have been written to: /home/mcav/cam_dev_ws/build/pylon_ros2_camera_interfaces
[4.369s] Invoked command in '/home/mcav/cam_dev_ws/build/pylon_ros2_camera_interfaces' returned '0': CMAKE_PREFIX_PATH=/opt/ros/humble /opt/cmake-3.27/bin/cmake /home/mcav/cam_dev_ws/src/pylon_ros2_camera/pylon_ros2_camera_interfaces -DCMAKE_INSTALL_PREFIX=/home/mcav/cam_dev_ws/install/pylon_ros2_camera_interfaces
[4.371s] Invoking command in '/home/mcav/cam_dev_ws/build/pylon_ros2_camera_interfaces': CMAKE_PREFIX_PATH=/opt/ros/humble /opt/cmake-3.27/bin/cmake --build /home/mcav/cam_dev_ws/build/pylon_ros2_camera_interfaces -- -j8 -l8
[4.404s] [  0%] [34m[1mGenerating C code for ROS interfaces[0m
[4.407s] [  1%] [34m[1mGenerating Rust code for ROS interfaces[0m
[4.409s] [  1%] Built target ament_cmake_python_copy_pylon_ros2_camera_interfaces
[4.411s] [  1%] [34m[1mGenerating C++ code for ROS interfaces[0m
[4.992s] running egg_info
[4.993s] creating pylon_ros2_camera_interfaces.egg-info
[4.993s] writing pylon_ros2_camera_interfaces.egg-info/PKG-INFO
[4.993s] writing dependency_links to pylon_ros2_camera_interfaces.egg-info/dependency_links.txt
[4.993s] writing top-level names to pylon_ros2_camera_interfaces.egg-info/top_level.txt
[4.994s] writing manifest file 'pylon_ros2_camera_interfaces.egg-info/SOURCES.txt'
[4.996s] reading manifest file 'pylon_ros2_camera_interfaces.egg-info/SOURCES.txt'
[4.997s] writing manifest file 'pylon_ros2_camera_interfaces.egg-info/SOURCES.txt'
[5.020s] [  1%] Built target ament_cmake_python_build_pylon_ros2_camera_interfaces_egg
[7.197s] [  1%] Built target pylon_ros2_camera_interfaces__rs
[9.956s] [  2%] [32mBuilding C object CMakeFiles/pylon_ros2_camera_interfaces__rosidl_generator_c.dir/rosidl_generator_c/pylon_ros2_camera_interfaces/msg/detail/current_params__functions.c.o[0m
[9.956s] [  2%] [32mBuilding C object CMakeFiles/pylon_ros2_camera_interfaces__rosidl_generator_c.dir/rosidl_generator_c/pylon_ros2_camera_interfaces/msg/detail/component_status__functions.c.o[0m
[9.956s] [  3%] [32mBuilding C object CMakeFiles/pylon_ros2_camera_interfaces__rosidl_generator_c.dir/rosidl_generator_c/pylon_ros2_camera_interfaces/srv/detail/get_integer_value__functions.c.o[0m
[9.957s] [  3%] [32mBuilding C object CMakeFiles/pylon_ros2_camera_interfaces__rosidl_generator_c.dir/rosidl_generator_c/pylon_ros2_camera_interfaces/srv/detail/get_float_value__functions.c.o[0m
[9.957s] [  4%] [32mBuilding C object CMakeFiles/pylon_ros2_camera_interfaces__rosidl_generator_c.dir/rosidl_generator_c/pylon_ros2_camera_interfaces/srv/detail/get_string_value__functions.c.o[0m
[9.958s] [  4%] [32mBuilding C object CMakeFiles/pylon_ros2_camera_interfaces__rosidl_generator_c.dir/rosidl_generator_c/pylon_ros2_camera_interfaces/srv/detail/get_ptp_status__functions.c.o[0m
[9.959s] [  5%] [32mBuilding C object CMakeFiles/pylon_ros2_camera_interfaces__rosidl_generator_c.dir/rosidl_generator_c/pylon_ros2_camera_interfaces/srv/detail/set_binning__functions.c.o[0m
[10.136s] [  5%] [32mBuilding C object CMakeFiles/pylon_ros2_camera_interfaces__rosidl_generator_c.dir/rosidl_generator_c/pylon_ros2_camera_interfaces/srv/detail/set_brightness__functions.c.o[0m
[10.139s] [  6%] [32mBuilding C object CMakeFiles/pylon_ros2_camera_interfaces__rosidl_generator_c.dir/rosidl_generator_c/pylon_ros2_camera_interfaces/srv/detail/set_exposure__functions.c.o[0m
[10.144s] [  6%] [32mBuilding C object CMakeFiles/pylon_ros2_camera_interfaces__rosidl_generator_c.dir/rosidl_generator_c/pylon_ros2_camera_interfaces/srv/detail/set_gain__functions.c.o[0m
[10.147s] [  7%] [32mBuilding C object CMakeFiles/pylon_ros2_camera_interfaces__rosidl_generator_c.dir/rosidl_generator_c/pylon_ros2_camera_interfaces/srv/detail/set_gamma__functions.c.o[0m
[10.158s] [  7%] [32mBuilding C object CMakeFiles/pylon_ros2_camera_interfaces__rosidl_generator_c.dir/rosidl_generator_c/pylon_ros2_camera_interfaces/srv/detail/set_roi__functions.c.o[0m
[10.170s] [  8%] [32mBuilding C object CMakeFiles/pylon_ros2_camera_interfaces__rosidl_generator_c.dir/rosidl_generator_c/pylon_ros2_camera_interfaces/srv/detail/set_sleeping__functions.c.o[0m
[10.177s] [  8%] [32mBuilding C object CMakeFiles/pylon_ros2_camera_interfaces__rosidl_generator_c.dir/rosidl_generator_c/pylon_ros2_camera_interfaces/srv/detail/set_white_balance__functions.c.o[0m
[10.308s] [  9%] [32mBuilding C object CMakeFiles/pylon_ros2_camera_interfaces__rosidl_generator_c.dir/rosidl_generator_c/pylon_ros2_camera_interfaces/srv/detail/set_integer_value__functions.c.o[0m
[10.309s] [  9%] [32mBuilding C object CMakeFiles/pylon_ros2_camera_interfaces__rosidl_generator_c.dir/rosidl_generator_c/pylon_ros2_camera_interfaces/srv/detail/set_float_value__functions.c.o[0m
[10.335s] [ 10%] [32mBuilding C object CMakeFiles/pylon_ros2_camera_interfaces__rosidl_generator_c.dir/rosidl_generator_c/pylon_ros2_camera_interfaces/srv/detail/set_string_value__functions.c.o[0m
[10.360s] [ 10%] [32mBuilding C object CMakeFiles/pylon_ros2_camera_interfaces__rosidl_generator_c.dir/rosidl_generator_c/pylon_ros2_camera_interfaces/srv/detail/set_action_trigger_configuration__functions.c.o[0m
[10.362s] [ 11%] [32mBuilding C object CMakeFiles/pylon_ros2_camera_interfaces__rosidl_generator_c.dir/rosidl_generator_c/pylon_ros2_camera_interfaces/srv/detail/issue_action_command__functions.c.o[0m
[10.363s] [ 11%] [32mBuilding C object CMakeFiles/pylon_ros2_camera_interfaces__rosidl_generator_c.dir/rosidl_generator_c/pylon_ros2_camera_interfaces/srv/detail/issue_scheduled_action_command__functions.c.o[0m
[10.370s] [ 12%] [32mBuilding C object CMakeFiles/pylon_ros2_camera_interfaces__rosidl_generator_c.dir/rosidl_generator_c/pylon_ros2_camera_interfaces/action/detail/grab_images__functions.c.o[0m
[10.484s] [ 12%] [32mBuilding C object CMakeFiles/pylon_ros2_camera_interfaces__rosidl_generator_c.dir/rosidl_generator_c/pylon_ros2_camera_interfaces/action/detail/grab_blaze_data__functions.c.o[0m
[10.595s] [ 12%] Built target pylon_ros2_camera_interfaces__cpp
[10.605s] [ 14%] [34m[1mGenerating C++ type support dispatch for ROS interfaces[0m
[10.605s] [ 14%] [34m[1mGenerating C++ introspection for ROS interfaces[0m
[10.605s] [ 15%] [34m[1mGenerating C++ type support for eProsima Fast-RTPS[0m
[10.768s] [ 16%] [32m[1mLinking C shared library libpylon_ros2_camera_interfaces__rosidl_generator_c.so[0m
[10.821s] [ 16%] Built target pylon_ros2_camera_interfaces__rosidl_generator_c
[10.830s] [ 18%] [34m[1mGenerating C type support dispatch for ROS interfaces[0m
[10.831s] [ 18%] [34m[1mGenerating C introspection for ROS interfaces[0m
[10.833s] [ 19%] [34m[1mGenerating C type support for eProsima Fast-RTPS[0m
[15.263s] [ 19%] [32mBuilding CXX object CMakeFiles/pylon_ros2_camera_interfaces__rosidl_typesupport_c.dir/rosidl_typesupport_c/pylon_ros2_camera_interfaces/srv/get_integer_value__type_support.cpp.o[0m
[15.263s] [ 20%] [32mBuilding CXX object CMakeFiles/pylon_ros2_camera_interfaces__rosidl_typesupport_c.dir/rosidl_typesupport_c/pylon_ros2_camera_interfaces/msg/component_status__type_support.cpp.o[0m
[15.266s] [ 20%] [32mBuilding CXX object CMakeFiles/pylon_ros2_camera_interfaces__rosidl_typesupport_c.dir/rosidl_typesupport_c/pylon_ros2_camera_interfaces/msg/current_params__type_support.cpp.o[0m
[15.379s] [ 20%] [32mBuilding CXX object CMakeFiles/pylon_ros2_camera_interfaces__rosidl_typesupport_c.dir/rosidl_typesupport_c/pylon_ros2_camera_interfaces/srv/get_string_value__type_support.cpp.o[0m
[15.381s] [ 21%] [32mBuilding CXX object CMakeFiles/pylon_ros2_camera_interfaces__rosidl_typesupport_c.dir/rosidl_typesupport_c/pylon_ros2_camera_interfaces/srv/get_float_value__type_support.cpp.o[0m
[15.393s] [ 22%] [32mBuilding CXX object CMakeFiles/pylon_ros2_camera_interfaces__rosidl_typesupport_c.dir/rosidl_typesupport_c/pylon_ros2_camera_interfaces/srv/get_ptp_status__type_support.cpp.o[0m
[15.483s] [ 22%] [32mBuilding CXX object CMakeFiles/pylon_ros2_camera_interfaces__rosidl_typesupport_c.dir/rosidl_typesupport_c/pylon_ros2_camera_interfaces/srv/set_binning__type_support.cpp.o[0m
[15.498s] [ 22%] [32mBuilding CXX object CMakeFiles/pylon_ros2_camera_interfaces__rosidl_typesupport_c.dir/rosidl_typesupport_c/pylon_ros2_camera_interfaces/srv/set_exposure__type_support.cpp.o[0m
[15.498s] [ 23%] [32mBuilding CXX object CMakeFiles/pylon_ros2_camera_interfaces__rosidl_typesupport_c.dir/rosidl_typesupport_c/pylon_ros2_camera_interfaces/srv/set_brightness__type_support.cpp.o[0m
[15.596s] [ 24%] [32mBuilding CXX object CMakeFiles/pylon_ros2_camera_interfaces__rosidl_typesupport_c.dir/rosidl_typesupport_c/pylon_ros2_camera_interfaces/srv/set_gain__type_support.cpp.o[0m
[15.605s] [ 24%] [32mBuilding CXX object CMakeFiles/pylon_ros2_camera_interfaces__rosidl_typesupport_c.dir/rosidl_typesupport_c/pylon_ros2_camera_interfaces/srv/set_gamma__type_support.cpp.o[0m
[15.605s] [ 25%] [32mBuilding CXX object CMakeFiles/pylon_ros2_camera_interfaces__rosidl_typesupport_c.dir/rosidl_typesupport_c/pylon_ros2_camera_interfaces/srv/set_roi__type_support.cpp.o[0m
[15.704s] [ 25%] [32mBuilding CXX object CMakeFiles/pylon_ros2_camera_interfaces__rosidl_typesupport_c.dir/rosidl_typesupport_c/pylon_ros2_camera_interfaces/srv/set_sleeping__type_support.cpp.o[0m
[15.704s] [ 26%] [32mBuilding CXX object CMakeFiles/pylon_ros2_camera_interfaces__rosidl_typesupport_c.dir/rosidl_typesupport_c/pylon_ros2_camera_interfaces/srv/set_white_balance__type_support.cpp.o[0m
[15.715s] [ 26%] [32mBuilding CXX object CMakeFiles/pylon_ros2_camera_interfaces__rosidl_typesupport_c.dir/rosidl_typesupport_c/pylon_ros2_camera_interfaces/srv/set_integer_value__type_support.cpp.o[0m
[15.822s] [ 27%] [32mBuilding CXX object CMakeFiles/pylon_ros2_camera_interfaces__rosidl_typesupport_c.dir/rosidl_typesupport_c/pylon_ros2_camera_interfaces/srv/set_float_value__type_support.cpp.o[0m
[15.856s] [ 27%] [32mBuilding CXX object CMakeFiles/pylon_ros2_camera_interfaces__rosidl_typesupport_c.dir/rosidl_typesupport_c/pylon_ros2_camera_interfaces/srv/set_string_value__type_support.cpp.o[0m
[15.869s] [ 28%] [32mBuilding CXX object CMakeFiles/pylon_ros2_camera_interfaces__rosidl_typesupport_c.dir/rosidl_typesupport_c/pylon_ros2_camera_interfaces/srv/set_action_trigger_configuration__type_support.cpp.o[0m
[15.930s] [ 28%] [32mBuilding CXX object CMakeFiles/pylon_ros2_camera_interfaces__rosidl_typesupport_c.dir/rosidl_typesupport_c/pylon_ros2_camera_interfaces/srv/issue_action_command__type_support.cpp.o[0m
[15.978s] [ 29%] [32mBuilding CXX object CMakeFiles/pylon_ros2_camera_interfaces__rosidl_typesupport_c.dir/rosidl_typesupport_c/pylon_ros2_camera_interfaces/srv/issue_scheduled_action_command__type_support.cpp.o[0m
[16.013s] [ 29%] [32mBuilding CXX object CMakeFiles/pylon_ros2_camera_interfaces__rosidl_typesupport_c.dir/rosidl_typesupport_c/pylon_ros2_camera_interfaces/action/grab_images__type_support.cpp.o[0m
[16.065s] [ 30%] [32mBuilding CXX object CMakeFiles/pylon_ros2_camera_interfaces__rosidl_typesupport_c.dir/rosidl_typesupport_c/pylon_ros2_camera_interfaces/action/grab_blaze_data__type_support.cpp.o[0m
[16.229s] [ 30%] [32m[1mLinking CXX shared library libpylon_ros2_camera_interfaces__rosidl_typesupport_c.so[0m
[16.316s] [ 30%] Built target pylon_ros2_camera_interfaces__rosidl_typesupport_c
[16.378s] [ 30%] [32mBuilding CXX object CMakeFiles/pylon_ros2_camera_interfaces__rosidl_typesupport_cpp.dir/rosidl_typesupport_cpp/pylon_ros2_camera_interfaces/msg/current_params__type_support.cpp.o[0m
[16.378s] [ 31%] [32mBuilding CXX object CMakeFiles/pylon_ros2_camera_interfaces__rosidl_typesupport_cpp.dir/rosidl_typesupport_cpp/pylon_ros2_camera_interfaces/msg/component_status__type_support.cpp.o[0m
[16.379s] [ 31%] [32mBuilding CXX object CMakeFiles/pylon_ros2_camera_interfaces__rosidl_typesupport_cpp.dir/rosidl_typesupport_cpp/pylon_ros2_camera_interfaces/srv/get_integer_value__type_support.cpp.o[0m
[16.387s] [ 32%] [32mBuilding CXX object CMakeFiles/pylon_ros2_camera_interfaces__rosidl_typesupport_cpp.dir/rosidl_typesupport_cpp/pylon_ros2_camera_interfaces/srv/get_float_value__type_support.cpp.o[0m
[17.058s] [ 32%] [32mBuilding CXX object CMakeFiles/pylon_ros2_camera_interfaces__rosidl_typesupport_introspection_cpp.dir/rosidl_typesupport_introspection_cpp/pylon_ros2_camera_interfaces/msg/detail/current_params__type_support.cpp.o[0m
[17.235s] [ 32%] [32mBuilding CXX object CMakeFiles/pylon_ros2_camera_interfaces__rosidl_typesupport_cpp.dir/rosidl_typesupport_cpp/pylon_ros2_camera_interfaces/srv/get_string_value__type_support.cpp.o[0m
[17.236s] [ 33%] [32mBuilding CXX object CMakeFiles/pylon_ros2_camera_interfaces__rosidl_typesupport_cpp.dir/rosidl_typesupport_cpp/pylon_ros2_camera_interfaces/srv/get_ptp_status__type_support.cpp.o[0m
[17.250s] [ 33%] [32mBuilding CXX object CMakeFiles/pylon_ros2_camera_interfaces__rosidl_typesupport_cpp.dir/rosidl_typesupport_cpp/pylon_ros2_camera_interfaces/srv/set_binning__type_support.cpp.o[0m
[17.279s] [ 34%] [32mBuilding CXX object CMakeFiles/pylon_ros2_camera_interfaces__rosidl_typesupport_cpp.dir/rosidl_typesupport_cpp/pylon_ros2_camera_interfaces/srv/set_brightness__type_support.cpp.o[0m
[17.476s] [ 34%] [32mBuilding C object CMakeFiles/pylon_ros2_camera_interfaces__rosidl_typesupport_introspection_c.dir/rosidl_typesupport_introspection_c/pylon_ros2_camera_interfaces/msg/detail/current_params__type_support.c.o[0m
[17.628s] [ 35%] [32mBuilding C object CMakeFiles/pylon_ros2_camera_interfaces__rosidl_typesupport_introspection_c.dir/rosidl_typesupport_introspection_c/pylon_ros2_camera_interfaces/msg/detail/component_status__type_support.c.o[0m
[17.761s] [ 35%] [32mBuilding C object CMakeFiles/pylon_ros2_camera_interfaces__rosidl_typesupport_introspection_c.dir/rosidl_typesupport_introspection_c/pylon_ros2_camera_interfaces/srv/detail/get_integer_value__type_support.c.o[0m
[17.891s] [ 36%] [32mBuilding C object CMakeFiles/pylon_ros2_camera_interfaces__rosidl_typesupport_introspection_c.dir/rosidl_typesupport_introspection_c/pylon_ros2_camera_interfaces/srv/detail/get_float_value__type_support.c.o[0m
[18.018s] [ 36%] [32mBuilding CXX object CMakeFiles/pylon_ros2_camera_interfaces__rosidl_typesupport_cpp.dir/rosidl_typesupport_cpp/pylon_ros2_camera_interfaces/srv/set_exposure__type_support.cpp.o[0m
[18.030s] [ 36%] [32mBuilding C object CMakeFiles/pylon_ros2_camera_interfaces__rosidl_typesupport_introspection_c.dir/rosidl_typesupport_introspection_c/pylon_ros2_camera_interfaces/srv/detail/get_string_value__type_support.c.o[0m
[18.063s] [ 37%] [32mBuilding CXX object CMakeFiles/pylon_ros2_camera_interfaces__rosidl_typesupport_introspection_cpp.dir/rosidl_typesupport_introspection_cpp/pylon_ros2_camera_interfaces/msg/detail/component_status__type_support.cpp.o[0m
[18.095s] [ 38%] [32mBuilding CXX object CMakeFiles/pylon_ros2_camera_interfaces__rosidl_typesupport_cpp.dir/rosidl_typesupport_cpp/pylon_ros2_camera_interfaces/srv/set_gain__type_support.cpp.o[0m
[18.174s] [ 39%] [32mBuilding C object CMakeFiles/pylon_ros2_camera_interfaces__rosidl_typesupport_introspection_c.dir/rosidl_typesupport_introspection_c/pylon_ros2_camera_interfaces/srv/detail/get_ptp_status__type_support.c.o[0m
[18.260s] [ 39%] [32mBuilding CXX object CMakeFiles/pylon_ros2_camera_interfaces__rosidl_typesupport_fastrtps_c.dir/rosidl_typesupport_fastrtps_c/pylon_ros2_camera_interfaces/msg/detail/current_params__type_support_c.cpp.o[0m
[18.309s] [ 39%] [32mBuilding CXX object CMakeFiles/pylon_ros2_camera_interfaces__rosidl_typesupport_cpp.dir/rosidl_typesupport_cpp/pylon_ros2_camera_interfaces/srv/set_gamma__type_support.cpp.o[0m
[18.312s] [ 39%] [32mBuilding CXX object CMakeFiles/pylon_ros2_camera_interfaces__rosidl_typesupport_introspection_cpp.dir/rosidl_typesupport_introspection_cpp/pylon_ros2_camera_interfaces/srv/detail/get_integer_value__type_support.cpp.o[0m
[18.316s] [ 39%] [32mBuilding C object CMakeFiles/pylon_ros2_camera_interfaces__rosidl_typesupport_introspection_c.dir/rosidl_typesupport_introspection_c/pylon_ros2_camera_interfaces/srv/detail/set_binning__type_support.c.o[0m
[18.460s] [ 40%] [32mBuilding C object CMakeFiles/pylon_ros2_camera_interfaces__rosidl_typesupport_introspection_c.dir/rosidl_typesupport_introspection_c/pylon_ros2_camera_interfaces/srv/detail/set_brightness__type_support.c.o[0m
[18.536s] [ 40%] [32mBuilding CXX object CMakeFiles/pylon_ros2_camera_interfaces__rosidl_typesupport_fastrtps_cpp.dir/rosidl_typesupport_fastrtps_cpp/pylon_ros2_camera_interfaces/msg/detail/dds_fastrtps/current_params__type_support.cpp.o[0m
[18.600s] [ 40%] [32mBuilding C object CMakeFiles/pylon_ros2_camera_interfaces__rosidl_typesupport_introspection_c.dir/rosidl_typesupport_introspection_c/pylon_ros2_camera_interfaces/srv/detail/set_exposure__type_support.c.o[0m
[18.785s] [ 41%] [32mBuilding C object CMakeFiles/pylon_ros2_camera_interfaces__rosidl_typesupport_introspection_c.dir/rosidl_typesupport_introspection_c/pylon_ros2_camera_interfaces/srv/detail/set_gain__type_support.c.o[0m
[18.848s] [ 42%] [32mBuilding CXX object CMakeFiles/pylon_ros2_camera_interfaces__rosidl_typesupport_cpp.dir/rosidl_typesupport_cpp/pylon_ros2_camera_interfaces/srv/set_roi__type_support.cpp.o[0m
[18.910s] [ 42%] [32mBuilding CXX object CMakeFiles/pylon_ros2_camera_interfaces__rosidl_typesupport_cpp.dir/rosidl_typesupport_cpp/pylon_ros2_camera_interfaces/srv/set_sleeping__type_support.cpp.o[0m
[18.969s] [ 42%] [32mBuilding C object CMakeFiles/pylon_ros2_camera_interfaces__rosidl_typesupport_introspection_c.dir/rosidl_typesupport_introspection_c/pylon_ros2_camera_interfaces/srv/detail/set_gamma__type_support.c.o[0m
[19.109s] [ 43%] [32mBuilding C object CMakeFiles/pylon_ros2_camera_interfaces__rosidl_typesupport_introspection_c.dir/rosidl_typesupport_introspection_c/pylon_ros2_camera_interfaces/srv/detail/set_roi__type_support.c.o[0m
[19.140s] [ 44%] [32mBuilding CXX object CMakeFiles/pylon_ros2_camera_interfaces__rosidl_typesupport_cpp.dir/rosidl_typesupport_cpp/pylon_ros2_camera_interfaces/srv/set_white_balance__type_support.cpp.o[0m
[19.194s] [ 45%] [32mBuilding CXX object CMakeFiles/pylon_ros2_camera_interfaces__rosidl_typesupport_introspection_cpp.dir/rosidl_typesupport_introspection_cpp/pylon_ros2_camera_interfaces/srv/detail/get_float_value__type_support.cpp.o[0m
[19.266s] [ 45%] [32mBuilding C object CMakeFiles/pylon_ros2_camera_interfaces__rosidl_typesupport_introspection_c.dir/rosidl_typesupport_introspection_c/pylon_ros2_camera_interfaces/srv/detail/set_sleeping__type_support.c.o[0m
[19.385s] [ 46%] [32mBuilding C object CMakeFiles/pylon_ros2_camera_interfaces__rosidl_typesupport_introspection_c.dir/rosidl_typesupport_introspection_c/pylon_ros2_camera_interfaces/srv/detail/set_white_balance__type_support.c.o[0m
[19.470s] [ 46%] [32mBuilding C object CMakeFiles/pylon_ros2_camera_interfaces__rosidl_typesupport_introspection_c.dir/rosidl_typesupport_introspection_c/pylon_ros2_camera_interfaces/srv/detail/set_integer_value__type_support.c.o[0m
[19.495s] [ 47%] [32mBuilding CXX object CMakeFiles/pylon_ros2_camera_interfaces__rosidl_typesupport_fastrtps_c.dir/rosidl_typesupport_fastrtps_c/pylon_ros2_camera_interfaces/msg/detail/component_status__type_support_c.cpp.o[0m
[19.556s] [ 48%] [32mBuilding C object CMakeFiles/pylon_ros2_camera_interfaces__rosidl_typesupport_introspection_c.dir/rosidl_typesupport_introspection_c/pylon_ros2_camera_interfaces/srv/detail/set_float_value__type_support.c.o[0m
[19.622s] [ 48%] [32mBuilding C object CMakeFiles/pylon_ros2_camera_interfaces__rosidl_typesupport_introspection_c.dir/rosidl_typesupport_introspection_c/pylon_ros2_camera_interfaces/srv/detail/set_string_value__type_support.c.o[0m
[19.693s] [ 48%] [32mBuilding CXX object CMakeFiles/pylon_ros2_camera_interfaces__rosidl_typesupport_cpp.dir/rosidl_typesupport_cpp/pylon_ros2_camera_interfaces/srv/set_integer_value__type_support.cpp.o[0m
[19.706s] [ 49%] [32mBuilding C object CMakeFiles/pylon_ros2_camera_interfaces__rosidl_typesupport_introspection_c.dir/rosidl_typesupport_introspection_c/pylon_ros2_camera_interfaces/srv/detail/set_action_trigger_configuration__type_support.c.o[0m
[19.749s] [ 49%] [32mBuilding C object CMakeFiles/pylon_ros2_camera_interfaces__rosidl_typesupport_introspection_c.dir/rosidl_typesupport_introspection_c/pylon_ros2_camera_interfaces/srv/detail/issue_action_command__type_support.c.o[0m
[19.810s] [ 50%] [32mBuilding CXX object CMakeFiles/pylon_ros2_camera_interfaces__rosidl_typesupport_cpp.dir/rosidl_typesupport_cpp/pylon_ros2_camera_interfaces/srv/set_float_value__type_support.cpp.o[0m
[19.849s] [ 51%] [32mBuilding C object CMakeFiles/pylon_ros2_camera_interfaces__rosidl_typesupport_introspection_c.dir/rosidl_typesupport_introspection_c/pylon_ros2_camera_interfaces/srv/detail/issue_scheduled_action_command__type_support.c.o[0m
[19.876s] [ 52%] [32mBuilding CXX object CMakeFiles/pylon_ros2_camera_interfaces__rosidl_typesupport_fastrtps_cpp.dir/rosidl_typesupport_fastrtps_cpp/pylon_ros2_camera_interfaces/msg/detail/dds_fastrtps/component_status__type_support.cpp.o[0m
[19.893s] [ 52%] [32mBuilding C object CMakeFiles/pylon_ros2_camera_interfaces__rosidl_typesupport_introspection_c.dir/rosidl_typesupport_introspection_c/pylon_ros2_camera_interfaces/action/detail/grab_images__type_support.c.o[0m
[19.984s] [ 53%] [32mBuilding C object CMakeFiles/pylon_ros2_camera_interfaces__rosidl_typesupport_introspection_c.dir/rosidl_typesupport_introspection_c/pylon_ros2_camera_interfaces/action/detail/grab_blaze_data__type_support.c.o[0m
[20.011s] [ 53%] [32mBuilding CXX object CMakeFiles/pylon_ros2_camera_interfaces__rosidl_typesupport_cpp.dir/rosidl_typesupport_cpp/pylon_ros2_camera_interfaces/srv/set_string_value__type_support.cpp.o[0m
[20.160s] [ 54%] [32mBuilding CXX object CMakeFiles/pylon_ros2_camera_interfaces__rosidl_typesupport_cpp.dir/rosidl_typesupport_cpp/pylon_ros2_camera_interfaces/srv/set_action_trigger_configuration__type_support.cpp.o[0m
[20.280s] [ 54%] [32m[1mLinking C shared library libpylon_ros2_camera_interfaces__rosidl_typesupport_introspection_c.so[0m
[20.333s] [ 54%] [32mBuilding CXX object CMakeFiles/pylon_ros2_camera_interfaces__rosidl_typesupport_introspection_cpp.dir/rosidl_typesupport_introspection_cpp/pylon_ros2_camera_interfaces/srv/detail/get_string_value__type_support.cpp.o[0m
[20.370s] [ 54%] Built target pylon_ros2_camera_interfaces__rosidl_typesupport_introspection_c
[20.375s] [ 55%] [32mBuilding CXX object CMakeFiles/pylon_ros2_camera_interfaces__rosidl_typesupport_introspection_cpp.dir/rosidl_typesupport_introspection_cpp/pylon_ros2_camera_interfaces/srv/detail/get_ptp_status__type_support.cpp.o[0m
[20.526s] [ 55%] [32mBuilding CXX object CMakeFiles/pylon_ros2_camera_interfaces__rosidl_typesupport_fastrtps_c.dir/rosidl_typesupport_fastrtps_c/pylon_ros2_camera_interfaces/srv/detail/get_integer_value__type_support_c.cpp.o[0m
[20.608s] [ 55%] [32mBuilding CXX object CMakeFiles/pylon_ros2_camera_interfaces__rosidl_typesupport_cpp.dir/rosidl_typesupport_cpp/pylon_ros2_camera_interfaces/srv/issue_action_command__type_support.cpp.o[0m
[20.631s] [ 56%] [32mBuilding CXX object CMakeFiles/pylon_ros2_camera_interfaces__rosidl_typesupport_cpp.dir/rosidl_typesupport_cpp/pylon_ros2_camera_interfaces/srv/issue_scheduled_action_command__type_support.cpp.o[0m
[20.869s] [ 56%] [32mBuilding CXX object CMakeFiles/pylon_ros2_camera_interfaces__rosidl_typesupport_cpp.dir/rosidl_typesupport_cpp/pylon_ros2_camera_interfaces/action/grab_images__type_support.cpp.o[0m
[21.004s] [ 56%] [32mBuilding CXX object CMakeFiles/pylon_ros2_camera_interfaces__rosidl_typesupport_fastrtps_cpp.dir/rosidl_typesupport_fastrtps_cpp/pylon_ros2_camera_interfaces/srv/detail/dds_fastrtps/get_integer_value__type_support.cpp.o[0m
[21.129s] [ 57%] [32mBuilding CXX object CMakeFiles/pylon_ros2_camera_interfaces__rosidl_typesupport_cpp.dir/rosidl_typesupport_cpp/pylon_ros2_camera_interfaces/action/grab_blaze_data__type_support.cpp.o[0m
[21.395s] [ 57%] [32mBuilding CXX object CMakeFiles/pylon_ros2_camera_interfaces__rosidl_typesupport_introspection_cpp.dir/rosidl_typesupport_introspection_cpp/pylon_ros2_camera_interfaces/srv/detail/set_binning__type_support.cpp.o[0m
[21.438s] [ 58%] [32mBuilding CXX object CMakeFiles/pylon_ros2_camera_interfaces__rosidl_typesupport_fastrtps_cpp.dir/rosidl_typesupport_fastrtps_cpp/pylon_ros2_camera_interfaces/srv/detail/dds_fastrtps/get_float_value__type_support.cpp.o[0m
[21.559s] [ 58%] [32mBuilding CXX object CMakeFiles/pylon_ros2_camera_interfaces__rosidl_typesupport_fastrtps_cpp.dir/rosidl_typesupport_fastrtps_cpp/pylon_ros2_camera_interfaces/srv/detail/dds_fastrtps/get_string_value__type_support.cpp.o[0m
[21.587s] [ 59%] [32mBuilding CXX object CMakeFiles/pylon_ros2_camera_interfaces__rosidl_typesupport_fastrtps_c.dir/rosidl_typesupport_fastrtps_c/pylon_ros2_camera_interfaces/srv/detail/get_float_value__type_support_c.cpp.o[0m
[21.596s] [ 60%] [32mBuilding CXX object CMakeFiles/pylon_ros2_camera_interfaces__rosidl_typesupport_introspection_cpp.dir/rosidl_typesupport_introspection_cpp/pylon_ros2_camera_interfaces/srv/detail/set_brightness__type_support.cpp.o[0m
[22.188s] [ 61%] [32mBuilding CXX object CMakeFiles/pylon_ros2_camera_interfaces__rosidl_typesupport_fastrtps_cpp.dir/rosidl_typesupport_fastrtps_cpp/pylon_ros2_camera_interfaces/srv/detail/dds_fastrtps/get_ptp_status__type_support.cpp.o[0m
[22.351s] [ 61%] [32mBuilding CXX object CMakeFiles/pylon_ros2_camera_interfaces__rosidl_typesupport_fastrtps_cpp.dir/rosidl_typesupport_fastrtps_cpp/pylon_ros2_camera_interfaces/srv/detail/dds_fastrtps/set_binning__type_support.cpp.o[0m
[22.467s] [ 61%] [32m[1mLinking CXX shared library libpylon_ros2_camera_interfaces__rosidl_typesupport_cpp.so[0m
[22.570s] [ 61%] Built target pylon_ros2_camera_interfaces__rosidl_typesupport_cpp
[22.575s] [ 62%] [32mBuilding CXX object CMakeFiles/pylon_ros2_camera_interfaces__rosidl_typesupport_fastrtps_cpp.dir/rosidl_typesupport_fastrtps_cpp/pylon_ros2_camera_interfaces/srv/detail/dds_fastrtps/set_brightness__type_support.cpp.o[0m
[22.589s] [ 62%] [32mBuilding CXX object CMakeFiles/pylon_ros2_camera_interfaces__rosidl_typesupport_introspection_cpp.dir/rosidl_typesupport_introspection_cpp/pylon_ros2_camera_interfaces/srv/detail/set_exposure__type_support.cpp.o[0m
[22.729s] [ 62%] [32mBuilding CXX object CMakeFiles/pylon_ros2_camera_interfaces__rosidl_typesupport_fastrtps_cpp.dir/rosidl_typesupport_fastrtps_cpp/pylon_ros2_camera_interfaces/srv/detail/dds_fastrtps/set_exposure__type_support.cpp.o[0m
[22.772s] [ 63%] [32mBuilding CXX object CMakeFiles/pylon_ros2_camera_interfaces__rosidl_typesupport_fastrtps_cpp.dir/rosidl_typesupport_fastrtps_cpp/pylon_ros2_camera_interfaces/srv/detail/dds_fastrtps/set_gain__type_support.cpp.o[0m
[22.813s] [ 63%] [32mBuilding CXX object CMakeFiles/pylon_ros2_camera_interfaces__rosidl_typesupport_fastrtps_c.dir/rosidl_typesupport_fastrtps_c/pylon_ros2_camera_interfaces/srv/detail/get_string_value__type_support_c.cpp.o[0m
[22.837s] [ 63%] [32mBuilding CXX object CMakeFiles/pylon_ros2_camera_interfaces__rosidl_typesupport_fastrtps_cpp.dir/rosidl_typesupport_fastrtps_cpp/pylon_ros2_camera_interfaces/srv/detail/dds_fastrtps/set_gamma__type_support.cpp.o[0m
[23.370s] [ 64%] [32mBuilding CXX object CMakeFiles/pylon_ros2_camera_interfaces__rosidl_typesupport_introspection_cpp.dir/rosidl_typesupport_introspection_cpp/pylon_ros2_camera_interfaces/srv/detail/set_gain__type_support.cpp.o[0m
[23.709s] [ 65%] [32mBuilding CXX object CMakeFiles/pylon_ros2_camera_interfaces__rosidl_typesupport_fastrtps_cpp.dir/rosidl_typesupport_fastrtps_cpp/pylon_ros2_camera_interfaces/srv/detail/dds_fastrtps/set_roi__type_support.cpp.o[0m
[23.717s] [ 65%] [32mBuilding CXX object CMakeFiles/pylon_ros2_camera_interfaces__rosidl_typesupport_introspection_cpp.dir/rosidl_typesupport_introspection_cpp/pylon_ros2_camera_interfaces/srv/detail/set_gamma__type_support.cpp.o[0m
[23.782s] [ 65%] [32mBuilding CXX object CMakeFiles/pylon_ros2_camera_interfaces__rosidl_typesupport_fastrtps_cpp.dir/rosidl_typesupport_fastrtps_cpp/pylon_ros2_camera_interfaces/srv/detail/dds_fastrtps/set_sleeping__type_support.cpp.o[0m
[23.913s] [ 66%] [32mBuilding CXX object CMakeFiles/pylon_ros2_camera_interfaces__rosidl_typesupport_fastrtps_c.dir/rosidl_typesupport_fastrtps_c/pylon_ros2_camera_interfaces/srv/detail/get_ptp_status__type_support_c.cpp.o[0m
[24.031s] [ 67%] [32mBuilding CXX object CMakeFiles/pylon_ros2_camera_interfaces__rosidl_typesupport_fastrtps_cpp.dir/rosidl_typesupport_fastrtps_cpp/pylon_ros2_camera_interfaces/srv/detail/dds_fastrtps/set_white_balance__type_support.cpp.o[0m
[24.044s] [ 67%] [32mBuilding CXX object CMakeFiles/pylon_ros2_camera_interfaces__rosidl_typesupport_fastrtps_cpp.dir/rosidl_typesupport_fastrtps_cpp/pylon_ros2_camera_interfaces/srv/detail/dds_fastrtps/set_integer_value__type_support.cpp.o[0m
[24.157s] [ 68%] [32mBuilding CXX object CMakeFiles/pylon_ros2_camera_interfaces__rosidl_typesupport_introspection_cpp.dir/rosidl_typesupport_introspection_cpp/pylon_ros2_camera_interfaces/srv/detail/set_roi__type_support.cpp.o[0m
[24.572s] [ 68%] [32mBuilding CXX object CMakeFiles/pylon_ros2_camera_interfaces__rosidl_typesupport_introspection_cpp.dir/rosidl_typesupport_introspection_cpp/pylon_ros2_camera_interfaces/srv/detail/set_sleeping__type_support.cpp.o[0m
[24.907s] [ 69%] [32mBuilding CXX object CMakeFiles/pylon_ros2_camera_interfaces__rosidl_typesupport_introspection_cpp.dir/rosidl_typesupport_introspection_cpp/pylon_ros2_camera_interfaces/srv/detail/set_white_balance__type_support.cpp.o[0m
[24.958s] [ 70%] [32mBuilding CXX object CMakeFiles/pylon_ros2_camera_interfaces__rosidl_typesupport_fastrtps_c.dir/rosidl_typesupport_fastrtps_c/pylon_ros2_camera_interfaces/srv/detail/set_binning__type_support_c.cpp.o[0m
[24.958s] [ 70%] [32mBuilding CXX object CMakeFiles/pylon_ros2_camera_interfaces__rosidl_typesupport_fastrtps_cpp.dir/rosidl_typesupport_fastrtps_cpp/pylon_ros2_camera_interfaces/srv/detail/dds_fastrtps/set_float_value__type_support.cpp.o[0m
[25.096s] [ 70%] [32mBuilding CXX object CMakeFiles/pylon_ros2_camera_interfaces__rosidl_typesupport_fastrtps_cpp.dir/rosidl_typesupport_fastrtps_cpp/pylon_ros2_camera_interfaces/srv/detail/dds_fastrtps/set_string_value__type_support.cpp.o[0m
[25.308s] [ 70%] [32mBuilding CXX object CMakeFiles/pylon_ros2_camera_interfaces__rosidl_typesupport_introspection_cpp.dir/rosidl_typesupport_introspection_cpp/pylon_ros2_camera_interfaces/srv/detail/set_integer_value__type_support.cpp.o[0m
[25.312s] [ 71%] [32mBuilding CXX object CMakeFiles/pylon_ros2_camera_interfaces__rosidl_typesupport_fastrtps_cpp.dir/rosidl_typesupport_fastrtps_cpp/pylon_ros2_camera_interfaces/srv/detail/dds_fastrtps/set_action_trigger_configuration__type_support.cpp.o[0m
[25.321s] [ 71%] [32mBuilding CXX object CMakeFiles/pylon_ros2_camera_interfaces__rosidl_typesupport_fastrtps_cpp.dir/rosidl_typesupport_fastrtps_cpp/pylon_ros2_camera_interfaces/srv/detail/dds_fastrtps/issue_action_command__type_support.cpp.o[0m
[25.692s] [ 72%] [32mBuilding CXX object CMakeFiles/pylon_ros2_camera_interfaces__rosidl_typesupport_introspection_cpp.dir/rosidl_typesupport_introspection_cpp/pylon_ros2_camera_interfaces/srv/detail/set_float_value__type_support.cpp.o[0m
[26.107s] [ 73%] [32mBuilding CXX object CMakeFiles/pylon_ros2_camera_interfaces__rosidl_typesupport_fastrtps_c.dir/rosidl_typesupport_fastrtps_c/pylon_ros2_camera_interfaces/srv/detail/set_brightness__type_support_c.cpp.o[0m
[26.132s] [ 74%] [32mBuilding CXX object CMakeFiles/pylon_ros2_camera_interfaces__rosidl_typesupport_fastrtps_cpp.dir/rosidl_typesupport_fastrtps_cpp/pylon_ros2_camera_interfaces/srv/detail/dds_fastrtps/issue_scheduled_action_command__type_support.cpp.o[0m
[26.173s] [ 74%] [32mBuilding CXX object CMakeFiles/pylon_ros2_camera_interfaces__rosidl_typesupport_fastrtps_cpp.dir/rosidl_typesupport_fastrtps_cpp/pylon_ros2_camera_interfaces/action/detail/dds_fastrtps/grab_images__type_support.cpp.o[0m
[26.367s] [ 75%] [32mBuilding CXX object CMakeFiles/pylon_ros2_camera_interfaces__rosidl_typesupport_fastrtps_cpp.dir/rosidl_typesupport_fastrtps_cpp/pylon_ros2_camera_interfaces/action/detail/dds_fastrtps/grab_blaze_data__type_support.cpp.o[0m
[26.482s] [ 75%] [32mBuilding CXX object CMakeFiles/pylon_ros2_camera_interfaces__rosidl_typesupport_fastrtps_c.dir/rosidl_typesupport_fastrtps_c/pylon_ros2_camera_interfaces/srv/detail/set_exposure__type_support_c.cpp.o[0m
[26.518s] [ 76%] [32mBuilding CXX object CMakeFiles/pylon_ros2_camera_interfaces__rosidl_typesupport_fastrtps_c.dir/rosidl_typesupport_fastrtps_c/pylon_ros2_camera_interfaces/srv/detail/set_gain__type_support_c.cpp.o[0m
[26.723s] [ 76%] [32mBuilding CXX object CMakeFiles/pylon_ros2_camera_interfaces__rosidl_typesupport_fastrtps_c.dir/rosidl_typesupport_fastrtps_c/pylon_ros2_camera_interfaces/srv/detail/set_gamma__type_support_c.cpp.o[0m
[26.949s] [ 76%] [32mBuilding CXX object CMakeFiles/pylon_ros2_camera_interfaces__rosidl_typesupport_introspection_cpp.dir/rosidl_typesupport_introspection_cpp/pylon_ros2_camera_interfaces/srv/detail/set_string_value__type_support.cpp.o[0m
[27.147s] [ 77%] [32mBuilding CXX object CMakeFiles/pylon_ros2_camera_interfaces__rosidl_typesupport_fastrtps_c.dir/rosidl_typesupport_fastrtps_c/pylon_ros2_camera_interfaces/srv/detail/set_roi__type_support_c.cpp.o[0m
[27.334s] [ 77%] [32mBuilding CXX object CMakeFiles/pylon_ros2_camera_interfaces__rosidl_typesupport_fastrtps_c.dir/rosidl_typesupport_fastrtps_c/pylon_ros2_camera_interfaces/srv/detail/set_sleeping__type_support_c.cpp.o[0m
[27.593s] [ 78%] [32mBuilding CXX object CMakeFiles/pylon_ros2_camera_interfaces__rosidl_typesupport_fastrtps_c.dir/rosidl_typesupport_fastrtps_c/pylon_ros2_camera_interfaces/srv/detail/set_white_balance__type_support_c.cpp.o[0m
[27.713s] [ 78%] [32mBuilding CXX object CMakeFiles/pylon_ros2_camera_interfaces__rosidl_typesupport_fastrtps_c.dir/rosidl_typesupport_fastrtps_c/pylon_ros2_camera_interfaces/srv/detail/set_integer_value__type_support_c.cpp.o[0m
[27.909s] [ 79%] [32mBuilding CXX object CMakeFiles/pylon_ros2_camera_interfaces__rosidl_typesupport_fastrtps_c.dir/rosidl_typesupport_fastrtps_c/pylon_ros2_camera_interfaces/srv/detail/set_float_value__type_support_c.cpp.o[0m
[28.139s] [ 80%] [32mBuilding CXX object CMakeFiles/pylon_ros2_camera_interfaces__rosidl_typesupport_introspection_cpp.dir/rosidl_typesupport_introspection_cpp/pylon_ros2_camera_interfaces/srv/detail/set_action_trigger_configuration__type_support.cpp.o[0m
[28.213s] [ 80%] [32mBuilding CXX object CMakeFiles/pylon_ros2_camera_interfaces__rosidl_typesupport_fastrtps_c.dir/rosidl_typesupport_fastrtps_c/pylon_ros2_camera_interfaces/srv/detail/set_string_value__type_support_c.cpp.o[0m
[28.367s] [ 81%] [32mBuilding CXX object CMakeFiles/pylon_ros2_camera_interfaces__rosidl_typesupport_fastrtps_c.dir/rosidl_typesupport_fastrtps_c/pylon_ros2_camera_interfaces/srv/detail/set_action_trigger_configuration__type_support_c.cpp.o[0m
[28.374s] [ 81%] [32m[1mLinking CXX shared library libpylon_ros2_camera_interfaces__rosidl_typesupport_fastrtps_cpp.so[0m
[28.488s] [ 81%] [32mBuilding CXX object CMakeFiles/pylon_ros2_camera_interfaces__rosidl_typesupport_fastrtps_c.dir/rosidl_typesupport_fastrtps_c/pylon_ros2_camera_interfaces/srv/detail/issue_action_command__type_support_c.cpp.o[0m
[28.648s] [ 82%] [32mBuilding CXX object CMakeFiles/pylon_ros2_camera_interfaces__rosidl_typesupport_fastrtps_c.dir/rosidl_typesupport_fastrtps_c/pylon_ros2_camera_interfaces/srv/detail/issue_scheduled_action_command__type_support_c.cpp.o[0m
[28.654s] [ 82%] Built target pylon_ros2_camera_interfaces__rosidl_typesupport_fastrtps_cpp
[28.659s] [ 82%] [32mBuilding CXX object CMakeFiles/pylon_ros2_camera_interfaces__rosidl_typesupport_fastrtps_c.dir/rosidl_typesupport_fastrtps_c/pylon_ros2_camera_interfaces/action/detail/grab_images__type_support_c.cpp.o[0m
[28.901s] [ 83%] [32mBuilding CXX object CMakeFiles/pylon_ros2_camera_interfaces__rosidl_typesupport_fastrtps_c.dir/rosidl_typesupport_fastrtps_c/pylon_ros2_camera_interfaces/action/detail/grab_blaze_data__type_support_c.cpp.o[0m
[28.982s] [ 83%] [32mBuilding CXX object CMakeFiles/pylon_ros2_camera_interfaces__rosidl_typesupport_introspection_cpp.dir/rosidl_typesupport_introspection_cpp/pylon_ros2_camera_interfaces/srv/detail/issue_action_command__type_support.cpp.o[0m
[29.191s] [ 84%] [32mBuilding CXX object CMakeFiles/pylon_ros2_camera_interfaces__rosidl_typesupport_introspection_cpp.dir/rosidl_typesupport_introspection_cpp/pylon_ros2_camera_interfaces/srv/detail/issue_scheduled_action_command__type_support.cpp.o[0m
[29.360s] [ 84%] [32mBuilding CXX object CMakeFiles/pylon_ros2_camera_interfaces__rosidl_typesupport_introspection_cpp.dir/rosidl_typesupport_introspection_cpp/pylon_ros2_camera_interfaces/action/detail/grab_images__type_support.cpp.o[0m
[29.394s] [ 85%] [32mBuilding CXX object CMakeFiles/pylon_ros2_camera_interfaces__rosidl_typesupport_introspection_cpp.dir/rosidl_typesupport_introspection_cpp/pylon_ros2_camera_interfaces/action/detail/grab_blaze_data__type_support.cpp.o[0m
[30.177s] [ 85%] [32m[1mLinking CXX shared library libpylon_ros2_camera_interfaces__rosidl_typesupport_fastrtps_c.so[0m
[30.309s] [ 85%] Built target pylon_ros2_camera_interfaces__rosidl_typesupport_fastrtps_c
[30.890s] [ 85%] [32m[1mLinking CXX shared library libpylon_ros2_camera_interfaces__rosidl_typesupport_introspection_cpp.so[0m
[31.005s] [ 85%] Built target pylon_ros2_camera_interfaces__rosidl_typesupport_introspection_cpp
[31.017s] [ 85%] Built target pylon_ros2_camera_interfaces
[31.029s] [ 86%] [34m[1mGenerating Python code for ROS interfaces[0m
[40.093s] [ 86%] Built target pylon_ros2_camera_interfaces__py
[40.106s] [ 86%] [32mBuilding C object CMakeFiles/pylon_ros2_camera_interfaces__rosidl_generator_py.dir/rosidl_generator_py/pylon_ros2_camera_interfaces/msg/_current_params_s.c.o[0m
[40.106s] [ 87%] [32mBuilding C object CMakeFiles/pylon_ros2_camera_interfaces__rosidl_generator_py.dir/rosidl_generator_py/pylon_ros2_camera_interfaces/msg/_component_status_s.c.o[0m
[40.106s] [ 87%] [32mBuilding C object CMakeFiles/pylon_ros2_camera_interfaces__rosidl_generator_py.dir/rosidl_generator_py/pylon_ros2_camera_interfaces/srv/_get_integer_value_s.c.o[0m
[40.107s] [ 88%] [32mBuilding C object CMakeFiles/pylon_ros2_camera_interfaces__rosidl_generator_py.dir/rosidl_generator_py/pylon_ros2_camera_interfaces/srv/_get_float_value_s.c.o[0m
[40.107s] [ 88%] [32mBuilding C object CMakeFiles/pylon_ros2_camera_interfaces__rosidl_generator_py.dir/rosidl_generator_py/pylon_ros2_camera_interfaces/srv/_get_string_value_s.c.o[0m
[40.107s] [ 89%] [32mBuilding C object CMakeFiles/pylon_ros2_camera_interfaces__rosidl_generator_py.dir/rosidl_generator_py/pylon_ros2_camera_interfaces/srv/_get_ptp_status_s.c.o[0m
[40.108s] [ 89%] [32mBuilding C object CMakeFiles/pylon_ros2_camera_interfaces__rosidl_generator_py.dir/rosidl_generator_py/pylon_ros2_camera_interfaces/srv/_set_binning_s.c.o[0m
[40.110s] [ 90%] [32mBuilding C object CMakeFiles/pylon_ros2_camera_interfaces__rosidl_generator_py.dir/rosidl_generator_py/pylon_ros2_camera_interfaces/srv/_set_brightness_s.c.o[0m
[40.522s] [ 91%] [32mBuilding C object CMakeFiles/pylon_ros2_camera_interfaces__rosidl_generator_py.dir/rosidl_generator_py/pylon_ros2_camera_interfaces/srv/_set_exposure_s.c.o[0m
[40.522s] [ 91%] [32mBuilding C object CMakeFiles/pylon_ros2_camera_interfaces__rosidl_generator_py.dir/rosidl_generator_py/pylon_ros2_camera_interfaces/srv/_set_gain_s.c.o[0m
[40.526s] [ 91%] [32mBuilding C object CMakeFiles/pylon_ros2_camera_interfaces__rosidl_generator_py.dir/rosidl_generator_py/pylon_ros2_camera_interfaces/srv/_set_gamma_s.c.o[0m
[40.528s] [ 92%] [32mBuilding C object CMakeFiles/pylon_ros2_camera_interfaces__rosidl_generator_py.dir/rosidl_generator_py/pylon_ros2_camera_interfaces/srv/_set_roi_s.c.o[0m
[40.549s] [ 92%] [32mBuilding C object CMakeFiles/pylon_ros2_camera_interfaces__rosidl_generator_py.dir/rosidl_generator_py/pylon_ros2_camera_interfaces/srv/_set_sleeping_s.c.o[0m
[40.580s] [ 93%] [32mBuilding C object CMakeFiles/pylon_ros2_camera_interfaces__rosidl_generator_py.dir/rosidl_generator_py/pylon_ros2_camera_interfaces/srv/_set_white_balance_s.c.o[0m
[40.618s] [ 93%] [32mBuilding C object CMakeFiles/pylon_ros2_camera_interfaces__rosidl_generator_py.dir/rosidl_generator_py/pylon_ros2_camera_interfaces/srv/_set_integer_value_s.c.o[0m
[40.636s] [ 94%] [32mBuilding C object CMakeFiles/pylon_ros2_camera_interfaces__rosidl_generator_py.dir/rosidl_generator_py/pylon_ros2_camera_interfaces/srv/_set_float_value_s.c.o[0m
[40.958s] [ 94%] [32mBuilding C object CMakeFiles/pylon_ros2_camera_interfaces__rosidl_generator_py.dir/rosidl_generator_py/pylon_ros2_camera_interfaces/srv/_set_string_value_s.c.o[0m
[40.968s] [ 95%] [32mBuilding C object CMakeFiles/pylon_ros2_camera_interfaces__rosidl_generator_py.dir/rosidl_generator_py/pylon_ros2_camera_interfaces/srv/_set_action_trigger_configuration_s.c.o[0m
[40.971s] [ 95%] [32mBuilding C object CMakeFiles/pylon_ros2_camera_interfaces__rosidl_generator_py.dir/rosidl_generator_py/pylon_ros2_camera_interfaces/srv/_issue_action_command_s.c.o[0m
[41.001s] [ 96%] [32mBuilding C object CMakeFiles/pylon_ros2_camera_interfaces__rosidl_generator_py.dir/rosidl_generator_py/pylon_ros2_camera_interfaces/srv/_issue_scheduled_action_command_s.c.o[0m
[41.091s] [ 96%] [32mBuilding C object CMakeFiles/pylon_ros2_camera_interfaces__rosidl_generator_py.dir/rosidl_generator_py/pylon_ros2_camera_interfaces/action/_grab_images_s.c.o[0m
[41.091s] [ 97%] [32mBuilding C object CMakeFiles/pylon_ros2_camera_interfaces__rosidl_generator_py.dir/rosidl_generator_py/pylon_ros2_camera_interfaces/action/_grab_blaze_data_s.c.o[0m
[41.600s] [ 97%] [32m[1mLinking C shared library rosidl_generator_py/pylon_ros2_camera_interfaces/libpylon_ros2_camera_interfaces__rosidl_generator_py.so[0m
[41.657s] [ 97%] Built target pylon_ros2_camera_interfaces__rosidl_generator_py
[41.667s] [ 98%] [32mBuilding C object CMakeFiles/pylon_ros2_camera_interfaces__rosidl_typesupport_fastrtps_c__pyext.dir/rosidl_generator_py/pylon_ros2_camera_interfaces/_pylon_ros2_camera_interfaces_s.ep.rosidl_typesupport_fastrtps_c.c.o[0m
[41.668s] [ 99%] [32mBuilding C object CMakeFiles/pylon_ros2_camera_interfaces__rosidl_typesupport_introspection_c__pyext.dir/rosidl_generator_py/pylon_ros2_camera_interfaces/_pylon_ros2_camera_interfaces_s.ep.rosidl_typesupport_introspection_c.c.o[0m
[41.668s] [100%] [32mBuilding C object CMakeFiles/pylon_ros2_camera_interfaces__rosidl_typesupport_c__pyext.dir/rosidl_generator_py/pylon_ros2_camera_interfaces/_pylon_ros2_camera_interfaces_s.ep.rosidl_typesupport_c.c.o[0m
[42.214s] [100%] [32m[1mLinking C shared library rosidl_generator_py/pylon_ros2_camera_interfaces/pylon_ros2_camera_interfaces_s__rosidl_typesupport_c.cpython-310-x86_64-linux-gnu.so[0m
[42.225s] [100%] [32m[1mLinking C shared library rosidl_generator_py/pylon_ros2_camera_interfaces/pylon_ros2_camera_interfaces_s__rosidl_typesupport_introspection_c.cpython-310-x86_64-linux-gnu.so[0m
[42.245s] [100%] [32m[1mLinking C shared library rosidl_generator_py/pylon_ros2_camera_interfaces/pylon_ros2_camera_interfaces_s__rosidl_typesupport_fastrtps_c.cpython-310-x86_64-linux-gnu.so[0m
[42.284s] [100%] Built target pylon_ros2_camera_interfaces__rosidl_typesupport_c__pyext
[42.290s] [100%] Built target pylon_ros2_camera_interfaces__rosidl_typesupport_introspection_c__pyext
[42.314s] [100%] Built target pylon_ros2_camera_interfaces__rosidl_typesupport_fastrtps_c__pyext
[42.321s] Invoked command in '/home/mcav/cam_dev_ws/build/pylon_ros2_camera_interfaces' returned '0': CMAKE_PREFIX_PATH=/opt/ros/humble /opt/cmake-3.27/bin/cmake --build /home/mcav/cam_dev_ws/build/pylon_ros2_camera_interfaces -- -j8 -l8
[42.326s] Invoking command in '/home/mcav/cam_dev_ws/build/pylon_ros2_camera_interfaces': CMAKE_PREFIX_PATH=/opt/ros/humble /opt/cmake-3.27/bin/cmake --install /home/mcav/cam_dev_ws/build/pylon_ros2_camera_interfaces
[42.329s] -- Install configuration: ""
[42.330s] -- Installing: /home/mcav/cam_dev_ws/install/pylon_ros2_camera_interfaces/share/ament_index/resource_index/rosidl_interfaces/pylon_ros2_camera_interfaces
[42.330s] -- Installing: /home/mcav/cam_dev_ws/install/pylon_ros2_camera_interfaces/include/pylon_ros2_camera_interfaces/pylon_ros2_camera_interfaces
[42.330s] -- Installing: /home/mcav/cam_dev_ws/install/pylon_ros2_camera_interfaces/include/pylon_ros2_camera_interfaces/pylon_ros2_camera_interfaces/msg
[42.330s] -- Installing: /home/mcav/cam_dev_ws/install/pylon_ros2_camera_interfaces/include/pylon_ros2_camera_interfaces/pylon_ros2_camera_interfaces/msg/rosidl_generator_c__visibility_control.h
[42.330s] -- Installing: /home/mcav/cam_dev_ws/install/pylon_ros2_camera_interfaces/include/pylon_ros2_camera_interfaces/pylon_ros2_camera_interfaces/msg/detail
[42.331s] -- Installing: /home/mcav/cam_dev_ws/install/pylon_ros2_camera_interfaces/include/pylon_ros2_camera_interfaces/pylon_ros2_camera_interfaces/msg/detail/component_status__functions.h
[42.331s] -- Installing: /home/mcav/cam_dev_ws/install/pylon_ros2_camera_interfaces/include/pylon_ros2_camera_interfaces/pylon_ros2_camera_interfaces/msg/detail/current_params__functions.h
[42.331s] -- Installing: /home/mcav/cam_dev_ws/install/pylon_ros2_camera_interfaces/include/pylon_ros2_camera_interfaces/pylon_ros2_camera_interfaces/msg/detail/component_status__functions.c
[42.331s] -- Installing: /home/mcav/cam_dev_ws/install/pylon_ros2_camera_interfaces/include/pylon_ros2_camera_interfaces/pylon_ros2_camera_interfaces/msg/detail/current_params__type_support.h
[42.331s] -- Installing: /home/mcav/cam_dev_ws/install/pylon_ros2_camera_interfaces/include/pylon_ros2_camera_interfaces/pylon_ros2_camera_interfaces/msg/detail/component_status__struct.h
[42.331s] -- Installing: /home/mcav/cam_dev_ws/install/pylon_ros2_camera_interfaces/include/pylon_ros2_camera_interfaces/pylon_ros2_camera_interfaces/msg/detail/current_params__struct.h
[42.332s] -- Installing: /home/mcav/cam_dev_ws/install/pylon_ros2_camera_interfaces/include/pylon_ros2_camera_interfaces/pylon_ros2_camera_interfaces/msg/detail/component_status__type_support.h
[42.332s] -- Installing: /home/mcav/cam_dev_ws/install/pylon_ros2_camera_interfaces/include/pylon_ros2_camera_interfaces/pylon_ros2_camera_interfaces/msg/detail/current_params__functions.c
[42.332s] -- Installing: /home/mcav/cam_dev_ws/install/pylon_ros2_camera_interfaces/include/pylon_ros2_camera_interfaces/pylon_ros2_camera_interfaces/msg/current_params.h
[42.332s] -- Installing: /home/mcav/cam_dev_ws/install/pylon_ros2_camera_interfaces/include/pylon_ros2_camera_interfaces/pylon_ros2_camera_interfaces/msg/component_status.h
[42.332s] -- Installing: /home/mcav/cam_dev_ws/install/pylon_ros2_camera_interfaces/include/pylon_ros2_camera_interfaces/pylon_ros2_camera_interfaces/action
[42.332s] -- Installing: /home/mcav/cam_dev_ws/install/pylon_ros2_camera_interfaces/include/pylon_ros2_camera_interfaces/pylon_ros2_camera_interfaces/action/grab_images.h
[42.332s] -- Installing: /home/mcav/cam_dev_ws/install/pylon_ros2_camera_interfaces/include/pylon_ros2_camera_interfaces/pylon_ros2_camera_interfaces/action/detail
[42.333s] -- Installing: /home/mcav/cam_dev_ws/install/pylon_ros2_camera_interfaces/include/pylon_ros2_camera_interfaces/pylon_ros2_camera_interfaces/action/detail/grab_images__type_support.h
[42.333s] -- Installing: /home/mcav/cam_dev_ws/install/pylon_ros2_camera_interfaces/include/pylon_ros2_camera_interfaces/pylon_ros2_camera_interfaces/action/detail/grab_images__struct.h
[42.333s] -- Installing: /home/mcav/cam_dev_ws/install/pylon_ros2_camera_interfaces/include/pylon_ros2_camera_interfaces/pylon_ros2_camera_interfaces/action/detail/grab_images__functions.h
[42.333s] -- Installing: /home/mcav/cam_dev_ws/install/pylon_ros2_camera_interfaces/include/pylon_ros2_camera_interfaces/pylon_ros2_camera_interfaces/action/detail/grab_blaze_data__type_support.h
[42.333s] -- Installing: /home/mcav/cam_dev_ws/install/pylon_ros2_camera_interfaces/include/pylon_ros2_camera_interfaces/pylon_ros2_camera_interfaces/action/detail/grab_blaze_data__functions.c
[42.333s] -- Installing: /home/mcav/cam_dev_ws/install/pylon_ros2_camera_interfaces/include/pylon_ros2_camera_interfaces/pylon_ros2_camera_interfaces/action/detail/grab_blaze_data__struct.h
[42.333s] -- Installing: /home/mcav/cam_dev_ws/install/pylon_ros2_camera_interfaces/include/pylon_ros2_camera_interfaces/pylon_ros2_camera_interfaces/action/detail/grab_images__functions.c
[42.333s] -- Installing: /home/mcav/cam_dev_ws/install/pylon_ros2_camera_interfaces/include/pylon_ros2_camera_interfaces/pylon_ros2_camera_interfaces/action/detail/grab_blaze_data__functions.h
[42.333s] -- Installing: /home/mcav/cam_dev_ws/install/pylon_ros2_camera_interfaces/include/pylon_ros2_camera_interfaces/pylon_ros2_camera_interfaces/action/grab_blaze_data.h
[42.333s] -- Installing: /home/mcav/cam_dev_ws/install/pylon_ros2_camera_interfaces/include/pylon_ros2_camera_interfaces/pylon_ros2_camera_interfaces/srv
[42.334s] -- Installing: /home/mcav/cam_dev_ws/install/pylon_ros2_camera_interfaces/include/pylon_ros2_camera_interfaces/pylon_ros2_camera_interfaces/srv/issue_scheduled_action_command.h
[42.334s] -- Installing: /home/mcav/cam_dev_ws/install/pylon_ros2_camera_interfaces/include/pylon_ros2_camera_interfaces/pylon_ros2_camera_interfaces/srv/set_exposure.h
[42.334s] -- Installing: /home/mcav/cam_dev_ws/install/pylon_ros2_camera_interfaces/include/pylon_ros2_camera_interfaces/pylon_ros2_camera_interfaces/srv/get_integer_value.h
[42.334s] -- Installing: /home/mcav/cam_dev_ws/install/pylon_ros2_camera_interfaces/include/pylon_ros2_camera_interfaces/pylon_ros2_camera_interfaces/srv/detail
[42.334s] -- Installing: /home/mcav/cam_dev_ws/install/pylon_ros2_camera_interfaces/include/pylon_ros2_camera_interfaces/pylon_ros2_camera_interfaces/srv/detail/get_ptp_status__functions.c
[42.334s] -- Installing: /home/mcav/cam_dev_ws/install/pylon_ros2_camera_interfaces/include/pylon_ros2_camera_interfaces/pylon_ros2_camera_interfaces/srv/detail/set_exposure__functions.c
[42.334s] -- Installing: /home/mcav/cam_dev_ws/install/pylon_ros2_camera_interfaces/include/pylon_ros2_camera_interfaces/pylon_ros2_camera_interfaces/srv/detail/set_exposure__struct.h
[42.334s] -- Installing: /home/mcav/cam_dev_ws/install/pylon_ros2_camera_interfaces/include/pylon_ros2_camera_interfaces/pylon_ros2_camera_interfaces/srv/detail/get_ptp_status__struct.h
[42.334s] -- Installing: /home/mcav/cam_dev_ws/install/pylon_ros2_camera_interfaces/include/pylon_ros2_camera_interfaces/pylon_ros2_camera_interfaces/srv/detail/issue_scheduled_action_command__functions.h
[42.334s] -- Installing: /home/mcav/cam_dev_ws/install/pylon_ros2_camera_interfaces/include/pylon_ros2_camera_interfaces/pylon_ros2_camera_interfaces/srv/detail/get_float_value__functions.c
[42.335s] -- Installing: /home/mcav/cam_dev_ws/install/pylon_ros2_camera_interfaces/include/pylon_ros2_camera_interfaces/pylon_ros2_camera_interfaces/srv/detail/issue_scheduled_action_command__functions.c
[42.335s] -- Installing: /home/mcav/cam_dev_ws/install/pylon_ros2_camera_interfaces/include/pylon_ros2_camera_interfaces/pylon_ros2_camera_interfaces/srv/detail/set_string_value__functions.c
[42.335s] -- Installing: /home/mcav/cam_dev_ws/install/pylon_ros2_camera_interfaces/include/pylon_ros2_camera_interfaces/pylon_ros2_camera_interfaces/srv/detail/get_string_value__functions.h
[42.335s] -- Installing: /home/mcav/cam_dev_ws/install/pylon_ros2_camera_interfaces/include/pylon_ros2_camera_interfaces/pylon_ros2_camera_interfaces/srv/detail/set_integer_value__functions.c
[42.335s] -- Installing: /home/mcav/cam_dev_ws/install/pylon_ros2_camera_interfaces/include/pylon_ros2_camera_interfaces/pylon_ros2_camera_interfaces/srv/detail/set_sleeping__functions.c
[42.335s] -- Installing: /home/mcav/cam_dev_ws/install/pylon_ros2_camera_interfaces/include/pylon_ros2_camera_interfaces/pylon_ros2_camera_interfaces/srv/detail/set_gamma__functions.c
[42.335s] -- Installing: /home/mcav/cam_dev_ws/install/pylon_ros2_camera_interfaces/include/pylon_ros2_camera_interfaces/pylon_ros2_camera_interfaces/srv/detail/set_exposure__type_support.h
[42.336s] -- Installing: /home/mcav/cam_dev_ws/install/pylon_ros2_camera_interfaces/include/pylon_ros2_camera_interfaces/pylon_ros2_camera_interfaces/srv/detail/set_float_value__type_support.h
[42.336s] -- Installing: /home/mcav/cam_dev_ws/install/pylon_ros2_camera_interfaces/include/pylon_ros2_camera_interfaces/pylon_ros2_camera_interfaces/srv/detail/set_white_balance__functions.c
[42.336s] -- Installing: /home/mcav/cam_dev_ws/install/pylon_ros2_camera_interfaces/include/pylon_ros2_camera_interfaces/pylon_ros2_camera_interfaces/srv/detail/set_roi__struct.h
[42.336s] -- Installing: /home/mcav/cam_dev_ws/install/pylon_ros2_camera_interfaces/include/pylon_ros2_camera_interfaces/pylon_ros2_camera_interfaces/srv/detail/set_brightness__struct.h
[42.336s] -- Installing: /home/mcav/cam_dev_ws/install/pylon_ros2_camera_interfaces/include/pylon_ros2_camera_interfaces/pylon_ros2_camera_interfaces/srv/detail/issue_scheduled_action_command__struct.h
[42.337s] -- Installing: /home/mcav/cam_dev_ws/install/pylon_ros2_camera_interfaces/include/pylon_ros2_camera_interfaces/pylon_ros2_camera_interfaces/srv/detail/get_float_value__functions.h
[42.337s] -- Installing: /home/mcav/cam_dev_ws/install/pylon_ros2_camera_interfaces/include/pylon_ros2_camera_interfaces/pylon_ros2_camera_interfaces/srv/detail/set_roi__type_support.h
[42.337s] -- Installing: /home/mcav/cam_dev_ws/install/pylon_ros2_camera_interfaces/include/pylon_ros2_camera_interfaces/pylon_ros2_camera_interfaces/srv/detail/set_gain__functions.c
[42.337s] -- Installing: /home/mcav/cam_dev_ws/install/pylon_ros2_camera_interfaces/include/pylon_ros2_camera_interfaces/pylon_ros2_camera_interfaces/srv/detail/issue_action_command__struct.h
[42.337s] -- Installing: /home/mcav/cam_dev_ws/install/pylon_ros2_camera_interfaces/include/pylon_ros2_camera_interfaces/pylon_ros2_camera_interfaces/srv/detail/get_string_value__type_support.h
[42.338s] -- Installing: /home/mcav/cam_dev_ws/install/pylon_ros2_camera_interfaces/include/pylon_ros2_camera_interfaces/pylon_ros2_camera_interfaces/srv/detail/get_float_value__struct.h
[42.338s] -- Installing: /home/mcav/cam_dev_ws/install/pylon_ros2_camera_interfaces/include/pylon_ros2_camera_interfaces/pylon_ros2_camera_interfaces/srv/detail/set_exposure__functions.h
[42.338s] -- Installing: /home/mcav/cam_dev_ws/install/pylon_ros2_camera_interfaces/include/pylon_ros2_camera_interfaces/pylon_ros2_camera_interfaces/srv/detail/get_string_value__struct.h
[42.338s] -- Installing: /home/mcav/cam_dev_ws/install/pylon_ros2_camera_interfaces/include/pylon_ros2_camera_interfaces/pylon_ros2_camera_interfaces/srv/detail/set_binning__functions.h
[42.338s] -- Installing: /home/mcav/cam_dev_ws/install/pylon_ros2_camera_interfaces/include/pylon_ros2_camera_interfaces/pylon_ros2_camera_interfaces/srv/detail/get_integer_value__type_support.h
[42.338s] -- Installing: /home/mcav/cam_dev_ws/install/pylon_ros2_camera_interfaces/include/pylon_ros2_camera_interfaces/pylon_ros2_camera_interfaces/srv/detail/get_ptp_status__type_support.h
[42.338s] -- Installing: /home/mcav/cam_dev_ws/install/pylon_ros2_camera_interfaces/include/pylon_ros2_camera_interfaces/pylon_ros2_camera_interfaces/srv/detail/set_brightness__functions.h
[42.339s] -- Installing: /home/mcav/cam_dev_ws/install/pylon_ros2_camera_interfaces/include/pylon_ros2_camera_interfaces/pylon_ros2_camera_interfaces/srv/detail/set_white_balance__type_support.h
[42.339s] -- Installing: /home/mcav/cam_dev_ws/install/pylon_ros2_camera_interfaces/include/pylon_ros2_camera_interfaces/pylon_ros2_camera_interfaces/srv/detail/set_float_value__struct.h
[42.339s] -- Installing: /home/mcav/cam_dev_ws/install/pylon_ros2_camera_interfaces/include/pylon_ros2_camera_interfaces/pylon_ros2_camera_interfaces/srv/detail/set_string_value__functions.h
[42.339s] -- Installing: /home/mcav/cam_dev_ws/install/pylon_ros2_camera_interfaces/include/pylon_ros2_camera_interfaces/pylon_ros2_camera_interfaces/srv/detail/set_roi__functions.c
[42.339s] -- Installing: /home/mcav/cam_dev_ws/install/pylon_ros2_camera_interfaces/include/pylon_ros2_camera_interfaces/pylon_ros2_camera_interfaces/srv/detail/set_float_value__functions.c
[42.339s] -- Installing: /home/mcav/cam_dev_ws/install/pylon_ros2_camera_interfaces/include/pylon_ros2_camera_interfaces/pylon_ros2_camera_interfaces/srv/detail/set_gain__struct.h
[42.340s] -- Installing: /home/mcav/cam_dev_ws/install/pylon_ros2_camera_interfaces/include/pylon_ros2_camera_interfaces/pylon_ros2_camera_interfaces/srv/detail/set_float_value__functions.h
[42.340s] -- Installing: /home/mcav/cam_dev_ws/install/pylon_ros2_camera_interfaces/include/pylon_ros2_camera_interfaces/pylon_ros2_camera_interfaces/srv/detail/issue_action_command__functions.h
[42.340s] -- Installing: /home/mcav/cam_dev_ws/install/pylon_ros2_camera_interfaces/include/pylon_ros2_camera_interfaces/pylon_ros2_camera_interfaces/srv/detail/get_integer_value__functions.c
[42.340s] -- Installing: /home/mcav/cam_dev_ws/install/pylon_ros2_camera_interfaces/include/pylon_ros2_camera_interfaces/pylon_ros2_camera_interfaces/srv/detail/set_brightness__type_support.h
[42.340s] -- Installing: /home/mcav/cam_dev_ws/install/pylon_ros2_camera_interfaces/include/pylon_ros2_camera_interfaces/pylon_ros2_camera_interfaces/srv/detail/set_string_value__type_support.h
[42.340s] -- Installing: /home/mcav/cam_dev_ws/install/pylon_ros2_camera_interfaces/include/pylon_ros2_camera_interfaces/pylon_ros2_camera_interfaces/srv/detail/set_binning__functions.c
[42.341s] -- Installing: /home/mcav/cam_dev_ws/install/pylon_ros2_camera_interfaces/include/pylon_ros2_camera_interfaces/pylon_ros2_camera_interfaces/srv/detail/set_action_trigger_configuration__functions.h
[42.341s] -- Installing: /home/mcav/cam_dev_ws/install/pylon_ros2_camera_interfaces/include/pylon_ros2_camera_interfaces/pylon_ros2_camera_interfaces/srv/detail/set_roi__functions.h
[42.341s] -- Installing: /home/mcav/cam_dev_ws/install/pylon_ros2_camera_interfaces/include/pylon_ros2_camera_interfaces/pylon_ros2_camera_interfaces/srv/detail/set_sleeping__struct.h
[42.341s] -- Installing: /home/mcav/cam_dev_ws/install/pylon_ros2_camera_interfaces/include/pylon_ros2_camera_interfaces/pylon_ros2_camera_interfaces/srv/detail/issue_scheduled_action_command__type_support.h
[42.341s] -- Installing: /home/mcav/cam_dev_ws/install/pylon_ros2_camera_interfaces/include/pylon_ros2_camera_interfaces/pylon_ros2_camera_interfaces/srv/detail/set_action_trigger_configuration__type_support.h
[42.341s] -- Installing: /home/mcav/cam_dev_ws/install/pylon_ros2_camera_interfaces/include/pylon_ros2_camera_interfaces/pylon_ros2_camera_interfaces/srv/detail/set_white_balance__functions.h
[42.342s] -- Installing: /home/mcav/cam_dev_ws/install/pylon_ros2_camera_interfaces/include/pylon_ros2_camera_interfaces/pylon_ros2_camera_interfaces/srv/detail/get_integer_value__functions.h
[42.342s] -- Installing: /home/mcav/cam_dev_ws/install/pylon_ros2_camera_interfaces/include/pylon_ros2_camera_interfaces/pylon_ros2_camera_interfaces/srv/detail/set_sleeping__type_support.h
[42.342s] -- Installing: /home/mcav/cam_dev_ws/install/pylon_ros2_camera_interfaces/include/pylon_ros2_camera_interfaces/pylon_ros2_camera_interfaces/srv/detail/set_integer_value__functions.h
[42.342s] -- Installing: /home/mcav/cam_dev_ws/install/pylon_ros2_camera_interfaces/include/pylon_ros2_camera_interfaces/pylon_ros2_camera_interfaces/srv/detail/set_white_balance__struct.h
[42.342s] -- Installing: /home/mcav/cam_dev_ws/install/pylon_ros2_camera_interfaces/include/pylon_ros2_camera_interfaces/pylon_ros2_camera_interfaces/srv/detail/set_sleeping__functions.h
[42.343s] -- Installing: /home/mcav/cam_dev_ws/install/pylon_ros2_camera_interfaces/include/pylon_ros2_camera_interfaces/pylon_ros2_camera_interfaces/srv/detail/set_action_trigger_configuration__struct.h
[42.343s] -- Installing: /home/mcav/cam_dev_ws/install/pylon_ros2_camera_interfaces/include/pylon_ros2_camera_interfaces/pylon_ros2_camera_interfaces/srv/detail/set_gamma__functions.h
[42.343s] -- Installing: /home/mcav/cam_dev_ws/install/pylon_ros2_camera_interfaces/include/pylon_ros2_camera_interfaces/pylon_ros2_camera_interfaces/srv/detail/issue_action_command__functions.c
[42.343s] -- Installing: /home/mcav/cam_dev_ws/install/pylon_ros2_camera_interfaces/include/pylon_ros2_camera_interfaces/pylon_ros2_camera_interfaces/srv/detail/get_ptp_status__functions.h
[42.343s] -- Installing: /home/mcav/cam_dev_ws/install/pylon_ros2_camera_interfaces/include/pylon_ros2_camera_interfaces/pylon_ros2_camera_interfaces/srv/detail/set_gamma__struct.h
[42.343s] -- Installing: /home/mcav/cam_dev_ws/install/pylon_ros2_camera_interfaces/include/pylon_ros2_camera_interfaces/pylon_ros2_camera_interfaces/srv/detail/set_gain__type_support.h
[42.344s] -- Installing: /home/mcav/cam_dev_ws/install/pylon_ros2_camera_interfaces/include/pylon_ros2_camera_interfaces/pylon_ros2_camera_interfaces/srv/detail/set_action_trigger_configuration__functions.c
[42.344s] -- Installing: /home/mcav/cam_dev_ws/install/pylon_ros2_camera_interfaces/include/pylon_ros2_camera_interfaces/pylon_ros2_camera_interfaces/srv/detail/get_string_value__functions.c
[42.344s] -- Installing: /home/mcav/cam_dev_ws/install/pylon_ros2_camera_interfaces/include/pylon_ros2_camera_interfaces/pylon_ros2_camera_interfaces/srv/detail/set_brightness__functions.c
[42.344s] -- Installing: /home/mcav/cam_dev_ws/install/pylon_ros2_camera_interfaces/include/pylon_ros2_camera_interfaces/pylon_ros2_camera_interfaces/srv/detail/get_integer_value__struct.h
[42.344s] -- Installing: /home/mcav/cam_dev_ws/install/pylon_ros2_camera_interfaces/include/pylon_ros2_camera_interfaces/pylon_ros2_camera_interfaces/srv/detail/get_float_value__type_support.h
[42.344s] -- Installing: /home/mcav/cam_dev_ws/install/pylon_ros2_camera_interfaces/include/pylon_ros2_camera_interfaces/pylon_ros2_camera_interfaces/srv/detail/set_integer_value__type_support.h
[42.344s] -- Installing: /home/mcav/cam_dev_ws/install/pylon_ros2_camera_interfaces/include/pylon_ros2_camera_interfaces/pylon_ros2_camera_interfaces/srv/detail/set_binning__type_support.h
[42.345s] -- Installing: /home/mcav/cam_dev_ws/install/pylon_ros2_camera_interfaces/include/pylon_ros2_camera_interfaces/pylon_ros2_camera_interfaces/srv/detail/set_string_value__struct.h
[42.345s] -- Installing: /home/mcav/cam_dev_ws/install/pylon_ros2_camera_interfaces/include/pylon_ros2_camera_interfaces/pylon_ros2_camera_interfaces/srv/detail/set_binning__struct.h
[42.345s] -- Installing: /home/mcav/cam_dev_ws/install/pylon_ros2_camera_interfaces/include/pylon_ros2_camera_interfaces/pylon_ros2_camera_interfaces/srv/detail/set_gain__functions.h
[42.345s] -- Installing: /home/mcav/cam_dev_ws/install/pylon_ros2_camera_interfaces/include/pylon_ros2_camera_interfaces/pylon_ros2_camera_interfaces/srv/detail/set_integer_value__struct.h
[42.345s] -- Installing: /home/mcav/cam_dev_ws/install/pylon_ros2_camera_interfaces/include/pylon_ros2_camera_interfaces/pylon_ros2_camera_interfaces/srv/detail/issue_action_command__type_support.h
[42.345s] -- Installing: /home/mcav/cam_dev_ws/install/pylon_ros2_camera_interfaces/include/pylon_ros2_camera_interfaces/pylon_ros2_camera_interfaces/srv/detail/set_gamma__type_support.h
[42.345s] -- Installing: /home/mcav/cam_dev_ws/install/pylon_ros2_camera_interfaces/include/pylon_ros2_camera_interfaces/pylon_ros2_camera_interfaces/srv/set_brightness.h
[42.346s] -- Installing: /home/mcav/cam_dev_ws/install/pylon_ros2_camera_interfaces/include/pylon_ros2_camera_interfaces/pylon_ros2_camera_interfaces/srv/set_gain.h
[42.346s] -- Installing: /home/mcav/cam_dev_ws/install/pylon_ros2_camera_interfaces/include/pylon_ros2_camera_interfaces/pylon_ros2_camera_interfaces/srv/set_gamma.h
[42.346s] -- Installing: /home/mcav/cam_dev_ws/install/pylon_ros2_camera_interfaces/include/pylon_ros2_camera_interfaces/pylon_ros2_camera_interfaces/srv/issue_action_command.h
[42.346s] -- Installing: /home/mcav/cam_dev_ws/install/pylon_ros2_camera_interfaces/include/pylon_ros2_camera_interfaces/pylon_ros2_camera_interfaces/srv/get_ptp_status.h
[42.346s] -- Installing: /home/mcav/cam_dev_ws/install/pylon_ros2_camera_interfaces/include/pylon_ros2_camera_interfaces/pylon_ros2_camera_interfaces/srv/set_integer_value.h
[42.346s] -- Installing: /home/mcav/cam_dev_ws/install/pylon_ros2_camera_interfaces/include/pylon_ros2_camera_interfaces/pylon_ros2_camera_interfaces/srv/set_sleeping.h
[42.347s] -- Installing: /home/mcav/cam_dev_ws/install/pylon_ros2_camera_interfaces/include/pylon_ros2_camera_interfaces/pylon_ros2_camera_interfaces/srv/set_binning.h
[42.347s] -- Installing: /home/mcav/cam_dev_ws/install/pylon_ros2_camera_interfaces/include/pylon_ros2_camera_interfaces/pylon_ros2_camera_interfaces/srv/get_float_value.h
[42.347s] -- Installing: /home/mcav/cam_dev_ws/install/pylon_ros2_camera_interfaces/include/pylon_ros2_camera_interfaces/pylon_ros2_camera_interfaces/srv/set_action_trigger_configuration.h
[42.347s] -- Installing: /home/mcav/cam_dev_ws/install/pylon_ros2_camera_interfaces/include/pylon_ros2_camera_interfaces/pylon_ros2_camera_interfaces/srv/set_white_balance.h
[42.347s] -- Installing: /home/mcav/cam_dev_ws/install/pylon_ros2_camera_interfaces/include/pylon_ros2_camera_interfaces/pylon_ros2_camera_interfaces/srv/set_string_value.h
[42.347s] -- Installing: /home/mcav/cam_dev_ws/install/pylon_ros2_camera_interfaces/include/pylon_ros2_camera_interfaces/pylon_ros2_camera_interfaces/srv/set_float_value.h
[42.348s] -- Installing: /home/mcav/cam_dev_ws/install/pylon_ros2_camera_interfaces/include/pylon_ros2_camera_interfaces/pylon_ros2_camera_interfaces/srv/get_string_value.h
[42.348s] -- Installing: /home/mcav/cam_dev_ws/install/pylon_ros2_camera_interfaces/include/pylon_ros2_camera_interfaces/pylon_ros2_camera_interfaces/srv/set_roi.h
[42.348s] -- Installing: /home/mcav/cam_dev_ws/install/pylon_ros2_camera_interfaces/share/pylon_ros2_camera_interfaces/environment/library_path.sh
[42.348s] -- Installing: /home/mcav/cam_dev_ws/install/pylon_ros2_camera_interfaces/share/pylon_ros2_camera_interfaces/environment/library_path.dsv
[42.348s] -- Installing: /home/mcav/cam_dev_ws/install/pylon_ros2_camera_interfaces/lib/libpylon_ros2_camera_interfaces__rosidl_generator_c.so
[42.348s] -- Set runtime path of "/home/mcav/cam_dev_ws/install/pylon_ros2_camera_interfaces/lib/libpylon_ros2_camera_interfaces__rosidl_generator_c.so" to ""
[42.349s] -- Up-to-date: /home/mcav/cam_dev_ws/install/pylon_ros2_camera_interfaces/include/pylon_ros2_camera_interfaces/pylon_ros2_camera_interfaces
[42.349s] -- Up-to-date: /home/mcav/cam_dev_ws/install/pylon_ros2_camera_interfaces/include/pylon_ros2_camera_interfaces/pylon_ros2_camera_interfaces/msg
[42.349s] -- Up-to-date: /home/mcav/cam_dev_ws/install/pylon_ros2_camera_interfaces/include/pylon_ros2_camera_interfaces/pylon_ros2_camera_interfaces/msg/detail
[42.349s] -- Installing: /home/mcav/cam_dev_ws/install/pylon_ros2_camera_interfaces/include/pylon_ros2_camera_interfaces/pylon_ros2_camera_interfaces/msg/detail/component_status__rosidl_typesupport_fastrtps_c.h
[42.349s] -- Installing: /home/mcav/cam_dev_ws/install/pylon_ros2_camera_interfaces/include/pylon_ros2_camera_interfaces/pylon_ros2_camera_interfaces/msg/detail/current_params__rosidl_typesupport_fastrtps_c.h
[42.349s] -- Installing: /home/mcav/cam_dev_ws/install/pylon_ros2_camera_interfaces/include/pylon_ros2_camera_interfaces/pylon_ros2_camera_interfaces/msg/rosidl_typesupport_fastrtps_c__visibility_control.h
[42.349s] -- Up-to-date: /home/mcav/cam_dev_ws/install/pylon_ros2_camera_interfaces/include/pylon_ros2_camera_interfaces/pylon_ros2_camera_interfaces/action
[42.349s] -- Up-to-date: /home/mcav/cam_dev_ws/install/pylon_ros2_camera_interfaces/include/pylon_ros2_camera_interfaces/pylon_ros2_camera_interfaces/action/detail
[42.350s] -- Installing: /home/mcav/cam_dev_ws/install/pylon_ros2_camera_interfaces/include/pylon_ros2_camera_interfaces/pylon_ros2_camera_interfaces/action/detail/grab_blaze_data__rosidl_typesupport_fastrtps_c.h
[42.350s] -- Installing: /home/mcav/cam_dev_ws/install/pylon_ros2_camera_interfaces/include/pylon_ros2_camera_interfaces/pylon_ros2_camera_interfaces/action/detail/grab_images__rosidl_typesupport_fastrtps_c.h
[42.350s] -- Up-to-date: /home/mcav/cam_dev_ws/install/pylon_ros2_camera_interfaces/include/pylon_ros2_camera_interfaces/pylon_ros2_camera_interfaces/srv
[42.350s] -- Up-to-date: /home/mcav/cam_dev_ws/install/pylon_ros2_camera_interfaces/include/pylon_ros2_camera_interfaces/pylon_ros2_camera_interfaces/srv/detail
[42.350s] -- Installing: /home/mcav/cam_dev_ws/install/pylon_ros2_camera_interfaces/include/pylon_ros2_camera_interfaces/pylon_ros2_camera_interfaces/srv/detail/set_white_balance__rosidl_typesupport_fastrtps_c.h
[42.350s] -- Installing: /home/mcav/cam_dev_ws/install/pylon_ros2_camera_interfaces/include/pylon_ros2_camera_interfaces/pylon_ros2_camera_interfaces/srv/detail/issue_action_command__rosidl_typesupport_fastrtps_c.h
[42.350s] -- Installing: /home/mcav/cam_dev_ws/install/pylon_ros2_camera_interfaces/include/pylon_ros2_camera_interfaces/pylon_ros2_camera_interfaces/srv/detail/issue_scheduled_action_command__rosidl_typesupport_fastrtps_c.h
[42.350s] -- Installing: /home/mcav/cam_dev_ws/install/pylon_ros2_camera_interfaces/include/pylon_ros2_camera_interfaces/pylon_ros2_camera_interfaces/srv/detail/get_ptp_status__rosidl_typesupport_fastrtps_c.h
[42.351s] -- Installing: /home/mcav/cam_dev_ws/install/pylon_ros2_camera_interfaces/include/pylon_ros2_camera_interfaces/pylon_ros2_camera_interfaces/srv/detail/set_sleeping__rosidl_typesupport_fastrtps_c.h
[42.351s] -- Installing: /home/mcav/cam_dev_ws/install/pylon_ros2_camera_interfaces/include/pylon_ros2_camera_interfaces/pylon_ros2_camera_interfaces/srv/detail/set_gain__rosidl_typesupport_fastrtps_c.h
[42.351s] -- Installing: /home/mcav/cam_dev_ws/install/pylon_ros2_camera_interfaces/include/pylon_ros2_camera_interfaces/pylon_ros2_camera_interfaces/srv/detail/set_gamma__rosidl_typesupport_fastrtps_c.h
[42.351s] -- Installing: /home/mcav/cam_dev_ws/install/pylon_ros2_camera_interfaces/include/pylon_ros2_camera_interfaces/pylon_ros2_camera_interfaces/srv/detail/set_float_value__rosidl_typesupport_fastrtps_c.h
[42.351s] -- Installing: /home/mcav/cam_dev_ws/install/pylon_ros2_camera_interfaces/include/pylon_ros2_camera_interfaces/pylon_ros2_camera_interfaces/srv/detail/set_binning__rosidl_typesupport_fastrtps_c.h
[42.351s] -- Installing: /home/mcav/cam_dev_ws/install/pylon_ros2_camera_interfaces/include/pylon_ros2_camera_interfaces/pylon_ros2_camera_interfaces/srv/detail/set_integer_value__rosidl_typesupport_fastrtps_c.h
[42.351s] -- Installing: /home/mcav/cam_dev_ws/install/pylon_ros2_camera_interfaces/include/pylon_ros2_camera_interfaces/pylon_ros2_camera_interfaces/srv/detail/set_action_trigger_configuration__rosidl_typesupport_fastrtps_c.h
[42.351s] -- Installing: /home/mcav/cam_dev_ws/install/pylon_ros2_camera_interfaces/include/pylon_ros2_camera_interfaces/pylon_ros2_camera_interfaces/srv/detail/set_exposure__rosidl_typesupport_fastrtps_c.h
[42.352s] -- Installing: /home/mcav/cam_dev_ws/install/pylon_ros2_camera_interfaces/include/pylon_ros2_camera_interfaces/pylon_ros2_camera_interfaces/srv/detail/set_brightness__rosidl_typesupport_fastrtps_c.h
[42.352s] -- Installing: /home/mcav/cam_dev_ws/install/pylon_ros2_camera_interfaces/include/pylon_ros2_camera_interfaces/pylon_ros2_camera_interfaces/srv/detail/get_float_value__rosidl_typesupport_fastrtps_c.h
[42.352s] -- Installing: /home/mcav/cam_dev_ws/install/pylon_ros2_camera_interfaces/include/pylon_ros2_camera_interfaces/pylon_ros2_camera_interfaces/srv/detail/get_integer_value__rosidl_typesupport_fastrtps_c.h
[42.352s] -- Installing: /home/mcav/cam_dev_ws/install/pylon_ros2_camera_interfaces/include/pylon_ros2_camera_interfaces/pylon_ros2_camera_interfaces/srv/detail/set_roi__rosidl_typesupport_fastrtps_c.h
[42.352s] -- Installing: /home/mcav/cam_dev_ws/install/pylon_ros2_camera_interfaces/include/pylon_ros2_camera_interfaces/pylon_ros2_camera_interfaces/srv/detail/get_string_value__rosidl_typesupport_fastrtps_c.h
[42.352s] -- Installing: /home/mcav/cam_dev_ws/install/pylon_ros2_camera_interfaces/include/pylon_ros2_camera_interfaces/pylon_ros2_camera_interfaces/srv/detail/set_string_value__rosidl_typesupport_fastrtps_c.h
[42.352s] -- Installing: /home/mcav/cam_dev_ws/install/pylon_ros2_camera_interfaces/lib/libpylon_ros2_camera_interfaces__rosidl_typesupport_fastrtps_c.so
[42.353s] -- Set runtime path of "/home/mcav/cam_dev_ws/install/pylon_ros2_camera_interfaces/lib/libpylon_ros2_camera_interfaces__rosidl_typesupport_fastrtps_c.so" to ""
[42.353s] -- Up-to-date: /home/mcav/cam_dev_ws/install/pylon_ros2_camera_interfaces/include/pylon_ros2_camera_interfaces/pylon_ros2_camera_interfaces
[42.353s] -- Up-to-date: /home/mcav/cam_dev_ws/install/pylon_ros2_camera_interfaces/include/pylon_ros2_camera_interfaces/pylon_ros2_camera_interfaces/msg
[42.353s] -- Installing: /home/mcav/cam_dev_ws/install/pylon_ros2_camera_interfaces/include/pylon_ros2_camera_interfaces/pylon_ros2_camera_interfaces/msg/current_params.hpp
[42.353s] -- Up-to-date: /home/mcav/cam_dev_ws/install/pylon_ros2_camera_interfaces/include/pylon_ros2_camera_interfaces/pylon_ros2_camera_interfaces/msg/detail
[42.353s] -- Installing: /home/mcav/cam_dev_ws/install/pylon_ros2_camera_interfaces/include/pylon_ros2_camera_interfaces/pylon_ros2_camera_interfaces/msg/detail/current_params__builder.hpp
[42.354s] -- Installing: /home/mcav/cam_dev_ws/install/pylon_ros2_camera_interfaces/include/pylon_ros2_camera_interfaces/pylon_ros2_camera_interfaces/msg/detail/component_status__traits.hpp
[42.354s] -- Installing: /home/mcav/cam_dev_ws/install/pylon_ros2_camera_interfaces/include/pylon_ros2_camera_interfaces/pylon_ros2_camera_interfaces/msg/detail/current_params__struct.hpp
[42.354s] -- Installing: /home/mcav/cam_dev_ws/install/pylon_ros2_camera_interfaces/include/pylon_ros2_camera_interfaces/pylon_ros2_camera_interfaces/msg/detail/component_status__type_support.hpp
[42.354s] -- Installing: /home/mcav/cam_dev_ws/install/pylon_ros2_camera_interfaces/include/pylon_ros2_camera_interfaces/pylon_ros2_camera_interfaces/msg/detail/current_params__traits.hpp
[42.354s] -- Installing: /home/mcav/cam_dev_ws/install/pylon_ros2_camera_interfaces/include/pylon_ros2_camera_interfaces/pylon_ros2_camera_interfaces/msg/detail/component_status__builder.hpp
[42.354s] -- Installing: /home/mcav/cam_dev_ws/install/pylon_ros2_camera_interfaces/include/pylon_ros2_camera_interfaces/pylon_ros2_camera_interfaces/msg/detail/current_params__type_support.hpp
[42.354s] -- Installing: /home/mcav/cam_dev_ws/install/pylon_ros2_camera_interfaces/include/pylon_ros2_camera_interfaces/pylon_ros2_camera_interfaces/msg/detail/component_status__struct.hpp
[42.355s] -- Installing: /home/mcav/cam_dev_ws/install/pylon_ros2_camera_interfaces/include/pylon_ros2_camera_interfaces/pylon_ros2_camera_interfaces/msg/component_status.hpp
[42.355s] -- Installing: /home/mcav/cam_dev_ws/install/pylon_ros2_camera_interfaces/include/pylon_ros2_camera_interfaces/pylon_ros2_camera_interfaces/msg/rosidl_generator_cpp__visibility_control.hpp
[42.355s] -- Up-to-date: /home/mcav/cam_dev_ws/install/pylon_ros2_camera_interfaces/include/pylon_ros2_camera_interfaces/pylon_ros2_camera_interfaces/action
[42.355s] -- Installing: /home/mcav/cam_dev_ws/install/pylon_ros2_camera_interfaces/include/pylon_ros2_camera_interfaces/pylon_ros2_camera_interfaces/action/grab_images.hpp
[42.355s] -- Up-to-date: /home/mcav/cam_dev_ws/install/pylon_ros2_camera_interfaces/include/pylon_ros2_camera_interfaces/pylon_ros2_camera_interfaces/action/detail
[42.355s] -- Installing: /home/mcav/cam_dev_ws/install/pylon_ros2_camera_interfaces/include/pylon_ros2_camera_interfaces/pylon_ros2_camera_interfaces/action/detail/grab_blaze_data__type_support.hpp
[42.355s] -- Installing: /home/mcav/cam_dev_ws/install/pylon_ros2_camera_interfaces/include/pylon_ros2_camera_interfaces/pylon_ros2_camera_interfaces/action/detail/grab_images__type_support.hpp
[42.356s] -- Installing: /home/mcav/cam_dev_ws/install/pylon_ros2_camera_interfaces/include/pylon_ros2_camera_interfaces/pylon_ros2_camera_interfaces/action/detail/grab_blaze_data__struct.hpp
[42.356s] -- Installing: /home/mcav/cam_dev_ws/install/pylon_ros2_camera_interfaces/include/pylon_ros2_camera_interfaces/pylon_ros2_camera_interfaces/action/detail/grab_images__traits.hpp
[42.356s] -- Installing: /home/mcav/cam_dev_ws/install/pylon_ros2_camera_interfaces/include/pylon_ros2_camera_interfaces/pylon_ros2_camera_interfaces/action/detail/grab_blaze_data__traits.hpp
[42.356s] -- Installing: /home/mcav/cam_dev_ws/install/pylon_ros2_camera_interfaces/include/pylon_ros2_camera_interfaces/pylon_ros2_camera_interfaces/action/detail/grab_images__builder.hpp
[42.356s] -- Installing: /home/mcav/cam_dev_ws/install/pylon_ros2_camera_interfaces/include/pylon_ros2_camera_interfaces/pylon_ros2_camera_interfaces/action/detail/grab_blaze_data__builder.hpp
[42.356s] -- Installing: /home/mcav/cam_dev_ws/install/pylon_ros2_camera_interfaces/include/pylon_ros2_camera_interfaces/pylon_ros2_camera_interfaces/action/detail/grab_images__struct.hpp
[42.356s] -- Installing: /home/mcav/cam_dev_ws/install/pylon_ros2_camera_interfaces/include/pylon_ros2_camera_interfaces/pylon_ros2_camera_interfaces/action/grab_blaze_data.hpp
[42.357s] -- Up-to-date: /home/mcav/cam_dev_ws/install/pylon_ros2_camera_interfaces/include/pylon_ros2_camera_interfaces/pylon_ros2_camera_interfaces/srv
[42.357s] -- Installing: /home/mcav/cam_dev_ws/install/pylon_ros2_camera_interfaces/include/pylon_ros2_camera_interfaces/pylon_ros2_camera_interfaces/srv/set_brightness.hpp
[42.357s] -- Installing: /home/mcav/cam_dev_ws/install/pylon_ros2_camera_interfaces/include/pylon_ros2_camera_interfaces/pylon_ros2_camera_interfaces/srv/set_gamma.hpp
[42.357s] -- Installing: /home/mcav/cam_dev_ws/install/pylon_ros2_camera_interfaces/include/pylon_ros2_camera_interfaces/pylon_ros2_camera_interfaces/srv/set_integer_value.hpp
[42.357s] -- Installing: /home/mcav/cam_dev_ws/install/pylon_ros2_camera_interfaces/include/pylon_ros2_camera_interfaces/pylon_ros2_camera_interfaces/srv/get_string_value.hpp
[42.357s] -- Installing: /home/mcav/cam_dev_ws/install/pylon_ros2_camera_interfaces/include/pylon_ros2_camera_interfaces/pylon_ros2_camera_interfaces/srv/get_integer_value.hpp
[42.357s] -- Installing: /home/mcav/cam_dev_ws/install/pylon_ros2_camera_interfaces/include/pylon_ros2_camera_interfaces/pylon_ros2_camera_interfaces/srv/issue_scheduled_action_command.hpp
[42.357s] -- Installing: /home/mcav/cam_dev_ws/install/pylon_ros2_camera_interfaces/include/pylon_ros2_camera_interfaces/pylon_ros2_camera_interfaces/srv/set_float_value.hpp
[42.358s] -- Installing: /home/mcav/cam_dev_ws/install/pylon_ros2_camera_interfaces/include/pylon_ros2_camera_interfaces/pylon_ros2_camera_interfaces/srv/set_exposure.hpp
[42.358s] -- Up-to-date: /home/mcav/cam_dev_ws/install/pylon_ros2_camera_interfaces/include/pylon_ros2_camera_interfaces/pylon_ros2_camera_interfaces/srv/detail
[42.358s] -- Installing: /home/mcav/cam_dev_ws/install/pylon_ros2_camera_interfaces/include/pylon_ros2_camera_interfaces/pylon_ros2_camera_interfaces/srv/detail/set_gamma__builder.hpp
[42.358s] -- Installing: /home/mcav/cam_dev_ws/install/pylon_ros2_camera_interfaces/include/pylon_ros2_camera_interfaces/pylon_ros2_camera_interfaces/srv/detail/set_action_trigger_configuration__type_support.hpp
[42.358s] -- Installing: /home/mcav/cam_dev_ws/install/pylon_ros2_camera_interfaces/include/pylon_ros2_camera_interfaces/pylon_ros2_camera_interfaces/srv/detail/set_float_value__struct.hpp
[42.358s] -- Installing: /home/mcav/cam_dev_ws/install/pylon_ros2_camera_interfaces/include/pylon_ros2_camera_interfaces/pylon_ros2_camera_interfaces/srv/detail/set_binning__type_support.hpp
[42.359s] -- Installing: /home/mcav/cam_dev_ws/install/pylon_ros2_camera_interfaces/include/pylon_ros2_camera_interfaces/pylon_ros2_camera_interfaces/srv/detail/set_sleeping__traits.hpp
[42.359s] -- Installing: /home/mcav/cam_dev_ws/install/pylon_ros2_camera_interfaces/include/pylon_ros2_camera_interfaces/pylon_ros2_camera_interfaces/srv/detail/set_string_value__struct.hpp
[42.359s] -- Installing: /home/mcav/cam_dev_ws/install/pylon_ros2_camera_interfaces/include/pylon_ros2_camera_interfaces/pylon_ros2_camera_interfaces/srv/detail/set_binning__struct.hpp
[42.359s] -- Installing: /home/mcav/cam_dev_ws/install/pylon_ros2_camera_interfaces/include/pylon_ros2_camera_interfaces/pylon_ros2_camera_interfaces/srv/detail/set_white_balance__type_support.hpp
[42.359s] -- Installing: /home/mcav/cam_dev_ws/install/pylon_ros2_camera_interfaces/include/pylon_ros2_camera_interfaces/pylon_ros2_camera_interfaces/srv/detail/set_sleeping__builder.hpp
[42.360s] -- Installing: /home/mcav/cam_dev_ws/install/pylon_ros2_camera_interfaces/include/pylon_ros2_camera_interfaces/pylon_ros2_camera_interfaces/srv/detail/get_string_value__builder.hpp
[42.360s] -- Installing: /home/mcav/cam_dev_ws/install/pylon_ros2_camera_interfaces/include/pylon_ros2_camera_interfaces/pylon_ros2_camera_interfaces/srv/detail/get_ptp_status__builder.hpp
[42.360s] -- Installing: /home/mcav/cam_dev_ws/install/pylon_ros2_camera_interfaces/include/pylon_ros2_camera_interfaces/pylon_ros2_camera_interfaces/srv/detail/issue_action_command__builder.hpp
[42.360s] -- Installing: /home/mcav/cam_dev_ws/install/pylon_ros2_camera_interfaces/include/pylon_ros2_camera_interfaces/pylon_ros2_camera_interfaces/srv/detail/set_white_balance__traits.hpp
[42.360s] -- Installing: /home/mcav/cam_dev_ws/install/pylon_ros2_camera_interfaces/include/pylon_ros2_camera_interfaces/pylon_ros2_camera_interfaces/srv/detail/set_float_value__builder.hpp
[42.360s] -- Installing: /home/mcav/cam_dev_ws/install/pylon_ros2_camera_interfaces/include/pylon_ros2_camera_interfaces/pylon_ros2_camera_interfaces/srv/detail/issue_action_command__traits.hpp
[42.361s] -- Installing: /home/mcav/cam_dev_ws/install/pylon_ros2_camera_interfaces/include/pylon_ros2_camera_interfaces/pylon_ros2_camera_interfaces/srv/detail/set_exposure__traits.hpp
[42.361s] -- Installing: /home/mcav/cam_dev_ws/install/pylon_ros2_camera_interfaces/include/pylon_ros2_camera_interfaces/pylon_ros2_camera_interfaces/srv/detail/get_ptp_status__type_support.hpp
[42.361s] -- Installing: /home/mcav/cam_dev_ws/install/pylon_ros2_camera_interfaces/include/pylon_ros2_camera_interfaces/pylon_ros2_camera_interfaces/srv/detail/get_integer_value__type_support.hpp
[42.361s] -- Installing: /home/mcav/cam_dev_ws/install/pylon_ros2_camera_interfaces/include/pylon_ros2_camera_interfaces/pylon_ros2_camera_interfaces/srv/detail/set_integer_value__builder.hpp
[42.361s] -- Installing: /home/mcav/cam_dev_ws/install/pylon_ros2_camera_interfaces/include/pylon_ros2_camera_interfaces/pylon_ros2_camera_interfaces/srv/detail/get_ptp_status__struct.hpp
[42.362s] -- Installing: /home/mcav/cam_dev_ws/install/pylon_ros2_camera_interfaces/include/pylon_ros2_camera_interfaces/pylon_ros2_camera_interfaces/srv/detail/get_float_value__type_support.hpp
[42.362s] -- Installing: /home/mcav/cam_dev_ws/install/pylon_ros2_camera_interfaces/include/pylon_ros2_camera_interfaces/pylon_ros2_camera_interfaces/srv/detail/set_sleeping__struct.hpp
[42.362s] -- Installing: /home/mcav/cam_dev_ws/install/pylon_ros2_camera_interfaces/include/pylon_ros2_camera_interfaces/pylon_ros2_camera_interfaces/srv/detail/get_string_value__struct.hpp
[42.362s] -- Installing: /home/mcav/cam_dev_ws/install/pylon_ros2_camera_interfaces/include/pylon_ros2_camera_interfaces/pylon_ros2_camera_interfaces/srv/detail/set_brightness__traits.hpp
[42.362s] -- Installing: /home/mcav/cam_dev_ws/install/pylon_ros2_camera_interfaces/include/pylon_ros2_camera_interfaces/pylon_ros2_camera_interfaces/srv/detail/set_gain__traits.hpp
[42.363s] -- Installing: /home/mcav/cam_dev_ws/install/pylon_ros2_camera_interfaces/include/pylon_ros2_camera_interfaces/pylon_ros2_camera_interfaces/srv/detail/set_integer_value__type_support.hpp
[42.363s] -- Installing: /home/mcav/cam_dev_ws/install/pylon_ros2_camera_interfaces/include/pylon_ros2_camera_interfaces/pylon_ros2_camera_interfaces/srv/detail/set_brightness__builder.hpp
[42.363s] -- Installing: /home/mcav/cam_dev_ws/install/pylon_ros2_camera_interfaces/include/pylon_ros2_camera_interfaces/pylon_ros2_camera_interfaces/srv/detail/issue_scheduled_action_command__builder.hpp
[42.363s] -- Installing: /home/mcav/cam_dev_ws/install/pylon_ros2_camera_interfaces/include/pylon_ros2_camera_interfaces/pylon_ros2_camera_interfaces/srv/detail/set_exposure__type_support.hpp
[42.363s] -- Installing: /home/mcav/cam_dev_ws/install/pylon_ros2_camera_interfaces/include/pylon_ros2_camera_interfaces/pylon_ros2_camera_interfaces/srv/detail/set_string_value__type_support.hpp
[42.363s] -- Installing: /home/mcav/cam_dev_ws/install/pylon_ros2_camera_interfaces/include/pylon_ros2_camera_interfaces/pylon_ros2_camera_interfaces/srv/detail/get_ptp_status__traits.hpp
[42.363s] -- Installing: /home/mcav/cam_dev_ws/install/pylon_ros2_camera_interfaces/include/pylon_ros2_camera_interfaces/pylon_ros2_camera_interfaces/srv/detail/get_float_value__builder.hpp
[42.364s] -- Installing: /home/mcav/cam_dev_ws/install/pylon_ros2_camera_interfaces/include/pylon_ros2_camera_interfaces/pylon_ros2_camera_interfaces/srv/detail/set_brightness__struct.hpp
[42.364s] -- Installing: /home/mcav/cam_dev_ws/install/pylon_ros2_camera_interfaces/include/pylon_ros2_camera_interfaces/pylon_ros2_camera_interfaces/srv/detail/issue_action_command__type_support.hpp
[42.364s] -- Installing: /home/mcav/cam_dev_ws/install/pylon_ros2_camera_interfaces/include/pylon_ros2_camera_interfaces/pylon_ros2_camera_interfaces/srv/detail/get_string_value__traits.hpp
[42.364s] -- Installing: /home/mcav/cam_dev_ws/install/pylon_ros2_camera_interfaces/include/pylon_ros2_camera_interfaces/pylon_ros2_camera_interfaces/srv/detail/set_gain__struct.hpp
[42.364s] -- Installing: /home/mcav/cam_dev_ws/install/pylon_ros2_camera_interfaces/include/pylon_ros2_camera_interfaces/pylon_ros2_camera_interfaces/srv/detail/set_binning__traits.hpp
[42.364s] -- Installing: /home/mcav/cam_dev_ws/install/pylon_ros2_camera_interfaces/include/pylon_ros2_camera_interfaces/pylon_ros2_camera_interfaces/srv/detail/set_integer_value__struct.hpp
[42.364s] -- Installing: /home/mcav/cam_dev_ws/install/pylon_ros2_camera_interfaces/include/pylon_ros2_camera_interfaces/pylon_ros2_camera_interfaces/srv/detail/set_roi__traits.hpp
[42.365s] -- Installing: /home/mcav/cam_dev_ws/install/pylon_ros2_camera_interfaces/include/pylon_ros2_camera_interfaces/pylon_ros2_camera_interfaces/srv/detail/set_white_balance__struct.hpp
[42.365s] -- Installing: /home/mcav/cam_dev_ws/install/pylon_ros2_camera_interfaces/include/pylon_ros2_camera_interfaces/pylon_ros2_camera_interfaces/srv/detail/get_integer_value__struct.hpp
[42.365s] -- Installing: /home/mcav/cam_dev_ws/install/pylon_ros2_camera_interfaces/include/pylon_ros2_camera_interfaces/pylon_ros2_camera_interfaces/srv/detail/get_float_value__traits.hpp
[42.365s] -- Installing: /home/mcav/cam_dev_ws/install/pylon_ros2_camera_interfaces/include/pylon_ros2_camera_interfaces/pylon_ros2_camera_interfaces/srv/detail/get_integer_value__builder.hpp
[42.365s] -- Installing: /home/mcav/cam_dev_ws/install/pylon_ros2_camera_interfaces/include/pylon_ros2_camera_interfaces/pylon_ros2_camera_interfaces/srv/detail/get_float_value__struct.hpp
[42.365s] -- Installing: /home/mcav/cam_dev_ws/install/pylon_ros2_camera_interfaces/include/pylon_ros2_camera_interfaces/pylon_ros2_camera_interfaces/srv/detail/issue_action_command__struct.hpp
[42.365s] -- Installing: /home/mcav/cam_dev_ws/install/pylon_ros2_camera_interfaces/include/pylon_ros2_camera_interfaces/pylon_ros2_camera_interfaces/srv/detail/set_gamma__traits.hpp
[42.365s] -- Installing: /home/mcav/cam_dev_ws/install/pylon_ros2_camera_interfaces/include/pylon_ros2_camera_interfaces/pylon_ros2_camera_interfaces/srv/detail/set_roi__struct.hpp
[42.365s] -- Installing: /home/mcav/cam_dev_ws/install/pylon_ros2_camera_interfaces/include/pylon_ros2_camera_interfaces/pylon_ros2_camera_interfaces/srv/detail/set_brightness__type_support.hpp
[42.365s] -- Installing: /home/mcav/cam_dev_ws/install/pylon_ros2_camera_interfaces/include/pylon_ros2_camera_interfaces/pylon_ros2_camera_interfaces/srv/detail/set_gamma__struct.hpp
[42.366s] -- Installing: /home/mcav/cam_dev_ws/install/pylon_ros2_camera_interfaces/include/pylon_ros2_camera_interfaces/pylon_ros2_camera_interfaces/srv/detail/set_string_value__builder.hpp
[42.366s] -- Installing: /home/mcav/cam_dev_ws/install/pylon_ros2_camera_interfaces/include/pylon_ros2_camera_interfaces/pylon_ros2_camera_interfaces/srv/detail/set_binning__builder.hpp
[42.366s] -- Installing: /home/mcav/cam_dev_ws/install/pylon_ros2_camera_interfaces/include/pylon_ros2_camera_interfaces/pylon_ros2_camera_interfaces/srv/detail/set_string_value__traits.hpp
[42.366s] -- Installing: /home/mcav/cam_dev_ws/install/pylon_ros2_camera_interfaces/include/pylon_ros2_camera_interfaces/pylon_ros2_camera_interfaces/srv/detail/set_roi__type_support.hpp
[42.366s] -- Installing: /home/mcav/cam_dev_ws/install/pylon_ros2_camera_interfaces/include/pylon_ros2_camera_interfaces/pylon_ros2_camera_interfaces/srv/detail/set_gamma__type_support.hpp
[42.366s] -- Installing: /home/mcav/cam_dev_ws/install/pylon_ros2_camera_interfaces/include/pylon_ros2_camera_interfaces/pylon_ros2_camera_interfaces/srv/detail/issue_scheduled_action_command__traits.hpp
[42.366s] -- Installing: /home/mcav/cam_dev_ws/install/pylon_ros2_camera_interfaces/include/pylon_ros2_camera_interfaces/pylon_ros2_camera_interfaces/srv/detail/set_gain__type_support.hpp
[42.366s] -- Installing: /home/mcav/cam_dev_ws/install/pylon_ros2_camera_interfaces/include/pylon_ros2_camera_interfaces/pylon_ros2_camera_interfaces/srv/detail/set_float_value__type_support.hpp
[42.366s] -- Installing: /home/mcav/cam_dev_ws/install/pylon_ros2_camera_interfaces/include/pylon_ros2_camera_interfaces/pylon_ros2_camera_interfaces/srv/detail/issue_scheduled_action_command__struct.hpp
[42.366s] -- Installing: /home/mcav/cam_dev_ws/install/pylon_ros2_camera_interfaces/include/pylon_ros2_camera_interfaces/pylon_ros2_camera_interfaces/srv/detail/set_gain__builder.hpp
[42.366s] -- Installing: /home/mcav/cam_dev_ws/install/pylon_ros2_camera_interfaces/include/pylon_ros2_camera_interfaces/pylon_ros2_camera_interfaces/srv/detail/set_action_trigger_configuration__traits.hpp
[42.366s] -- Installing: /home/mcav/cam_dev_ws/install/pylon_ros2_camera_interfaces/include/pylon_ros2_camera_interfaces/pylon_ros2_camera_interfaces/srv/detail/get_string_value__type_support.hpp
[42.367s] -- Installing: /home/mcav/cam_dev_ws/install/pylon_ros2_camera_interfaces/include/pylon_ros2_camera_interfaces/pylon_ros2_camera_interfaces/srv/detail/set_float_value__traits.hpp
[42.367s] -- Installing: /home/mcav/cam_dev_ws/install/pylon_ros2_camera_interfaces/include/pylon_ros2_camera_interfaces/pylon_ros2_camera_interfaces/srv/detail/issue_scheduled_action_command__type_support.hpp
[42.367s] -- Installing: /home/mcav/cam_dev_ws/install/pylon_ros2_camera_interfaces/include/pylon_ros2_camera_interfaces/pylon_ros2_camera_interfaces/srv/detail/set_integer_value__traits.hpp
[42.367s] -- Installing: /home/mcav/cam_dev_ws/install/pylon_ros2_camera_interfaces/include/pylon_ros2_camera_interfaces/pylon_ros2_camera_interfaces/srv/detail/set_sleeping__type_support.hpp
[42.367s] -- Installing: /home/mcav/cam_dev_ws/install/pylon_ros2_camera_interfaces/include/pylon_ros2_camera_interfaces/pylon_ros2_camera_interfaces/srv/detail/set_exposure__struct.hpp
[42.367s] -- Installing: /home/mcav/cam_dev_ws/install/pylon_ros2_camera_interfaces/include/pylon_ros2_camera_interfaces/pylon_ros2_camera_interfaces/srv/detail/set_exposure__builder.hpp
[42.367s] -- Installing: /home/mcav/cam_dev_ws/install/pylon_ros2_camera_interfaces/include/pylon_ros2_camera_interfaces/pylon_ros2_camera_interfaces/srv/detail/set_roi__builder.hpp
[42.368s] -- Installing: /home/mcav/cam_dev_ws/install/pylon_ros2_camera_interfaces/include/pylon_ros2_camera_interfaces/pylon_ros2_camera_interfaces/srv/detail/set_white_balance__builder.hpp
[42.368s] -- Installing: /home/mcav/cam_dev_ws/install/pylon_ros2_camera_interfaces/include/pylon_ros2_camera_interfaces/pylon_ros2_camera_interfaces/srv/detail/get_integer_value__traits.hpp
[42.368s] -- Installing: /home/mcav/cam_dev_ws/install/pylon_ros2_camera_interfaces/include/pylon_ros2_camera_interfaces/pylon_ros2_camera_interfaces/srv/detail/set_action_trigger_configuration__struct.hpp
[42.368s] -- Installing: /home/mcav/cam_dev_ws/install/pylon_ros2_camera_interfaces/include/pylon_ros2_camera_interfaces/pylon_ros2_camera_interfaces/srv/detail/set_action_trigger_configuration__builder.hpp
[42.368s] -- Installing: /home/mcav/cam_dev_ws/install/pylon_ros2_camera_interfaces/include/pylon_ros2_camera_interfaces/pylon_ros2_camera_interfaces/srv/set_action_trigger_configuration.hpp
[42.368s] -- Installing: /home/mcav/cam_dev_ws/install/pylon_ros2_camera_interfaces/include/pylon_ros2_camera_interfaces/pylon_ros2_camera_interfaces/srv/get_ptp_status.hpp
[42.368s] -- Installing: /home/mcav/cam_dev_ws/install/pylon_ros2_camera_interfaces/include/pylon_ros2_camera_interfaces/pylon_ros2_camera_interfaces/srv/set_string_value.hpp
[42.368s] -- Installing: /home/mcav/cam_dev_ws/install/pylon_ros2_camera_interfaces/include/pylon_ros2_camera_interfaces/pylon_ros2_camera_interfaces/srv/get_float_value.hpp
[42.368s] -- Installing: /home/mcav/cam_dev_ws/install/pylon_ros2_camera_interfaces/include/pylon_ros2_camera_interfaces/pylon_ros2_camera_interfaces/srv/set_binning.hpp
[42.368s] -- Installing: /home/mcav/cam_dev_ws/install/pylon_ros2_camera_interfaces/include/pylon_ros2_camera_interfaces/pylon_ros2_camera_interfaces/srv/issue_action_command.hpp
[42.369s] -- Installing: /home/mcav/cam_dev_ws/install/pylon_ros2_camera_interfaces/include/pylon_ros2_camera_interfaces/pylon_ros2_camera_interfaces/srv/set_gain.hpp
[42.369s] -- Installing: /home/mcav/cam_dev_ws/install/pylon_ros2_camera_interfaces/include/pylon_ros2_camera_interfaces/pylon_ros2_camera_interfaces/srv/set_roi.hpp
[42.369s] -- Installing: /home/mcav/cam_dev_ws/install/pylon_ros2_camera_interfaces/include/pylon_ros2_camera_interfaces/pylon_ros2_camera_interfaces/srv/set_sleeping.hpp
[42.369s] -- Installing: /home/mcav/cam_dev_ws/install/pylon_ros2_camera_interfaces/include/pylon_ros2_camera_interfaces/pylon_ros2_camera_interfaces/srv/set_white_balance.hpp
[42.369s] -- Up-to-date: /home/mcav/cam_dev_ws/install/pylon_ros2_camera_interfaces/include/pylon_ros2_camera_interfaces/pylon_ros2_camera_interfaces
[42.369s] -- Up-to-date: /home/mcav/cam_dev_ws/install/pylon_ros2_camera_interfaces/include/pylon_ros2_camera_interfaces/pylon_ros2_camera_interfaces/msg
[42.369s] -- Up-to-date: /home/mcav/cam_dev_ws/install/pylon_ros2_camera_interfaces/include/pylon_ros2_camera_interfaces/pylon_ros2_camera_interfaces/msg/detail
[42.369s] -- Installing: /home/mcav/cam_dev_ws/install/pylon_ros2_camera_interfaces/include/pylon_ros2_camera_interfaces/pylon_ros2_camera_interfaces/msg/detail/component_status__rosidl_typesupport_fastrtps_cpp.hpp
[42.369s] -- Installing: /home/mcav/cam_dev_ws/install/pylon_ros2_camera_interfaces/include/pylon_ros2_camera_interfaces/pylon_ros2_camera_interfaces/msg/detail/dds_fastrtps
[42.370s] -- Installing: /home/mcav/cam_dev_ws/install/pylon_ros2_camera_interfaces/include/pylon_ros2_camera_interfaces/pylon_ros2_camera_interfaces/msg/detail/current_params__rosidl_typesupport_fastrtps_cpp.hpp
[42.370s] -- Installing: /home/mcav/cam_dev_ws/install/pylon_ros2_camera_interfaces/include/pylon_ros2_camera_interfaces/pylon_ros2_camera_interfaces/msg/rosidl_typesupport_fastrtps_cpp__visibility_control.h
[42.370s] -- Up-to-date: /home/mcav/cam_dev_ws/install/pylon_ros2_camera_interfaces/include/pylon_ros2_camera_interfaces/pylon_ros2_camera_interfaces/action
[42.370s] -- Up-to-date: /home/mcav/cam_dev_ws/install/pylon_ros2_camera_interfaces/include/pylon_ros2_camera_interfaces/pylon_ros2_camera_interfaces/action/detail
[42.370s] -- Installing: /home/mcav/cam_dev_ws/install/pylon_ros2_camera_interfaces/include/pylon_ros2_camera_interfaces/pylon_ros2_camera_interfaces/action/detail/grab_images__rosidl_typesupport_fastrtps_cpp.hpp
[42.371s] -- Installing: /home/mcav/cam_dev_ws/install/pylon_ros2_camera_interfaces/include/pylon_ros2_camera_interfaces/pylon_ros2_camera_interfaces/action/detail/grab_blaze_data__rosidl_typesupport_fastrtps_cpp.hpp
[42.371s] -- Installing: /home/mcav/cam_dev_ws/install/pylon_ros2_camera_interfaces/include/pylon_ros2_camera_interfaces/pylon_ros2_camera_interfaces/action/detail/dds_fastrtps
[42.371s] -- Up-to-date: /home/mcav/cam_dev_ws/install/pylon_ros2_camera_interfaces/include/pylon_ros2_camera_interfaces/pylon_ros2_camera_interfaces/srv
[42.371s] -- Up-to-date: /home/mcav/cam_dev_ws/install/pylon_ros2_camera_interfaces/include/pylon_ros2_camera_interfaces/pylon_ros2_camera_interfaces/srv/detail
[42.371s] -- Installing: /home/mcav/cam_dev_ws/install/pylon_ros2_camera_interfaces/include/pylon_ros2_camera_interfaces/pylon_ros2_camera_interfaces/srv/detail/get_integer_value__rosidl_typesupport_fastrtps_cpp.hpp
[42.372s] -- Installing: /home/mcav/cam_dev_ws/install/pylon_ros2_camera_interfaces/include/pylon_ros2_camera_interfaces/pylon_ros2_camera_interfaces/srv/detail/set_gamma__rosidl_typesupport_fastrtps_cpp.hpp
[42.372s] -- Installing: /home/mcav/cam_dev_ws/install/pylon_ros2_camera_interfaces/include/pylon_ros2_camera_interfaces/pylon_ros2_camera_interfaces/srv/detail/set_brightness__rosidl_typesupport_fastrtps_cpp.hpp
[42.372s] -- Installing: /home/mcav/cam_dev_ws/install/pylon_ros2_camera_interfaces/include/pylon_ros2_camera_interfaces/pylon_ros2_camera_interfaces/srv/detail/issue_action_command__rosidl_typesupport_fastrtps_cpp.hpp
[42.372s] -- Installing: /home/mcav/cam_dev_ws/install/pylon_ros2_camera_interfaces/include/pylon_ros2_camera_interfaces/pylon_ros2_camera_interfaces/srv/detail/get_string_value__rosidl_typesupport_fastrtps_cpp.hpp
[42.372s] -- Installing: /home/mcav/cam_dev_ws/install/pylon_ros2_camera_interfaces/include/pylon_ros2_camera_interfaces/pylon_ros2_camera_interfaces/srv/detail/set_float_value__rosidl_typesupport_fastrtps_cpp.hpp
[42.373s] -- Installing: /home/mcav/cam_dev_ws/install/pylon_ros2_camera_interfaces/include/pylon_ros2_camera_interfaces/pylon_ros2_camera_interfaces/srv/detail/get_float_value__rosidl_typesupport_fastrtps_cpp.hpp
[42.373s] -- Installing: /home/mcav/cam_dev_ws/install/pylon_ros2_camera_interfaces/include/pylon_ros2_camera_interfaces/pylon_ros2_camera_interfaces/srv/detail/set_integer_value__rosidl_typesupport_fastrtps_cpp.hpp
[42.373s] -- Installing: /home/mcav/cam_dev_ws/install/pylon_ros2_camera_interfaces/include/pylon_ros2_camera_interfaces/pylon_ros2_camera_interfaces/srv/detail/dds_fastrtps
[42.373s] -- Installing: /home/mcav/cam_dev_ws/install/pylon_ros2_camera_interfaces/include/pylon_ros2_camera_interfaces/pylon_ros2_camera_interfaces/srv/detail/set_string_value__rosidl_typesupport_fastrtps_cpp.hpp
[42.373s] -- Installing: /home/mcav/cam_dev_ws/install/pylon_ros2_camera_interfaces/include/pylon_ros2_camera_interfaces/pylon_ros2_camera_interfaces/srv/detail/issue_scheduled_action_command__rosidl_typesupport_fastrtps_cpp.hpp
[42.373s] -- Installing: /home/mcav/cam_dev_ws/install/pylon_ros2_camera_interfaces/include/pylon_ros2_camera_interfaces/pylon_ros2_camera_interfaces/srv/detail/get_ptp_status__rosidl_typesupport_fastrtps_cpp.hpp
[42.374s] -- Installing: /home/mcav/cam_dev_ws/install/pylon_ros2_camera_interfaces/include/pylon_ros2_camera_interfaces/pylon_ros2_camera_interfaces/srv/detail/set_white_balance__rosidl_typesupport_fastrtps_cpp.hpp
[42.374s] -- Installing: /home/mcav/cam_dev_ws/install/pylon_ros2_camera_interfaces/include/pylon_ros2_camera_interfaces/pylon_ros2_camera_interfaces/srv/detail/set_sleeping__rosidl_typesupport_fastrtps_cpp.hpp
[42.374s] -- Installing: /home/mcav/cam_dev_ws/install/pylon_ros2_camera_interfaces/include/pylon_ros2_camera_interfaces/pylon_ros2_camera_interfaces/srv/detail/set_binning__rosidl_typesupport_fastrtps_cpp.hpp
[42.374s] -- Installing: /home/mcav/cam_dev_ws/install/pylon_ros2_camera_interfaces/include/pylon_ros2_camera_interfaces/pylon_ros2_camera_interfaces/srv/detail/set_roi__rosidl_typesupport_fastrtps_cpp.hpp
[42.374s] -- Installing: /home/mcav/cam_dev_ws/install/pylon_ros2_camera_interfaces/include/pylon_ros2_camera_interfaces/pylon_ros2_camera_interfaces/srv/detail/set_exposure__rosidl_typesupport_fastrtps_cpp.hpp
[42.375s] -- Installing: /home/mcav/cam_dev_ws/install/pylon_ros2_camera_interfaces/include/pylon_ros2_camera_interfaces/pylon_ros2_camera_interfaces/srv/detail/set_gain__rosidl_typesupport_fastrtps_cpp.hpp
[42.375s] -- Installing: /home/mcav/cam_dev_ws/install/pylon_ros2_camera_interfaces/include/pylon_ros2_camera_interfaces/pylon_ros2_camera_interfaces/srv/detail/set_action_trigger_configuration__rosidl_typesupport_fastrtps_cpp.hpp
[42.375s] -- Installing: /home/mcav/cam_dev_ws/install/pylon_ros2_camera_interfaces/lib/libpylon_ros2_camera_interfaces__rosidl_typesupport_fastrtps_cpp.so
[42.375s] -- Set runtime path of "/home/mcav/cam_dev_ws/install/pylon_ros2_camera_interfaces/lib/libpylon_ros2_camera_interfaces__rosidl_typesupport_fastrtps_cpp.so" to ""
[42.375s] -- Up-to-date: /home/mcav/cam_dev_ws/install/pylon_ros2_camera_interfaces/include/pylon_ros2_camera_interfaces/pylon_ros2_camera_interfaces
[42.375s] -- Up-to-date: /home/mcav/cam_dev_ws/install/pylon_ros2_camera_interfaces/include/pylon_ros2_camera_interfaces/pylon_ros2_camera_interfaces/msg
[42.376s] -- Installing: /home/mcav/cam_dev_ws/install/pylon_ros2_camera_interfaces/include/pylon_ros2_camera_interfaces/pylon_ros2_camera_interfaces/msg/rosidl_typesupport_introspection_c__visibility_control.h
[42.376s] -- Up-to-date: /home/mcav/cam_dev_ws/install/pylon_ros2_camera_interfaces/include/pylon_ros2_camera_interfaces/pylon_ros2_camera_interfaces/msg/detail
[42.376s] -- Installing: /home/mcav/cam_dev_ws/install/pylon_ros2_camera_interfaces/include/pylon_ros2_camera_interfaces/pylon_ros2_camera_interfaces/msg/detail/current_params__rosidl_typesupport_introspection_c.h
[42.376s] -- Installing: /home/mcav/cam_dev_ws/install/pylon_ros2_camera_interfaces/include/pylon_ros2_camera_interfaces/pylon_ros2_camera_interfaces/msg/detail/component_status__type_support.c
[42.376s] -- Installing: /home/mcav/cam_dev_ws/install/pylon_ros2_camera_interfaces/include/pylon_ros2_camera_interfaces/pylon_ros2_camera_interfaces/msg/detail/current_params__type_support.c
[42.376s] -- Installing: /home/mcav/cam_dev_ws/install/pylon_ros2_camera_interfaces/include/pylon_ros2_camera_interfaces/pylon_ros2_camera_interfaces/msg/detail/component_status__rosidl_typesupport_introspection_c.h
[42.377s] -- Up-to-date: /home/mcav/cam_dev_ws/install/pylon_ros2_camera_interfaces/include/pylon_ros2_camera_interfaces/pylon_ros2_camera_interfaces/action
[42.377s] -- Up-to-date: /home/mcav/cam_dev_ws/install/pylon_ros2_camera_interfaces/include/pylon_ros2_camera_interfaces/pylon_ros2_camera_interfaces/action/detail
[42.377s] -- Installing: /home/mcav/cam_dev_ws/install/pylon_ros2_camera_interfaces/include/pylon_ros2_camera_interfaces/pylon_ros2_camera_interfaces/action/detail/grab_blaze_data__rosidl_typesupport_introspection_c.h
[42.377s] -- Installing: /home/mcav/cam_dev_ws/install/pylon_ros2_camera_interfaces/include/pylon_ros2_camera_interfaces/pylon_ros2_camera_interfaces/action/detail/grab_blaze_data__type_support.c
[42.377s] -- Installing: /home/mcav/cam_dev_ws/install/pylon_ros2_camera_interfaces/include/pylon_ros2_camera_interfaces/pylon_ros2_camera_interfaces/action/detail/grab_images__rosidl_typesupport_introspection_c.h
[42.378s] -- Installing: /home/mcav/cam_dev_ws/install/pylon_ros2_camera_interfaces/include/pylon_ros2_camera_interfaces/pylon_ros2_camera_interfaces/action/detail/grab_images__type_support.c
[42.378s] -- Up-to-date: /home/mcav/cam_dev_ws/install/pylon_ros2_camera_interfaces/include/pylon_ros2_camera_interfaces/pylon_ros2_camera_interfaces/srv
[42.378s] -- Up-to-date: /home/mcav/cam_dev_ws/install/pylon_ros2_camera_interfaces/include/pylon_ros2_camera_interfaces/pylon_ros2_camera_interfaces/srv/detail
[42.378s] -- Installing: /home/mcav/cam_dev_ws/install/pylon_ros2_camera_interfaces/include/pylon_ros2_camera_interfaces/pylon_ros2_camera_interfaces/srv/detail/set_binning__rosidl_typesupport_introspection_c.h
[42.378s] -- Installing: /home/mcav/cam_dev_ws/install/pylon_ros2_camera_interfaces/include/pylon_ros2_camera_interfaces/pylon_ros2_camera_interfaces/srv/detail/set_exposure__rosidl_typesupport_introspection_c.h
[42.378s] -- Installing: /home/mcav/cam_dev_ws/install/pylon_ros2_camera_interfaces/include/pylon_ros2_camera_interfaces/pylon_ros2_camera_interfaces/srv/detail/issue_action_command__rosidl_typesupport_introspection_c.h
[42.379s] -- Installing: /home/mcav/cam_dev_ws/install/pylon_ros2_camera_interfaces/include/pylon_ros2_camera_interfaces/pylon_ros2_camera_interfaces/srv/detail/set_gain__type_support.c
[42.379s] -- Installing: /home/mcav/cam_dev_ws/install/pylon_ros2_camera_interfaces/include/pylon_ros2_camera_interfaces/pylon_ros2_camera_interfaces/srv/detail/set_float_value__type_support.c
[42.379s] -- Installing: /home/mcav/cam_dev_ws/install/pylon_ros2_camera_interfaces/include/pylon_ros2_camera_interfaces/pylon_ros2_camera_interfaces/srv/detail/set_float_value__rosidl_typesupport_introspection_c.h
[42.379s] -- Installing: /home/mcav/cam_dev_ws/install/pylon_ros2_camera_interfaces/include/pylon_ros2_camera_interfaces/pylon_ros2_camera_interfaces/srv/detail/issue_action_command__type_support.c
[42.379s] -- Installing: /home/mcav/cam_dev_ws/install/pylon_ros2_camera_interfaces/include/pylon_ros2_camera_interfaces/pylon_ros2_camera_interfaces/srv/detail/get_string_value__type_support.c
[42.379s] -- Installing: /home/mcav/cam_dev_ws/install/pylon_ros2_camera_interfaces/include/pylon_ros2_camera_interfaces/pylon_ros2_camera_interfaces/srv/detail/get_float_value__type_support.c
[42.380s] -- Installing: /home/mcav/cam_dev_ws/install/pylon_ros2_camera_interfaces/include/pylon_ros2_camera_interfaces/pylon_ros2_camera_interfaces/srv/detail/set_gamma__type_support.c
[42.380s] -- Installing: /home/mcav/cam_dev_ws/install/pylon_ros2_camera_interfaces/include/pylon_ros2_camera_interfaces/pylon_ros2_camera_interfaces/srv/detail/get_integer_value__rosidl_typesupport_introspection_c.h
[42.380s] -- Installing: /home/mcav/cam_dev_ws/install/pylon_ros2_camera_interfaces/include/pylon_ros2_camera_interfaces/pylon_ros2_camera_interfaces/srv/detail/get_ptp_status__type_support.c
[42.380s] -- Installing: /home/mcav/cam_dev_ws/install/pylon_ros2_camera_interfaces/include/pylon_ros2_camera_interfaces/pylon_ros2_camera_interfaces/srv/detail/set_string_value__type_support.c
[42.380s] -- Installing: /home/mcav/cam_dev_ws/install/pylon_ros2_camera_interfaces/include/pylon_ros2_camera_interfaces/pylon_ros2_camera_interfaces/srv/detail/set_action_trigger_configuration__type_support.c
[42.380s] -- Installing: /home/mcav/cam_dev_ws/install/pylon_ros2_camera_interfaces/include/pylon_ros2_camera_interfaces/pylon_ros2_camera_interfaces/srv/detail/issue_scheduled_action_command__type_support.c
[42.381s] -- Installing: /home/mcav/cam_dev_ws/install/pylon_ros2_camera_interfaces/include/pylon_ros2_camera_interfaces/pylon_ros2_camera_interfaces/srv/detail/set_sleeping__rosidl_typesupport_introspection_c.h
[42.381s] -- Installing: /home/mcav/cam_dev_ws/install/pylon_ros2_camera_interfaces/include/pylon_ros2_camera_interfaces/pylon_ros2_camera_interfaces/srv/detail/get_string_value__rosidl_typesupport_introspection_c.h
[42.381s] -- Installing: /home/mcav/cam_dev_ws/install/pylon_ros2_camera_interfaces/include/pylon_ros2_camera_interfaces/pylon_ros2_camera_interfaces/srv/detail/set_brightness__rosidl_typesupport_introspection_c.h
[42.381s] -- Installing: /home/mcav/cam_dev_ws/install/pylon_ros2_camera_interfaces/include/pylon_ros2_camera_interfaces/pylon_ros2_camera_interfaces/srv/detail/get_ptp_status__rosidl_typesupport_introspection_c.h
[42.381s] -- Installing: /home/mcav/cam_dev_ws/install/pylon_ros2_camera_interfaces/include/pylon_ros2_camera_interfaces/pylon_ros2_camera_interfaces/srv/detail/get_integer_value__type_support.c
[42.381s] -- Installing: /home/mcav/cam_dev_ws/install/pylon_ros2_camera_interfaces/include/pylon_ros2_camera_interfaces/pylon_ros2_camera_interfaces/srv/detail/issue_scheduled_action_command__rosidl_typesupport_introspection_c.h
[42.382s] -- Installing: /home/mcav/cam_dev_ws/install/pylon_ros2_camera_interfaces/include/pylon_ros2_camera_interfaces/pylon_ros2_camera_interfaces/srv/detail/set_roi__type_support.c
[42.382s] -- Installing: /home/mcav/cam_dev_ws/install/pylon_ros2_camera_interfaces/include/pylon_ros2_camera_interfaces/pylon_ros2_camera_interfaces/srv/detail/set_exposure__type_support.c
[42.382s] -- Installing: /home/mcav/cam_dev_ws/install/pylon_ros2_camera_interfaces/include/pylon_ros2_camera_interfaces/pylon_ros2_camera_interfaces/srv/detail/set_sleeping__type_support.c
[42.382s] -- Installing: /home/mcav/cam_dev_ws/install/pylon_ros2_camera_interfaces/include/pylon_ros2_camera_interfaces/pylon_ros2_camera_interfaces/srv/detail/set_gamma__rosidl_typesupport_introspection_c.h
[42.382s] -- Installing: /home/mcav/cam_dev_ws/install/pylon_ros2_camera_interfaces/include/pylon_ros2_camera_interfaces/pylon_ros2_camera_interfaces/srv/detail/set_binning__type_support.c
[42.383s] -- Installing: /home/mcav/cam_dev_ws/install/pylon_ros2_camera_interfaces/include/pylon_ros2_camera_interfaces/pylon_ros2_camera_interfaces/srv/detail/set_gain__rosidl_typesupport_introspection_c.h
[42.383s] -- Installing: /home/mcav/cam_dev_ws/install/pylon_ros2_camera_interfaces/include/pylon_ros2_camera_interfaces/pylon_ros2_camera_interfaces/srv/detail/set_integer_value__type_support.c
[42.383s] -- Installing: /home/mcav/cam_dev_ws/install/pylon_ros2_camera_interfaces/include/pylon_ros2_camera_interfaces/pylon_ros2_camera_interfaces/srv/detail/set_roi__rosidl_typesupport_introspection_c.h
[42.383s] -- Installing: /home/mcav/cam_dev_ws/install/pylon_ros2_camera_interfaces/include/pylon_ros2_camera_interfaces/pylon_ros2_camera_interfaces/srv/detail/set_brightness__type_support.c
[42.383s] -- Installing: /home/mcav/cam_dev_ws/install/pylon_ros2_camera_interfaces/include/pylon_ros2_camera_interfaces/pylon_ros2_camera_interfaces/srv/detail/set_integer_value__rosidl_typesupport_introspection_c.h
[42.383s] -- Installing: /home/mcav/cam_dev_ws/install/pylon_ros2_camera_interfaces/include/pylon_ros2_camera_interfaces/pylon_ros2_camera_interfaces/srv/detail/set_string_value__rosidl_typesupport_introspection_c.h
[42.384s] -- Installing: /home/mcav/cam_dev_ws/install/pylon_ros2_camera_interfaces/include/pylon_ros2_camera_interfaces/pylon_ros2_camera_interfaces/srv/detail/set_white_balance__rosidl_typesupport_introspection_c.h
[42.384s] -- Installing: /home/mcav/cam_dev_ws/install/pylon_ros2_camera_interfaces/include/pylon_ros2_camera_interfaces/pylon_ros2_camera_interfaces/srv/detail/set_white_balance__type_support.c
[42.384s] -- Installing: /home/mcav/cam_dev_ws/install/pylon_ros2_camera_interfaces/include/pylon_ros2_camera_interfaces/pylon_ros2_camera_interfaces/srv/detail/set_action_trigger_configuration__rosidl_typesupport_introspection_c.h
[42.384s] -- Installing: /home/mcav/cam_dev_ws/install/pylon_ros2_camera_interfaces/include/pylon_ros2_camera_interfaces/pylon_ros2_camera_interfaces/srv/detail/get_float_value__rosidl_typesupport_introspection_c.h
[42.384s] -- Installing: /home/mcav/cam_dev_ws/install/pylon_ros2_camera_interfaces/lib/libpylon_ros2_camera_interfaces__rosidl_typesupport_introspection_c.so
[42.385s] -- Set runtime path of "/home/mcav/cam_dev_ws/install/pylon_ros2_camera_interfaces/lib/libpylon_ros2_camera_interfaces__rosidl_typesupport_introspection_c.so" to ""
[42.385s] -- Installing: /home/mcav/cam_dev_ws/install/pylon_ros2_camera_interfaces/lib/libpylon_ros2_camera_interfaces__rosidl_typesupport_c.so
[42.385s] -- Set runtime path of "/home/mcav/cam_dev_ws/install/pylon_ros2_camera_interfaces/lib/libpylon_ros2_camera_interfaces__rosidl_typesupport_c.so" to ""
[42.385s] -- Up-to-date: /home/mcav/cam_dev_ws/install/pylon_ros2_camera_interfaces/include/pylon_ros2_camera_interfaces/pylon_ros2_camera_interfaces
[42.385s] -- Up-to-date: /home/mcav/cam_dev_ws/install/pylon_ros2_camera_interfaces/include/pylon_ros2_camera_interfaces/pylon_ros2_camera_interfaces/msg
[42.385s] -- Up-to-date: /home/mcav/cam_dev_ws/install/pylon_ros2_camera_interfaces/include/pylon_ros2_camera_interfaces/pylon_ros2_camera_interfaces/msg/detail
[42.386s] -- Installing: /home/mcav/cam_dev_ws/install/pylon_ros2_camera_interfaces/include/pylon_ros2_camera_interfaces/pylon_ros2_camera_interfaces/msg/detail/component_status__rosidl_typesupport_introspection_cpp.hpp
[42.386s] -- Installing: /home/mcav/cam_dev_ws/install/pylon_ros2_camera_interfaces/include/pylon_ros2_camera_interfaces/pylon_ros2_camera_interfaces/msg/detail/current_params__rosidl_typesupport_introspection_cpp.hpp
[42.386s] -- Installing: /home/mcav/cam_dev_ws/install/pylon_ros2_camera_interfaces/include/pylon_ros2_camera_interfaces/pylon_ros2_camera_interfaces/msg/detail/component_status__type_support.cpp
[42.386s] -- Installing: /home/mcav/cam_dev_ws/install/pylon_ros2_camera_interfaces/include/pylon_ros2_camera_interfaces/pylon_ros2_camera_interfaces/msg/detail/current_params__type_support.cpp
[42.386s] -- Up-to-date: /home/mcav/cam_dev_ws/install/pylon_ros2_camera_interfaces/include/pylon_ros2_camera_interfaces/pylon_ros2_camera_interfaces/action
[42.386s] -- Up-to-date: /home/mcav/cam_dev_ws/install/pylon_ros2_camera_interfaces/include/pylon_ros2_camera_interfaces/pylon_ros2_camera_interfaces/action/detail
[42.387s] -- Installing: /home/mcav/cam_dev_ws/install/pylon_ros2_camera_interfaces/include/pylon_ros2_camera_interfaces/pylon_ros2_camera_interfaces/action/detail/grab_blaze_data__type_support.cpp
[42.387s] -- Installing: /home/mcav/cam_dev_ws/install/pylon_ros2_camera_interfaces/include/pylon_ros2_camera_interfaces/pylon_ros2_camera_interfaces/action/detail/grab_blaze_data__rosidl_typesupport_introspection_cpp.hpp
[42.387s] -- Installing: /home/mcav/cam_dev_ws/install/pylon_ros2_camera_interfaces/include/pylon_ros2_camera_interfaces/pylon_ros2_camera_interfaces/action/detail/grab_images__type_support.cpp
[42.387s] -- Installing: /home/mcav/cam_dev_ws/install/pylon_ros2_camera_interfaces/include/pylon_ros2_camera_interfaces/pylon_ros2_camera_interfaces/action/detail/grab_images__rosidl_typesupport_introspection_cpp.hpp
[42.387s] -- Up-to-date: /home/mcav/cam_dev_ws/install/pylon_ros2_camera_interfaces/include/pylon_ros2_camera_interfaces/pylon_ros2_camera_interfaces/srv
[42.388s] -- Up-to-date: /home/mcav/cam_dev_ws/install/pylon_ros2_camera_interfaces/include/pylon_ros2_camera_interfaces/pylon_ros2_camera_interfaces/srv/detail
[42.388s] -- Installing: /home/mcav/cam_dev_ws/install/pylon_ros2_camera_interfaces/include/pylon_ros2_camera_interfaces/pylon_ros2_camera_interfaces/srv/detail/set_integer_value__type_support.cpp
[42.388s] -- Installing: /home/mcav/cam_dev_ws/install/pylon_ros2_camera_interfaces/include/pylon_ros2_camera_interfaces/pylon_ros2_camera_interfaces/srv/detail/get_integer_value__rosidl_typesupport_introspection_cpp.hpp
[42.388s] -- Installing: /home/mcav/cam_dev_ws/install/pylon_ros2_camera_interfaces/include/pylon_ros2_camera_interfaces/pylon_ros2_camera_interfaces/srv/detail/set_float_value__type_support.cpp
[42.388s] -- Installing: /home/mcav/cam_dev_ws/install/pylon_ros2_camera_interfaces/include/pylon_ros2_camera_interfaces/pylon_ros2_camera_interfaces/srv/detail/set_string_value__rosidl_typesupport_introspection_cpp.hpp
[42.388s] -- Installing: /home/mcav/cam_dev_ws/install/pylon_ros2_camera_interfaces/include/pylon_ros2_camera_interfaces/pylon_ros2_camera_interfaces/srv/detail/set_sleeping__type_support.cpp
[42.389s] -- Installing: /home/mcav/cam_dev_ws/install/pylon_ros2_camera_interfaces/include/pylon_ros2_camera_interfaces/pylon_ros2_camera_interfaces/srv/detail/issue_action_command__rosidl_typesupport_introspection_cpp.hpp
[42.389s] -- Installing: /home/mcav/cam_dev_ws/install/pylon_ros2_camera_interfaces/include/pylon_ros2_camera_interfaces/pylon_ros2_camera_interfaces/srv/detail/issue_scheduled_action_command__rosidl_typesupport_introspection_cpp.hpp
[42.389s] -- Installing: /home/mcav/cam_dev_ws/install/pylon_ros2_camera_interfaces/include/pylon_ros2_camera_interfaces/pylon_ros2_camera_interfaces/srv/detail/set_binning__rosidl_typesupport_introspection_cpp.hpp
[42.389s] -- Installing: /home/mcav/cam_dev_ws/install/pylon_ros2_camera_interfaces/include/pylon_ros2_camera_interfaces/pylon_ros2_camera_interfaces/srv/detail/set_exposure__type_support.cpp
[42.389s] -- Installing: /home/mcav/cam_dev_ws/install/pylon_ros2_camera_interfaces/include/pylon_ros2_camera_interfaces/pylon_ros2_camera_interfaces/srv/detail/get_float_value__type_support.cpp
[42.389s] -- Installing: /home/mcav/cam_dev_ws/install/pylon_ros2_camera_interfaces/include/pylon_ros2_camera_interfaces/pylon_ros2_camera_interfaces/srv/detail/set_gain__rosidl_typesupport_introspection_cpp.hpp
[42.389s] -- Installing: /home/mcav/cam_dev_ws/install/pylon_ros2_camera_interfaces/include/pylon_ros2_camera_interfaces/pylon_ros2_camera_interfaces/srv/detail/set_action_trigger_configuration__type_support.cpp
[42.390s] -- Installing: /home/mcav/cam_dev_ws/install/pylon_ros2_camera_interfaces/include/pylon_ros2_camera_interfaces/pylon_ros2_camera_interfaces/srv/detail/get_float_value__rosidl_typesupport_introspection_cpp.hpp
[42.390s] -- Installing: /home/mcav/cam_dev_ws/install/pylon_ros2_camera_interfaces/include/pylon_ros2_camera_interfaces/pylon_ros2_camera_interfaces/srv/detail/set_float_value__rosidl_typesupport_introspection_cpp.hpp
[42.390s] -- Installing: /home/mcav/cam_dev_ws/install/pylon_ros2_camera_interfaces/include/pylon_ros2_camera_interfaces/pylon_ros2_camera_interfaces/srv/detail/set_exposure__rosidl_typesupport_introspection_cpp.hpp
[42.390s] -- Installing: /home/mcav/cam_dev_ws/install/pylon_ros2_camera_interfaces/include/pylon_ros2_camera_interfaces/pylon_ros2_camera_interfaces/srv/detail/get_string_value__type_support.cpp
[42.390s] -- Installing: /home/mcav/cam_dev_ws/install/pylon_ros2_camera_interfaces/include/pylon_ros2_camera_interfaces/pylon_ros2_camera_interfaces/srv/detail/issue_action_command__type_support.cpp
[42.390s] -- Installing: /home/mcav/cam_dev_ws/install/pylon_ros2_camera_interfaces/include/pylon_ros2_camera_interfaces/pylon_ros2_camera_interfaces/srv/detail/get_integer_value__type_support.cpp
[42.391s] -- Installing: /home/mcav/cam_dev_ws/install/pylon_ros2_camera_interfaces/include/pylon_ros2_camera_interfaces/pylon_ros2_camera_interfaces/srv/detail/get_string_value__rosidl_typesupport_introspection_cpp.hpp
[42.391s] -- Installing: /home/mcav/cam_dev_ws/install/pylon_ros2_camera_interfaces/include/pylon_ros2_camera_interfaces/pylon_ros2_camera_interfaces/srv/detail/set_roi__rosidl_typesupport_introspection_cpp.hpp
[42.391s] -- Installing: /home/mcav/cam_dev_ws/install/pylon_ros2_camera_interfaces/include/pylon_ros2_camera_interfaces/pylon_ros2_camera_interfaces/srv/detail/set_roi__type_support.cpp
[42.391s] -- Installing: /home/mcav/cam_dev_ws/install/pylon_ros2_camera_interfaces/include/pylon_ros2_camera_interfaces/pylon_ros2_camera_interfaces/srv/detail/set_white_balance__rosidl_typesupport_introspection_cpp.hpp
[42.391s] -- Installing: /home/mcav/cam_dev_ws/install/pylon_ros2_camera_interfaces/include/pylon_ros2_camera_interfaces/pylon_ros2_camera_interfaces/srv/detail/set_string_value__type_support.cpp
[42.391s] -- Installing: /home/mcav/cam_dev_ws/install/pylon_ros2_camera_interfaces/include/pylon_ros2_camera_interfaces/pylon_ros2_camera_interfaces/srv/detail/set_gamma__rosidl_typesupport_introspection_cpp.hpp
[42.392s] -- Installing: /home/mcav/cam_dev_ws/install/pylon_ros2_camera_interfaces/include/pylon_ros2_camera_interfaces/pylon_ros2_camera_interfaces/srv/detail/get_ptp_status__rosidl_typesupport_introspection_cpp.hpp
[42.392s] -- Installing: /home/mcav/cam_dev_ws/install/pylon_ros2_camera_interfaces/include/pylon_ros2_camera_interfaces/pylon_ros2_camera_interfaces/srv/detail/set_binning__type_support.cpp
[42.392s] -- Installing: /home/mcav/cam_dev_ws/install/pylon_ros2_camera_interfaces/include/pylon_ros2_camera_interfaces/pylon_ros2_camera_interfaces/srv/detail/set_gain__type_support.cpp
[42.392s] -- Installing: /home/mcav/cam_dev_ws/install/pylon_ros2_camera_interfaces/include/pylon_ros2_camera_interfaces/pylon_ros2_camera_interfaces/srv/detail/set_brightness__type_support.cpp
[42.392s] -- Installing: /home/mcav/cam_dev_ws/install/pylon_ros2_camera_interfaces/include/pylon_ros2_camera_interfaces/pylon_ros2_camera_interfaces/srv/detail/set_action_trigger_configuration__rosidl_typesupport_introspection_cpp.hpp
[42.392s] -- Installing: /home/mcav/cam_dev_ws/install/pylon_ros2_camera_interfaces/include/pylon_ros2_camera_interfaces/pylon_ros2_camera_interfaces/srv/detail/get_ptp_status__type_support.cpp
[42.393s] -- Installing: /home/mcav/cam_dev_ws/install/pylon_ros2_camera_interfaces/include/pylon_ros2_camera_interfaces/pylon_ros2_camera_interfaces/srv/detail/set_integer_value__rosidl_typesupport_introspection_cpp.hpp
[42.393s] -- Installing: /home/mcav/cam_dev_ws/install/pylon_ros2_camera_interfaces/include/pylon_ros2_camera_interfaces/pylon_ros2_camera_interfaces/srv/detail/set_sleeping__rosidl_typesupport_introspection_cpp.hpp
[42.393s] -- Installing: /home/mcav/cam_dev_ws/install/pylon_ros2_camera_interfaces/include/pylon_ros2_camera_interfaces/pylon_ros2_camera_interfaces/srv/detail/set_white_balance__type_support.cpp
[42.393s] -- Installing: /home/mcav/cam_dev_ws/install/pylon_ros2_camera_interfaces/include/pylon_ros2_camera_interfaces/pylon_ros2_camera_interfaces/srv/detail/set_brightness__rosidl_typesupport_introspection_cpp.hpp
[42.393s] -- Installing: /home/mcav/cam_dev_ws/install/pylon_ros2_camera_interfaces/include/pylon_ros2_camera_interfaces/pylon_ros2_camera_interfaces/srv/detail/issue_scheduled_action_command__type_support.cpp
[42.394s] -- Installing: /home/mcav/cam_dev_ws/install/pylon_ros2_camera_interfaces/include/pylon_ros2_camera_interfaces/pylon_ros2_camera_interfaces/srv/detail/set_gamma__type_support.cpp
[42.394s] -- Installing: /home/mcav/cam_dev_ws/install/pylon_ros2_camera_interfaces/lib/libpylon_ros2_camera_interfaces__rosidl_typesupport_introspection_cpp.so
[42.394s] -- Set runtime path of "/home/mcav/cam_dev_ws/install/pylon_ros2_camera_interfaces/lib/libpylon_ros2_camera_interfaces__rosidl_typesupport_introspection_cpp.so" to ""
[42.394s] -- Installing: /home/mcav/cam_dev_ws/install/pylon_ros2_camera_interfaces/lib/libpylon_ros2_camera_interfaces__rosidl_typesupport_cpp.so
[42.394s] -- Set runtime path of "/home/mcav/cam_dev_ws/install/pylon_ros2_camera_interfaces/lib/libpylon_ros2_camera_interfaces__rosidl_typesupport_cpp.so" to ""
[42.394s] -- Installing: /home/mcav/cam_dev_ws/install/pylon_ros2_camera_interfaces/share/pylon_ros2_camera_interfaces/environment/pythonpath.sh
[42.395s] -- Installing: /home/mcav/cam_dev_ws/install/pylon_ros2_camera_interfaces/share/pylon_ros2_camera_interfaces/environment/pythonpath.dsv
[42.395s] -- Installing: /home/mcav/cam_dev_ws/install/pylon_ros2_camera_interfaces/local/lib/python3.10/dist-packages/pylon_ros2_camera_interfaces-1.1.0-py3.10.egg-info
[42.395s] -- Installing: /home/mcav/cam_dev_ws/install/pylon_ros2_camera_interfaces/local/lib/python3.10/dist-packages/pylon_ros2_camera_interfaces-1.1.0-py3.10.egg-info/top_level.txt
[42.395s] -- Installing: /home/mcav/cam_dev_ws/install/pylon_ros2_camera_interfaces/local/lib/python3.10/dist-packages/pylon_ros2_camera_interfaces-1.1.0-py3.10.egg-info/dependency_links.txt
[42.395s] -- Installing: /home/mcav/cam_dev_ws/install/pylon_ros2_camera_interfaces/local/lib/python3.10/dist-packages/pylon_ros2_camera_interfaces-1.1.0-py3.10.egg-info/PKG-INFO
[42.395s] -- Installing: /home/mcav/cam_dev_ws/install/pylon_ros2_camera_interfaces/local/lib/python3.10/dist-packages/pylon_ros2_camera_interfaces-1.1.0-py3.10.egg-info/SOURCES.txt
[42.396s] -- Installing: /home/mcav/cam_dev_ws/install/pylon_ros2_camera_interfaces/local/lib/python3.10/dist-packages/pylon_ros2_camera_interfaces
[42.396s] -- Installing: /home/mcav/cam_dev_ws/install/pylon_ros2_camera_interfaces/local/lib/python3.10/dist-packages/pylon_ros2_camera_interfaces/msg
[42.396s] -- Installing: /home/mcav/cam_dev_ws/install/pylon_ros2_camera_interfaces/local/lib/python3.10/dist-packages/pylon_ros2_camera_interfaces/msg/_current_params_s.c
[42.396s] -- Installing: /home/mcav/cam_dev_ws/install/pylon_ros2_camera_interfaces/local/lib/python3.10/dist-packages/pylon_ros2_camera_interfaces/msg/__init__.py
[42.396s] -- Installing: /home/mcav/cam_dev_ws/install/pylon_ros2_camera_interfaces/local/lib/python3.10/dist-packages/pylon_ros2_camera_interfaces/msg/_component_status.py
[42.396s] -- Installing: /home/mcav/cam_dev_ws/install/pylon_ros2_camera_interfaces/local/lib/python3.10/dist-packages/pylon_ros2_camera_interfaces/msg/_current_params.py
[42.397s] -- Installing: /home/mcav/cam_dev_ws/install/pylon_ros2_camera_interfaces/local/lib/python3.10/dist-packages/pylon_ros2_camera_interfaces/msg/_component_status_s.c
[42.397s] -- Installing: /home/mcav/cam_dev_ws/install/pylon_ros2_camera_interfaces/local/lib/python3.10/dist-packages/pylon_ros2_camera_interfaces/action
[42.397s] -- Installing: /home/mcav/cam_dev_ws/install/pylon_ros2_camera_interfaces/local/lib/python3.10/dist-packages/pylon_ros2_camera_interfaces/action/_grab_blaze_data.py
[42.397s] -- Installing: /home/mcav/cam_dev_ws/install/pylon_ros2_camera_interfaces/local/lib/python3.10/dist-packages/pylon_ros2_camera_interfaces/action/_grab_images_s.c
[42.397s] -- Installing: /home/mcav/cam_dev_ws/install/pylon_ros2_camera_interfaces/local/lib/python3.10/dist-packages/pylon_ros2_camera_interfaces/action/__init__.py
[42.398s] -- Installing: /home/mcav/cam_dev_ws/install/pylon_ros2_camera_interfaces/local/lib/python3.10/dist-packages/pylon_ros2_camera_interfaces/action/_grab_images.py
[42.398s] -- Installing: /home/mcav/cam_dev_ws/install/pylon_ros2_camera_interfaces/local/lib/python3.10/dist-packages/pylon_ros2_camera_interfaces/action/_grab_blaze_data_s.c
[42.398s] -- Installing: /home/mcav/cam_dev_ws/install/pylon_ros2_camera_interfaces/local/lib/python3.10/dist-packages/pylon_ros2_camera_interfaces/_pylon_ros2_camera_interfaces_s.ep.rosidl_typesupport_introspection_c.c
[42.398s] -- Installing: /home/mcav/cam_dev_ws/install/pylon_ros2_camera_interfaces/local/lib/python3.10/dist-packages/pylon_ros2_camera_interfaces/pylon_ros2_camera_interfaces_s__rosidl_typesupport_c.cpython-310-x86_64-linux-gnu.so
[42.398s] -- Installing: /home/mcav/cam_dev_ws/install/pylon_ros2_camera_interfaces/local/lib/python3.10/dist-packages/pylon_ros2_camera_interfaces/_pylon_ros2_camera_interfaces_s.ep.rosidl_typesupport_fastrtps_c.c
[42.398s] -- Installing: /home/mcav/cam_dev_ws/install/pylon_ros2_camera_interfaces/local/lib/python3.10/dist-packages/pylon_ros2_camera_interfaces/__init__.py
[42.399s] -- Installing: /home/mcav/cam_dev_ws/install/pylon_ros2_camera_interfaces/local/lib/python3.10/dist-packages/pylon_ros2_camera_interfaces/pylon_ros2_camera_interfaces_s__rosidl_typesupport_introspection_c.cpython-310-x86_64-linux-gnu.so
[42.399s] -- Installing: /home/mcav/cam_dev_ws/install/pylon_ros2_camera_interfaces/local/lib/python3.10/dist-packages/pylon_ros2_camera_interfaces/srv
[42.399s] -- Installing: /home/mcav/cam_dev_ws/install/pylon_ros2_camera_interfaces/local/lib/python3.10/dist-packages/pylon_ros2_camera_interfaces/srv/_set_gain.py
[42.399s] -- Installing: /home/mcav/cam_dev_ws/install/pylon_ros2_camera_interfaces/local/lib/python3.10/dist-packages/pylon_ros2_camera_interfaces/srv/_get_string_value.py
[42.399s] -- Installing: /home/mcav/cam_dev_ws/install/pylon_ros2_camera_interfaces/local/lib/python3.10/dist-packages/pylon_ros2_camera_interfaces/srv/_set_roi.py
[42.399s] -- Installing: /home/mcav/cam_dev_ws/install/pylon_ros2_camera_interfaces/local/lib/python3.10/dist-packages/pylon_ros2_camera_interfaces/srv/_set_brightness_s.c
[42.400s] -- Installing: /home/mcav/cam_dev_ws/install/pylon_ros2_camera_interfaces/local/lib/python3.10/dist-packages/pylon_ros2_camera_interfaces/srv/_set_white_balance_s.c
[42.400s] -- Installing: /home/mcav/cam_dev_ws/install/pylon_ros2_camera_interfaces/local/lib/python3.10/dist-packages/pylon_ros2_camera_interfaces/srv/_set_sleeping.py
[42.400s] -- Installing: /home/mcav/cam_dev_ws/install/pylon_ros2_camera_interfaces/local/lib/python3.10/dist-packages/pylon_ros2_camera_interfaces/srv/_set_exposure.py
[42.400s] -- Installing: /home/mcav/cam_dev_ws/install/pylon_ros2_camera_interfaces/local/lib/python3.10/dist-packages/pylon_ros2_camera_interfaces/srv/_get_integer_value.py
[42.400s] -- Installing: /home/mcav/cam_dev_ws/install/pylon_ros2_camera_interfaces/local/lib/python3.10/dist-packages/pylon_ros2_camera_interfaces/srv/_issue_scheduled_action_command_s.c
[42.401s] -- Installing: /home/mcav/cam_dev_ws/install/pylon_ros2_camera_interfaces/local/lib/python3.10/dist-packages/pylon_ros2_camera_interfaces/srv/_set_integer_value_s.c
[42.401s] -- Installing: /home/mcav/cam_dev_ws/install/pylon_ros2_camera_interfaces/local/lib/python3.10/dist-packages/pylon_ros2_camera_interfaces/srv/_set_exposure_s.c
[42.401s] -- Installing: /home/mcav/cam_dev_ws/install/pylon_ros2_camera_interfaces/local/lib/python3.10/dist-packages/pylon_ros2_camera_interfaces/srv/_set_integer_value.py
[42.401s] -- Installing: /home/mcav/cam_dev_ws/install/pylon_ros2_camera_interfaces/local/lib/python3.10/dist-packages/pylon_ros2_camera_interfaces/srv/_get_ptp_status_s.c
[42.401s] -- Installing: /home/mcav/cam_dev_ws/install/pylon_ros2_camera_interfaces/local/lib/python3.10/dist-packages/pylon_ros2_camera_interfaces/srv/_set_string_value_s.c
[42.401s] -- Installing: /home/mcav/cam_dev_ws/install/pylon_ros2_camera_interfaces/local/lib/python3.10/dist-packages/pylon_ros2_camera_interfaces/srv/_set_binning_s.c
[42.402s] -- Installing: /home/mcav/cam_dev_ws/install/pylon_ros2_camera_interfaces/local/lib/python3.10/dist-packages/pylon_ros2_camera_interfaces/srv/_set_roi_s.c
[42.402s] -- Installing: /home/mcav/cam_dev_ws/install/pylon_ros2_camera_interfaces/local/lib/python3.10/dist-packages/pylon_ros2_camera_interfaces/srv/_set_float_value.py
[42.402s] -- Installing: /home/mcav/cam_dev_ws/install/pylon_ros2_camera_interfaces/local/lib/python3.10/dist-packages/pylon_ros2_camera_interfaces/srv/_set_gamma_s.c
[42.402s] -- Installing: /home/mcav/cam_dev_ws/install/pylon_ros2_camera_interfaces/local/lib/python3.10/dist-packages/pylon_ros2_camera_interfaces/srv/__init__.py
[42.402s] -- Installing: /home/mcav/cam_dev_ws/install/pylon_ros2_camera_interfaces/local/lib/python3.10/dist-packages/pylon_ros2_camera_interfaces/srv/_issue_action_command.py
[42.402s] -- Installing: /home/mcav/cam_dev_ws/install/pylon_ros2_camera_interfaces/local/lib/python3.10/dist-packages/pylon_ros2_camera_interfaces/srv/_get_string_value_s.c
[42.403s] -- Installing: /home/mcav/cam_dev_ws/install/pylon_ros2_camera_interfaces/local/lib/python3.10/dist-packages/pylon_ros2_camera_interfaces/srv/_issue_action_command_s.c
[42.403s] -- Installing: /home/mcav/cam_dev_ws/install/pylon_ros2_camera_interfaces/local/lib/python3.10/dist-packages/pylon_ros2_camera_interfaces/srv/_set_gain_s.c
[42.403s] -- Installing: /home/mcav/cam_dev_ws/install/pylon_ros2_camera_interfaces/local/lib/python3.10/dist-packages/pylon_ros2_camera_interfaces/srv/_get_float_value.py
[42.403s] -- Installing: /home/mcav/cam_dev_ws/install/pylon_ros2_camera_interfaces/local/lib/python3.10/dist-packages/pylon_ros2_camera_interfaces/srv/_set_brightness.py
[42.403s] -- Installing: /home/mcav/cam_dev_ws/install/pylon_ros2_camera_interfaces/local/lib/python3.10/dist-packages/pylon_ros2_camera_interfaces/srv/_set_sleeping_s.c
[42.404s] -- Installing: /home/mcav/cam_dev_ws/install/pylon_ros2_camera_interfaces/local/lib/python3.10/dist-packages/pylon_ros2_camera_interfaces/srv/_get_integer_value_s.c
[42.404s] -- Installing: /home/mcav/cam_dev_ws/install/pylon_ros2_camera_interfaces/local/lib/python3.10/dist-packages/pylon_ros2_camera_interfaces/srv/_set_binning.py
[42.404s] -- Installing: /home/mcav/cam_dev_ws/install/pylon_ros2_camera_interfaces/local/lib/python3.10/dist-packages/pylon_ros2_camera_interfaces/srv/_get_float_value_s.c
[42.404s] -- Installing: /home/mcav/cam_dev_ws/install/pylon_ros2_camera_interfaces/local/lib/python3.10/dist-packages/pylon_ros2_camera_interfaces/srv/_get_ptp_status.py
[42.404s] -- Installing: /home/mcav/cam_dev_ws/install/pylon_ros2_camera_interfaces/local/lib/python3.10/dist-packages/pylon_ros2_camera_interfaces/srv/_set_action_trigger_configuration_s.c
[42.404s] -- Installing: /home/mcav/cam_dev_ws/install/pylon_ros2_camera_interfaces/local/lib/python3.10/dist-packages/pylon_ros2_camera_interfaces/srv/_set_gamma.py
[42.405s] -- Installing: /home/mcav/cam_dev_ws/install/pylon_ros2_camera_interfaces/local/lib/python3.10/dist-packages/pylon_ros2_camera_interfaces/srv/_set_float_value_s.c
[42.405s] -- Installing: /home/mcav/cam_dev_ws/install/pylon_ros2_camera_interfaces/local/lib/python3.10/dist-packages/pylon_ros2_camera_interfaces/srv/_set_string_value.py
[42.405s] -- Installing: /home/mcav/cam_dev_ws/install/pylon_ros2_camera_interfaces/local/lib/python3.10/dist-packages/pylon_ros2_camera_interfaces/srv/_set_white_balance.py
[42.405s] -- Installing: /home/mcav/cam_dev_ws/install/pylon_ros2_camera_interfaces/local/lib/python3.10/dist-packages/pylon_ros2_camera_interfaces/srv/_set_action_trigger_configuration.py
[42.405s] -- Installing: /home/mcav/cam_dev_ws/install/pylon_ros2_camera_interfaces/local/lib/python3.10/dist-packages/pylon_ros2_camera_interfaces/srv/_issue_scheduled_action_command.py
[42.405s] -- Installing: /home/mcav/cam_dev_ws/install/pylon_ros2_camera_interfaces/local/lib/python3.10/dist-packages/pylon_ros2_camera_interfaces/libpylon_ros2_camera_interfaces__rosidl_generator_py.so
[42.405s] -- Installing: /home/mcav/cam_dev_ws/install/pylon_ros2_camera_interfaces/local/lib/python3.10/dist-packages/pylon_ros2_camera_interfaces/pylon_ros2_camera_interfaces_s__rosidl_typesupport_fastrtps_c.cpython-310-x86_64-linux-gnu.so
[42.406s] -- Installing: /home/mcav/cam_dev_ws/install/pylon_ros2_camera_interfaces/local/lib/python3.10/dist-packages/pylon_ros2_camera_interfaces/_pylon_ros2_camera_interfaces_s.ep.rosidl_typesupport_c.c
[42.506s] Listing '/home/mcav/cam_dev_ws/install/pylon_ros2_camera_interfaces/local/lib/python3.10/dist-packages/pylon_ros2_camera_interfaces'...
[42.506s] Compiling '/home/mcav/cam_dev_ws/install/pylon_ros2_camera_interfaces/local/lib/python3.10/dist-packages/pylon_ros2_camera_interfaces/__init__.py'...
[42.506s] Listing '/home/mcav/cam_dev_ws/install/pylon_ros2_camera_interfaces/local/lib/python3.10/dist-packages/pylon_ros2_camera_interfaces/action'...
[42.506s] Compiling '/home/mcav/cam_dev_ws/install/pylon_ros2_camera_interfaces/local/lib/python3.10/dist-packages/pylon_ros2_camera_interfaces/action/__init__.py'...
[42.506s] Compiling '/home/mcav/cam_dev_ws/install/pylon_ros2_camera_interfaces/local/lib/python3.10/dist-packages/pylon_ros2_camera_interfaces/action/_grab_blaze_data.py'...
[42.506s] Compiling '/home/mcav/cam_dev_ws/install/pylon_ros2_camera_interfaces/local/lib/python3.10/dist-packages/pylon_ros2_camera_interfaces/action/_grab_images.py'...
[42.506s] Listing '/home/mcav/cam_dev_ws/install/pylon_ros2_camera_interfaces/local/lib/python3.10/dist-packages/pylon_ros2_camera_interfaces/msg'...
[42.506s] Compiling '/home/mcav/cam_dev_ws/install/pylon_ros2_camera_interfaces/local/lib/python3.10/dist-packages/pylon_ros2_camera_interfaces/msg/__init__.py'...
[42.506s] Compiling '/home/mcav/cam_dev_ws/install/pylon_ros2_camera_interfaces/local/lib/python3.10/dist-packages/pylon_ros2_camera_interfaces/msg/_component_status.py'...
[42.506s] Compiling '/home/mcav/cam_dev_ws/install/pylon_ros2_camera_interfaces/local/lib/python3.10/dist-packages/pylon_ros2_camera_interfaces/msg/_current_params.py'...
[42.506s] Listing '/home/mcav/cam_dev_ws/install/pylon_ros2_camera_interfaces/local/lib/python3.10/dist-packages/pylon_ros2_camera_interfaces/srv'...
[42.506s] Compiling '/home/mcav/cam_dev_ws/install/pylon_ros2_camera_interfaces/local/lib/python3.10/dist-packages/pylon_ros2_camera_interfaces/srv/__init__.py'...
[42.506s] Compiling '/home/mcav/cam_dev_ws/install/pylon_ros2_camera_interfaces/local/lib/python3.10/dist-packages/pylon_ros2_camera_interfaces/srv/_get_float_value.py'...
[42.506s] Compiling '/home/mcav/cam_dev_ws/install/pylon_ros2_camera_interfaces/local/lib/python3.10/dist-packages/pylon_ros2_camera_interfaces/srv/_get_integer_value.py'...
[42.507s] Compiling '/home/mcav/cam_dev_ws/install/pylon_ros2_camera_interfaces/local/lib/python3.10/dist-packages/pylon_ros2_camera_interfaces/srv/_get_ptp_status.py'...
[42.507s] Compiling '/home/mcav/cam_dev_ws/install/pylon_ros2_camera_interfaces/local/lib/python3.10/dist-packages/pylon_ros2_camera_interfaces/srv/_get_string_value.py'...
[42.507s] Compiling '/home/mcav/cam_dev_ws/install/pylon_ros2_camera_interfaces/local/lib/python3.10/dist-packages/pylon_ros2_camera_interfaces/srv/_issue_action_command.py'...
[42.507s] Compiling '/home/mcav/cam_dev_ws/install/pylon_ros2_camera_interfaces/local/lib/python3.10/dist-packages/pylon_ros2_camera_interfaces/srv/_issue_scheduled_action_command.py'...
[42.507s] Compiling '/home/mcav/cam_dev_ws/install/pylon_ros2_camera_interfaces/local/lib/python3.10/dist-packages/pylon_ros2_camera_interfaces/srv/_set_action_trigger_configuration.py'...
[42.507s] Compiling '/home/mcav/cam_dev_ws/install/pylon_ros2_camera_interfaces/local/lib/python3.10/dist-packages/pylon_ros2_camera_interfaces/srv/_set_binning.py'...
[42.507s] Compiling '/home/mcav/cam_dev_ws/install/pylon_ros2_camera_interfaces/local/lib/python3.10/dist-packages/pylon_ros2_camera_interfaces/srv/_set_brightness.py'...
[42.507s] Compiling '/home/mcav/cam_dev_ws/install/pylon_ros2_camera_interfaces/local/lib/python3.10/dist-packages/pylon_ros2_camera_interfaces/srv/_set_exposure.py'...
[42.507s] Compiling '/home/mcav/cam_dev_ws/install/pylon_ros2_camera_interfaces/local/lib/python3.10/dist-packages/pylon_ros2_camera_interfaces/srv/_set_float_value.py'...
[42.507s] Compiling '/home/mcav/cam_dev_ws/install/pylon_ros2_camera_interfaces/local/lib/python3.10/dist-packages/pylon_ros2_camera_interfaces/srv/_set_gain.py'...
[42.507s] Compiling '/home/mcav/cam_dev_ws/install/pylon_ros2_camera_interfaces/local/lib/python3.10/dist-packages/pylon_ros2_camera_interfaces/srv/_set_gamma.py'...
[42.507s] Compiling '/home/mcav/cam_dev_ws/install/pylon_ros2_camera_interfaces/local/lib/python3.10/dist-packages/pylon_ros2_camera_interfaces/srv/_set_integer_value.py'...
[42.507s] Compiling '/home/mcav/cam_dev_ws/install/pylon_ros2_camera_interfaces/local/lib/python3.10/dist-packages/pylon_ros2_camera_interfaces/srv/_set_roi.py'...
[42.507s] Compiling '/home/mcav/cam_dev_ws/install/pylon_ros2_camera_interfaces/local/lib/python3.10/dist-packages/pylon_ros2_camera_interfaces/srv/_set_sleeping.py'...
[42.507s] Compiling '/home/mcav/cam_dev_ws/install/pylon_ros2_camera_interfaces/local/lib/python3.10/dist-packages/pylon_ros2_camera_interfaces/srv/_set_string_value.py'...
[42.507s] Compiling '/home/mcav/cam_dev_ws/install/pylon_ros2_camera_interfaces/local/lib/python3.10/dist-packages/pylon_ros2_camera_interfaces/srv/_set_white_balance.py'...
[42.512s] -- Installing: /home/mcav/cam_dev_ws/install/pylon_ros2_camera_interfaces/local/lib/python3.10/dist-packages/pylon_ros2_camera_interfaces/pylon_ros2_camera_interfaces_s__rosidl_typesupport_fastrtps_c.cpython-310-x86_64-linux-gnu.so
[42.513s] -- Set runtime path of "/home/mcav/cam_dev_ws/install/pylon_ros2_camera_interfaces/local/lib/python3.10/dist-packages/pylon_ros2_camera_interfaces/pylon_ros2_camera_interfaces_s__rosidl_typesupport_fastrtps_c.cpython-310-x86_64-linux-gnu.so" to ""
[42.513s] -- Installing: /home/mcav/cam_dev_ws/install/pylon_ros2_camera_interfaces/local/lib/python3.10/dist-packages/pylon_ros2_camera_interfaces/pylon_ros2_camera_interfaces_s__rosidl_typesupport_introspection_c.cpython-310-x86_64-linux-gnu.so
[42.514s] -- Set runtime path of "/home/mcav/cam_dev_ws/install/pylon_ros2_camera_interfaces/local/lib/python3.10/dist-packages/pylon_ros2_camera_interfaces/pylon_ros2_camera_interfaces_s__rosidl_typesupport_introspection_c.cpython-310-x86_64-linux-gnu.so" to ""
[42.515s] -- Installing: /home/mcav/cam_dev_ws/install/pylon_ros2_camera_interfaces/local/lib/python3.10/dist-packages/pylon_ros2_camera_interfaces/pylon_ros2_camera_interfaces_s__rosidl_typesupport_c.cpython-310-x86_64-linux-gnu.so
[42.516s] -- Set runtime path of "/home/mcav/cam_dev_ws/install/pylon_ros2_camera_interfaces/local/lib/python3.10/dist-packages/pylon_ros2_camera_interfaces/pylon_ros2_camera_interfaces_s__rosidl_typesupport_c.cpython-310-x86_64-linux-gnu.so" to ""
[42.516s] -- Installing: /home/mcav/cam_dev_ws/install/pylon_ros2_camera_interfaces/lib/libpylon_ros2_camera_interfaces__rosidl_generator_py.so
[42.517s] -- Set runtime path of "/home/mcav/cam_dev_ws/install/pylon_ros2_camera_interfaces/lib/libpylon_ros2_camera_interfaces__rosidl_generator_py.so" to ""
[42.518s] -- Installing: /home/mcav/cam_dev_ws/install/pylon_ros2_camera_interfaces/share/ament_index/resource_index/rust_packages/pylon_ros2_camera_interfaces
[42.518s] -- Installing: /home/mcav/cam_dev_ws/install/pylon_ros2_camera_interfaces/share/pylon_ros2_camera_interfaces/rust
[42.518s] -- Installing: /home/mcav/cam_dev_ws/install/pylon_ros2_camera_interfaces/share/pylon_ros2_camera_interfaces/rust/Cargo.toml
[42.518s] -- Installing: /home/mcav/cam_dev_ws/install/pylon_ros2_camera_interfaces/share/pylon_ros2_camera_interfaces/rust/src
[42.519s] -- Installing: /home/mcav/cam_dev_ws/install/pylon_ros2_camera_interfaces/share/pylon_ros2_camera_interfaces/rust/src/msg
[42.519s] -- Installing: /home/mcav/cam_dev_ws/install/pylon_ros2_camera_interfaces/share/pylon_ros2_camera_interfaces/rust/src/msg/rmw.rs
[42.519s] -- Installing: /home/mcav/cam_dev_ws/install/pylon_ros2_camera_interfaces/share/pylon_ros2_camera_interfaces/rust/src/action
[42.519s] -- Installing: /home/mcav/cam_dev_ws/install/pylon_ros2_camera_interfaces/share/pylon_ros2_camera_interfaces/rust/src/action/rmw.rs
[42.519s] -- Installing: /home/mcav/cam_dev_ws/install/pylon_ros2_camera_interfaces/share/pylon_ros2_camera_interfaces/rust/src/action.rs
[42.520s] -- Installing: /home/mcav/cam_dev_ws/install/pylon_ros2_camera_interfaces/share/pylon_ros2_camera_interfaces/rust/src/srv
[42.520s] -- Installing: /home/mcav/cam_dev_ws/install/pylon_ros2_camera_interfaces/share/pylon_ros2_camera_interfaces/rust/src/srv/rmw.rs
[42.520s] -- Installing: /home/mcav/cam_dev_ws/install/pylon_ros2_camera_interfaces/share/pylon_ros2_camera_interfaces/rust/src/msg.rs
[42.520s] -- Installing: /home/mcav/cam_dev_ws/install/pylon_ros2_camera_interfaces/share/pylon_ros2_camera_interfaces/rust/src/srv.rs
[42.521s] -- Installing: /home/mcav/cam_dev_ws/install/pylon_ros2_camera_interfaces/share/pylon_ros2_camera_interfaces/rust/src/lib.rs
[42.521s] -- Installing: /home/mcav/cam_dev_ws/install/pylon_ros2_camera_interfaces/share/pylon_ros2_camera_interfaces/rust/build.rs
[42.521s] -- Installing: /home/mcav/cam_dev_ws/install/pylon_ros2_camera_interfaces/share/pylon_ros2_camera_interfaces/msg/CurrentParams.idl
[42.521s] -- Installing: /home/mcav/cam_dev_ws/install/pylon_ros2_camera_interfaces/share/pylon_ros2_camera_interfaces/msg/ComponentStatus.idl
[42.522s] -- Installing: /home/mcav/cam_dev_ws/install/pylon_ros2_camera_interfaces/share/pylon_ros2_camera_interfaces/srv/GetIntegerValue.idl
[42.522s] -- Installing: /home/mcav/cam_dev_ws/install/pylon_ros2_camera_interfaces/share/pylon_ros2_camera_interfaces/srv/GetFloatValue.idl
[42.522s] -- Installing: /home/mcav/cam_dev_ws/install/pylon_ros2_camera_interfaces/share/pylon_ros2_camera_interfaces/srv/GetStringValue.idl
[42.522s] -- Installing: /home/mcav/cam_dev_ws/install/pylon_ros2_camera_interfaces/share/pylon_ros2_camera_interfaces/srv/GetPtpStatus.idl
[42.523s] -- Installing: /home/mcav/cam_dev_ws/install/pylon_ros2_camera_interfaces/share/pylon_ros2_camera_interfaces/srv/SetBinning.idl
[42.523s] -- Installing: /home/mcav/cam_dev_ws/install/pylon_ros2_camera_interfaces/share/pylon_ros2_camera_interfaces/srv/SetBrightness.idl
[42.523s] -- Installing: /home/mcav/cam_dev_ws/install/pylon_ros2_camera_interfaces/share/pylon_ros2_camera_interfaces/srv/SetExposure.idl
[42.523s] -- Installing: /home/mcav/cam_dev_ws/install/pylon_ros2_camera_interfaces/share/pylon_ros2_camera_interfaces/srv/SetGain.idl
[42.523s] -- Installing: /home/mcav/cam_dev_ws/install/pylon_ros2_camera_interfaces/share/pylon_ros2_camera_interfaces/srv/SetGamma.idl
[42.524s] -- Installing: /home/mcav/cam_dev_ws/install/pylon_ros2_camera_interfaces/share/pylon_ros2_camera_interfaces/srv/SetROI.idl
[42.524s] -- Installing: /home/mcav/cam_dev_ws/install/pylon_ros2_camera_interfaces/share/pylon_ros2_camera_interfaces/srv/SetSleeping.idl
[42.524s] -- Installing: /home/mcav/cam_dev_ws/install/pylon_ros2_camera_interfaces/share/pylon_ros2_camera_interfaces/srv/SetWhiteBalance.idl
[42.524s] -- Installing: /home/mcav/cam_dev_ws/install/pylon_ros2_camera_interfaces/share/pylon_ros2_camera_interfaces/srv/SetIntegerValue.idl
[42.524s] -- Installing: /home/mcav/cam_dev_ws/install/pylon_ros2_camera_interfaces/share/pylon_ros2_camera_interfaces/srv/SetFloatValue.idl
[42.525s] -- Installing: /home/mcav/cam_dev_ws/install/pylon_ros2_camera_interfaces/share/pylon_ros2_camera_interfaces/srv/SetStringValue.idl
[42.525s] -- Installing: /home/mcav/cam_dev_ws/install/pylon_ros2_camera_interfaces/share/pylon_ros2_camera_interfaces/srv/SetActionTriggerConfiguration.idl
[42.525s] -- Installing: /home/mcav/cam_dev_ws/install/pylon_ros2_camera_interfaces/share/pylon_ros2_camera_interfaces/srv/IssueActionCommand.idl
[42.525s] -- Installing: /home/mcav/cam_dev_ws/install/pylon_ros2_camera_interfaces/share/pylon_ros2_camera_interfaces/srv/IssueScheduledActionCommand.idl
[42.526s] -- Installing: /home/mcav/cam_dev_ws/install/pylon_ros2_camera_interfaces/share/pylon_ros2_camera_interfaces/action/GrabImages.idl
[42.526s] -- Installing: /home/mcav/cam_dev_ws/install/pylon_ros2_camera_interfaces/share/pylon_ros2_camera_interfaces/action/GrabBlazeData.idl
[42.526s] -- Installing: /home/mcav/cam_dev_ws/install/pylon_ros2_camera_interfaces/share/pylon_ros2_camera_interfaces/msg/CurrentParams.msg
[42.527s] -- Installing: /home/mcav/cam_dev_ws/install/pylon_ros2_camera_interfaces/share/pylon_ros2_camera_interfaces/msg/ComponentStatus.msg
[42.527s] -- Installing: /home/mcav/cam_dev_ws/install/pylon_ros2_camera_interfaces/share/pylon_ros2_camera_interfaces/srv/GetIntegerValue.srv
[42.527s] -- Installing: /home/mcav/cam_dev_ws/install/pylon_ros2_camera_interfaces/share/pylon_ros2_camera_interfaces/srv/GetIntegerValue_Request.msg
[42.527s] -- Installing: /home/mcav/cam_dev_ws/install/pylon_ros2_camera_interfaces/share/pylon_ros2_camera_interfaces/srv/GetIntegerValue_Response.msg
[42.527s] -- Installing: /home/mcav/cam_dev_ws/install/pylon_ros2_camera_interfaces/share/pylon_ros2_camera_interfaces/srv/GetFloatValue.srv
[42.528s] -- Installing: /home/mcav/cam_dev_ws/install/pylon_ros2_camera_interfaces/share/pylon_ros2_camera_interfaces/srv/GetFloatValue_Request.msg
[42.528s] -- Installing: /home/mcav/cam_dev_ws/install/pylon_ros2_camera_interfaces/share/pylon_ros2_camera_interfaces/srv/GetFloatValue_Response.msg
[42.528s] -- Installing: /home/mcav/cam_dev_ws/install/pylon_ros2_camera_interfaces/share/pylon_ros2_camera_interfaces/srv/GetStringValue.srv
[42.528s] -- Installing: /home/mcav/cam_dev_ws/install/pylon_ros2_camera_interfaces/share/pylon_ros2_camera_interfaces/srv/GetStringValue_Request.msg
[42.528s] -- Installing: /home/mcav/cam_dev_ws/install/pylon_ros2_camera_interfaces/share/pylon_ros2_camera_interfaces/srv/GetStringValue_Response.msg
[42.529s] -- Installing: /home/mcav/cam_dev_ws/install/pylon_ros2_camera_interfaces/share/pylon_ros2_camera_interfaces/srv/GetPtpStatus.srv
[42.529s] -- Installing: /home/mcav/cam_dev_ws/install/pylon_ros2_camera_interfaces/share/pylon_ros2_camera_interfaces/srv/GetPtpStatus_Request.msg
[42.529s] -- Installing: /home/mcav/cam_dev_ws/install/pylon_ros2_camera_interfaces/share/pylon_ros2_camera_interfaces/srv/GetPtpStatus_Response.msg
[42.529s] -- Installing: /home/mcav/cam_dev_ws/install/pylon_ros2_camera_interfaces/share/pylon_ros2_camera_interfaces/srv/SetBinning.srv
[42.529s] -- Installing: /home/mcav/cam_dev_ws/install/pylon_ros2_camera_interfaces/share/pylon_ros2_camera_interfaces/srv/SetBinning_Request.msg
[42.530s] -- Installing: /home/mcav/cam_dev_ws/install/pylon_ros2_camera_interfaces/share/pylon_ros2_camera_interfaces/srv/SetBinning_Response.msg
[42.530s] -- Installing: /home/mcav/cam_dev_ws/install/pylon_ros2_camera_interfaces/share/pylon_ros2_camera_interfaces/srv/SetBrightness.srv
[42.530s] -- Installing: /home/mcav/cam_dev_ws/install/pylon_ros2_camera_interfaces/share/pylon_ros2_camera_interfaces/srv/SetBrightness_Request.msg
[42.530s] -- Installing: /home/mcav/cam_dev_ws/install/pylon_ros2_camera_interfaces/share/pylon_ros2_camera_interfaces/srv/SetBrightness_Response.msg
[42.530s] -- Installing: /home/mcav/cam_dev_ws/install/pylon_ros2_camera_interfaces/share/pylon_ros2_camera_interfaces/srv/SetExposure.srv
[42.530s] -- Installing: /home/mcav/cam_dev_ws/install/pylon_ros2_camera_interfaces/share/pylon_ros2_camera_interfaces/srv/SetExposure_Request.msg
[42.531s] -- Installing: /home/mcav/cam_dev_ws/install/pylon_ros2_camera_interfaces/share/pylon_ros2_camera_interfaces/srv/SetExposure_Response.msg
[42.531s] -- Installing: /home/mcav/cam_dev_ws/install/pylon_ros2_camera_interfaces/share/pylon_ros2_camera_interfaces/srv/SetGain.srv
[42.531s] -- Installing: /home/mcav/cam_dev_ws/install/pylon_ros2_camera_interfaces/share/pylon_ros2_camera_interfaces/srv/SetGain_Request.msg
[42.531s] -- Installing: /home/mcav/cam_dev_ws/install/pylon_ros2_camera_interfaces/share/pylon_ros2_camera_interfaces/srv/SetGain_Response.msg
[42.531s] -- Installing: /home/mcav/cam_dev_ws/install/pylon_ros2_camera_interfaces/share/pylon_ros2_camera_interfaces/srv/SetGamma.srv
[42.532s] -- Installing: /home/mcav/cam_dev_ws/install/pylon_ros2_camera_interfaces/share/pylon_ros2_camera_interfaces/srv/SetGamma_Request.msg
[42.532s] -- Installing: /home/mcav/cam_dev_ws/install/pylon_ros2_camera_interfaces/share/pylon_ros2_camera_interfaces/srv/SetGamma_Response.msg
[42.532s] -- Installing: /home/mcav/cam_dev_ws/install/pylon_ros2_camera_interfaces/share/pylon_ros2_camera_interfaces/srv/SetROI.srv
[42.532s] -- Installing: /home/mcav/cam_dev_ws/install/pylon_ros2_camera_interfaces/share/pylon_ros2_camera_interfaces/srv/SetROI_Request.msg
[42.533s] -- Installing: /home/mcav/cam_dev_ws/install/pylon_ros2_camera_interfaces/share/pylon_ros2_camera_interfaces/srv/SetROI_Response.msg
[42.533s] -- Installing: /home/mcav/cam_dev_ws/install/pylon_ros2_camera_interfaces/share/pylon_ros2_camera_interfaces/srv/SetSleeping.srv
[42.533s] -- Installing: /home/mcav/cam_dev_ws/install/pylon_ros2_camera_interfaces/share/pylon_ros2_camera_interfaces/srv/SetSleeping_Request.msg
[42.533s] -- Installing: /home/mcav/cam_dev_ws/install/pylon_ros2_camera_interfaces/share/pylon_ros2_camera_interfaces/srv/SetSleeping_Response.msg
[42.534s] -- Installing: /home/mcav/cam_dev_ws/install/pylon_ros2_camera_interfaces/share/pylon_ros2_camera_interfaces/srv/SetWhiteBalance.srv
[42.534s] -- Installing: /home/mcav/cam_dev_ws/install/pylon_ros2_camera_interfaces/share/pylon_ros2_camera_interfaces/srv/SetWhiteBalance_Request.msg
[42.534s] -- Installing: /home/mcav/cam_dev_ws/install/pylon_ros2_camera_interfaces/share/pylon_ros2_camera_interfaces/srv/SetWhiteBalance_Response.msg
[42.534s] -- Installing: /home/mcav/cam_dev_ws/install/pylon_ros2_camera_interfaces/share/pylon_ros2_camera_interfaces/srv/SetIntegerValue.srv
[42.534s] -- Installing: /home/mcav/cam_dev_ws/install/pylon_ros2_camera_interfaces/share/pylon_ros2_camera_interfaces/srv/SetIntegerValue_Request.msg
[42.535s] -- Installing: /home/mcav/cam_dev_ws/install/pylon_ros2_camera_interfaces/share/pylon_ros2_camera_interfaces/srv/SetIntegerValue_Response.msg
[42.535s] -- Installing: /home/mcav/cam_dev_ws/install/pylon_ros2_camera_interfaces/share/pylon_ros2_camera_interfaces/srv/SetFloatValue.srv
[42.535s] -- Installing: /home/mcav/cam_dev_ws/install/pylon_ros2_camera_interfaces/share/pylon_ros2_camera_interfaces/srv/SetFloatValue_Request.msg
[42.535s] -- Installing: /home/mcav/cam_dev_ws/install/pylon_ros2_camera_interfaces/share/pylon_ros2_camera_interfaces/srv/SetFloatValue_Response.msg
[42.536s] -- Installing: /home/mcav/cam_dev_ws/install/pylon_ros2_camera_interfaces/share/pylon_ros2_camera_interfaces/srv/SetStringValue.srv
[42.536s] -- Installing: /home/mcav/cam_dev_ws/install/pylon_ros2_camera_interfaces/share/pylon_ros2_camera_interfaces/srv/SetStringValue_Request.msg
[42.536s] -- Installing: /home/mcav/cam_dev_ws/install/pylon_ros2_camera_interfaces/share/pylon_ros2_camera_interfaces/srv/SetStringValue_Response.msg
[42.536s] -- Installing: /home/mcav/cam_dev_ws/install/pylon_ros2_camera_interfaces/share/pylon_ros2_camera_interfaces/srv/SetActionTriggerConfiguration.srv
[42.537s] -- Installing: /home/mcav/cam_dev_ws/install/pylon_ros2_camera_interfaces/share/pylon_ros2_camera_interfaces/srv/SetActionTriggerConfiguration_Request.msg
[42.537s] -- Installing: /home/mcav/cam_dev_ws/install/pylon_ros2_camera_interfaces/share/pylon_ros2_camera_interfaces/srv/SetActionTriggerConfiguration_Response.msg
[42.537s] -- Installing: /home/mcav/cam_dev_ws/install/pylon_ros2_camera_interfaces/share/pylon_ros2_camera_interfaces/srv/IssueActionCommand.srv
[42.537s] -- Installing: /home/mcav/cam_dev_ws/install/pylon_ros2_camera_interfaces/share/pylon_ros2_camera_interfaces/srv/IssueActionCommand_Request.msg
[42.538s] -- Installing: /home/mcav/cam_dev_ws/install/pylon_ros2_camera_interfaces/share/pylon_ros2_camera_interfaces/srv/IssueActionCommand_Response.msg
[42.538s] -- Installing: /home/mcav/cam_dev_ws/install/pylon_ros2_camera_interfaces/share/pylon_ros2_camera_interfaces/srv/IssueScheduledActionCommand.srv
[42.538s] -- Installing: /home/mcav/cam_dev_ws/install/pylon_ros2_camera_interfaces/share/pylon_ros2_camera_interfaces/srv/IssueScheduledActionCommand_Request.msg
[42.538s] -- Installing: /home/mcav/cam_dev_ws/install/pylon_ros2_camera_interfaces/share/pylon_ros2_camera_interfaces/srv/IssueScheduledActionCommand_Response.msg
[42.539s] -- Installing: /home/mcav/cam_dev_ws/install/pylon_ros2_camera_interfaces/share/pylon_ros2_camera_interfaces/action/GrabImages.action
[42.539s] -- Installing: /home/mcav/cam_dev_ws/install/pylon_ros2_camera_interfaces/share/pylon_ros2_camera_interfaces/action/GrabBlazeData.action
[42.539s] -- Installing: /home/mcav/cam_dev_ws/install/pylon_ros2_camera_interfaces/share/ament_index/resource_index/package_run_dependencies/pylon_ros2_camera_interfaces
[42.539s] -- Installing: /home/mcav/cam_dev_ws/install/pylon_ros2_camera_interfaces/share/ament_index/resource_index/parent_prefix_path/pylon_ros2_camera_interfaces
[42.540s] -- Installing: /home/mcav/cam_dev_ws/install/pylon_ros2_camera_interfaces/share/pylon_ros2_camera_interfaces/environment/ament_prefix_path.sh
[42.540s] -- Installing: /home/mcav/cam_dev_ws/install/pylon_ros2_camera_interfaces/share/pylon_ros2_camera_interfaces/environment/ament_prefix_path.dsv
[42.540s] -- Installing: /home/mcav/cam_dev_ws/install/pylon_ros2_camera_interfaces/share/pylon_ros2_camera_interfaces/environment/path.sh
[42.540s] -- Installing: /home/mcav/cam_dev_ws/install/pylon_ros2_camera_interfaces/share/pylon_ros2_camera_interfaces/environment/path.dsv
[42.541s] -- Installing: /home/mcav/cam_dev_ws/install/pylon_ros2_camera_interfaces/share/pylon_ros2_camera_interfaces/local_setup.bash
[42.541s] -- Installing: /home/mcav/cam_dev_ws/install/pylon_ros2_camera_interfaces/share/pylon_ros2_camera_interfaces/local_setup.sh
[42.541s] -- Installing: /home/mcav/cam_dev_ws/install/pylon_ros2_camera_interfaces/share/pylon_ros2_camera_interfaces/local_setup.zsh
[42.541s] -- Installing: /home/mcav/cam_dev_ws/install/pylon_ros2_camera_interfaces/share/pylon_ros2_camera_interfaces/local_setup.dsv
[42.542s] -- Installing: /home/mcav/cam_dev_ws/install/pylon_ros2_camera_interfaces/share/pylon_ros2_camera_interfaces/package.dsv
[42.542s] -- Installing: /home/mcav/cam_dev_ws/install/pylon_ros2_camera_interfaces/share/ament_index/resource_index/packages/pylon_ros2_camera_interfaces
[42.542s] -- Installing: /home/mcav/cam_dev_ws/install/pylon_ros2_camera_interfaces/share/pylon_ros2_camera_interfaces/cmake/export_pylon_ros2_camera_interfaces__rosidl_generator_cExport.cmake
[42.542s] -- Installing: /home/mcav/cam_dev_ws/install/pylon_ros2_camera_interfaces/share/pylon_ros2_camera_interfaces/cmake/export_pylon_ros2_camera_interfaces__rosidl_generator_cExport-noconfig.cmake
[42.543s] -- Installing: /home/mcav/cam_dev_ws/install/pylon_ros2_camera_interfaces/share/pylon_ros2_camera_interfaces/cmake/export_pylon_ros2_camera_interfaces__rosidl_typesupport_fastrtps_cExport.cmake
[42.543s] -- Installing: /home/mcav/cam_dev_ws/install/pylon_ros2_camera_interfaces/share/pylon_ros2_camera_interfaces/cmake/export_pylon_ros2_camera_interfaces__rosidl_typesupport_fastrtps_cExport-noconfig.cmake
[42.543s] -- Installing: /home/mcav/cam_dev_ws/install/pylon_ros2_camera_interfaces/share/pylon_ros2_camera_interfaces/cmake/export_pylon_ros2_camera_interfaces__rosidl_generator_cppExport.cmake
[42.544s] -- Installing: /home/mcav/cam_dev_ws/install/pylon_ros2_camera_interfaces/share/pylon_ros2_camera_interfaces/cmake/export_pylon_ros2_camera_interfaces__rosidl_typesupport_fastrtps_cppExport.cmake
[42.544s] -- Installing: /home/mcav/cam_dev_ws/install/pylon_ros2_camera_interfaces/share/pylon_ros2_camera_interfaces/cmake/export_pylon_ros2_camera_interfaces__rosidl_typesupport_fastrtps_cppExport-noconfig.cmake
[42.544s] -- Installing: /home/mcav/cam_dev_ws/install/pylon_ros2_camera_interfaces/share/pylon_ros2_camera_interfaces/cmake/pylon_ros2_camera_interfaces__rosidl_typesupport_introspection_cExport.cmake
[42.544s] -- Installing: /home/mcav/cam_dev_ws/install/pylon_ros2_camera_interfaces/share/pylon_ros2_camera_interfaces/cmake/pylon_ros2_camera_interfaces__rosidl_typesupport_introspection_cExport-noconfig.cmake
[42.544s] -- Installing: /home/mcav/cam_dev_ws/install/pylon_ros2_camera_interfaces/share/pylon_ros2_camera_interfaces/cmake/pylon_ros2_camera_interfaces__rosidl_typesupport_cExport.cmake
[42.545s] -- Installing: /home/mcav/cam_dev_ws/install/pylon_ros2_camera_interfaces/share/pylon_ros2_camera_interfaces/cmake/pylon_ros2_camera_interfaces__rosidl_typesupport_cExport-noconfig.cmake
[42.545s] -- Installing: /home/mcav/cam_dev_ws/install/pylon_ros2_camera_interfaces/share/pylon_ros2_camera_interfaces/cmake/pylon_ros2_camera_interfaces__rosidl_typesupport_introspection_cppExport.cmake
[42.545s] -- Installing: /home/mcav/cam_dev_ws/install/pylon_ros2_camera_interfaces/share/pylon_ros2_camera_interfaces/cmake/pylon_ros2_camera_interfaces__rosidl_typesupport_introspection_cppExport-noconfig.cmake
[42.545s] -- Installing: /home/mcav/cam_dev_ws/install/pylon_ros2_camera_interfaces/share/pylon_ros2_camera_interfaces/cmake/pylon_ros2_camera_interfaces__rosidl_typesupport_cppExport.cmake
[42.546s] -- Installing: /home/mcav/cam_dev_ws/install/pylon_ros2_camera_interfaces/share/pylon_ros2_camera_interfaces/cmake/pylon_ros2_camera_interfaces__rosidl_typesupport_cppExport-noconfig.cmake
[42.546s] -- Installing: /home/mcav/cam_dev_ws/install/pylon_ros2_camera_interfaces/share/pylon_ros2_camera_interfaces/cmake/export_pylon_ros2_camera_interfaces__rosidl_generator_pyExport.cmake
[42.546s] -- Installing: /home/mcav/cam_dev_ws/install/pylon_ros2_camera_interfaces/share/pylon_ros2_camera_interfaces/cmake/export_pylon_ros2_camera_interfaces__rosidl_generator_pyExport-noconfig.cmake
[42.546s] -- Installing: /home/mcav/cam_dev_ws/install/pylon_ros2_camera_interfaces/share/pylon_ros2_camera_interfaces/cmake/rosidl_cmake-extras.cmake
[42.546s] -- Installing: /home/mcav/cam_dev_ws/install/pylon_ros2_camera_interfaces/share/pylon_ros2_camera_interfaces/cmake/ament_cmake_export_dependencies-extras.cmake
[42.546s] -- Installing: /home/mcav/cam_dev_ws/install/pylon_ros2_camera_interfaces/share/pylon_ros2_camera_interfaces/cmake/ament_cmake_export_include_directories-extras.cmake
[42.547s] -- Installing: /home/mcav/cam_dev_ws/install/pylon_ros2_camera_interfaces/share/pylon_ros2_camera_interfaces/cmake/ament_cmake_export_libraries-extras.cmake
[42.547s] -- Installing: /home/mcav/cam_dev_ws/install/pylon_ros2_camera_interfaces/share/pylon_ros2_camera_interfaces/cmake/ament_cmake_export_targets-extras.cmake
[42.547s] -- Installing: /home/mcav/cam_dev_ws/install/pylon_ros2_camera_interfaces/share/pylon_ros2_camera_interfaces/cmake/rosidl_cmake_export_typesupport_targets-extras.cmake
[42.547s] -- Installing: /home/mcav/cam_dev_ws/install/pylon_ros2_camera_interfaces/share/pylon_ros2_camera_interfaces/cmake/rosidl_cmake_export_typesupport_libraries-extras.cmake
[42.547s] -- Installing: /home/mcav/cam_dev_ws/install/pylon_ros2_camera_interfaces/share/pylon_ros2_camera_interfaces/cmake/rosidl_cmake_aggregate_target-extras.cmake
[42.548s] -- Installing: /home/mcav/cam_dev_ws/install/pylon_ros2_camera_interfaces/share/pylon_ros2_camera_interfaces/cmake/pylon_ros2_camera_interfacesConfig.cmake
[42.548s] -- Installing: /home/mcav/cam_dev_ws/install/pylon_ros2_camera_interfaces/share/pylon_ros2_camera_interfaces/cmake/pylon_ros2_camera_interfacesConfig-version.cmake
[42.548s] -- Installing: /home/mcav/cam_dev_ws/install/pylon_ros2_camera_interfaces/share/pylon_ros2_camera_interfaces/package.xml
[42.551s] Invoked command in '/home/mcav/cam_dev_ws/build/pylon_ros2_camera_interfaces' returned '0': CMAKE_PREFIX_PATH=/opt/ros/humble /opt/cmake-3.27/bin/cmake --install /home/mcav/cam_dev_ws/build/pylon_ros2_camera_interfaces
